ID	Label EN	Label EN annotation	Definition EN	Definition EN Source	Definition EN Comment	Commentaire	Commentaire.1	Commentaire.2	See Also	Term Editor	Commentaire.3	CrossRef	Change Note	Close match	Type	Parent Class	Equivalent Class	Domain	Range	Annotation
ID	AL rdfs:label@en	>A rdfs:comment	AL IAO:0000115@en	>A IAO:0000119	>A rdfs:comment	A rdfs:comment	A rdfs:comment	A rdfs:comment	AI rdfs:seeAlso SPLIT=|	A IAO:0000117	A rdfs:comment SPLIT=|	A oboInOwl:hasDbXref SPLIT=|	AL skos:changeNote@en	A skos:closeMatch SPLIT=|	TYPE	SC % SPLIT=|	EC %	DOMAIN	RANGE	A PROMOT:1000001 SPLIT=|
ECO:0006151	Documented statement evidence															(RO:0002350 some PROMOT:0010010)				
ECO:0006151	documented statement evidence					[PROMOT note] [Derived from RD-CDM] [6.2.9 Evidence]					[PROMOT note] [RD-CDM] Graefe, A.S.L., Hübner, M.R., Rehburg, F. et al. An ontology-based rare disease common data model harmonising international registries, FHIR, and Phenopackets. Sci Data 12, 234 (2025). https://doi.org/10.1038/s41597-025-04558-z		[PROMOT note] The PROMOT ontology added a comment to quote the CDMs used as a source for this entity. The original element is phenotypicfeature.evidence from GA4GH.		Class	IAO:0000030|(RO:0002614 some IAO:0000027)				
FMA:13295	Diaphragm 															(RO:0000091 some HP:0030196)|(RO:0001025 some ICF:495844982)|(RO:0002328 some PROMOT:0032027)|(RO:0002328 some PROMOT:0032063)				
FMA:13354	Intercostal Muscle															(RO:0000091 some HP:0004878)|(RO:0000091 some PROMOT:0032014)|(RO:0000091 some HP:0003327)|(RO:0001025 some ICF:1571232890)|(RO:0002328 some PROMOT:0032035)|(RO:0002328 some PROMOT:0032071)				
FMA:13379	Rhomboid major															(RO:0000091 some HP:0003691)|(RO:0001025 some ICF:278512890)|(RO:0002328 some PROMOT:0032048)|(RO:0002328 some PROMOT:0032084)				
FMA:13380	Rhomboid minor															(RO:0000091 some HP:0003691)|(RO:0001025 some ICF:278512890)|(RO:0002328 some PROMOT:0032049)|(RO:0002328 some PROMOT:0032085)				
FMA:13397	Serratus anterior															(RO:0000091 some HP:0003691)|(RO:0001025 some ICF:278512890)|(RO:0002328 some PROMOT:0032050)|(RO:0002328 some PROMOT:0032086)				
FMA:22428	Quatriceps femoris 															(RO:0000091 some HP:0008994)|(RO:0000091 some HP:0003731)|(RO:0000091 some HP:0003701)|(RO:0000091 some HP:0007340)|(RO:0000091 some HP:0003690)|(RO:0000091 some HP:0009073)|(RO:0000091 some HP:0003694)|(RO:0001025 some ICF:1794398084)|(RO:0002328 some PROMOT:0032047)|(RO:0002328 some PROMOT:0032083)				
FMA:22471	Muscle of leg															(RO:0000091 some HP:0009053)|(RO:0000091 some HP:0011727)|(RO:0000091 some HP:0031374)|(RO:0000091 some HP:0002460)|(RO:0000091 some HP:0007340)|(RO:0000091 some HP:0003690)|(RO:0000091 some HP:0009063)|(RO:0000091 some HP:0030198)|(RO:0000091 some HP:0009028)|(RO:0000091 some HP:0003810)|(RO:0001025 some ICF:1278239861)|(RO:0001025 some ICF:338611549)|(RO:0002328 some PROMOT:0032038)|(RO:0002328 some PROMOT:0032074)				
FMA:22532	Tibialis anterior															(RO:0000091 some HP:0009053)|(RO:0000091 some HP:0008963)|(RO:0000091 some HP:0002460)|(RO:0000091 some HP:0007340)|(RO:0000091 some HP:0003690)|(RO:0000091 some HP:0009063)|(RO:0000091 some HP:0003810)|(RO:0001025 some ICF:338611549)|(RO:0002328 some PROMOT:0032055)|(RO:0002328 some PROMOT:0032091)				
FMA:323229	Pterygoid muscle															(RO:0000091 some HP:0005216)|(RO:0000091 some HP:0030193)|(RO:0000091 some PROMOT:0032023)|(RO:0001025 some ICF:1874889854)|(RO:0002328 some PROMOT:0032046)|(RO:0002328 some PROMOT:0032082)				
FMA:33531	Muscle of shoulder															(RO:0000091 some HP:0008997)|(RO:0000091 some HP:0003547)|(RO:0000091 some HP:0003701)|(RO:0000091 some HP:0003484)|(RO:0000091 some HP:0003325)|(RO:0000091 some HP:0003690)|(RO:0000091 some HP:0009073)|(RO:0000091 some HP:0030200)|(RO:0000091 some HP:0009028)|(RO:0000091 some HP:0003694)|(RO:0000091 some HP:0003691)|(RO:0001025 some ICF:278512890)|(RO:0002328 some PROMOT:0032051)|(RO:0002328 some PROMOT:0032087)				
FMA:35178	Hip joint															(RO:0000091 some HP:0001374)|(RO:0001025 some ICF:1401748164)				
FMA:37367	Muscle of pelvic gridle															(RO:0000091 some HP:0008994)|(RO:0000091 some HP:0003749)|(RO:0000091 some HP:0003701)|(RO:0000091 some HP:0007340)|(RO:0000091 some HP:0003325)|(RO:0000091 some HP:0003690)|(RO:0000091 some HP:0009073)|(RO:0000091 some HP:0008988)|(RO:0000091 some HP:0030200)|(RO:0000091 some HP:0009028)|(RO:0000091 some HP:0003694)|(RO:0001025 some ICF:793188683)|(RO:0002328 some PROMOT:0032044)|(RO:0002328 some PROMOT:0032080)				
FMA:37369	Muscle of foot															(RO:0000091 some HP:0009053)|(RO:0000091 some HP:0009027)|(RO:0000091 some HP:0002460)|(RO:0000091 some HP:0007340)|(RO:0000091 some HP:0003690)|(RO:0000091 some HP:0009063)|(RO:0000091 some HP:0030198)|(RO:0000091 some HP:0009028)|(RO:0000091 some HP:0003810)|(RO:0001025 some ICF:1278239861)|(RO:0002328 some PROMOT:0032032)|(RO:0002328 some PROMOT:0032068)				
FMA:37370	Muscle of arm															(RO:0000091 some HP:0008997)|(RO:0000091 some HP:0003701)|(RO:0000091 some HP:0003484)|(RO:0000091 some HP:0003690)|(RO:0000091 some HP:0009073)|(RO:0000091 some HP:0030200)|(RO:0000091 some HP:0009028)|(RO:0000091 some HP:0003694)|(RO:0001025 some ICF:1867012554)|(RO:0002328 some PROMOT:0032025)|(RO:0002328 some PROMOT:0032061)				
FMA:37371	Muscle of forearm															(RO:0000091 some HP:0008959)|(RO:0000091 some HP:0002460)|(RO:0000091 some HP:0003484)|(RO:0000091 some HP:0003690)|(RO:0000091 some HP:0009063)|(RO:0000091 some HP:0030198)|(RO:0000091 some HP:0009028)|(RO:0000091 some HP:0003810)|(RO:0001025 some ICF:294830867)|(RO:0002328 some PROMOT:0032033)|(RO:0002328 some PROMOT:0032069)				
FMA:37372	Muscle of hand															(RO:0000091 some HP:0008959)|(RO:0000091 some HP:0030237)|(RO:0000091 some HP:0031177)|(RO:0000091 some HP:0002460)|(RO:0000091 some HP:0003484)|(RO:0000091 some HP:0003690)|(RO:0000091 some HP:0009063)|(RO:0000091 some HP:0033466)|(RO:0000091 some HP:0030198)|(RO:0000091 some HP:0009028)|(RO:0000091 some HP:0003810)|(RO:0001025 some ICF:1233939003)|(RO:0002328 some PROMOT:0032034)|(RO:0002328 some PROMOT:0032070)				
FMA:37424	First dorsal interosseous of hand															(RO:0000091 some HP:0008959)|(RO:0000091 some HP:0003392)|(RO:0000091 some HP:0002460)|(RO:0000091 some HP:0003484)|(RO:0000091 some HP:0003690)|(RO:0000091 some HP:0009063)|(RO:0000091 some HP:0003810)|(RO:0001025 some ICF:1233939003)|(RO:0002328 some PROMOT:0032031)|(RO:0002328 some PROMOT:0032067)				
FMA:37688	Triceps brachii															(RO:0000091 some HP:0008997)|(RO:0000091 some HP:0031108)|(RO:0000091 some HP:0003701)|(RO:0000091 some HP:0003484)|(RO:0000091 some HP:0003690)|(RO:0000091 some HP:0009073)|(RO:0000091 some HP:0003694)|(RO:0001025 some ICF:1867012554)|(RO:0002328 some PROMOT:0032059)|(RO:0002328 some PROMOT:0032095)				
FMA:38500	Extensor digitorum															(RO:0000091 some HP:0008959)|(RO:0000091 some HP:0009077)|(RO:0000091 some HP:0002460)|(RO:0000091 some HP:0003484)|(RO:0000091 some HP:0003690)|(RO:0000091 some HP:0009063)|(RO:0000091 some HP:0003810)|(RO:0001025 some ICF:1233939003)|(RO:0002328 some PROMOT:0032028)|(RO:0002328 some PROMOT:0032064)				
FMA:42380	Intrinsic muscle of hand															(RO:0000091 some HP:0008959)|(RO:0000091 some HP:0009005)|(RO:0000091 some HP:0002460)|(RO:0000091 some HP:0003484)|(RO:0000091 some HP:0003690)|(RO:0000091 some HP:0009063)|(RO:0000091 some HP:0003810)|(RO:0001025 some ICF:1233939003)|(RO:0002328 some PROMOT:0032037)|(RO:0002328 some PROMOT:0032073)				
FMA:46619	Muscle of pharynx 															(RO:0000091 some HP:0002483)|(RO:0000091 some HP:0030192)|(RO:0000091 some HP:0030195)|(RO:0001025 some ICF:1874889854)|(RO:0002328 some PROMOT:0032041)|(RO:0002328 some PROMOT:0032077)				
FMA:46689	Muscle of tongue															(RO:0000091 some HP:0005216)|(RO:0000091 some HP:0000183)|(RO:0000091 some HP:0030193)|(RO:0000091 some PROMOT:0032023)|(RO:0000091 some HP:0012473)|(RO:0001025 some ICF:1874889854)|(RO:0002328 some PROMOT:0032057)|(RO:0002328 some PROMOT:0032093)				
FMA:46751	Muscle of face															(RO:0000091 some HP:0030319)|(RO:0000091 some PROMOT:0032012)|(RO:0001025 some ICF:1874889854)|(RO:0002328 some PROMOT:0032030)|(RO:0002328 some PROMOT:0032066)				
FMA:46834	Buccinator															(RO:0000091 some HP:0005216)|(RO:0000091 some HP:0030193)|(RO:0000091 some PROMOT:0032023)|(RO:0001025 some ICF:1874889854)|(RO:0002328 some PROMOT:0032026)|(RO:0002328 some PROMOT:0032062)				
FMA:48996	Masseter															(RO:0000091 some HP:0005216)|(RO:0000091 some HP:0030193)|(RO:0000091 some PROMOT:0032023)|(RO:0001025 some ICF:1874889854)|(RO:0002328 some PROMOT:0032039)|(RO:0002328 some PROMOT:0032075)				
FMA:49006	Temporalis															(RO:0000091 some HP:0005216)|(RO:0000091 some HP:0030193)|(RO:0000091 some PROMOT:0032023)|(RO:0001025 some ICF:1874889854)|(RO:0002328 some PROMOT:0032052)|(RO:0002328 some PROMOT:0032088)				
FMA:49033	Extra-ocular muscle															(RO:0000091 some HP:0007715)|(RO:0000091 some HP:0000597)|(RO:0000091 some PROMOT:0032013)|(RO:0000091 some HP:0000651)|(RO:0000091 some HP:0000602)|(RO:0000091 some HP:0000544)|(RO:0000091 some HP:0000508)|(RO:0000091 some HP:0000496)|(RO:0000091 some HP:0007941)|(RO:0000091 some HP:0000486)|(RO:0000091 some HP:0007838)|(RO:0000091 some PROMOT:0032016)|(RO:0001025 some ICF:1874889854)|(RO:0001025 some ICF:405925948)|(RO:0002328 some PROMOT:0032029)|(RO:0002328 some PROMOT:0032065)				
FMA:50208	Musculature of thigh															(RO:0000091 some HP:0008994)|(RO:0000091 some HP:0033416)|(RO:0000091 some HP:0012515)|(RO:0000091 some HP:0003701)|(RO:0000091 some HP:0007340)|(RO:0000091 some HP:0003690)|(RO:0000091 some HP:0009073)|(RO:0000091 some HP:0030200)|(RO:0000091 some HP:0009028)|(RO:0000091 some HP:0003694)|(RO:0001025 some ICF:1794398084)|(RO:0002328 some PROMOT:0032054)|(RO:0002328 some PROMOT:0032090)				
FMA:51099	Tibialis posterior															(RO:0000091 some HP:0009053)|(RO:0000091 some HP:0008963)|(RO:0000091 some HP:0002460)|(RO:0000091 some HP:0007340)|(RO:0000091 some HP:0003690)|(RO:0000091 some HP:0009063)|(RO:0000091 some HP:0003810)|(RO:0001025 some ICF:338611549)|(RO:0002328 some PROMOT:0032056)|(RO:0002328 some PROMOT:0032092)				
FMA:58274	Muscle of trunk															(RO:0000091 some HP:0009023)|(RO:0000091 some PROMOT:0032014)|(RO:0000091 some HP:0003327)|(RO:0001025 some ICF:58064740)|(RO:0002328 some PROMOT:0032042)|(RO:0002328 some PROMOT:0032078)				
FMA:62955	Anatomical entity														Class	BFO:0000040				
FMA:64916	Thenar muscle															(RO:0000091 some HP:0008959)|(RO:0000091 some HP:0003427)|(RO:0000091 some HP:0002460)|(RO:0000091 some HP:0003484)|(RO:0000091 some HP:0003690)|(RO:0000091 some HP:0009063)|(RO:0000091 some HP:0003810)|(RO:0001025 some ICF:1233939003)|(RO:0002328 some PROMOT:0032053)|(RO:0002328 some PROMOT:0032089)				
FMA:67169	Set of pharyngeal muscles															(RO:0000091 some HP:0002483)|(RO:0000091 some HP:0030192)|(RO:0000091 some HP:0030195)|(RO:0001025 some ICF:1874889854)|(RO:0002328 some PROMOT:0032045)|(RO:0002328 some PROMOT:0032081)				
FMA:7088	Heart															(RO:0000091 some HP:0001627)|(RO:0000091 some HP:0030872)|(RO:0000091 some HP:0001713)|(RO:0000091 some HP:0001638)|(RO:0001025 some ICF:834607195)				
FMA:71437	Set of masticatory muscles															(RO:0000091 some HP:0005216)|(RO:0000091 some HP:0030193)|(RO:0000091 some PROMOT:0032023)|(RO:0001025 some ICF:1874889854)|(RO:0002328 some PROMOT:0032040)|(RO:0002328 some PROMOT:0032076)				
FMA:74081	Set of intercostal muscles															(RO:0000091 some HP:0030196)|(RO:0001025 some ICF:495844982)|(RO:0002328 some PROMOT:0032036)|(RO:0002328 some PROMOT:0032072)				
FMA:7490	Joint															(RO:0000091 some HP:0002828)|(RO:0000091 some HP:0001387)|(RO:0000091 some HP:0002804)|(RO:0000091 some HP:0034392)|(RO:0000091 some HP:0001382)|(RO:0001025 some ICF:462923277)				
FMA:9617	Muscle of neck															(RO:0000091 some HP:0000467)|(RO:0000091 some HP:0003722)|(RO:0000091 some HP:0030199)|(RO:0001025 some ICF:1874889854)|(RO:0002328 some PROMOT:0032043)|(RO:0002328 some PROMOT:0032079)				
FMA:9620	Muscle of abdomen															(RO:0000091 some HP:0009023)|(RO:0000091 some PROMOT:0032014)|(RO:0000091 some HP:0003327)|(RO:0001025 some ICF:58064740)|(RO:0002328 some PROMOT:0032024)|(RO:0002328 some PROMOT:0032060)				
FMA:9626	Trapezius 															(RO:0000091 some HP:0003691)|(RO:0001025 some ICF:278512890)|(RO:0002328 some PROMOT:0032058)|(RO:0002328 some PROMOT:0032094)				
HP:0000005	Mode of inheritance						[PROMOT note] [Derived from EURO-NMD NMD-CDE] [gendia_inher]				[PROMOT note] [EURO-NMD] Atalia A et al., EURO-NMD registry: federated FAIR infrastructure, innovative technologies and concepts of a patient-centred registry for rare neuromuscular disorders. Orphanet J Rare Dis. 2024 Feb 14;19(1):66. doi: 10.1186/s13023-024-03059-3. PMID: 38355534; PMCID: PMC10865673.		[PROMOT note] The PROMOT ontology added a comment to quote the CDM used as a source for this entity.		Class	BFO:0000019				
HP:0000006	Autosomal dominant inheritance						[PROMOT note] [Derived from EURO-NMD NMD-CDE] [gendia_inher]				[PROMOT note] [EURO-NMD] Atalia A et al., EURO-NMD registry: federated FAIR infrastructure, innovative technologies and concepts of a patient-centred registry for rare neuromuscular disorders. Orphanet J Rare Dis. 2024 Feb 14;19(1):66. doi: 10.1186/s13023-024-03059-3. PMID: 38355534; PMCID: PMC10865673.		[PROMOT note] The PROMOT ontology added a comment to quote the CDM used as a source for this entity.		Class					
HP:0000006	Autosomal dominant inheritance																			[OPMD HPO KB associations] Gargano MA, Matentzoglu N, Coleman B, Addo-Lartey EB, et al. The Human Phenotype Ontology in 2024: phenotypes around the world. Nucleic Acids Res. 2024 Jan 5;52(D1):D1333-D1346. doi: 10.1093/nar/gkad1005. PMID: 37953324; PMCID: PMC10767975.|[Congenital Myasthenic syndrom HPO KB associations] Gargano MA, Matentzoglu N, Coleman B, Addo-Lartey EB, et al. The Human Phenotype Ontology in 2024: phenotypes around the world. Nucleic Acids Res. 2024 Jan 5;52(D1):D1333-D1346. doi: 10.1093/nar/gkad1005. PMID: 37953324; PMCID: PMC10767975.|[Congenital Myopathy HPO KB associations] Gargano MA, Matentzoglu N, Coleman B, Addo-Lartey EB, et al. The Human Phenotype Ontology in 2024: phenotypes around the world. Nucleic Acids Res. 2024 Jan 5;52(D1):D1333-D1346. doi: 10.1093/nar/gkad1005. PMID: 37953324; PMCID: PMC10767975.
HP:0000007	Autosomal recessive inheritance						[PROMOT note] [Derived from EURO-NMD NMD-CDE] [gendia_inher]				[PROMOT note] [EURO-NMD] Atalia A et al., EURO-NMD registry: federated FAIR infrastructure, innovative technologies and concepts of a patient-centred registry for rare neuromuscular disorders. Orphanet J Rare Dis. 2024 Feb 14;19(1):66. doi: 10.1186/s13023-024-03059-3. PMID: 38355534; PMCID: PMC10865673.		[PROMOT note] The PROMOT ontology added a comment to quote the CDM used as a source for this entity.		Class					
HP:0000007	Autosomal recessive inheritance																			[OPMD Clinical Expert] https://orcid.org/0000-0003-2829-8470|[Congenital Myasthenic syndrom HPO KB associations] Gargano MA, Matentzoglu N, Coleman B, Addo-Lartey EB, et al. The Human Phenotype Ontology in 2024: phenotypes around the world. Nucleic Acids Res. 2024 Jan 5;52(D1):D1333-D1346. doi: 10.1093/nar/gkad1005. PMID: 37953324; PMCID: PMC10767975.|[Congenital Myopathy HPO KB associations] Gargano MA, Matentzoglu N, Coleman B, Addo-Lartey EB, et al. The Human Phenotype Ontology in 2024: phenotypes around the world. Nucleic Acids Res. 2024 Jan 5;52(D1):D1333-D1346. doi: 10.1093/nar/gkad1005. PMID: 37953324; PMCID: PMC10767975.
HP:0000028	Cryptorchidism															(PROMOT:2000001 some ICF:859818654)|(PROMOT:2000005 some SNOMED:84100007)				
HP:0000028	Cryptorchidism																			"[Congenital myopathy Scoping review] ""Performing a Rare Disease-Oriented Master Observational Trial"" initiative, European Joint Programme on Rare Diseases, https://www.promotinitiative.com/|[Congenital Myopathy HPO KB associations] Gargano MA, Matentzoglu N, Coleman B, Addo-Lartey EB, et al. The Human Phenotype Ontology in 2024: phenotypes around the world. Nucleic Acids Res. 2024 Jan 5;52(D1):D1333-D1346. doi: 10.1093/nar/gkad1005. PMID: 37953324; PMCID: PMC10767975."
HP:0000118	Phenotypic abnormality					[PROMOT note] [Derived from RD-CDM] [6.2.1 Phenotypic Feature]	[PROMOT note] [Derived from EURO-NMD NMD-CDE] 				[PROMOT note] [RD-CDM] Graefe, A.S.L., Hübner, M.R., Rehburg, F. et al. An ontology-based rare disease common data model harmonising international registries, FHIR, and Phenopackets. Sci Data 12, 234 (2025). https://doi.org/10.1038/s41597-025-04558-z|[PROMOT note] [EURO-NMD] Atalia A et al., EURO-NMD registry: federated FAIR infrastructure, innovative technologies and concepts of a patient-centred registry for rare neuromuscular disorders. Orphanet J Rare Dis. 2024 Feb 14;19(1):66. doi: 10.1186/s13023-024-03059-3. PMID: 38355534; PMCID: PMC10865673.	http://snomed.info/id/8116006	[PROMOT note] The PROMOT ontology added a comment to quote the CDM used as a source for this entity. A crossref to the orignal element has also been added.		Class	PROMOT:0032001|(RO:0000086 some PROMOT:0031007)|(RO:0000086 some HP:0012823)|(PROMOT:2000005 some SNOMED:128927009)				
HP:0000183	Tongue muscle weakness															(PROMOT:2000001 some ICF:1328675264)|(PROMOT:2000001 some ICF:553784299)|(PROMOT:2000001 some ICF:151046878)|(PROMOT:2000001 some PROMOT:0032093)|(PROMOT:2000005 some (SNOMED:12894003 OR SNOMED:84100007))				
HP:0000183	Tongue muscle weakness																			"[OPMD Clinical Registry Form] ""Performing a Rare Disease-Oriented Master Observational Trial"" initiative, European Joint Programme on Rare Diseases, https://www.promotinitiative.com/"
HP:0000218	High palate															(PROMOT:2000005 some SNOMED:84100007)				
HP:0000218	High palate																			"[Congenital Myasthenic syndrom HPO KB associations] Gargano MA, Matentzoglu N, Coleman B, Addo-Lartey EB, et al. The Human Phenotype Ontology in 2024: phenotypes around the world. Nucleic Acids Res. 2024 Jan 5;52(D1):D1333-D1346. doi: 10.1093/nar/gkad1005. PMID: 37953324; PMCID: PMC10767975.|[Congenital myopathy Scoping review] ""Performing a Rare Disease-Oriented Master Observational Trial"" initiative, European Joint Programme on Rare Diseases, https://www.promotinitiative.com/|[Congenital Myopathy HPO KB associations] Gargano MA, Matentzoglu N, Coleman B, Addo-Lartey EB, et al. The Human Phenotype Ontology in 2024: phenotypes around the world. Nucleic Acids Res. 2024 Jan 5;52(D1):D1333-D1346. doi: 10.1093/nar/gkad1005. PMID: 37953324; PMCID: PMC10767975."
HP:0000276	Long face															(PROMOT:2000005 some SNOMED:84100007)				
HP:0000276	Long face																			"[Congenital myopathy Scoping review] ""Performing a Rare Disease-Oriented Master Observational Trial"" initiative, European Joint Programme on Rare Diseases, https://www.promotinitiative.com/|[Congenital Myopathy HPO KB associations] Gargano MA, Matentzoglu N, Coleman B, Addo-Lartey EB, et al. The Human Phenotype Ontology in 2024: phenotypes around the world. Nucleic Acids Res. 2024 Jan 5;52(D1):D1333-D1346. doi: 10.1093/nar/gkad1005. PMID: 37953324; PMCID: PMC10767975."
HP:0000467	Neck muscle weakness						[PROMOT note] [Present in EURO-NMD NMD-CDE] [has_neck_weakness]				[PROMOT note] [EURO-NMD] Atalia A et al., EURO-NMD registry: federated FAIR infrastructure, innovative technologies and concepts of a patient-centred registry for rare neuromuscular disorders. Orphanet J Rare Dis. 2024 Feb 14;19(1):66. doi: 10.1186/s13023-024-03059-3. PMID: 38355534; PMCID: PMC10865673.		[PROMOT note] The PROMOT ontology added a comment to quote the CDM used as a source for this entity.		Class					
HP:0000467	Neck muscle weakness															(PROMOT:2000001 some ICF:2048203604)|(PROMOT:2000001 some PROMOT:0032079)|(PROMOT:2000005 some SNOMED:84100007)				
HP:0000467	Neck muscle weakness																			"[OPMD Scoping review 2026] Bélair N, Gagnon C, Duchesne E. What is known about muscle weakness, balance impairments and indoor mobility limitations in oculopharyngeal muscular dystrophy? A scoping review. J Neuromuscul Dis. 2025 Dec 30:22143602251397052. doi: 10.1177/22143602251397052. Epub ahead of print. PMID: 41467981.|[OPMD HPO KB associations] Gargano MA, Matentzoglu N, Coleman B, Addo-Lartey EB, et al. The Human Phenotype Ontology in 2024: phenotypes around the world. Nucleic Acids Res. 2024 Jan 5;52(D1):D1333-D1346. doi: 10.1093/nar/gkad1005. PMID: 37953324; PMCID: PMC10767975.|[Congenital myasthenic syndrom Scoping review] ""Performing a Rare Disease-Oriented Master Observational Trial"" initiative, European Joint Programme on Rare Diseases, https://www.promotinitiative.com/|[Congenital Myasthenic syndrom HPO KB associations] Gargano MA, Matentzoglu N, Coleman B, Addo-Lartey EB, et al. The Human Phenotype Ontology in 2024: phenotypes around the world. Nucleic Acids Res. 2024 Jan 5;52(D1):D1333-D1346. doi: 10.1093/nar/gkad1005. PMID: 37953324; PMCID: PMC10767975.|[Congenital myopathy Scoping review] ""Performing a Rare Disease-Oriented Master Observational Trial"" initiative, European Joint Programme on Rare Diseases, https://www.promotinitiative.com/|[Congenital Myopathy HPO KB associations] Gargano MA, Matentzoglu N, Coleman B, Addo-Lartey EB, et al. The Human Phenotype Ontology in 2024: phenotypes around the world. Nucleic Acids Res. 2024 Jan 5;52(D1):D1333-D1346. doi: 10.1093/nar/gkad1005. PMID: 37953324; PMCID: PMC10767975."
HP:0000486	Strabismus															(PROMOT:2000001 some PROMOT:0032065)|(PROMOT:2000005 some SNOMED:84100007)				
HP:0000486	Strabismus																			[Congenital Myopathy HPO KB associations] Gargano MA, Matentzoglu N, Coleman B, Addo-Lartey EB, et al. The Human Phenotype Ontology in 2024: phenotypes around the world. Nucleic Acids Res. 2024 Jan 5;52(D1):D1333-D1346. doi: 10.1093/nar/gkad1005. PMID: 37953324; PMCID: PMC10767975.
HP:0000496	Abnormality of eye movement															(PROMOT:2000001 some ICF:1090716697)|(PROMOT:2000001 some PROMOT:0032065)|(PROMOT:2000005 some SNOMED:84100007)				
HP:0000496	Abnormality of eye movement																			"[Congenital myasthenic syndrom Scoping review] ""Performing a Rare Disease-Oriented Master Observational Trial"" initiative, European Joint Programme on Rare Diseases, https://www.promotinitiative.com/|[Congenital Myasthenic syndrom HPO KB associations] Gargano MA, Matentzoglu N, Coleman B, Addo-Lartey EB, et al. The Human Phenotype Ontology in 2024: phenotypes around the world. Nucleic Acids Res. 2024 Jan 5;52(D1):D1333-D1346. doi: 10.1093/nar/gkad1005. PMID: 37953324; PMCID: PMC10767975.|[Congenital myopathy Scoping review] ""Performing a Rare Disease-Oriented Master Observational Trial"" initiative, European Joint Programme on Rare Diseases, https://www.promotinitiative.com/"
HP:0000508	Ptosis															(PROMOT:2000001 some ICF:2021370201)|(PROMOT:2000001 some PROMOT:0032065)|(PROMOT:2000005 some SNOMED:84100007)				
HP:0000508	Ptosis																			"[OPMD Clinical Registry Form] ""Performing a Rare Disease-Oriented Master Observational Trial"" initiative, European Joint Programme on Rare Diseases, https://www.promotinitiative.com/|[OPMD HPO KB associations] Gargano MA, Matentzoglu N, Coleman B, Addo-Lartey EB, et al. The Human Phenotype Ontology in 2024: phenotypes around the world. Nucleic Acids Res. 2024 Jan 5;52(D1):D1333-D1346. doi: 10.1093/nar/gkad1005. PMID: 37953324; PMCID: PMC10767975.|[OPMD Clinical Research Form] ""Performing a Rare Disease-Oriented Master Observational Trial"" initiative, European Joint Programme on Rare Diseases, https://www.promotinitiative.com/|[Congenital myasthenic syndrom Scoping review] ""Performing a Rare Disease-Oriented Master Observational Trial"" initiative, European Joint Programme on Rare Diseases, https://www.promotinitiative.com/|[Congenital Myasthenic syndrom HPO KB associations] Gargano MA, Matentzoglu N, Coleman B, Addo-Lartey EB, et al. The Human Phenotype Ontology in 2024: phenotypes around the world. Nucleic Acids Res. 2024 Jan 5;52(D1):D1333-D1346. doi: 10.1093/nar/gkad1005. PMID: 37953324; PMCID: PMC10767975.|[Congenital myopathy Scoping review] ""Performing a Rare Disease-Oriented Master Observational Trial"" initiative, European Joint Programme on Rare Diseases, https://www.promotinitiative.com/|[Congenital Myopathy HPO KB associations] Gargano MA, Matentzoglu N, Coleman B, Addo-Lartey EB, et al. The Human Phenotype Ontology in 2024: phenotypes around the world. Nucleic Acids Res. 2024 Jan 5;52(D1):D1333-D1346. doi: 10.1093/nar/gkad1005. PMID: 37953324; PMCID: PMC10767975."
HP:0000544	External ophthalmoplegia															(PROMOT:2000001 some ICF:1090716697)|(PROMOT:2000001 some PROMOT:0032065)|(PROMOT:2000005 some SNOMED:84100007)				
HP:0000544	External ophthalmoplegia																			"[OPMD Clinical Registry Form] ""Performing a Rare Disease-Oriented Master Observational Trial"" initiative, European Joint Programme on Rare Diseases, https://www.promotinitiative.com/|[Congenital myasthenic syndrom Scoping review] ""Performing a Rare Disease-Oriented Master Observational Trial"" initiative, European Joint Programme on Rare Diseases, https://www.promotinitiative.com/|[Congenital myopathy Scoping review] ""Performing a Rare Disease-Oriented Master Observational Trial"" initiative, European Joint Programme on Rare Diseases, https://www.promotinitiative.com/|[Congenital Myopathy HPO KB associations] Gargano MA, Matentzoglu N, Coleman B, Addo-Lartey EB, et al. The Human Phenotype Ontology in 2024: phenotypes around the world. Nucleic Acids Res. 2024 Jan 5;52(D1):D1333-D1346. doi: 10.1093/nar/gkad1005. PMID: 37953324; PMCID: PMC10767975."
HP:0000597	Ophthalmoparesis															(PROMOT:2000001 some ICF:1090716697)|(PROMOT:2000001 some PROMOT:0032065)|(PROMOT:2000005 some SNOMED:84100007)				
HP:0000597	Ophthalmoparesis																			"[OPMD Scoping review 2026] Bélair N, Gagnon C, Duchesne E. What is known about muscle weakness, balance impairments and indoor mobility limitations in oculopharyngeal muscular dystrophy? A scoping review. J Neuromuscul Dis. 2025 Dec 30:22143602251397052. doi: 10.1177/22143602251397052. Epub ahead of print. PMID: 41467981.|[OPMD Clinical Registry Form] ""Performing a Rare Disease-Oriented Master Observational Trial"" initiative, European Joint Programme on Rare Diseases, https://www.promotinitiative.com/|[Congenital myasthenic syndrom Scoping review] ""Performing a Rare Disease-Oriented Master Observational Trial"" initiative, European Joint Programme on Rare Diseases, https://www.promotinitiative.com/|[Congenital Myasthenic syndrom HPO KB associations] Gargano MA, Matentzoglu N, Coleman B, Addo-Lartey EB, et al. The Human Phenotype Ontology in 2024: phenotypes around the world. Nucleic Acids Res. 2024 Jan 5;52(D1):D1333-D1346. doi: 10.1093/nar/gkad1005. PMID: 37953324; PMCID: PMC10767975.|[Congenital myopathy Scoping review] ""Performing a Rare Disease-Oriented Master Observational Trial"" initiative, European Joint Programme on Rare Diseases, https://www.promotinitiative.com/"
HP:0000602	Ophthalmoplegia															(PROMOT:2000001 some ICF:1090716697)|(PROMOT:2000001 some PROMOT:0032065)|(PROMOT:2000005 some SNOMED:84100007)				
HP:0000602	Ophthalmoplegia																			"[OPMD Clinical Registry Form] ""Performing a Rare Disease-Oriented Master Observational Trial"" initiative, European Joint Programme on Rare Diseases, https://www.promotinitiative.com/|[OPMD HPO KB associations] Gargano MA, Matentzoglu N, Coleman B, Addo-Lartey EB, et al. The Human Phenotype Ontology in 2024: phenotypes around the world. Nucleic Acids Res. 2024 Jan 5;52(D1):D1333-D1346. doi: 10.1093/nar/gkad1005. PMID: 37953324; PMCID: PMC10767975.|[Congenital myasthenic syndrom Scoping review] ""Performing a Rare Disease-Oriented Master Observational Trial"" initiative, European Joint Programme on Rare Diseases, https://www.promotinitiative.com/|[Congenital Myasthenic syndrom HPO KB associations] Gargano MA, Matentzoglu N, Coleman B, Addo-Lartey EB, et al. The Human Phenotype Ontology in 2024: phenotypes around the world. Nucleic Acids Res. 2024 Jan 5;52(D1):D1333-D1346. doi: 10.1093/nar/gkad1005. PMID: 37953324; PMCID: PMC10767975.|[Congenital myopathy Scoping review] ""Performing a Rare Disease-Oriented Master Observational Trial"" initiative, European Joint Programme on Rare Diseases, https://www.promotinitiative.com/|[Congenital Myopathy HPO KB associations] Gargano MA, Matentzoglu N, Coleman B, Addo-Lartey EB, et al. The Human Phenotype Ontology in 2024: phenotypes around the world. Nucleic Acids Res. 2024 Jan 5;52(D1):D1333-D1346. doi: 10.1093/nar/gkad1005. PMID: 37953324; PMCID: PMC10767975."
HP:0000651	Diplopia															(PROMOT:2000001 some ICF:2022689055)|(PROMOT:2000005 some SNOMED:84100007)				
HP:0000651	Diplopia																			"[OPMD Clinical Registry Form] ""Performing a Rare Disease-Oriented Master Observational Trial"" initiative, European Joint Programme on Rare Diseases, https://www.promotinitiative.com/|[Congenital Myasthenic syndrom HPO KB associations] Gargano MA, Matentzoglu N, Coleman B, Addo-Lartey EB, et al. The Human Phenotype Ontology in 2024: phenotypes around the world. Nucleic Acids Res. 2024 Jan 5;52(D1):D1333-D1346. doi: 10.1093/nar/gkad1005. PMID: 37953324; PMCID: PMC10767975."
HP:0000767	Pectus excavatum															(PROMOT:2000005 some SNOMED:84100007)				
HP:0000767	Pectus excavatum																			"[Congenital myopathy Scoping review] ""Performing a Rare Disease-Oriented Master Observational Trial"" initiative, European Joint Programme on Rare Diseases, https://www.promotinitiative.com/|[Congenital Myopathy HPO KB associations] Gargano MA, Matentzoglu N, Coleman B, Addo-Lartey EB, et al. The Human Phenotype Ontology in 2024: phenotypes around the world. Nucleic Acids Res. 2024 Jan 5;52(D1):D1333-D1346. doi: 10.1093/nar/gkad1005. PMID: 37953324; PMCID: PMC10767975."
HP:0000768	Pectus carinatum															(PROMOT:2000005 some SNOMED:84100007)				
HP:0000768	Pectus carinatum																			"[Congenital myopathy Scoping review] ""Performing a Rare Disease-Oriented Master Observational Trial"" initiative, European Joint Programme on Rare Diseases, https://www.promotinitiative.com/"
HP:0000774	Narrow chest															(PROMOT:2000005 some SNOMED:84100007)				
HP:0000774	Narrow chest																			"[Congenital myopathy Scoping review] ""Performing a Rare Disease-Oriented Master Observational Trial"" initiative, European Joint Programme on Rare Diseases, https://www.promotinitiative.com/|[Congenital Myopathy HPO KB associations] Gargano MA, Matentzoglu N, Coleman B, Addo-Lartey EB, et al. The Human Phenotype Ontology in 2024: phenotypes around the world. Nucleic Acids Res. 2024 Jan 5;52(D1):D1333-D1346. doi: 10.1093/nar/gkad1005. PMID: 37953324; PMCID: PMC10767975."
HP:0000886	Deformed rib cage 															(PROMOT:2000005 some (SNOMED:5880005 OR SNOMED:84100007))				
HP:0000886	Deformed rib cage 																			"[Congenital myopathy Scoping review] ""Performing a Rare Disease-Oriented Master Observational Trial"" initiative, European Joint Programme on Rare Diseases, https://www.promotinitiative.com/"
HP:0001249	Intellectual disability															(PROMOT:2000001 some ICF:1363559646)|(PROMOT:2000001 some ICF:1525383756)|(PROMOT:2000005 some SNOMED:84100007)				
HP:0001249	Intellectual disability																			[Congenital Myasthenic syndrom HPO KB associations] Gargano MA, Matentzoglu N, Coleman B, Addo-Lartey EB, et al. The Human Phenotype Ontology in 2024: phenotypes around the world. Nucleic Acids Res. 2024 Jan 5;52(D1):D1333-D1346. doi: 10.1093/nar/gkad1005. PMID: 37953324; PMCID: PMC10767975.|[Congenital Myopathy HPO KB associations] Gargano MA, Matentzoglu N, Coleman B, Addo-Lartey EB, et al. The Human Phenotype Ontology in 2024: phenotypes around the world. Nucleic Acids Res. 2024 Jan 5;52(D1):D1333-D1346. doi: 10.1093/nar/gkad1005. PMID: 37953324; PMCID: PMC10767975.
HP:0001252	Hypotonia															(PROMOT:2000001 some ICF:260756767)|(PROMOT:2000005 some SNOMED:84100007)				
HP:0001252	Hypotonia																			"[Congenital myasthenic syndrom Scoping review] ""Performing a Rare Disease-Oriented Master Observational Trial"" initiative, European Joint Programme on Rare Diseases, https://www.promotinitiative.com/|[Congenital Myasthenic syndrom HPO KB associations] Gargano MA, Matentzoglu N, Coleman B, Addo-Lartey EB, et al. The Human Phenotype Ontology in 2024: phenotypes around the world. Nucleic Acids Res. 2024 Jan 5;52(D1):D1333-D1346. doi: 10.1093/nar/gkad1005. PMID: 37953324; PMCID: PMC10767975.|[Congenital myopathy Scoping review] ""Performing a Rare Disease-Oriented Master Observational Trial"" initiative, European Joint Programme on Rare Diseases, https://www.promotinitiative.com/|[Congenital Myopathy HPO KB associations] Gargano MA, Matentzoglu N, Coleman B, Addo-Lartey EB, et al. The Human Phenotype Ontology in 2024: phenotypes around the world. Nucleic Acids Res. 2024 Jan 5;52(D1):D1333-D1346. doi: 10.1093/nar/gkad1005. PMID: 37953324; PMCID: PMC10767975."
HP:0001260	Dysarthria															(PROMOT:2000001 some ICF:151046878)|(PROMOT:2000001 some ICF:1919311435)|(PROMOT:2000005 some SNOMED:84100007)				
HP:0001260	Dysarthria																			[OPMD HPO KB associations] Gargano MA, Matentzoglu N, Coleman B, Addo-Lartey EB, et al. The Human Phenotype Ontology in 2024: phenotypes around the world. Nucleic Acids Res. 2024 Jan 5;52(D1):D1333-D1346. doi: 10.1093/nar/gkad1005. PMID: 37953324; PMCID: PMC10767975.
HP:0001265	Hyporeflexia															(PROMOT:2000001 some ICF:1434015402)|(PROMOT:2000005 some SNOMED:84100007)				
HP:0001265	Hyporeflexia																			"[Congenital myasthenic syndrom Scoping review] ""Performing a Rare Disease-Oriented Master Observational Trial"" initiative, European Joint Programme on Rare Diseases, https://www.promotinitiative.com/|[Congenital Myasthenic syndrom HPO KB associations] Gargano MA, Matentzoglu N, Coleman B, Addo-Lartey EB, et al. The Human Phenotype Ontology in 2024: phenotypes around the world. Nucleic Acids Res. 2024 Jan 5;52(D1):D1333-D1346. doi: 10.1093/nar/gkad1005. PMID: 37953324; PMCID: PMC10767975.|[Congenital myopathy Scoping review] ""Performing a Rare Disease-Oriented Master Observational Trial"" initiative, European Joint Programme on Rare Diseases, https://www.promotinitiative.com/|[Congenital Myopathy HPO KB associations] Gargano MA, Matentzoglu N, Coleman B, Addo-Lartey EB, et al. The Human Phenotype Ontology in 2024: phenotypes around the world. Nucleic Acids Res. 2024 Jan 5;52(D1):D1333-D1346. doi: 10.1093/nar/gkad1005. PMID: 37953324; PMCID: PMC10767975."
HP:0001270	Motor delay															(PROMOT:2000001 some ICF:855039967)|(PROMOT:2000001 some ICF:1462755743)|(PROMOT:2000001 some ICF:1851215071)|(PROMOT:2000001 some ICF:623565657)|(PROMOT:2000001 some ICF:485719194)|(PROMOT:2000001 some ICF:1474003417)|(PROMOT:2000001 some ICF:1550548595)|(PROMOT:2000001 some ICF:919003335)|(PROMOT:2000005 some SNOMED:84100007)				
HP:0001270	Motor delay																			"[Congenital myasthenic syndrom Scoping review] ""Performing a Rare Disease-Oriented Master Observational Trial"" initiative, European Joint Programme on Rare Diseases, https://www.promotinitiative.com/|[Congenital Myasthenic syndrom HPO KB associations] Gargano MA, Matentzoglu N, Coleman B, Addo-Lartey EB, et al. The Human Phenotype Ontology in 2024: phenotypes around the world. Nucleic Acids Res. 2024 Jan 5;52(D1):D1333-D1346. doi: 10.1093/nar/gkad1005. PMID: 37953324; PMCID: PMC10767975.|[Congenital myopathy Scoping review] ""Performing a Rare Disease-Oriented Master Observational Trial"" initiative, European Joint Programme on Rare Diseases, https://www.promotinitiative.com/|[Congenital Myopathy HPO KB associations] Gargano MA, Matentzoglu N, Coleman B, Addo-Lartey EB, et al. The Human Phenotype Ontology in 2024: phenotypes around the world. Nucleic Acids Res. 2024 Jan 5;52(D1):D1333-D1346. doi: 10.1093/nar/gkad1005. PMID: 37953324; PMCID: PMC10767975."
HP:0001284	Areflexia															(PROMOT:2000001 some ICF:1434015402)|(PROMOT:2000005 some SNOMED:84100007)				
HP:0001284	Areflexia																			"[Congenital myasthenic syndrom Scoping review] ""Performing a Rare Disease-Oriented Master Observational Trial"" initiative, European Joint Programme on Rare Diseases, https://www.promotinitiative.com/|[Congenital Myasthenic syndrom HPO KB associations] Gargano MA, Matentzoglu N, Coleman B, Addo-Lartey EB, et al. The Human Phenotype Ontology in 2024: phenotypes around the world. Nucleic Acids Res. 2024 Jan 5;52(D1):D1333-D1346. doi: 10.1093/nar/gkad1005. PMID: 37953324; PMCID: PMC10767975.|[Congenital myopathy Scoping review] ""Performing a Rare Disease-Oriented Master Observational Trial"" initiative, European Joint Programme on Rare Diseases, https://www.promotinitiative.com/|[Congenital Myopathy HPO KB associations] Gargano MA, Matentzoglu N, Coleman B, Addo-Lartey EB, et al. The Human Phenotype Ontology in 2024: phenotypes around the world. Nucleic Acids Res. 2024 Jan 5;52(D1):D1333-D1346. doi: 10.1093/nar/gkad1005. PMID: 37953324; PMCID: PMC10767975."
HP:0001288	Gait disturbance															(PROMOT:2000001 some ICF:1550548595)|(PROMOT:2000001 some ICF:1328466963)|(PROMOT:2000005 some SNOMED:84100007)				
HP:0001288	Gait disturbance																			"[OPMD Clinical Registry Form] ""Performing a Rare Disease-Oriented Master Observational Trial"" initiative, European Joint Programme on Rare Diseases, https://www.promotinitiative.com/|[OPMD HPO KB associations] Gargano MA, Matentzoglu N, Coleman B, Addo-Lartey EB, et al. The Human Phenotype Ontology in 2024: phenotypes around the world. Nucleic Acids Res. 2024 Jan 5;52(D1):D1333-D1346. doi: 10.1093/nar/gkad1005. PMID: 37953324; PMCID: PMC10767975.|[OPMD Clinical Research Form] ""Performing a Rare Disease-Oriented Master Observational Trial"" initiative, European Joint Programme on Rare Diseases, https://www.promotinitiative.com/|[Congenital myasthenic syndrom Scoping review] ""Performing a Rare Disease-Oriented Master Observational Trial"" initiative, European Joint Programme on Rare Diseases, https://www.promotinitiative.com/|[Congenital Myasthenic syndrom HPO KB associations] Gargano MA, Matentzoglu N, Coleman B, Addo-Lartey EB, et al. The Human Phenotype Ontology in 2024: phenotypes around the world. Nucleic Acids Res. 2024 Jan 5;52(D1):D1333-D1346. doi: 10.1093/nar/gkad1005. PMID: 37953324; PMCID: PMC10767975.|[Congenital myopathy Scoping review] ""Performing a Rare Disease-Oriented Master Observational Trial"" initiative, European Joint Programme on Rare Diseases, https://www.promotinitiative.com/|[Congenital Myopathy HPO KB associations] Gargano MA, Matentzoglu N, Coleman B, Addo-Lartey EB, et al. The Human Phenotype Ontology in 2024: phenotypes around the world. Nucleic Acids Res. 2024 Jan 5;52(D1):D1333-D1346. doi: 10.1093/nar/gkad1005. PMID: 37953324; PMCID: PMC10767975."
HP:0001315	Reduced tendon reflexes 															(PROMOT:2000001 some ICF:1434015402)|(PROMOT:2000005 some SNOMED:84100007)				
HP:0001315	Reduced tendon reflexes 																			"[Congenital myasthenic syndrom Scoping review] ""Performing a Rare Disease-Oriented Master Observational Trial"" initiative, European Joint Programme on Rare Diseases, https://www.promotinitiative.com/|[Congenital Myasthenic syndrom HPO KB associations] Gargano MA, Matentzoglu N, Coleman B, Addo-Lartey EB, et al. The Human Phenotype Ontology in 2024: phenotypes around the world. Nucleic Acids Res. 2024 Jan 5;52(D1):D1333-D1346. doi: 10.1093/nar/gkad1005. PMID: 37953324; PMCID: PMC10767975.|[Congenital myopathy Scoping review] ""Performing a Rare Disease-Oriented Master Observational Trial"" initiative, European Joint Programme on Rare Diseases, https://www.promotinitiative.com/|[Congenital Myopathy HPO KB associations] Gargano MA, Matentzoglu N, Coleman B, Addo-Lartey EB, et al. The Human Phenotype Ontology in 2024: phenotypes around the world. Nucleic Acids Res. 2024 Jan 5;52(D1):D1333-D1346. doi: 10.1093/nar/gkad1005. PMID: 37953324; PMCID: PMC10767975."
HP:0001319	Neonatal hypotonia															(PROMOT:2000001 some ICF:260756767)|(PROMOT:2000005 some SNOMED:84100007)				
HP:0001319	Neonatal hypotonia																			"[Congenital myasthenic syndrom Scoping review] ""Performing a Rare Disease-Oriented Master Observational Trial"" initiative, European Joint Programme on Rare Diseases, https://www.promotinitiative.com/|[Congenital Myasthenic syndrom HPO KB associations] Gargano MA, Matentzoglu N, Coleman B, Addo-Lartey EB, et al. The Human Phenotype Ontology in 2024: phenotypes around the world. Nucleic Acids Res. 2024 Jan 5;52(D1):D1333-D1346. doi: 10.1093/nar/gkad1005. PMID: 37953324; PMCID: PMC10767975.|[Congenital myopathy Scoping review] ""Performing a Rare Disease-Oriented Master Observational Trial"" initiative, European Joint Programme on Rare Diseases, https://www.promotinitiative.com/|[Congenital Myopathy HPO KB associations] Gargano MA, Matentzoglu N, Coleman B, Addo-Lartey EB, et al. The Human Phenotype Ontology in 2024: phenotypes around the world. Nucleic Acids Res. 2024 Jan 5;52(D1):D1333-D1346. doi: 10.1093/nar/gkad1005. PMID: 37953324; PMCID: PMC10767975."
HP:0001324	Muscle weakness															(PROMOT:2000005 some (SNOMED:12894003 OR SNOMED:84100007))				
HP:0001324	Muscle weakness																			"[OPMD Scoping review 2026] Bélair N, Gagnon C, Duchesne E. What is known about muscle weakness, balance impairments and indoor mobility limitations in oculopharyngeal muscular dystrophy? A scoping review. J Neuromuscul Dis. 2025 Dec 30:22143602251397052. doi: 10.1177/22143602251397052. Epub ahead of print. PMID: 41467981.|[Congenital myasthenic syndrom Scoping review] ""Performing a Rare Disease-Oriented Master Observational Trial"" initiative, European Joint Programme on Rare Diseases, https://www.promotinitiative.com/|[Congenital Myasthenic syndrom HPO KB associations] Gargano MA, Matentzoglu N, Coleman B, Addo-Lartey EB, et al. The Human Phenotype Ontology in 2024: phenotypes around the world. Nucleic Acids Res. 2024 Jan 5;52(D1):D1333-D1346. doi: 10.1093/nar/gkad1005. PMID: 37953324; PMCID: PMC10767975.|[Congenital myopathy Scoping review] ""Performing a Rare Disease-Oriented Master Observational Trial"" initiative, European Joint Programme on Rare Diseases, https://www.promotinitiative.com/|[Congenital Myopathy HPO KB associations] Gargano MA, Matentzoglu N, Coleman B, Addo-Lartey EB, et al. The Human Phenotype Ontology in 2024: phenotypes around the world. Nucleic Acids Res. 2024 Jan 5;52(D1):D1333-D1346. doi: 10.1093/nar/gkad1005. PMID: 37953324; PMCID: PMC10767975."
HP:0001374	Congenital hip dislocation															(PROMOT:2000001 some ICF:1748092144)|(PROMOT:2000005 some SNOMED:84100007)				
HP:0001374	Congenital hip dislocation																			"[Congenital myopathy Scoping review] ""Performing a Rare Disease-Oriented Master Observational Trial"" initiative, European Joint Programme on Rare Diseases, https://www.promotinitiative.com/|[Congenital Myopathy HPO KB associations] Gargano MA, Matentzoglu N, Coleman B, Addo-Lartey EB, et al. The Human Phenotype Ontology in 2024: phenotypes around the world. Nucleic Acids Res. 2024 Jan 5;52(D1):D1333-D1346. doi: 10.1093/nar/gkad1005. PMID: 37953324; PMCID: PMC10767975."
HP:0001382	Joint hypermobility															(PROMOT:2000001 some ICF:1757783224)|(PROMOT:2000005 some SNOMED:84100007)				
HP:0001382	Joint hypermobility																			"[Congenital myopathy Scoping review] ""Performing a Rare Disease-Oriented Master Observational Trial"" initiative, European Joint Programme on Rare Diseases, https://www.promotinitiative.com/|[Congenital Myopathy HPO KB associations] Gargano MA, Matentzoglu N, Coleman B, Addo-Lartey EB, et al. The Human Phenotype Ontology in 2024: phenotypes around the world. Nucleic Acids Res. 2024 Jan 5;52(D1):D1333-D1346. doi: 10.1093/nar/gkad1005. PMID: 37953324; PMCID: PMC10767975."
HP:0001387	Joint stiffness															(PROMOT:2000001 some ICF:1757783224)				
HP:0001387	Joint stiffness																			[Congenital Myopathy HPO KB associations] Gargano MA, Matentzoglu N, Coleman B, Addo-Lartey EB, et al. The Human Phenotype Ontology in 2024: phenotypes around the world. Nucleic Acids Res. 2024 Jan 5;52(D1):D1333-D1346. doi: 10.1093/nar/gkad1005. PMID: 37953324; PMCID: PMC10767975.
HP:0001547	Abnormal rib cage morphology 															(PROMOT:2000005 some SNOMED:84100007)				
HP:0001547	Abnormal rib cage morphology 																			"[Congenital myopathy Scoping review] ""Performing a Rare Disease-Oriented Master Observational Trial"" initiative, European Joint Programme on Rare Diseases, https://www.promotinitiative.com/|[Congenital Myopathy HPO KB associations] Gargano MA, Matentzoglu N, Coleman B, Addo-Lartey EB, et al. The Human Phenotype Ontology in 2024: phenotypes around the world. Nucleic Acids Res. 2024 Jan 5;52(D1):D1333-D1346. doi: 10.1093/nar/gkad1005. PMID: 37953324; PMCID: PMC10767975."
HP:0001558	Decreased fetal movement															(PROMOT:2000005 some SNOMED:84100007)				
HP:0001558	Decreased fetal movement																			"[Congenital myasthenic syndrom Scoping review] ""Performing a Rare Disease-Oriented Master Observational Trial"" initiative, European Joint Programme on Rare Diseases, https://www.promotinitiative.com/|[Congenital Myasthenic syndrom HPO KB associations] Gargano MA, Matentzoglu N, Coleman B, Addo-Lartey EB, et al. The Human Phenotype Ontology in 2024: phenotypes around the world. Nucleic Acids Res. 2024 Jan 5;52(D1):D1333-D1346. doi: 10.1093/nar/gkad1005. PMID: 37953324; PMCID: PMC10767975.|[Congenital myopathy Scoping review] ""Performing a Rare Disease-Oriented Master Observational Trial"" initiative, European Joint Programme on Rare Diseases, https://www.promotinitiative.com/|[Congenital Myopathy HPO KB associations] Gargano MA, Matentzoglu N, Coleman B, Addo-Lartey EB, et al. The Human Phenotype Ontology in 2024: phenotypes around the world. Nucleic Acids Res. 2024 Jan 5;52(D1):D1333-D1346. doi: 10.1093/nar/gkad1005. PMID: 37953324; PMCID: PMC10767975."
HP:0001561	Polyhydramnios															(PROMOT:2000005 some SNOMED:84100007)				
HP:0001561	Polyhydramnios																			"[Congenital myopathy Scoping review] ""Performing a Rare Disease-Oriented Master Observational Trial"" initiative, European Joint Programme on Rare Diseases, https://www.promotinitiative.com/|[Congenital Myopathy HPO KB associations] Gargano MA, Matentzoglu N, Coleman B, Addo-Lartey EB, et al. The Human Phenotype Ontology in 2024: phenotypes around the world. Nucleic Acids Res. 2024 Jan 5;52(D1):D1333-D1346. doi: 10.1093/nar/gkad1005. PMID: 37953324; PMCID: PMC10767975."
HP:0001609	Hoarse voice															(PROMOT:2000001 some ICF:151046878)|(PROMOT:2000001 some ICF:712570723)|(PROMOT:2000005 some SNOMED:84100007)				
HP:0001609	Hoarse voice																			"[OPMD Clinical Registry Form] ""Performing a Rare Disease-Oriented Master Observational Trial"" initiative, European Joint Programme on Rare Diseases, https://www.promotinitiative.com/|[Congenital myasthenic syndrom Scoping review] ""Performing a Rare Disease-Oriented Master Observational Trial"" initiative, European Joint Programme on Rare Diseases, https://www.promotinitiative.com/|[Congenital myopathy Scoping review] ""Performing a Rare Disease-Oriented Master Observational Trial"" initiative, European Joint Programme on Rare Diseases, https://www.promotinitiative.com/|[Congenital Myopathy HPO KB associations] Gargano MA, Matentzoglu N, Coleman B, Addo-Lartey EB, et al. The Human Phenotype Ontology in 2024: phenotypes around the world. Nucleic Acids Res. 2024 Jan 5;52(D1):D1333-D1346. doi: 10.1093/nar/gkad1005. PMID: 37953324; PMCID: PMC10767975."
HP:0001611	Hypernasal speech															(PROMOT:2000001 some ICF:151046878)|(PROMOT:2000001 some ICF:1846694084)|(PROMOT:2000005 some SNOMED:84100007)				
HP:0001611	Hypernasal speech																			[OPMD HPO KB associations] Gargano MA, Matentzoglu N, Coleman B, Addo-Lartey EB, et al. The Human Phenotype Ontology in 2024: phenotypes around the world. Nucleic Acids Res. 2024 Jan 5;52(D1):D1333-D1346. doi: 10.1093/nar/gkad1005. PMID: 37953324; PMCID: PMC10767975.
HP:0001612	Weak cry															(PROMOT:2000001 some ICF:1034220517)|(PROMOT:2000005 some SNOMED:84100007)				
HP:0001612	Weak cry																			[Congenital Myasthenic syndrom HPO KB associations] Gargano MA, Matentzoglu N, Coleman B, Addo-Lartey EB, et al. The Human Phenotype Ontology in 2024: phenotypes around the world. Nucleic Acids Res. 2024 Jan 5;52(D1):D1333-D1346. doi: 10.1093/nar/gkad1005. PMID: 37953324; PMCID: PMC10767975.
HP:0001618	Dysphonia															(PROMOT:2000001 some ICF:151046878)|(PROMOT:2000001 some ICF:1034220517)|(PROMOT:2000001 some ICF:1109440237)|(PROMOT:2000001 some ICF:1426641453)|(PROMOT:2000001 some ICF:2069371821)|(PROMOT:2000001 some ICF:712570723)|(PROMOT:2000005 some SNOMED:12894003)				
HP:0001618	Dysphonia																			"[OPMD Clinical Registry Form] ""Performing a Rare Disease-Oriented Master Observational Trial"" initiative, European Joint Programme on Rare Diseases, https://www.promotinitiative.com/|[OPMD HPO KB associations] Gargano MA, Matentzoglu N, Coleman B, Addo-Lartey EB, et al. The Human Phenotype Ontology in 2024: phenotypes around the world. Nucleic Acids Res. 2024 Jan 5;52(D1):D1333-D1346. doi: 10.1093/nar/gkad1005. PMID: 37953324; PMCID: PMC10767975.|[Congenital myasthenic syndrom Scoping review] ""Performing a Rare Disease-Oriented Master Observational Trial"" initiative, European Joint Programme on Rare Diseases, https://www.promotinitiative.com/|[Congenital myopathy Scoping review] ""Performing a Rare Disease-Oriented Master Observational Trial"" initiative, European Joint Programme on Rare Diseases, https://www.promotinitiative.com/"
HP:0001622	Premature birth															(PROMOT:2000005 some SNOMED:84100007)				
HP:0001622	Premature birth																			"[Congenital myopathy Scoping review] ""Performing a Rare Disease-Oriented Master Observational Trial"" initiative, European Joint Programme on Rare Diseases, https://www.promotinitiative.com/|[Congenital Myopathy HPO KB associations] Gargano MA, Matentzoglu N, Coleman B, Addo-Lartey EB, et al. The Human Phenotype Ontology in 2024: phenotypes around the world. Nucleic Acids Res. 2024 Jan 5;52(D1):D1333-D1346. doi: 10.1093/nar/gkad1005. PMID: 37953324; PMCID: PMC10767975."
HP:0001627	Abnormal heart morphology															(PROMOT:2000001 some ICF:1399000785)|(PROMOT:2000001 some ICF:1780196241)|(PROMOT:2000001 some ICF:2100545361)|(PROMOT:2000005 some SNOMED:84100007)				
HP:0001627	Abnormal heart morphology																			"[Congenital myopathy Scoping review] ""Performing a Rare Disease-Oriented Master Observational Trial"" initiative, European Joint Programme on Rare Diseases, https://www.promotinitiative.com/|[Congenital Myopathy HPO KB associations] Gargano MA, Matentzoglu N, Coleman B, Addo-Lartey EB, et al. The Human Phenotype Ontology in 2024: phenotypes around the world. Nucleic Acids Res. 2024 Jan 5;52(D1):D1333-D1346. doi: 10.1093/nar/gkad1005. PMID: 37953324; PMCID: PMC10767975."
HP:0001638	Cardiomyopathy  															(PROMOT:2000001 some ICF:1399000785)|(PROMOT:2000001 some ICF:1780196241)|(PROMOT:2000001 some ICF:2100545361)|(PROMOT:2000005 some SNOMED:84100007)				
HP:0001638	Cardiomyopathy  																			"[Congenital myopathy Scoping review] ""Performing a Rare Disease-Oriented Master Observational Trial"" initiative, European Joint Programme on Rare Diseases, https://www.promotinitiative.com/|[Congenital Myopathy HPO KB associations] Gargano MA, Matentzoglu N, Coleman B, Addo-Lartey EB, et al. The Human Phenotype Ontology in 2024: phenotypes around the world. Nucleic Acids Res. 2024 Jan 5;52(D1):D1333-D1346. doi: 10.1093/nar/gkad1005. PMID: 37953324; PMCID: PMC10767975."
HP:0001713	Abnormal cardiac ventricle morphology															(PROMOT:2000001 some ICF:1399000785)|(PROMOT:2000001 some ICF:1780196241)|(PROMOT:2000001 some ICF:2100545361)|(PROMOT:2000005 some SNOMED:84100007)				
HP:0001713	Abnormal cardiac ventricle morphology																			"[Congenital myopathy Scoping review] ""Performing a Rare Disease-Oriented Master Observational Trial"" initiative, European Joint Programme on Rare Diseases, https://www.promotinitiative.com/"
HP:0001761	Pes cavus															(PROMOT:2000001 some ICF:2048203604)|(PROMOT:2000001 some ICF:1789365017)|(PROMOT:2000005 some SNOMED:84100007)				
HP:0001761	Pes cavus																			"[Congenital myopathy Scoping review] ""Performing a Rare Disease-Oriented Master Observational Trial"" initiative, European Joint Programme on Rare Diseases, https://www.promotinitiative.com/|[Congenital Myopathy HPO KB associations] Gargano MA, Matentzoglu N, Coleman B, Addo-Lartey EB, et al. The Human Phenotype Ontology in 2024: phenotypes around the world. Nucleic Acids Res. 2024 Jan 5;52(D1):D1333-D1346. doi: 10.1093/nar/gkad1005. PMID: 37953324; PMCID: PMC10767975."
HP:0001989	Fetal akinesia sequence															(PROMOT:2000005 some SNOMED:84100007)				
HP:0001989	Fetal akinesia sequence																			"[Congenital myopathy Scoping review] ""Performing a Rare Disease-Oriented Master Observational Trial"" initiative, European Joint Programme on Rare Diseases, https://www.promotinitiative.com/|[Congenital Myopathy HPO KB associations] Gargano MA, Matentzoglu N, Coleman B, Addo-Lartey EB, et al. The Human Phenotype Ontology in 2024: phenotypes around the world. Nucleic Acids Res. 2024 Jan 5;52(D1):D1333-D1346. doi: 10.1093/nar/gkad1005. PMID: 37953324; PMCID: PMC10767975."
HP:0002015	Dysphagia						[PROMOT note] [Present in EURO-NMD NMD-CDE] [has_swallow_difficulties]				[PROMOT note] [EURO-NMD] Atalia A et al., EURO-NMD registry: federated FAIR infrastructure, innovative technologies and concepts of a patient-centred registry for rare neuromuscular disorders. Orphanet J Rare Dis. 2024 Feb 14;19(1):66. doi: 10.1186/s13023-024-03059-3. PMID: 38355534; PMCID: PMC10865673.		[PROMOT note] The PROMOT ontology added a comment to quote the CDM used as a source for this entity.		Class					
HP:0002015	Dysphagia															(PROMOT:2000001 some ICF:1328675264)|(PROMOT:2000001 some ICF:553784299)|(PROMOT:2000001 some ICF:923782542)|(PROMOT:2000005 some (SNOMED:840297006 OR SNOMED:12894003 OR SNOMED:84100007))				
HP:0002015	Dysphagia																			"[OPMD Scoping review on dysphagia] Côté C, Gagnon C, Youssof S, et al. The requirement for a disease-specific patient-reported outcome measure of dysphagia in oculopharyngeal muscular dystrophy. Muscle Nerve. 2019;59:445–50. doi: 10.1002/mus.26405|[OPMD Clinical Registry Form] ""Performing a Rare Disease-Oriented Master Observational Trial"" initiative, European Joint Programme on Rare Diseases, https://www.promotinitiative.com/|[OPMD HPO KB associations] Gargano MA, Matentzoglu N, Coleman B, Addo-Lartey EB, et al. The Human Phenotype Ontology in 2024: phenotypes around the world. Nucleic Acids Res. 2024 Jan 5;52(D1):D1333-D1346. doi: 10.1093/nar/gkad1005. PMID: 37953324; PMCID: PMC10767975.|[OPMD Clinical Research Form] ""Performing a Rare Disease-Oriented Master Observational Trial"" initiative, European Joint Programme on Rare Diseases, https://www.promotinitiative.com/|[Congenital myasthenic syndrom Scoping review] ""Performing a Rare Disease-Oriented Master Observational Trial"" initiative, European Joint Programme on Rare Diseases, https://www.promotinitiative.com/|[Congenital Myasthenic syndrom HPO KB associations] Gargano MA, Matentzoglu N, Coleman B, Addo-Lartey EB, et al. The Human Phenotype Ontology in 2024: phenotypes around the world. Nucleic Acids Res. 2024 Jan 5;52(D1):D1333-D1346. doi: 10.1093/nar/gkad1005. PMID: 37953324; PMCID: PMC10767975.|[Congenital myopathy Scoping review] ""Performing a Rare Disease-Oriented Master Observational Trial"" initiative, European Joint Programme on Rare Diseases, https://www.promotinitiative.com/|[Congenital Myopathy HPO KB associations] Gargano MA, Matentzoglu N, Coleman B, Addo-Lartey EB, et al. The Human Phenotype Ontology in 2024: phenotypes around the world. Nucleic Acids Res. 2024 Jan 5;52(D1):D1333-D1346. doi: 10.1093/nar/gkad1005. PMID: 37953324; PMCID: PMC10767975."
HP:0002033	Poor suck															(PROMOT:2000001 some ICF:1328675264)|(PROMOT:2000001 some ICF:553784299)|(PROMOT:2000001 some ICF:2089171534)|(PROMOT:2000005 some SNOMED:84100007)				
HP:0002033	Poor suck																			"[Congenital myasthenic syndrom Scoping review] ""Performing a Rare Disease-Oriented Master Observational Trial"" initiative, European Joint Programme on Rare Diseases, https://www.promotinitiative.com/|[Congenital Myasthenic syndrom HPO KB associations] Gargano MA, Matentzoglu N, Coleman B, Addo-Lartey EB, et al. The Human Phenotype Ontology in 2024: phenotypes around the world. Nucleic Acids Res. 2024 Jan 5;52(D1):D1333-D1346. doi: 10.1093/nar/gkad1005. PMID: 37953324; PMCID: PMC10767975.|[Congenital myopathy Scoping review] ""Performing a Rare Disease-Oriented Master Observational Trial"" initiative, European Joint Programme on Rare Diseases, https://www.promotinitiative.com/"
HP:0002047	Malignant hyperthermia															(PROMOT:2000001 some ICF:2090906765)|(PROMOT:2000005 some SNOMED:84100007)				
HP:0002047	Malignant hyperthermia																			"[Congenital myopathy Scoping review] ""Performing a Rare Disease-Oriented Master Observational Trial"" initiative, European Joint Programme on Rare Diseases, https://www.promotinitiative.com/|[Congenital Myopathy HPO KB associations] Gargano MA, Matentzoglu N, Coleman B, Addo-Lartey EB, et al. The Human Phenotype Ontology in 2024: phenotypes around the world. Nucleic Acids Res. 2024 Jan 5;52(D1):D1333-D1346. doi: 10.1093/nar/gkad1005. PMID: 37953324; PMCID: PMC10767975."
HP:0002058	Myopathic facies															(PROMOT:2000001 some PROMOT:0032066)|(PROMOT:2000005 some SNOMED:84100007)				
HP:0002058	Myopathic facies																			"[Congenital myopathy Scoping review] ""Performing a Rare Disease-Oriented Master Observational Trial"" initiative, European Joint Programme on Rare Diseases, https://www.promotinitiative.com/|[Congenital Myopathy HPO KB associations] Gargano MA, Matentzoglu N, Coleman B, Addo-Lartey EB, et al. The Human Phenotype Ontology in 2024: phenotypes around the world. Nucleic Acids Res. 2024 Jan 5;52(D1):D1333-D1346. doi: 10.1093/nar/gkad1005. PMID: 37953324; PMCID: PMC10767975."
HP:0002068	Neuromuscular dysphagia															(PROMOT:2000001 some ICF:1328675264)|(PROMOT:2000001 some ICF:553784299)|(PROMOT:2000001 some ICF:923782542)|(PROMOT:2000005 some (SNOMED:840297006 OR SNOMED:12894003 OR SNOMED:84100007))				
HP:0002068	Neuromuscular dysphagia																			"[OPMD Scoping review on dysphagia] Côté C, Gagnon C, Youssof S, et al. The requirement for a disease-specific patient-reported outcome measure of dysphagia in oculopharyngeal muscular dystrophy. Muscle Nerve. 2019;59:445–50. doi: 10.1002/mus.26405|[OPMD Clinical Registry Form] ""Performing a Rare Disease-Oriented Master Observational Trial"" initiative, European Joint Programme on Rare Diseases, https://www.promotinitiative.com/|[Congenital myasthenic syndrom Scoping review] ""Performing a Rare Disease-Oriented Master Observational Trial"" initiative, European Joint Programme on Rare Diseases, https://www.promotinitiative.com/|[Congenital myopathy Scoping review] ""Performing a Rare Disease-Oriented Master Observational Trial"" initiative, European Joint Programme on Rare Diseases, https://www.promotinitiative.com/|[Congenital Myopathy HPO KB associations] Gargano MA, Matentzoglu N, Coleman B, Addo-Lartey EB, et al. The Human Phenotype Ontology in 2024: phenotypes around the world. Nucleic Acids Res. 2024 Jan 5;52(D1):D1333-D1346. doi: 10.1093/nar/gkad1005. PMID: 37953324; PMCID: PMC10767975."
HP:0002093	Respiratory insufficiency															(PROMOT:2000001 some ICF:1360101629)|(PROMOT:2000001 some ICF:446199613)|(PROMOT:2000005 some SNOMED:84100007)				
HP:0002093	Respiratory insufficiency																			"[OPMD Clinical Registry Form] ""Performing a Rare Disease-Oriented Master Observational Trial"" initiative, European Joint Programme on Rare Diseases, https://www.promotinitiative.com/|[Congenital myasthenic syndrom Scoping review] ""Performing a Rare Disease-Oriented Master Observational Trial"" initiative, European Joint Programme on Rare Diseases, https://www.promotinitiative.com/|[Congenital Myasthenic syndrom HPO KB associations] Gargano MA, Matentzoglu N, Coleman B, Addo-Lartey EB, et al. The Human Phenotype Ontology in 2024: phenotypes around the world. Nucleic Acids Res. 2024 Jan 5;52(D1):D1333-D1346. doi: 10.1093/nar/gkad1005. PMID: 37953324; PMCID: PMC10767975.|[Congenital myopathy Scoping review] ""Performing a Rare Disease-Oriented Master Observational Trial"" initiative, European Joint Programme on Rare Diseases, https://www.promotinitiative.com/|[Congenital Myopathy HPO KB associations] Gargano MA, Matentzoglu N, Coleman B, Addo-Lartey EB, et al. The Human Phenotype Ontology in 2024: phenotypes around the world. Nucleic Acids Res. 2024 Jan 5;52(D1):D1333-D1346. doi: 10.1093/nar/gkad1005. PMID: 37953324; PMCID: PMC10767975."
HP:0002094	Dyspnea															(PROMOT:2000001 some ICF:1360101629)|(PROMOT:2000001 some ICF:446199613)|(PROMOT:2000005 some SNOMED:84100007)				
HP:0002094	Dyspnea																			"[OPMD Clinical Registry Form] ""Performing a Rare Disease-Oriented Master Observational Trial"" initiative, European Joint Programme on Rare Diseases, https://www.promotinitiative.com/"
HP:0002098	Respiratory distress															(PROMOT:2000001 some ICF:1360101629)|(PROMOT:2000001 some ICF:446199613)|(PROMOT:2000005 some SNOMED:84100007)				
HP:0002098	Respiratory distress																			"[OPMD Clinical Registry Form] ""Performing a Rare Disease-Oriented Master Observational Trial"" initiative, European Joint Programme on Rare Diseases, https://www.promotinitiative.com/|[Congenital myasthenic syndrom Scoping review] ""Performing a Rare Disease-Oriented Master Observational Trial"" initiative, European Joint Programme on Rare Diseases, https://www.promotinitiative.com/|[Congenital Myasthenic syndrom HPO KB associations] Gargano MA, Matentzoglu N, Coleman B, Addo-Lartey EB, et al. The Human Phenotype Ontology in 2024: phenotypes around the world. Nucleic Acids Res. 2024 Jan 5;52(D1):D1333-D1346. doi: 10.1093/nar/gkad1005. PMID: 37953324; PMCID: PMC10767975.|[Congenital myopathy Scoping review] ""Performing a Rare Disease-Oriented Master Observational Trial"" initiative, European Joint Programme on Rare Diseases, https://www.promotinitiative.com/|[Congenital Myopathy HPO KB associations] Gargano MA, Matentzoglu N, Coleman B, Addo-Lartey EB, et al. The Human Phenotype Ontology in 2024: phenotypes around the world. Nucleic Acids Res. 2024 Jan 5;52(D1):D1333-D1346. doi: 10.1093/nar/gkad1005. PMID: 37953324; PMCID: PMC10767975."
HP:0002104	Apnea															(PROMOT:2000001 some ICF:1470583183)|(PROMOT:2000001 some ICF:744367503)|(PROMOT:2000005 some SNOMED:84100007)				
HP:0002104	Apnea																			"[Congenital myasthenic syndrom Scoping review] ""Performing a Rare Disease-Oriented Master Observational Trial"" initiative, European Joint Programme on Rare Diseases, https://www.promotinitiative.com/|[Congenital myopathy Scoping review] ""Performing a Rare Disease-Oriented Master Observational Trial"" initiative, European Joint Programme on Rare Diseases, https://www.promotinitiative.com/|[Congenital Myopathy HPO KB associations] Gargano MA, Matentzoglu N, Coleman B, Addo-Lartey EB, et al. The Human Phenotype Ontology in 2024: phenotypes around the world. Nucleic Acids Res. 2024 Jan 5;52(D1):D1333-D1346. doi: 10.1093/nar/gkad1005. PMID: 37953324; PMCID: PMC10767975."
HP:0002141	Gait imbalance															(PROMOT:2000001 some ICF:1550548595)|(PROMOT:2000001 some ICF:409094401)|(PROMOT:2000001 some ICF:1831985718)|(PROMOT:2000001 some ICF:576915490)|(PROMOT:2000005 some (SNOMED:840297006 OR SNOMED:84100007))				
HP:0002141	Gait imbalance																			"[OPMD Scoping review 2026] Bélair N, Gagnon C, Duchesne E. What is known about muscle weakness, balance impairments and indoor mobility limitations in oculopharyngeal muscular dystrophy? A scoping review. J Neuromuscul Dis. 2025 Dec 30:22143602251397052. doi: 10.1177/22143602251397052. Epub ahead of print. PMID: 41467981.|[OPMD Clinical Registry Form] ""Performing a Rare Disease-Oriented Master Observational Trial"" initiative, European Joint Programme on Rare Diseases, https://www.promotinitiative.com/|[OPMD Clinical Research Form] ""Performing a Rare Disease-Oriented Master Observational Trial"" initiative, European Joint Programme on Rare Diseases, https://www.promotinitiative.com/"
HP:0002172	Postural instability															(PROMOT:2000001 some ICF:2048203604)|(PROMOT:2000005 some SNOMED:84100007)				
HP:0002172	Postural instability																			"[OPMD Scoping review 2026] Bélair N, Gagnon C, Duchesne E. What is known about muscle weakness, balance impairments and indoor mobility limitations in oculopharyngeal muscular dystrophy? A scoping review. J Neuromuscul Dis. 2025 Dec 30:22143602251397052. doi: 10.1177/22143602251397052. Epub ahead of print. PMID: 41467981.|[OPMD Clinical Registry Form] ""Performing a Rare Disease-Oriented Master Observational Trial"" initiative, European Joint Programme on Rare Diseases, https://www.promotinitiative.com/|[OPMD Clinical Research Form] ""Performing a Rare Disease-Oriented Master Observational Trial"" initiative, European Joint Programme on Rare Diseases, https://www.promotinitiative.com/"
HP:0002317	Unsteady gait															(PROMOT:2000001 some ICF:2048203604)|(PROMOT:2000005 some (SNOMED:12894003 OR SNOMED:84100007))				
HP:0002317	Unsteady gait																			"[OPMD Scoping review 2026] Bélair N, Gagnon C, Duchesne E. What is known about muscle weakness, balance impairments and indoor mobility limitations in oculopharyngeal muscular dystrophy? A scoping review. J Neuromuscul Dis. 2025 Dec 30:22143602251397052. doi: 10.1177/22143602251397052. Epub ahead of print. PMID: 41467981.|[OPMD Clinical Registry Form] ""Performing a Rare Disease-Oriented Master Observational Trial"" initiative, European Joint Programme on Rare Diseases, https://www.promotinitiative.com/|[OPMD Clinical Research Form] ""Performing a Rare Disease-Oriented Master Observational Trial"" initiative, European Joint Programme on Rare Diseases, https://www.promotinitiative.com/"
HP:0002359	Frequent falls															(PROMOT:2000001 some ICF:1550548595)|(PROMOT:2000005 some SNOMED:84100007)				
HP:0002359	Frequent falls																			"[Congenital myasthenic syndrom Scoping review] ""Performing a Rare Disease-Oriented Master Observational Trial"" initiative, European Joint Programme on Rare Diseases, https://www.promotinitiative.com/|[Congenital Myasthenic syndrom HPO KB associations] Gargano MA, Matentzoglu N, Coleman B, Addo-Lartey EB, et al. The Human Phenotype Ontology in 2024: phenotypes around the world. Nucleic Acids Res. 2024 Jan 5;52(D1):D1333-D1346. doi: 10.1093/nar/gkad1005. PMID: 37953324; PMCID: PMC10767975.|[Congenital myopathy Scoping review] ""Performing a Rare Disease-Oriented Master Observational Trial"" initiative, European Joint Programme on Rare Diseases, https://www.promotinitiative.com/|[Congenital Myopathy HPO KB associations] Gargano MA, Matentzoglu N, Coleman B, Addo-Lartey EB, et al. The Human Phenotype Ontology in 2024: phenotypes around the world. Nucleic Acids Res. 2024 Jan 5;52(D1):D1333-D1346. doi: 10.1093/nar/gkad1005. PMID: 37953324; PMCID: PMC10767975."
HP:0002460	Distal muscle weakness															(PROMOT:2000001 some ICF:2048203604)|(PROMOT:2000001 some ICF:1789365017)|(PROMOT:2000005 some (SNOMED:12894003 OR SNOMED:84100007))				
HP:0002460	Distal muscle weakness																			"[OPMD Scoping review 2026] Bélair N, Gagnon C, Duchesne E. What is known about muscle weakness, balance impairments and indoor mobility limitations in oculopharyngeal muscular dystrophy? A scoping review. J Neuromuscul Dis. 2025 Dec 30:22143602251397052. doi: 10.1177/22143602251397052. Epub ahead of print. PMID: 41467981.|[OPMD HPO KB associations] Gargano MA, Matentzoglu N, Coleman B, Addo-Lartey EB, et al. The Human Phenotype Ontology in 2024: phenotypes around the world. Nucleic Acids Res. 2024 Jan 5;52(D1):D1333-D1346. doi: 10.1093/nar/gkad1005. PMID: 37953324; PMCID: PMC10767975.|[Congenital myasthenic syndrom Scoping review] ""Performing a Rare Disease-Oriented Master Observational Trial"" initiative, European Joint Programme on Rare Diseases, https://www.promotinitiative.com/|[Congenital Myasthenic syndrom HPO KB associations] Gargano MA, Matentzoglu N, Coleman B, Addo-Lartey EB, et al. The Human Phenotype Ontology in 2024: phenotypes around the world. Nucleic Acids Res. 2024 Jan 5;52(D1):D1333-D1346. doi: 10.1093/nar/gkad1005. PMID: 37953324; PMCID: PMC10767975.|[Congenital myopathy Scoping review] ""Performing a Rare Disease-Oriented Master Observational Trial"" initiative, European Joint Programme on Rare Diseases, https://www.promotinitiative.com/|[Congenital Myopathy HPO KB associations] Gargano MA, Matentzoglu N, Coleman B, Addo-Lartey EB, et al. The Human Phenotype Ontology in 2024: phenotypes around the world. Nucleic Acids Res. 2024 Jan 5;52(D1):D1333-D1346. doi: 10.1093/nar/gkad1005. PMID: 37953324; PMCID: PMC10767975."
HP:0002483	Bulbar signs															(PROMOT:2000001 some ICF:151046878)|(PROMOT:2000001 some ICF:1328675264)|(PROMOT:2000001 some ICF:1328675264)|(PROMOT:2000001 some ICF:1789365017)|(PROMOT:2000001 some ICF:712570723)|(PROMOT:2000001 some ICF:923782542)|(PROMOT:2000005 some SNOMED:84100007)				
HP:0002483	Bulbar signs																			"[Congenital myasthenic syndrom Scoping review] ""Performing a Rare Disease-Oriented Master Observational Trial"" initiative, European Joint Programme on Rare Diseases, https://www.promotinitiative.com/|[Congenital myopathy Scoping review] ""Performing a Rare Disease-Oriented Master Observational Trial"" initiative, European Joint Programme on Rare Diseases, https://www.promotinitiative.com/|[Congenital Myopathy HPO KB associations] Gargano MA, Matentzoglu N, Coleman B, Addo-Lartey EB, et al. The Human Phenotype Ontology in 2024: phenotypes around the world. Nucleic Acids Res. 2024 Jan 5;52(D1):D1333-D1346. doi: 10.1093/nar/gkad1005. PMID: 37953324; PMCID: PMC10767975."
HP:0002505	Loss of ambulation															(PROMOT:2000001 some ICF:1550548595)|(PROMOT:2000001 some ICF:1328466963)|(PROMOT:2000005 some (SNOMED:12894003 OR SNOMED:84100007))				
HP:0002505	Loss of ambulation																			"[Congenital myasthenic syndrom Scoping review] ""Performing a Rare Disease-Oriented Master Observational Trial"" initiative, European Joint Programme on Rare Diseases, https://www.promotinitiative.com/|[Congenital myopathy Scoping review] ""Performing a Rare Disease-Oriented Master Observational Trial"" initiative, European Joint Programme on Rare Diseases, https://www.promotinitiative.com/|[Congenital Myopathy HPO KB associations] Gargano MA, Matentzoglu N, Coleman B, Addo-Lartey EB, et al. The Human Phenotype Ontology in 2024: phenotypes around the world. Nucleic Acids Res. 2024 Jan 5;52(D1):D1333-D1346. doi: 10.1093/nar/gkad1005. PMID: 37953324; PMCID: PMC10767975."
HP:0002515	Waddling gait															(PROMOT:2000001 some ICF:1550548595)|(PROMOT:2000001 some ICF:1328466963)|(PROMOT:2000005 some SNOMED:84100007)				
HP:0002515	Waddling gait																			"[Congenital myasthenic syndrom Scoping review] ""Performing a Rare Disease-Oriented Master Observational Trial"" initiative, European Joint Programme on Rare Diseases, https://www.promotinitiative.com/|[Congenital Myasthenic syndrom HPO KB associations] Gargano MA, Matentzoglu N, Coleman B, Addo-Lartey EB, et al. The Human Phenotype Ontology in 2024: phenotypes around the world. Nucleic Acids Res. 2024 Jan 5;52(D1):D1333-D1346. doi: 10.1093/nar/gkad1005. PMID: 37953324; PMCID: PMC10767975.|[Congenital myopathy Scoping review] ""Performing a Rare Disease-Oriented Master Observational Trial"" initiative, European Joint Programme on Rare Diseases, https://www.promotinitiative.com/|[Congenital Myopathy HPO KB associations] Gargano MA, Matentzoglu N, Coleman B, Addo-Lartey EB, et al. The Human Phenotype Ontology in 2024: phenotypes around the world. Nucleic Acids Res. 2024 Jan 5;52(D1):D1333-D1346. doi: 10.1093/nar/gkad1005. PMID: 37953324; PMCID: PMC10767975."
HP:0002522	Areflexia of lower limbs																			"[Congenital myasthenic syndrom Scoping review] ""Performing a Rare Disease-Oriented Master Observational Trial"" initiative, European Joint Programme on Rare Diseases, https://www.promotinitiative.com/|[Congenital myopathy Scoping review] ""Performing a Rare Disease-Oriented Master Observational Trial"" initiative, European Joint Programme on Rare Diseases, https://www.promotinitiative.com/"
HP:0002522	Areflexia of lower limbs 															(PROMOT:2000001 some ICF:1434015402)|(PROMOT:2000005 some SNOMED:84100007)				
HP:0002540	Inability to walk															(PROMOT:2000001 some ICF:1550548595)|(PROMOT:2000001 some ICF:1328466963)|(PROMOT:2000005 some (SNOMED:12894003 OR SNOMED:84100007))				
HP:0002540	Inability to walk																			"[Congenital myasthenic syndrom Scoping review] ""Performing a Rare Disease-Oriented Master Observational Trial"" initiative, European Joint Programme on Rare Diseases, https://www.promotinitiative.com/|[Congenital Myasthenic syndrom HPO KB associations] Gargano MA, Matentzoglu N, Coleman B, Addo-Lartey EB, et al. The Human Phenotype Ontology in 2024: phenotypes around the world. Nucleic Acids Res. 2024 Jan 5;52(D1):D1333-D1346. doi: 10.1093/nar/gkad1005. PMID: 37953324; PMCID: PMC10767975.|[Congenital myopathy Scoping review] ""Performing a Rare Disease-Oriented Master Observational Trial"" initiative, European Joint Programme on Rare Diseases, https://www.promotinitiative.com/|[Congenital Myopathy HPO KB associations] Gargano MA, Matentzoglu N, Coleman B, Addo-Lartey EB, et al. The Human Phenotype Ontology in 2024: phenotypes around the world. Nucleic Acids Res. 2024 Jan 5;52(D1):D1333-D1346. doi: 10.1093/nar/gkad1005. PMID: 37953324; PMCID: PMC10767975."
HP:0002600	Hyporeflexia of lower limbs																			"[Congenital myasthenic syndrom Scoping review] ""Performing a Rare Disease-Oriented Master Observational Trial"" initiative, European Joint Programme on Rare Diseases, https://www.promotinitiative.com/|[Congenital myopathy Scoping review] ""Performing a Rare Disease-Oriented Master Observational Trial"" initiative, European Joint Programme on Rare Diseases, https://www.promotinitiative.com/"
HP:0002600	Hyporeflexia of lower limbs 															(PROMOT:2000001 some ICF:1434015402)|(PROMOT:2000005 some SNOMED:84100007)				
HP:0002643	Neonatal respiratory distress															(PROMOT:2000001 some ICF:1470583183)|(PROMOT:2000001 some ICF:744367503)|(PROMOT:2000005 some SNOMED:84100007)				
HP:0002643	Neonatal respiratory distress																			"[Congenital myasthenic syndrom Scoping review] ""Performing a Rare Disease-Oriented Master Observational Trial"" initiative, European Joint Programme on Rare Diseases, https://www.promotinitiative.com/|[Congenital Myasthenic syndrom HPO KB associations] Gargano MA, Matentzoglu N, Coleman B, Addo-Lartey EB, et al. The Human Phenotype Ontology in 2024: phenotypes around the world. Nucleic Acids Res. 2024 Jan 5;52(D1):D1333-D1346. doi: 10.1093/nar/gkad1005. PMID: 37953324; PMCID: PMC10767975.|[Congenital myopathy Scoping review] ""Performing a Rare Disease-Oriented Master Observational Trial"" initiative, European Joint Programme on Rare Diseases, https://www.promotinitiative.com/|[Congenital Myopathy HPO KB associations] Gargano MA, Matentzoglu N, Coleman B, Addo-Lartey EB, et al. The Human Phenotype Ontology in 2024: phenotypes around the world. Nucleic Acids Res. 2024 Jan 5;52(D1):D1333-D1346. doi: 10.1093/nar/gkad1005. PMID: 37953324; PMCID: PMC10767975."
HP:0002650	Scoliosis						[PROMOT note] [Present in EURO-NMD NMD-CDE] [has_scoliosis]				[PROMOT note] [EURO-NMD] Atalia A et al., EURO-NMD registry: federated FAIR infrastructure, innovative technologies and concepts of a patient-centred registry for rare neuromuscular disorders. Orphanet J Rare Dis. 2024 Feb 14;19(1):66. doi: 10.1186/s13023-024-03059-3. PMID: 38355534; PMCID: PMC10865673.		[PROMOT note] The PROMOT ontology added a comment to quote the CDM used as a source for this entity.		Class					
HP:0002650	Scoliosis															(PROMOT:2000005 some SNOMED:84100007)				
HP:0002650	Scoliosis																			"[Congenital myasthenic syndrom Scoping review] ""Performing a Rare Disease-Oriented Master Observational Trial"" initiative, European Joint Programme on Rare Diseases, https://www.promotinitiative.com/|[Congenital Myasthenic syndrom HPO KB associations] Gargano MA, Matentzoglu N, Coleman B, Addo-Lartey EB, et al. The Human Phenotype Ontology in 2024: phenotypes around the world. Nucleic Acids Res. 2024 Jan 5;52(D1):D1333-D1346. doi: 10.1093/nar/gkad1005. PMID: 37953324; PMCID: PMC10767975.|[Congenital myopathy Scoping review] ""Performing a Rare Disease-Oriented Master Observational Trial"" initiative, European Joint Programme on Rare Diseases, https://www.promotinitiative.com/|[Congenital Myopathy HPO KB associations] Gargano MA, Matentzoglu N, Coleman B, Addo-Lartey EB, et al. The Human Phenotype Ontology in 2024: phenotypes around the world. Nucleic Acids Res. 2024 Jan 5;52(D1):D1333-D1346. doi: 10.1093/nar/gkad1005. PMID: 37953324; PMCID: PMC10767975."
HP:0002705	High, narrow palate															(PROMOT:2000005 some SNOMED:84100007)				
HP:0002705	High, narrow palate																			"[Congenital myopathy Scoping review] ""Performing a Rare Disease-Oriented Master Observational Trial"" initiative, European Joint Programme on Rare Diseases, https://www.promotinitiative.com/|[Congenital Myopathy HPO KB associations] Gargano MA, Matentzoglu N, Coleman B, Addo-Lartey EB, et al. The Human Phenotype Ontology in 2024: phenotypes around the world. Nucleic Acids Res. 2024 Jan 5;52(D1):D1333-D1346. doi: 10.1093/nar/gkad1005. PMID: 37953324; PMCID: PMC10767975."
HP:0002747	Respiratory insufficiency due to muscle weakness															(PROMOT:2000001 some ICF:1360101629)|(PROMOT:2000001 some ICF:446199613)|(PROMOT:2000005 some (SNOMED:12894003 OR SNOMED:84100007))				
HP:0002747	Respiratory insufficiency due to muscle weakness																			"[OPMD Clinical Registry Form] ""Performing a Rare Disease-Oriented Master Observational Trial"" initiative, European Joint Programme on Rare Diseases, https://www.promotinitiative.com/|[Congenital myasthenic syndrom Scoping review] ""Performing a Rare Disease-Oriented Master Observational Trial"" initiative, European Joint Programme on Rare Diseases, https://www.promotinitiative.com/|[Congenital Myasthenic syndrom HPO KB associations] Gargano MA, Matentzoglu N, Coleman B, Addo-Lartey EB, et al. The Human Phenotype Ontology in 2024: phenotypes around the world. Nucleic Acids Res. 2024 Jan 5;52(D1):D1333-D1346. doi: 10.1093/nar/gkad1005. PMID: 37953324; PMCID: PMC10767975.|[Congenital myopathy Scoping review] ""Performing a Rare Disease-Oriented Master Observational Trial"" initiative, European Joint Programme on Rare Diseases, https://www.promotinitiative.com/|[Congenital Myopathy HPO KB associations] Gargano MA, Matentzoglu N, Coleman B, Addo-Lartey EB, et al. The Human Phenotype Ontology in 2024: phenotypes around the world. Nucleic Acids Res. 2024 Jan 5;52(D1):D1333-D1346. doi: 10.1093/nar/gkad1005. PMID: 37953324; PMCID: PMC10767975."
HP:0002751	Kyphoscoliosis															(PROMOT:2000005 some SNOMED:84100007)				
HP:0002751	Kyphoscoliosis																			"[Congenital myasthenic syndrom Scoping review] ""Performing a Rare Disease-Oriented Master Observational Trial"" initiative, European Joint Programme on Rare Diseases, https://www.promotinitiative.com/|[Congenital myopathy Scoping review] ""Performing a Rare Disease-Oriented Master Observational Trial"" initiative, European Joint Programme on Rare Diseases, https://www.promotinitiative.com/|[Congenital Myopathy HPO KB associations] Gargano MA, Matentzoglu N, Coleman B, Addo-Lartey EB, et al. The Human Phenotype Ontology in 2024: phenotypes around the world. Nucleic Acids Res. 2024 Jan 5;52(D1):D1333-D1346. doi: 10.1093/nar/gkad1005. PMID: 37953324; PMCID: PMC10767975."
HP:0002804	Arthrogryposis multiplex congenita															(PROMOT:2000001 some ICF:1757783224)|(PROMOT:2000005 some SNOMED:84100007)				
HP:0002804	Arthrogryposis multiplex congenita																			[Congenital Myasthenic syndrom HPO KB associations] Gargano MA, Matentzoglu N, Coleman B, Addo-Lartey EB, et al. The Human Phenotype Ontology in 2024: phenotypes around the world. Nucleic Acids Res. 2024 Jan 5;52(D1):D1333-D1346. doi: 10.1093/nar/gkad1005. PMID: 37953324; PMCID: PMC10767975.|[Congenital Myopathy HPO KB associations] Gargano MA, Matentzoglu N, Coleman B, Addo-Lartey EB, et al. The Human Phenotype Ontology in 2024: phenotypes around the world. Nucleic Acids Res. 2024 Jan 5;52(D1):D1333-D1346. doi: 10.1093/nar/gkad1005. PMID: 37953324; PMCID: PMC10767975.
HP:0002808	Kyphosis															(PROMOT:2000005 some SNOMED:84100007)				
HP:0002808	Kyphosis																			"[Congenital myopathy Scoping review] ""Performing a Rare Disease-Oriented Master Observational Trial"" initiative, European Joint Programme on Rare Diseases, https://www.promotinitiative.com/|[Congenital Myopathy HPO KB associations] Gargano MA, Matentzoglu N, Coleman B, Addo-Lartey EB, et al. The Human Phenotype Ontology in 2024: phenotypes around the world. Nucleic Acids Res. 2024 Jan 5;52(D1):D1333-D1346. doi: 10.1093/nar/gkad1005. PMID: 37953324; PMCID: PMC10767975."
HP:0002828	Multiple joint contractures															(PROMOT:2000001 some ICF:1757783224)|(PROMOT:2000005 some SNOMED:84100007)				
HP:0002828	Multiple joint contractures																			"[Congenital myasthenic syndrom Scoping review] ""Performing a Rare Disease-Oriented Master Observational Trial"" initiative, European Joint Programme on Rare Diseases, https://www.promotinitiative.com/|[Congenital myopathy Scoping review] ""Performing a Rare Disease-Oriented Master Observational Trial"" initiative, European Joint Programme on Rare Diseases, https://www.promotinitiative.com/|[Congenital Myopathy HPO KB associations] Gargano MA, Matentzoglu N, Coleman B, Addo-Lartey EB, et al. The Human Phenotype Ontology in 2024: phenotypes around the world. Nucleic Acids Res. 2024 Jan 5;52(D1):D1333-D1346. doi: 10.1093/nar/gkad1005. PMID: 37953324; PMCID: PMC10767975."
HP:0002878	Respiratory failure															(PROMOT:2000001 some ICF:1470583183)|(PROMOT:2000001 some ICF:744367503)|(PROMOT:2000005 some SNOMED:84100007)				
HP:0002878	Respiratory failure																			"[Congenital myasthenic syndrom Scoping review] ""Performing a Rare Disease-Oriented Master Observational Trial"" initiative, European Joint Programme on Rare Diseases, https://www.promotinitiative.com/|[Congenital Myasthenic syndrom HPO KB associations] Gargano MA, Matentzoglu N, Coleman B, Addo-Lartey EB, et al. The Human Phenotype Ontology in 2024: phenotypes around the world. Nucleic Acids Res. 2024 Jan 5;52(D1):D1333-D1346. doi: 10.1093/nar/gkad1005. PMID: 37953324; PMCID: PMC10767975.|[Congenital myopathy Scoping review] ""Performing a Rare Disease-Oriented Master Observational Trial"" initiative, European Joint Programme on Rare Diseases, https://www.promotinitiative.com/|[Congenital Myopathy HPO KB associations] Gargano MA, Matentzoglu N, Coleman B, Addo-Lartey EB, et al. The Human Phenotype Ontology in 2024: phenotypes around the world. Nucleic Acids Res. 2024 Jan 5;52(D1):D1333-D1346. doi: 10.1093/nar/gkad1005. PMID: 37953324; PMCID: PMC10767975."
HP:0002882	Sudden episodic apnea															(PROMOT:2000001 some ICF:1470583183)|(PROMOT:2000001 some ICF:744367503)|(PROMOT:2000005 some SNOMED:84100007)				
HP:0002882	Sudden episodic apnea																			"[Congenital Myasthenic syndrom HPO KB associations] Gargano MA, Matentzoglu N, Coleman B, Addo-Lartey EB, et al. The Human Phenotype Ontology in 2024: phenotypes around the world. Nucleic Acids Res. 2024 Jan 5;52(D1):D1333-D1346. doi: 10.1093/nar/gkad1005. PMID: 37953324; PMCID: PMC10767975.|[Congenital myopathy Scoping review] ""Performing a Rare Disease-Oriented Master Observational Trial"" initiative, European Joint Programme on Rare Diseases, https://www.promotinitiative.com/"
HP:0003202	Skeletal muscle atrophy															(PROMOT:2000001 some ICF:2048203604)|(PROMOT:2000001 some ICF:1789365017)|(PROMOT:2000005 some SNOMED:84100007)				
HP:0003236	Elevated circulating creatine kinase concentration															(PROMOT:2000005 some SNOMED:84100007)				
HP:0003236	Elevated circulating creatine kinase concentration																			"[OPMD HPO KB associations] Gargano MA, Matentzoglu N, Coleman B, Addo-Lartey EB, et al. The Human Phenotype Ontology in 2024: phenotypes around the world. Nucleic Acids Res. 2024 Jan 5;52(D1):D1333-D1346. doi: 10.1093/nar/gkad1005. PMID: 37953324; PMCID: PMC10767975.|[Congenital myasthenic syndrom Scoping review] ""Performing a Rare Disease-Oriented Master Observational Trial"" initiative, European Joint Programme on Rare Diseases, https://www.promotinitiative.com/|[Congenital Myasthenic syndrom HPO KB associations] Gargano MA, Matentzoglu N, Coleman B, Addo-Lartey EB, et al. The Human Phenotype Ontology in 2024: phenotypes around the world. Nucleic Acids Res. 2024 Jan 5;52(D1):D1333-D1346. doi: 10.1093/nar/gkad1005. PMID: 37953324; PMCID: PMC10767975.|[Congenital myopathy Scoping review] ""Performing a Rare Disease-Oriented Master Observational Trial"" initiative, European Joint Programme on Rare Diseases, https://www.promotinitiative.com/|[Congenital Myopathy HPO KB associations] Gargano MA, Matentzoglu N, Coleman B, Addo-Lartey EB, et al. The Human Phenotype Ontology in 2024: phenotypes around the world. Nucleic Acids Res. 2024 Jan 5;52(D1):D1333-D1346. doi: 10.1093/nar/gkad1005. PMID: 37953324; PMCID: PMC10767975."
HP:0003306	Spinal rigidity															(PROMOT:2000001 some ICF:248265067)|(PROMOT:2000001 some ICF:841397411)|(PROMOT:2000005 some SNOMED:84100007)				
HP:0003306	Spinal rigidity																			"[Congenital myopathy Scoping review] ""Performing a Rare Disease-Oriented Master Observational Trial"" initiative, European Joint Programme on Rare Diseases, https://www.promotinitiative.com/|[Congenital Myopathy HPO KB associations] Gargano MA, Matentzoglu N, Coleman B, Addo-Lartey EB, et al. The Human Phenotype Ontology in 2024: phenotypes around the world. Nucleic Acids Res. 2024 Jan 5;52(D1):D1333-D1346. doi: 10.1093/nar/gkad1005. PMID: 37953324; PMCID: PMC10767975."
HP:0003307	Hyperlordosis															(PROMOT:2000005 some SNOMED:84100007)				
HP:0003307	Hyperlordosis																			"[Congenital myasthenic syndrom Scoping review] ""Performing a Rare Disease-Oriented Master Observational Trial"" initiative, European Joint Programme on Rare Diseases, https://www.promotinitiative.com/|[Congenital Myasthenic syndrom HPO KB associations] Gargano MA, Matentzoglu N, Coleman B, Addo-Lartey EB, et al. The Human Phenotype Ontology in 2024: phenotypes around the world. Nucleic Acids Res. 2024 Jan 5;52(D1):D1333-D1346. doi: 10.1093/nar/gkad1005. PMID: 37953324; PMCID: PMC10767975.|[Congenital myopathy Scoping review] ""Performing a Rare Disease-Oriented Master Observational Trial"" initiative, European Joint Programme on Rare Diseases, https://www.promotinitiative.com/|[Congenital Myopathy HPO KB associations] Gargano MA, Matentzoglu N, Coleman B, Addo-Lartey EB, et al. The Human Phenotype Ontology in 2024: phenotypes around the world. Nucleic Acids Res. 2024 Jan 5;52(D1):D1333-D1346. doi: 10.1093/nar/gkad1005. PMID: 37953324; PMCID: PMC10767975."
HP:0003323	Progressive muscle weakness															(PROMOT:2000005 some (SNOMED:12894003 OR SNOMED:84100007))				
HP:0003323	Progressive muscle weakness																			"[OPMD Scoping review 2026] Bélair N, Gagnon C, Duchesne E. What is known about muscle weakness, balance impairments and indoor mobility limitations in oculopharyngeal muscular dystrophy? A scoping review. J Neuromuscul Dis. 2025 Dec 30:22143602251397052. doi: 10.1177/22143602251397052. Epub ahead of print. PMID: 41467981.|[Congenital myasthenic syndrom Scoping review] ""Performing a Rare Disease-Oriented Master Observational Trial"" initiative, European Joint Programme on Rare Diseases, https://www.promotinitiative.com/|[Congenital myopathy Scoping review] ""Performing a Rare Disease-Oriented Master Observational Trial"" initiative, European Joint Programme on Rare Diseases, https://www.promotinitiative.com/|[Congenital Myopathy HPO KB associations] Gargano MA, Matentzoglu N, Coleman B, Addo-Lartey EB, et al. The Human Phenotype Ontology in 2024: phenotypes around the world. Nucleic Acids Res. 2024 Jan 5;52(D1):D1333-D1346. doi: 10.1093/nar/gkad1005. PMID: 37953324; PMCID: PMC10767975."
HP:0003325	Limb-girdle muscle weakness															(PROMOT:2000001 some ICF:2048203604)|(PROMOT:2000001 some ICF:1789365017)|(PROMOT:2000005 some (SNOMED:12894003 OR SNOMED:84100007))				
HP:0003325	Limb-girdle muscle weakness																			"[OPMD Scoping review 2026] Bélair N, Gagnon C, Duchesne E. What is known about muscle weakness, balance impairments and indoor mobility limitations in oculopharyngeal muscular dystrophy? A scoping review. J Neuromuscul Dis. 2025 Dec 30:22143602251397052. doi: 10.1177/22143602251397052. Epub ahead of print. PMID: 41467981.|[OPMD HPO KB associations] Gargano MA, Matentzoglu N, Coleman B, Addo-Lartey EB, et al. The Human Phenotype Ontology in 2024: phenotypes around the world. Nucleic Acids Res. 2024 Jan 5;52(D1):D1333-D1346. doi: 10.1093/nar/gkad1005. PMID: 37953324; PMCID: PMC10767975.|[Congenital myasthenic syndrom Scoping review] ""Performing a Rare Disease-Oriented Master Observational Trial"" initiative, European Joint Programme on Rare Diseases, https://www.promotinitiative.com/|[Congenital Myasthenic syndrom HPO KB associations] Gargano MA, Matentzoglu N, Coleman B, Addo-Lartey EB, et al. The Human Phenotype Ontology in 2024: phenotypes around the world. Nucleic Acids Res. 2024 Jan 5;52(D1):D1333-D1346. doi: 10.1093/nar/gkad1005. PMID: 37953324; PMCID: PMC10767975.|[Congenital myopathy Scoping review] ""Performing a Rare Disease-Oriented Master Observational Trial"" initiative, European Joint Programme on Rare Diseases, https://www.promotinitiative.com/|[Congenital Myopathy HPO KB associations] Gargano MA, Matentzoglu N, Coleman B, Addo-Lartey EB, et al. The Human Phenotype Ontology in 2024: phenotypes around the world. Nucleic Acids Res. 2024 Jan 5;52(D1):D1333-D1346. doi: 10.1093/nar/gkad1005. PMID: 37953324; PMCID: PMC10767975."
HP:0003326	Myalgia															(PROMOT:2000001 some ICF:1065560247)|(PROMOT:2000001 some ICF:117147127)|(PROMOT:2000001 some ICF:1299345975)|(PROMOT:2000001 some ICF:1515853559)|(PROMOT:2000001 some ICF:299098423)|(PROMOT:2000001 some ICF:682314871)|(PROMOT:2000001 some ICF:893697482)|(PROMOT:2000005 some SNOMED:84100007)				
HP:0003326	Myalgia																			"[Congenital myasthenic syndrom Scoping review] ""Performing a Rare Disease-Oriented Master Observational Trial"" initiative, European Joint Programme on Rare Diseases, https://www.promotinitiative.com/"
HP:0003327	Axial muscle weakness															(PROMOT:2000001 some ICF:2048203604)|(PROMOT:2000001 some ICF:1789365017)|(PROMOT:2000001 some ICF:556694745)|(PROMOT:2000005 some (SNOMED:12894003 OR SNOMED:84100007))				
HP:0003327	Axial muscle weakness																			"[OPMD Scoping review 2026] Bélair N, Gagnon C, Duchesne E. What is known about muscle weakness, balance impairments and indoor mobility limitations in oculopharyngeal muscular dystrophy? A scoping review. J Neuromuscul Dis. 2025 Dec 30:22143602251397052. doi: 10.1177/22143602251397052. Epub ahead of print. PMID: 41467981.|[OPMD HPO KB associations] Gargano MA, Matentzoglu N, Coleman B, Addo-Lartey EB, et al. The Human Phenotype Ontology in 2024: phenotypes around the world. Nucleic Acids Res. 2024 Jan 5;52(D1):D1333-D1346. doi: 10.1093/nar/gkad1005. PMID: 37953324; PMCID: PMC10767975.|[Congenital myasthenic syndrom Scoping review] ""Performing a Rare Disease-Oriented Master Observational Trial"" initiative, European Joint Programme on Rare Diseases, https://www.promotinitiative.com/|[Congenital Myasthenic syndrom HPO KB associations] Gargano MA, Matentzoglu N, Coleman B, Addo-Lartey EB, et al. The Human Phenotype Ontology in 2024: phenotypes around the world. Nucleic Acids Res. 2024 Jan 5;52(D1):D1333-D1346. doi: 10.1093/nar/gkad1005. PMID: 37953324; PMCID: PMC10767975.|[Congenital myopathy Scoping review] ""Performing a Rare Disease-Oriented Master Observational Trial"" initiative, European Joint Programme on Rare Diseases, https://www.promotinitiative.com/|[Congenital Myopathy HPO KB associations] Gargano MA, Matentzoglu N, Coleman B, Addo-Lartey EB, et al. The Human Phenotype Ontology in 2024: phenotypes around the world. Nucleic Acids Res. 2024 Jan 5;52(D1):D1333-D1346. doi: 10.1093/nar/gkad1005. PMID: 37953324; PMCID: PMC10767975."
HP:0003391	Gowers sign															(PROMOT:2000005 some SNOMED:84100007)				
HP:0003391	Gowers sign																			"[Congenital myasthenic syndrom Scoping review] ""Performing a Rare Disease-Oriented Master Observational Trial"" initiative, European Joint Programme on Rare Diseases, https://www.promotinitiative.com/|[Congenital Myasthenic syndrom HPO KB associations] Gargano MA, Matentzoglu N, Coleman B, Addo-Lartey EB, et al. The Human Phenotype Ontology in 2024: phenotypes around the world. Nucleic Acids Res. 2024 Jan 5;52(D1):D1333-D1346. doi: 10.1093/nar/gkad1005. PMID: 37953324; PMCID: PMC10767975.|[Congenital myopathy Scoping review] ""Performing a Rare Disease-Oriented Master Observational Trial"" initiative, European Joint Programme on Rare Diseases, https://www.promotinitiative.com/|[Congenital Myopathy HPO KB associations] Gargano MA, Matentzoglu N, Coleman B, Addo-Lartey EB, et al. The Human Phenotype Ontology in 2024: phenotypes around the world. Nucleic Acids Res. 2024 Jan 5;52(D1):D1333-D1346. doi: 10.1093/nar/gkad1005. PMID: 37953324; PMCID: PMC10767975."
HP:0003392	First dorsal interossei muscle weakness															(PROMOT:2000001 some ICF:2048203604)|(PROMOT:2000001 some PROMOT:0032067)|(PROMOT:2000005 some (SNOMED:12894003 OR SNOMED:84100007))				
HP:0003392	First dorsal interossei muscle weakness																			"[OPMD Scoping review 2026] Bélair N, Gagnon C, Duchesne E. What is known about muscle weakness, balance impairments and indoor mobility limitations in oculopharyngeal muscular dystrophy? A scoping review. J Neuromuscul Dis. 2025 Dec 30:22143602251397052. doi: 10.1177/22143602251397052. Epub ahead of print. PMID: 41467981.|[OPMD Clinical Registry Form] ""Performing a Rare Disease-Oriented Master Observational Trial"" initiative, European Joint Programme on Rare Diseases, https://www.promotinitiative.com/|[Congenital myasthenic syndrom Scoping review] ""Performing a Rare Disease-Oriented Master Observational Trial"" initiative, European Joint Programme on Rare Diseases, https://www.promotinitiative.com/|[Congenital myopathy Scoping review] ""Performing a Rare Disease-Oriented Master Observational Trial"" initiative, European Joint Programme on Rare Diseases, https://www.promotinitiative.com/"
HP:0003394	Muscle spasm															(PROMOT:2000001 some ICF:1405368356)|(PROMOT:2000001 some ICF:621727843)|(PROMOT:2000005 some SNOMED:84100007)				
HP:0003394	Muscle spasm																			"[Congenital myasthenic syndrom Scoping review] ""Performing a Rare Disease-Oriented Master Observational Trial"" initiative, European Joint Programme on Rare Diseases, https://www.promotinitiative.com/|[Congenital Myasthenic syndrom HPO KB associations] Gargano MA, Matentzoglu N, Coleman B, Addo-Lartey EB, et al. The Human Phenotype Ontology in 2024: phenotypes around the world. Nucleic Acids Res. 2024 Jan 5;52(D1):D1333-D1346. doi: 10.1093/nar/gkad1005. PMID: 37953324; PMCID: PMC10767975."
HP:0003398	Abnormal synaptic transmission at the neuromuscular junction 															(PROMOT:2000001 some ICF:1789365017)				
HP:0003398	Abnormal synaptic transmission at the neuromuscular junction 																			"[Congenital myasthenic syndrom Scoping review] ""Performing a Rare Disease-Oriented Master Observational Trial"" initiative, European Joint Programme on Rare Diseases, https://www.promotinitiative.com/|[Congenital Myasthenic syndrom HPO KB associations] Gargano MA, Matentzoglu N, Coleman B, Addo-Lartey EB, et al. The Human Phenotype Ontology in 2024: phenotypes around the world. Nucleic Acids Res. 2024 Jan 5;52(D1):D1333-D1346. doi: 10.1093/nar/gkad1005. PMID: 37953324; PMCID: PMC10767975.|[Congenital myopathy Scoping review] ""Performing a Rare Disease-Oriented Master Observational Trial"" initiative, European Joint Programme on Rare Diseases, https://www.promotinitiative.com/"
HP:0003403	EMG: decremental response of compound muscle action potential to repetitive nerve stimulation  															(PROMOT:2000001 some ICF:1789365017)|(PROMOT:2000005 some SNOMED:84100007)				
HP:0003403	EMG: decremental response of compound muscle action potential to repetitive nerve stimulation  																			"[Congenital myasthenic syndrom Scoping review] ""Performing a Rare Disease-Oriented Master Observational Trial"" initiative, European Joint Programme on Rare Diseases, https://www.promotinitiative.com/|[Congenital Myasthenic syndrom HPO KB associations] Gargano MA, Matentzoglu N, Coleman B, Addo-Lartey EB, et al. The Human Phenotype Ontology in 2024: phenotypes around the world. Nucleic Acids Res. 2024 Jan 5;52(D1):D1333-D1346. doi: 10.1093/nar/gkad1005. PMID: 37953324; PMCID: PMC10767975.|[Congenital myopathy Scoping review] ""Performing a Rare Disease-Oriented Master Observational Trial"" initiative, European Joint Programme on Rare Diseases, https://www.promotinitiative.com/"
HP:0003427	Thenar muscle weakness															(PROMOT:2000001 some ICF:2048203604)|(PROMOT:2000001 some PROMOT:0032089)|(PROMOT:2000005 some SNOMED:84100007)				
HP:0003427	Thenar muscle weakness																			"[OPMD Scoping review 2026] Bélair N, Gagnon C, Duchesne E. What is known about muscle weakness, balance impairments and indoor mobility limitations in oculopharyngeal muscular dystrophy? A scoping review. J Neuromuscul Dis. 2025 Dec 30:22143602251397052. doi: 10.1177/22143602251397052. Epub ahead of print. PMID: 41467981.|[OPMD Clinical Registry Form] ""Performing a Rare Disease-Oriented Master Observational Trial"" initiative, European Joint Programme on Rare Diseases, https://www.promotinitiative.com/|[OPMD Clinical Research Form] ""Performing a Rare Disease-Oriented Master Observational Trial"" initiative, European Joint Programme on Rare Diseases, https://www.promotinitiative.com/|[Congenital myasthenic syndrom Scoping review] ""Performing a Rare Disease-Oriented Master Observational Trial"" initiative, European Joint Programme on Rare Diseases, https://www.promotinitiative.com/|[Congenital myopathy Scoping review] ""Performing a Rare Disease-Oriented Master Observational Trial"" initiative, European Joint Programme on Rare Diseases, https://www.promotinitiative.com/"
HP:0003445	EMG: neuropathic changes															(PROMOT:2000001 some ICF:1789365017)|(PROMOT:2000005 some SNOMED:84100007)				
HP:0003445	EMG: neuropathic changes																			"[Congenital myasthenic syndrom Scoping review] ""Performing a Rare Disease-Oriented Master Observational Trial"" initiative, European Joint Programme on Rare Diseases, https://www.promotinitiative.com/|[Congenital myopathy Scoping review] ""Performing a Rare Disease-Oriented Master Observational Trial"" initiative, European Joint Programme on Rare Diseases, https://www.promotinitiative.com/|[Congenital Myopathy HPO KB associations] Gargano MA, Matentzoglu N, Coleman B, Addo-Lartey EB, et al. The Human Phenotype Ontology in 2024: phenotypes around the world. Nucleic Acids Res. 2024 Jan 5;52(D1):D1333-D1346. doi: 10.1093/nar/gkad1005. PMID: 37953324; PMCID: PMC10767975."
HP:0003457	EMG abnormality															(PROMOT:2000001 some ICF:1789365017)|(PROMOT:2000005 some SNOMED:84100007)				
HP:0003457	EMG abnormality																			"[Congenital myopathy Scoping review] ""Performing a Rare Disease-Oriented Master Observational Trial"" initiative, European Joint Programme on Rare Diseases, https://www.promotinitiative.com/|[Congenital Myopathy HPO KB associations] Gargano MA, Matentzoglu N, Coleman B, Addo-Lartey EB, et al. The Human Phenotype Ontology in 2024: phenotypes around the world. Nucleic Acids Res. 2024 Jan 5;52(D1):D1333-D1346. doi: 10.1093/nar/gkad1005. PMID: 37953324; PMCID: PMC10767975."
HP:0003458	EMG: myopathic abnormalities															(PROMOT:2000001 some ICF:1789365017)|(PROMOT:2000005 some SNOMED:84100007)				
HP:0003458	EMG: myopathic abnormalities																			"[OPMD Clinical Expert] https://orcid.org/0000-0003-2829-8470|[Congenital myasthenic syndrom Scoping review] ""Performing a Rare Disease-Oriented Master Observational Trial"" initiative, European Joint Programme on Rare Diseases, https://www.promotinitiative.com/|[Congenital Myasthenic syndrom HPO KB associations] Gargano MA, Matentzoglu N, Coleman B, Addo-Lartey EB, et al. The Human Phenotype Ontology in 2024: phenotypes around the world. Nucleic Acids Res. 2024 Jan 5;52(D1):D1333-D1346. doi: 10.1093/nar/gkad1005. PMID: 37953324; PMCID: PMC10767975.|[Congenital myopathy Scoping review] ""Performing a Rare Disease-Oriented Master Observational Trial"" initiative, European Joint Programme on Rare Diseases, https://www.promotinitiative.com/|[Congenital Myopathy HPO KB associations] Gargano MA, Matentzoglu N, Coleman B, Addo-Lartey EB, et al. The Human Phenotype Ontology in 2024: phenotypes around the world. Nucleic Acids Res. 2024 Jan 5;52(D1):D1333-D1346. doi: 10.1093/nar/gkad1005. PMID: 37953324; PMCID: PMC10767975."
HP:0003473	Fatigable weakness															(PROMOT:2000001 some ICF:1521707777)|(PROMOT:2000001 some ICF:1674298945)|(PROMOT:2000001 some ICF:1789365017)|(PROMOT:2000005 some SNOMED:84100007)				
HP:0003473	Fatigable weakness																			"[Congenital myasthenic syndrom Scoping review] ""Performing a Rare Disease-Oriented Master Observational Trial"" initiative, European Joint Programme on Rare Diseases, https://www.promotinitiative.com/|[Congenital Myasthenic syndrom HPO KB associations] Gargano MA, Matentzoglu N, Coleman B, Addo-Lartey EB, et al. The Human Phenotype Ontology in 2024: phenotypes around the world. Nucleic Acids Res. 2024 Jan 5;52(D1):D1333-D1346. doi: 10.1093/nar/gkad1005. PMID: 37953324; PMCID: PMC10767975.|[Congenital myopathy Scoping review] ""Performing a Rare Disease-Oriented Master Observational Trial"" initiative, European Joint Programme on Rare Diseases, https://www.promotinitiative.com/|[Congenital Myopathy HPO KB associations] Gargano MA, Matentzoglu N, Coleman B, Addo-Lartey EB, et al. The Human Phenotype Ontology in 2024: phenotypes around the world. Nucleic Acids Res. 2024 Jan 5;52(D1):D1333-D1346. doi: 10.1093/nar/gkad1005. PMID: 37953324; PMCID: PMC10767975."
HP:0003484	Upper limb muscle weakness															(PROMOT:2000001 some ICF:2048203604)|(PROMOT:2000001 some ICF:1789365017)|(PROMOT:2000005 some (SNOMED:12894003 OR SNOMED:84100007))				
HP:0003484	Upper limb muscle weakness																			"[OPMD Scoping review 2026] Bélair N, Gagnon C, Duchesne E. What is known about muscle weakness, balance impairments and indoor mobility limitations in oculopharyngeal muscular dystrophy? A scoping review. J Neuromuscul Dis. 2025 Dec 30:22143602251397052. doi: 10.1177/22143602251397052. Epub ahead of print. PMID: 41467981.|[OPMD Clinical Registry Form] ""Performing a Rare Disease-Oriented Master Observational Trial"" initiative, European Joint Programme on Rare Diseases, https://www.promotinitiative.com/|[Congenital myasthenic syndrom Scoping review] ""Performing a Rare Disease-Oriented Master Observational Trial"" initiative, European Joint Programme on Rare Diseases, https://www.promotinitiative.com/|[Congenital Myasthenic syndrom HPO KB associations] Gargano MA, Matentzoglu N, Coleman B, Addo-Lartey EB, et al. The Human Phenotype Ontology in 2024: phenotypes around the world. Nucleic Acids Res. 2024 Jan 5;52(D1):D1333-D1346. doi: 10.1093/nar/gkad1005. PMID: 37953324; PMCID: PMC10767975.|[Congenital myopathy Scoping review] ""Performing a Rare Disease-Oriented Master Observational Trial"" initiative, European Joint Programme on Rare Diseases, https://www.promotinitiative.com/"
HP:0003547	Shoulder girdle muscle weakness															(PROMOT:2000001 some ICF:2048203604)|(PROMOT:2000001 some PROMOT:0032087)|(PROMOT:2000005 some (SNOMED:12894003 OR SNOMED:84100007))				
HP:0003547	Shoulder girdle muscle weakness																			"[OPMD Scoping review 2026] Bélair N, Gagnon C, Duchesne E. What is known about muscle weakness, balance impairments and indoor mobility limitations in oculopharyngeal muscular dystrophy? A scoping review. J Neuromuscul Dis. 2025 Dec 30:22143602251397052. doi: 10.1177/22143602251397052. Epub ahead of print. PMID: 41467981.|[OPMD Clinical Registry Form] ""Performing a Rare Disease-Oriented Master Observational Trial"" initiative, European Joint Programme on Rare Diseases, https://www.promotinitiative.com/|[OPMD Clinical Research Form] ""Performing a Rare Disease-Oriented Master Observational Trial"" initiative, European Joint Programme on Rare Diseases, https://www.promotinitiative.com/|[Congenital myasthenic syndrom Scoping review] ""Performing a Rare Disease-Oriented Master Observational Trial"" initiative, European Joint Programme on Rare Diseases, https://www.promotinitiative.com/|[Congenital Myasthenic syndrom HPO KB associations] Gargano MA, Matentzoglu N, Coleman B, Addo-Lartey EB, et al. The Human Phenotype Ontology in 2024: phenotypes around the world. Nucleic Acids Res. 2024 Jan 5;52(D1):D1333-D1346. doi: 10.1093/nar/gkad1005. PMID: 37953324; PMCID: PMC10767975.|[Congenital myopathy Scoping review] ""Performing a Rare Disease-Oriented Master Observational Trial"" initiative, European Joint Programme on Rare Diseases, https://www.promotinitiative.com/|[Congenital Myopathy HPO KB associations] Gargano MA, Matentzoglu N, Coleman B, Addo-Lartey EB, et al. The Human Phenotype Ontology in 2024: phenotypes around the world. Nucleic Acids Res. 2024 Jan 5;52(D1):D1333-D1346. doi: 10.1093/nar/gkad1005. PMID: 37953324; PMCID: PMC10767975."
HP:0003551	Difficulty climbing stairs															(PROMOT:2000001 some ICF:1993770860)|(PROMOT:2000005 some (SNOMED:12894003 OR SNOMED:84100007))				
HP:0003551	Difficulty climbing stairs																			"[OPMD Scoping review 2026] Bélair N, Gagnon C, Duchesne E. What is known about muscle weakness, balance impairments and indoor mobility limitations in oculopharyngeal muscular dystrophy? A scoping review. J Neuromuscul Dis. 2025 Dec 30:22143602251397052. doi: 10.1177/22143602251397052. Epub ahead of print. PMID: 41467981.|[OPMD Clinical Research Form] ""Performing a Rare Disease-Oriented Master Observational Trial"" initiative, European Joint Programme on Rare Diseases, https://www.promotinitiative.com/"
HP:0003552	Muscle stiffness															(PROMOT:2000001 some ICF:841397411)|(PROMOT:2000005 some SNOMED:84100007)				
HP:0003552	Muscle stiffness																			[Congenital Myopathy HPO KB associations] Gargano MA, Matentzoglu N, Coleman B, Addo-Lartey EB, et al. The Human Phenotype Ontology in 2024: phenotypes around the world. Nucleic Acids Res. 2024 Jan 5;52(D1):D1333-D1346. doi: 10.1093/nar/gkad1005. PMID: 37953324; PMCID: PMC10767975.
HP:0003577	Congenital onset																			[Congenital Myasthenic syndrom HPO KB associations] Gargano MA, Matentzoglu N, Coleman B, Addo-Lartey EB, et al. The Human Phenotype Ontology in 2024: phenotypes around the world. Nucleic Acids Res. 2024 Jan 5;52(D1):D1333-D1346. doi: 10.1093/nar/gkad1005. PMID: 37953324; PMCID: PMC10767975.|[Congenital Myopathy HPO KB associations] Gargano MA, Matentzoglu N, Coleman B, Addo-Lartey EB, et al. The Human Phenotype Ontology in 2024: phenotypes around the world. Nucleic Acids Res. 2024 Jan 5;52(D1):D1333-D1346. doi: 10.1093/nar/gkad1005. PMID: 37953324; PMCID: PMC10767975.
HP:0003577	Congenital onset 					[PROMOT note] [Derived from RD-CDM] [6.2.5 Onset Category]	[PROMOT note] [Derived from EURO-NMD NMD-CDE] [age_at_onset]	[PROMOT note] [Derived from EU-CDE] [5.1. Age at onset]			[PROMOT note] [RD-CDM] Graefe, A.S.L., Hübner, M.R., Rehburg, F. et al. An ontology-based rare disease common data model harmonising international registries, FHIR, and Phenopackets. Sci Data 12, 234 (2025). https://doi.org/10.1038/s41597-025-04558-z|[PROMOT note] [EURO-NMD] Atalia A et al., EURO-NMD registry: federated FAIR infrastructure, innovative technologies and concepts of a patient-centred registry for rare neuromuscular disorders. Orphanet J Rare Dis. 2024 Feb 14;19(1):66. doi: 10.1186/s13023-024-03059-3. PMID: 38355534; PMCID: PMC10865673.|[PROMOT note] [EU-CDE] Set of Common Data Elements, EU RD Platform [Internet]. [cited 2026 Jun 17]. Available from: https://eu-rd-platform.jrc.ec.europa.eu/set-of-common-data-elements_en		[PROMOT note] The PROMOT ontology added a comment to quote the CDMs used as a source for this entity.		Class					
HP:0003581	Adult onset 					[PROMOT note] [Derived from RD-CDM] [6.2.5 Onset Category] 	[PROMOT note] [Derived from EURO-NMD NMD-CDE] [age_at_onset]				[PROMOT note] [EURO-NMD] Atalia A et al., EURO-NMD registry: federated FAIR infrastructure, innovative technologies and concepts of a patient-centred registry for rare neuromuscular disorders. Orphanet J Rare Dis. 2024 Feb 14;19(1):66. doi: 10.1186/s13023-024-03059-3. PMID: 38355534; PMCID: PMC10865673.		[PROMOT note] The PROMOT ontology added a comment to quote the CDM used as a source for this entity.		Class					
HP:0003584	Late onset																			[OPMD HPO KB associations] Gargano MA, Matentzoglu N, Coleman B, Addo-Lartey EB, et al. The Human Phenotype Ontology in 2024: phenotypes around the world. Nucleic Acids Res. 2024 Jan 5;52(D1):D1333-D1346. doi: 10.1093/nar/gkad1005. PMID: 37953324; PMCID: PMC10767975.
HP:0003584	Late onset 					[PROMOT note] [Derived from RD-CDM] [6.2.5 Onset Category]					[PROMOT note] [RD-CDM] Graefe, A.S.L., Hübner, M.R., Rehburg, F. et al. An ontology-based rare disease common data model harmonising international registries, FHIR, and Phenopackets. Sci Data 12, 234 (2025). https://doi.org/10.1038/s41597-025-04558-z		[PROMOT note] The PROMOT ontology added a comment to quote the CDM used as a source for this entity.		Class					
HP:0003593	Infantile onset																			[Congenital Myasthenic syndrom HPO KB associations] Gargano MA, Matentzoglu N, Coleman B, Addo-Lartey EB, et al. The Human Phenotype Ontology in 2024: phenotypes around the world. Nucleic Acids Res. 2024 Jan 5;52(D1):D1333-D1346. doi: 10.1093/nar/gkad1005. PMID: 37953324; PMCID: PMC10767975.|[Congenital Myopathy HPO KB associations] Gargano MA, Matentzoglu N, Coleman B, Addo-Lartey EB, et al. The Human Phenotype Ontology in 2024: phenotypes around the world. Nucleic Acids Res. 2024 Jan 5;52(D1):D1333-D1346. doi: 10.1093/nar/gkad1005. PMID: 37953324; PMCID: PMC10767975.
HP:0003593	Infantile onset 					[PROMOT note] [Derived from RD-CDM] [6.2.5 Onset Category]					[PROMOT note] [RD-CDM] Graefe, A.S.L., Hübner, M.R., Rehburg, F. et al. An ontology-based rare disease common data model harmonising international registries, FHIR, and Phenopackets. Sci Data 12, 234 (2025). https://doi.org/10.1038/s41597-025-04558-z		[PROMOT note] The PROMOT ontology added a comment to quote the CDM used as a source for this entity.		Class					
HP:0003596	Middle age onset 					[PROMOT note] [Derived from RD-CDM] [6.2.5 Onset Category]					[PROMOT note] [RD-CDM] Graefe, A.S.L., Hübner, M.R., Rehburg, F. et al. An ontology-based rare disease common data model harmonising international registries, FHIR, and Phenopackets. Sci Data 12, 234 (2025). https://doi.org/10.1038/s41597-025-04558-z		[PROMOT note] The PROMOT ontology added a comment to quote the CDM used as a source for this entity.		Class					
HP:0003621	Juvenile onset																			[Congenital Myasthenic syndrom HPO KB associations] Gargano MA, Matentzoglu N, Coleman B, Addo-Lartey EB, et al. The Human Phenotype Ontology in 2024: phenotypes around the world. Nucleic Acids Res. 2024 Jan 5;52(D1):D1333-D1346. doi: 10.1093/nar/gkad1005. PMID: 37953324; PMCID: PMC10767975.
HP:0003621	Juvenile onset 					[PROMOT note] [Derived from RD-CDM] [6.2.5 Onset Category]					[PROMOT note] [RD-CDM] Graefe, A.S.L., Hübner, M.R., Rehburg, F. et al. An ontology-based rare disease common data model harmonising international registries, FHIR, and Phenopackets. Sci Data 12, 234 (2025). https://doi.org/10.1038/s41597-025-04558-z		[PROMOT note] The PROMOT ontology added a comment to quote the CDM used as a source for this entity.		Class					
HP:0003623	Neonatal onset																			[Congenital Myasthenic syndrom HPO KB associations] Gargano MA, Matentzoglu N, Coleman B, Addo-Lartey EB, et al. The Human Phenotype Ontology in 2024: phenotypes around the world. Nucleic Acids Res. 2024 Jan 5;52(D1):D1333-D1346. doi: 10.1093/nar/gkad1005. PMID: 37953324; PMCID: PMC10767975.|[Congenital Myopathy HPO KB associations] Gargano MA, Matentzoglu N, Coleman B, Addo-Lartey EB, et al. The Human Phenotype Ontology in 2024: phenotypes around the world. Nucleic Acids Res. 2024 Jan 5;52(D1):D1333-D1346. doi: 10.1093/nar/gkad1005. PMID: 37953324; PMCID: PMC10767975.
HP:0003623	Neonatal onset 					[PROMOT note] [Derived from RD-CDM] [6.2.5 Onset Category]	[PROMOT note] [Derived from EURO-NMD NMD-CDE] [age_at_onset]				[PROMOT note] [RD-CDM] Graefe, A.S.L., Hübner, M.R., Rehburg, F. et al. An ontology-based rare disease common data model harmonising international registries, FHIR, and Phenopackets. Sci Data 12, 234 (2025). https://doi.org/10.1038/s41597-025-04558-z|[PROMOT note] [EURO-NMD] Atalia A et al., EURO-NMD registry: federated FAIR infrastructure, innovative technologies and concepts of a patient-centred registry for rare neuromuscular disorders. Orphanet J Rare Dis. 2024 Feb 14;19(1):66. doi: 10.1186/s13023-024-03059-3. PMID: 38355534; PMCID: PMC10865673.		[PROMOT note] The PROMOT ontology added a comment to quote the CDMs used as a source for this entity.		Class					
HP:0003674	Onset					[PROMOT note] [Derived from RD-CDM] [6.2.5 Onset Category]	[PROMOT note] [Derived from EURO-NMD NMD-CDE] [age_at_onset]	[PROMOT note] [Derived from EU-CDE] [5.1. Age at onset]			[PROMOT note] [RD-CDM] Graefe, A.S.L., Hübner, M.R., Rehburg, F. et al. An ontology-based rare disease common data model harmonising international registries, FHIR, and Phenopackets. Sci Data 12, 234 (2025). https://doi.org/10.1038/s41597-025-04558-z|[PROMOT note] [EURO-NMD] Atalia A et al., EURO-NMD registry: federated FAIR infrastructure, innovative technologies and concepts of a patient-centred registry for rare neuromuscular disorders. Orphanet J Rare Dis. 2024 Feb 14;19(1):66. doi: 10.1186/s13023-024-03059-3. PMID: 38355534; PMCID: PMC10865673.|[PROMOT note] [EU-CDE] Set of Common Data Elements, EU RD Platform [Internet]. [cited 2026 Jun 17]. Available from: https://eu-rd-platform.jrc.ec.europa.eu/set-of-common-data-elements_en		[PROMOT note] The PROMOT ontology added a comment to quote the CDMs used as a source for this entity.		Class	HP:0012823|(RO:0000080 some HP:0000118)				
HP:0003676	Progressive																			[OPMD HPO KB associations] Gargano MA, Matentzoglu N, Coleman B, Addo-Lartey EB, et al. The Human Phenotype Ontology in 2024: phenotypes around the world. Nucleic Acids Res. 2024 Jan 5;52(D1):D1333-D1346. doi: 10.1093/nar/gkad1005. PMID: 37953324; PMCID: PMC10767975.
HP:0003679	Pace of progression					[PROMOT note] [Derived from RD-CDM] [6.2.7 Modifiers]					[PROMOT note] [RD-CDM] Graefe, A.S.L., Hübner, M.R., Rehburg, F. et al. An ontology-based rare disease common data model harmonising international registries, FHIR, and Phenopackets. Sci Data 12, 234 (2025). https://doi.org/10.1038/s41597-025-04558-z		[PROMOT note] The PROMOT ontology added a comment to quote the CDM used as a source for this entity.		Class	HP:0012823|(RO:0000080 some HP:0000118)				
HP:0003690	Limb muscle weakness						[PROMOT note] [Present in EURO-NMD NMD-CDE] [has_limb_weakness]				[PROMOT note] [EURO-NMD] Atalia A et al., EURO-NMD registry: federated FAIR infrastructure, innovative technologies and concepts of a patient-centred registry for rare neuromuscular disorders. Orphanet J Rare Dis. 2024 Feb 14;19(1):66. doi: 10.1186/s13023-024-03059-3. PMID: 38355534; PMCID: PMC10865673.		[PROMOT note] The PROMOT ontology added a comment to quote the CDM used as a source for this entity.		Class					
HP:0003690	Limb muscle weakness															(PROMOT:2000001 some ICF:2048203604)|(PROMOT:2000001 some ICF:1789365017)|(PROMOT:2000005 some (SNOMED:12894003 OR SNOMED:84100007))				
HP:0003690	Limb muscle weakness																			"[OPMD Scoping review 2026] Bélair N, Gagnon C, Duchesne E. What is known about muscle weakness, balance impairments and indoor mobility limitations in oculopharyngeal muscular dystrophy? A scoping review. J Neuromuscul Dis. 2025 Dec 30:22143602251397052. doi: 10.1177/22143602251397052. Epub ahead of print. PMID: 41467981.|[OPMD HPO KB associations] Gargano MA, Matentzoglu N, Coleman B, Addo-Lartey EB, et al. The Human Phenotype Ontology in 2024: phenotypes around the world. Nucleic Acids Res. 2024 Jan 5;52(D1):D1333-D1346. doi: 10.1093/nar/gkad1005. PMID: 37953324; PMCID: PMC10767975.|[Congenital myasthenic syndrom Scoping review] ""Performing a Rare Disease-Oriented Master Observational Trial"" initiative, European Joint Programme on Rare Diseases, https://www.promotinitiative.com/|[Congenital Myasthenic syndrom HPO KB associations] Gargano MA, Matentzoglu N, Coleman B, Addo-Lartey EB, et al. The Human Phenotype Ontology in 2024: phenotypes around the world. Nucleic Acids Res. 2024 Jan 5;52(D1):D1333-D1346. doi: 10.1093/nar/gkad1005. PMID: 37953324; PMCID: PMC10767975.|[Congenital myopathy Scoping review] ""Performing a Rare Disease-Oriented Master Observational Trial"" initiative, European Joint Programme on Rare Diseases, https://www.promotinitiative.com/|[Congenital Myopathy HPO KB associations] Gargano MA, Matentzoglu N, Coleman B, Addo-Lartey EB, et al. The Human Phenotype Ontology in 2024: phenotypes around the world. Nucleic Acids Res. 2024 Jan 5;52(D1):D1333-D1346. doi: 10.1093/nar/gkad1005. PMID: 37953324; PMCID: PMC10767975."
HP:0003691	Scapular winging															(PROMOT:2000001 some ICF:2048203604)|(PROMOT:2000001 some PROMOT:0032051)|(PROMOT:2000001 some PROMOT:0032087)|(PROMOT:2000005 some SNOMED:84100007)				
HP:0003691	Scapular winging																			"[Congenital myopathy Scoping review] ""Performing a Rare Disease-Oriented Master Observational Trial"" initiative, European Joint Programme on Rare Diseases, https://www.promotinitiative.com/|[Congenital Myopathy HPO KB associations] Gargano MA, Matentzoglu N, Coleman B, Addo-Lartey EB, et al. The Human Phenotype Ontology in 2024: phenotypes around the world. Nucleic Acids Res. 2024 Jan 5;52(D1):D1333-D1346. doi: 10.1093/nar/gkad1005. PMID: 37953324; PMCID: PMC10767975."
HP:0003694	Late-onset proximal muscle weakness															(PROMOT:2000001 some ICF:2048203604)|(PROMOT:2000001 some ICF:1789365017)|(PROMOT:2000005 some (SNOMED:12894003 OR SNOMED:84100007))				
HP:0003694	Late-onset proximal muscle weakness																			"[Congenital myasthenic syndrom Scoping review] ""Performing a Rare Disease-Oriented Master Observational Trial"" initiative, European Joint Programme on Rare Diseases, https://www.promotinitiative.com/|[Congenital myopathy Scoping review] ""Performing a Rare Disease-Oriented Master Observational Trial"" initiative, European Joint Programme on Rare Diseases, https://www.promotinitiative.com/"
HP:0003701	Proximal muscle weakness															(PROMOT:2000001 some ICF:2048203604)|(PROMOT:2000001 some ICF:1789365017)|(PROMOT:2000005 some (SNOMED:12894003 OR SNOMED:84100007))				
HP:0003701	Proximal muscle weakness																			"[OPMD Scoping review 2026] Bélair N, Gagnon C, Duchesne E. What is known about muscle weakness, balance impairments and indoor mobility limitations in oculopharyngeal muscular dystrophy? A scoping review. J Neuromuscul Dis. 2025 Dec 30:22143602251397052. doi: 10.1177/22143602251397052. Epub ahead of print. PMID: 41467981.|[OPMD HPO KB associations] Gargano MA, Matentzoglu N, Coleman B, Addo-Lartey EB, et al. The Human Phenotype Ontology in 2024: phenotypes around the world. Nucleic Acids Res. 2024 Jan 5;52(D1):D1333-D1346. doi: 10.1093/nar/gkad1005. PMID: 37953324; PMCID: PMC10767975.|[Congenital myasthenic syndrom Scoping review] ""Performing a Rare Disease-Oriented Master Observational Trial"" initiative, European Joint Programme on Rare Diseases, https://www.promotinitiative.com/|[Congenital Myasthenic syndrom HPO KB associations] Gargano MA, Matentzoglu N, Coleman B, Addo-Lartey EB, et al. The Human Phenotype Ontology in 2024: phenotypes around the world. Nucleic Acids Res. 2024 Jan 5;52(D1):D1333-D1346. doi: 10.1093/nar/gkad1005. PMID: 37953324; PMCID: PMC10767975.|[Congenital myopathy Scoping review] ""Performing a Rare Disease-Oriented Master Observational Trial"" initiative, European Joint Programme on Rare Diseases, https://www.promotinitiative.com/|[Congenital Myopathy HPO KB associations] Gargano MA, Matentzoglu N, Coleman B, Addo-Lartey EB, et al. The Human Phenotype Ontology in 2024: phenotypes around the world. Nucleic Acids Res. 2024 Jan 5;52(D1):D1333-D1346. doi: 10.1093/nar/gkad1005. PMID: 37953324; PMCID: PMC10767975."
HP:0003722	Neck flexor weakness															(PROMOT:2000001 some ICF:2048203604)|(PROMOT:2000001 some PROMOT:0032079)|(PROMOT:2000005 some SNOMED:84100007)				
HP:0003722	Neck flexor weakness																			"[OPMD Scoping review 2026] Bélair N, Gagnon C, Duchesne E. What is known about muscle weakness, balance impairments and indoor mobility limitations in oculopharyngeal muscular dystrophy? A scoping review. J Neuromuscul Dis. 2025 Dec 30:22143602251397052. doi: 10.1177/22143602251397052. Epub ahead of print. PMID: 41467981.|[Congenital myasthenic syndrom Scoping review] ""Performing a Rare Disease-Oriented Master Observational Trial"" initiative, European Joint Programme on Rare Diseases, https://www.promotinitiative.com/|[Congenital Myasthenic syndrom HPO KB associations] Gargano MA, Matentzoglu N, Coleman B, Addo-Lartey EB, et al. The Human Phenotype Ontology in 2024: phenotypes around the world. Nucleic Acids Res. 2024 Jan 5;52(D1):D1333-D1346. doi: 10.1093/nar/gkad1005. PMID: 37953324; PMCID: PMC10767975.|[Congenital myopathy Scoping review] ""Performing a Rare Disease-Oriented Master Observational Trial"" initiative, European Joint Programme on Rare Diseases, https://www.promotinitiative.com/|[Congenital Myopathy HPO KB associations] Gargano MA, Matentzoglu N, Coleman B, Addo-Lartey EB, et al. The Human Phenotype Ontology in 2024: phenotypes around the world. Nucleic Acids Res. 2024 Jan 5;52(D1):D1333-D1346. doi: 10.1093/nar/gkad1005. PMID: 37953324; PMCID: PMC10767975."
HP:0003731	Quadriceps muscle weakness															(PROMOT:2000001 some ICF:2048203604)|(PROMOT:2000001 some PROMOT:0032083)|(PROMOT:2000005 some (SNOMED:12894003 OR SNOMED:84100007))				
HP:0003731	Quadriceps muscle weakness																			"[OPMD Scoping review 2026] Bélair N, Gagnon C, Duchesne E. What is known about muscle weakness, balance impairments and indoor mobility limitations in oculopharyngeal muscular dystrophy? A scoping review. J Neuromuscul Dis. 2025 Dec 30:22143602251397052. doi: 10.1177/22143602251397052. Epub ahead of print. PMID: 41467981.|[OPMD Clinical Registry Form] ""Performing a Rare Disease-Oriented Master Observational Trial"" initiative, European Joint Programme on Rare Diseases, https://www.promotinitiative.com/|[Congenital myasthenic syndrom Scoping review] ""Performing a Rare Disease-Oriented Master Observational Trial"" initiative, European Joint Programme on Rare Diseases, https://www.promotinitiative.com/|[Congenital myopathy Scoping review] ""Performing a Rare Disease-Oriented Master Observational Trial"" initiative, European Joint Programme on Rare Diseases, https://www.promotinitiative.com/"
HP:0003749	Pelvic girdle muscle weakness															(PROMOT:2000001 some ICF:2048203604)|(PROMOT:2000001 some PROMOT:0032080)|(PROMOT:2000005 some (SNOMED:12894003 OR SNOMED:84100007))				
HP:0003749	Pelvic girdle muscle weakness																			"[OPMD Scoping review 2026] Bélair N, Gagnon C, Duchesne E. What is known about muscle weakness, balance impairments and indoor mobility limitations in oculopharyngeal muscular dystrophy? A scoping review. J Neuromuscul Dis. 2025 Dec 30:22143602251397052. doi: 10.1177/22143602251397052. Epub ahead of print. PMID: 41467981.|[OPMD Clinical Registry Form] ""Performing a Rare Disease-Oriented Master Observational Trial"" initiative, European Joint Programme on Rare Diseases, https://www.promotinitiative.com/|[OPMD Clinical Research Form] ""Performing a Rare Disease-Oriented Master Observational Trial"" initiative, European Joint Programme on Rare Diseases, https://www.promotinitiative.com/|[Congenital myasthenic syndrom Scoping review] ""Performing a Rare Disease-Oriented Master Observational Trial"" initiative, European Joint Programme on Rare Diseases, https://www.promotinitiative.com/|[Congenital myopathy Scoping review] ""Performing a Rare Disease-Oriented Master Observational Trial"" initiative, European Joint Programme on Rare Diseases, https://www.promotinitiative.com/|[Congenital Myopathy HPO KB associations] Gargano MA, Matentzoglu N, Coleman B, Addo-Lartey EB, et al. The Human Phenotype Ontology in 2024: phenotypes around the world. Nucleic Acids Res. 2024 Jan 5;52(D1):D1333-D1346. doi: 10.1093/nar/gkad1005. PMID: 37953324; PMCID: PMC10767975."
HP:0003810	Late-onset distal muscle weakness															(PROMOT:2000001 some ICF:2048203604)|(PROMOT:2000001 some ICF:1789365017)|(PROMOT:2000005 some (SNOMED:12894003 OR SNOMED:84100007))				
HP:0003810	Late-onset distal muscle weakness																			"[Congenital myasthenic syndrom Scoping review] ""Performing a Rare Disease-Oriented Master Observational Trial"" initiative, European Joint Programme on Rare Diseases, https://www.promotinitiative.com/|[Congenital myopathy Scoping review] ""Performing a Rare Disease-Oriented Master Observational Trial"" initiative, European Joint Programme on Rare Diseases, https://www.promotinitiative.com/|[Congenital Myopathy HPO KB associations] Gargano MA, Matentzoglu N, Coleman B, Addo-Lartey EB, et al. The Human Phenotype Ontology in 2024: phenotypes around the world. Nucleic Acids Res. 2024 Jan 5;52(D1):D1333-D1346. doi: 10.1093/nar/gkad1005. PMID: 37953324; PMCID: PMC10767975."
HP:0003811	Neonatal death																			[Congenital Myopathy HPO KB associations] Gargano MA, Matentzoglu N, Coleman B, Addo-Lartey EB, et al. The Human Phenotype Ontology in 2024: phenotypes around the world. Nucleic Acids Res. 2024 Jan 5;52(D1):D1333-D1346. doi: 10.1093/nar/gkad1005. PMID: 37953324; PMCID: PMC10767975.
HP:0003819	Death in childhood																			[Congenital Myopathy HPO KB associations] Gargano MA, Matentzoglu N, Coleman B, Addo-Lartey EB, et al. The Human Phenotype Ontology in 2024: phenotypes around the world. Nucleic Acids Res. 2024 Jan 5;52(D1):D1333-D1346. doi: 10.1093/nar/gkad1005. PMID: 37953324; PMCID: PMC10767975.
HP:0004322	Short stature															(PROMOT:2000005 some SNOMED:84100007)				
HP:0004322	Short stature																			[Congenital Myopathy HPO KB associations] Gargano MA, Matentzoglu N, Coleman B, Addo-Lartey EB, et al. The Human Phenotype Ontology in 2024: phenotypes around the world. Nucleic Acids Res. 2024 Jan 5;52(D1):D1333-D1346. doi: 10.1093/nar/gkad1005. PMID: 37953324; PMCID: PMC10767975.
HP:0004325	Decreased body weight															(PROMOT:2000001 some ICF:862066979)|(PROMOT:2000005 some (SNOMED:5880005 OR SNOMED:84100007))				
HP:0004325	Decreased body weight																			[Congenital Myopathy HPO KB associations] Gargano MA, Matentzoglu N, Coleman B, Addo-Lartey EB, et al. The Human Phenotype Ontology in 2024: phenotypes around the world. Nucleic Acids Res. 2024 Jan 5;52(D1):D1333-D1346. doi: 10.1093/nar/gkad1005. PMID: 37953324; PMCID: PMC10767975.
HP:0004347	Weakness of muscles of respiration															(PROMOT:2000001 some ICF:1360101629)|(PROMOT:2000001 some ICF:1789365017)|(PROMOT:2000001 some ICF:446199613)|(PROMOT:2000005 some (SNOMED:12894003 OR SNOMED:84100007))				
HP:0004347	Weakness of muscles of respiration																			"[OPMD Clinical Registry Form] ""Performing a Rare Disease-Oriented Master Observational Trial"" initiative, European Joint Programme on Rare Diseases, https://www.promotinitiative.com/|[Congenital myasthenic syndrom Scoping review] ""Performing a Rare Disease-Oriented Master Observational Trial"" initiative, European Joint Programme on Rare Diseases, https://www.promotinitiative.com/|[Congenital myopathy Scoping review] ""Performing a Rare Disease-Oriented Master Observational Trial"" initiative, European Joint Programme on Rare Diseases, https://www.promotinitiative.com/|[Congenital Myopathy HPO KB associations] Gargano MA, Matentzoglu N, Coleman B, Addo-Lartey EB, et al. The Human Phenotype Ontology in 2024: phenotypes around the world. Nucleic Acids Res. 2024 Jan 5;52(D1):D1333-D1346. doi: 10.1093/nar/gkad1005. PMID: 37953324; PMCID: PMC10767975."
HP:0004878	Intercostal muscle weakness															(PROMOT:2000001 some ICF:2048203604)|(PROMOT:2000001 some ICF:556694745)|(PROMOT:2000001 some PROMOT:0032071)|(PROMOT:2000005 some SNOMED:84100007)				
HP:0004878	Intercostal muscle weakness																			"[OPMD Scoping review 2026] Bélair N, Gagnon C, Duchesne E. What is known about muscle weakness, balance impairments and indoor mobility limitations in oculopharyngeal muscular dystrophy? A scoping review. J Neuromuscul Dis. 2025 Dec 30:22143602251397052. doi: 10.1177/22143602251397052. Epub ahead of print. PMID: 41467981.|[Congenital myasthenic syndrom Scoping review] ""Performing a Rare Disease-Oriented Master Observational Trial"" initiative, European Joint Programme on Rare Diseases, https://www.promotinitiative.com/|[Congenital myopathy Scoping review] ""Performing a Rare Disease-Oriented Master Observational Trial"" initiative, European Joint Programme on Rare Diseases, https://www.promotinitiative.com/|[Congenital Myopathy HPO KB associations] Gargano MA, Matentzoglu N, Coleman B, Addo-Lartey EB, et al. The Human Phenotype Ontology in 2024: phenotypes around the world. Nucleic Acids Res. 2024 Jan 5;52(D1):D1333-D1346. doi: 10.1093/nar/gkad1005. PMID: 37953324; PMCID: PMC10767975."
HP:0004885	Episodic respiratory distress															(PROMOT:2000001 some ICF:1470583183)|(PROMOT:2000001 some ICF:744367503)|(PROMOT:2000005 some SNOMED:84100007)				
HP:0004885	Episodic respiratory distress																			"[Congenital myasthenic syndrom Scoping review] ""Performing a Rare Disease-Oriented Master Observational Trial"" initiative, European Joint Programme on Rare Diseases, https://www.promotinitiative.com/|[Congenital myopathy Scoping review] ""Performing a Rare Disease-Oriented Master Observational Trial"" initiative, European Joint Programme on Rare Diseases, https://www.promotinitiative.com/"
HP:0004887	Respiratory failure requiring assisted ventilation															(PROMOT:2000001 some ICF:1470583183)|(PROMOT:2000001 some ICF:744367503)|(PROMOT:2000005 some SNOMED:84100007)				
HP:0004887	Respiratory failure requiring assisted ventilation																			"[Congenital myasthenic syndrom Scoping review] ""Performing a Rare Disease-Oriented Master Observational Trial"" initiative, European Joint Programme on Rare Diseases, https://www.promotinitiative.com/|[Congenital myopathy Scoping review] ""Performing a Rare Disease-Oriented Master Observational Trial"" initiative, European Joint Programme on Rare Diseases, https://www.promotinitiative.com/|[Congenital Myopathy HPO KB associations] Gargano MA, Matentzoglu N, Coleman B, Addo-Lartey EB, et al. The Human Phenotype Ontology in 2024: phenotypes around the world. Nucleic Acids Res. 2024 Jan 5;52(D1):D1333-D1346. doi: 10.1093/nar/gkad1005. PMID: 37953324; PMCID: PMC10767975."
HP:0004889	Intermittent episodes of respiratory insufficiency due to muscle weakness															(PROMOT:2000001 some ICF:1470583183)|(PROMOT:2000001 some ICF:744367503)|(PROMOT:2000005 some SNOMED:84100007)				
HP:0004889	Intermittent episodes of respiratory insufficiency due to muscle weakness																			"[Congenital myasthenic syndrom Scoping review] ""Performing a Rare Disease-Oriented Master Observational Trial"" initiative, European Joint Programme on Rare Diseases, https://www.promotinitiative.com/|[Congenital myopathy Scoping review] ""Performing a Rare Disease-Oriented Master Observational Trial"" initiative, European Joint Programme on Rare Diseases, https://www.promotinitiative.com/|[Congenital Myopathy HPO KB associations] Gargano MA, Matentzoglu N, Coleman B, Addo-Lartey EB, et al. The Human Phenotype Ontology in 2024: phenotypes around the world. Nucleic Acids Res. 2024 Jan 5;52(D1):D1333-D1346. doi: 10.1093/nar/gkad1005. PMID: 37953324; PMCID: PMC10767975."
HP:0005216	Impaired mastication															(PROMOT:2000001 some ICF:1328675264)|(PROMOT:2000001 some ICF:1389818830)|(PROMOT:2000001 some ICF:1789365017)|(PROMOT:2000005 some SNOMED:84100007)				
HP:0005216	Impaired mastication																			"[OPMD Scoping review on dysphagia] Côté C, Gagnon C, Youssof S, et al. The requirement for a disease-specific patient-reported outcome measure of dysphagia in oculopharyngeal muscular dystrophy. Muscle Nerve. 2019;59:445–50. doi: 10.1002/mus.26405|[Congenital myasthenic syndrom Scoping review] ""Performing a Rare Disease-Oriented Master Observational Trial"" initiative, European Joint Programme on Rare Diseases, https://www.promotinitiative.com/|[Congenital Myasthenic syndrom HPO KB associations] Gargano MA, Matentzoglu N, Coleman B, Addo-Lartey EB, et al. The Human Phenotype Ontology in 2024: phenotypes around the world. Nucleic Acids Res. 2024 Jan 5;52(D1):D1333-D1346. doi: 10.1093/nar/gkad1005. PMID: 37953324; PMCID: PMC10767975.|[Congenital myopathy Scoping review] ""Performing a Rare Disease-Oriented Master Observational Trial"" initiative, European Joint Programme on Rare Diseases, https://www.promotinitiative.com/|[Congenital Myopathy HPO KB associations] Gargano MA, Matentzoglu N, Coleman B, Addo-Lartey EB, et al. The Human Phenotype Ontology in 2024: phenotypes around the world. Nucleic Acids Res. 2024 Jan 5;52(D1):D1333-D1346. doi: 10.1093/nar/gkad1005. PMID: 37953324; PMCID: PMC10767975."
HP:0005949	Apneic episodes in infancy															(PROMOT:2000001 some ICF:1470583183)|(PROMOT:2000001 some ICF:744367503)|(PROMOT:2000005 some SNOMED:84100007)				
HP:0005949	Apneic episodes in infancy																			"[Congenital myasthenic syndrom Scoping review] ""Performing a Rare Disease-Oriented Master Observational Trial"" initiative, European Joint Programme on Rare Diseases, https://www.promotinitiative.com/|[Congenital myopathy Scoping review] ""Performing a Rare Disease-Oriented Master Observational Trial"" initiative, European Joint Programme on Rare Diseases, https://www.promotinitiative.com/"
HP:0007340	Lower limb muscle weakness															(PROMOT:2000001 some ICF:2048203604)|(PROMOT:2000001 some ICF:1789365017)|(PROMOT:2000005 some (SNOMED:12894003 OR SNOMED:84100007))				
HP:0007340	Lower limb muscle weakness																			"[OPMD Scoping review 2026] Bélair N, Gagnon C, Duchesne E. What is known about muscle weakness, balance impairments and indoor mobility limitations in oculopharyngeal muscular dystrophy? A scoping review. J Neuromuscul Dis. 2025 Dec 30:22143602251397052. doi: 10.1177/22143602251397052. Epub ahead of print. PMID: 41467981.|[OPMD Clinical Registry Form] ""Performing a Rare Disease-Oriented Master Observational Trial"" initiative, European Joint Programme on Rare Diseases, https://www.promotinitiative.com/|[Congenital myasthenic syndrom Scoping review] ""Performing a Rare Disease-Oriented Master Observational Trial"" initiative, European Joint Programme on Rare Diseases, https://www.promotinitiative.com/|[Congenital Myasthenic syndrom HPO KB associations] Gargano MA, Matentzoglu N, Coleman B, Addo-Lartey EB, et al. The Human Phenotype Ontology in 2024: phenotypes around the world. Nucleic Acids Res. 2024 Jan 5;52(D1):D1333-D1346. doi: 10.1093/nar/gkad1005. PMID: 37953324; PMCID: PMC10767975.|[Congenital myopathy Scoping review] ""Performing a Rare Disease-Oriented Master Observational Trial"" initiative, European Joint Programme on Rare Diseases, https://www.promotinitiative.com/"
HP:0007695	Abnormal pupillary light reflex															(PROMOT:2000005 some SNOMED:84100007)				
HP:0007695	Abnormal pupillary light reflex																			"[Congenital myasthenic syndrom Scoping review] ""Performing a Rare Disease-Oriented Master Observational Trial"" initiative, European Joint Programme on Rare Diseases, https://www.promotinitiative.com/"
HP:0007715	Weak extraocular muscles															(PROMOT:2000001 some PROMOT:0032065)|(PROMOT:2000005 some SNOMED:84100007)				
HP:0007715	Weak extraocular muscles																			"[OPMD Scoping review 2026] Bélair N, Gagnon C, Duchesne E. What is known about muscle weakness, balance impairments and indoor mobility limitations in oculopharyngeal muscular dystrophy? A scoping review. J Neuromuscul Dis. 2025 Dec 30:22143602251397052. doi: 10.1177/22143602251397052. Epub ahead of print. PMID: 41467981.|[Congenital myasthenic syndrom Scoping review] ""Performing a Rare Disease-Oriented Master Observational Trial"" initiative, European Joint Programme on Rare Diseases, https://www.promotinitiative.com/|[Congenital myopathy Scoping review] ""Performing a Rare Disease-Oriented Master Observational Trial"" initiative, European Joint Programme on Rare Diseases, https://www.promotinitiative.com/"
HP:0007838	Progressive ptosis															(PROMOT:2000001 some ICF:2021370201)|(PROMOT:2000001 some PROMOT:0032065)|(PROMOT:2000005 some SNOMED:84100007)				
HP:0007838	Progressive ptosis																			[OPMD HPO KB associations] Gargano MA, Matentzoglu N, Coleman B, Addo-Lartey EB, et al. The Human Phenotype Ontology in 2024: phenotypes around the world. Nucleic Acids Res. 2024 Jan 5;52(D1):D1333-D1346. doi: 10.1093/nar/gkad1005. PMID: 37953324; PMCID: PMC10767975.
HP:0007941	Limited extraocular movements															(PROMOT:2000001 some ICF:1090716697)|(PROMOT:2000001 some PROMOT:0032065)|(PROMOT:2000005 some SNOMED:84100007)				
HP:0007941	Limited extraocular movements																			"[Congenital myasthenic syndrom Scoping review] ""Performing a Rare Disease-Oriented Master Observational Trial"" initiative, European Joint Programme on Rare Diseases, https://www.promotinitiative.com/|[Congenital Myasthenic syndrom HPO KB associations] Gargano MA, Matentzoglu N, Coleman B, Addo-Lartey EB, et al. The Human Phenotype Ontology in 2024: phenotypes around the world. Nucleic Acids Res. 2024 Jan 5;52(D1):D1333-D1346. doi: 10.1093/nar/gkad1005. PMID: 37953324; PMCID: PMC10767975.|[Congenital myopathy Scoping review] ""Performing a Rare Disease-Oriented Master Observational Trial"" initiative, European Joint Programme on Rare Diseases, https://www.promotinitiative.com/"
HP:0008180	Mildly elevated creatine kinase															(PROMOT:2000005 some SNOMED:84100007)				
HP:0008180	Mildly elevated creatine kinase																			"[Congenital myasthenic syndrom Scoping review] ""Performing a Rare Disease-Oriented Master Observational Trial"" initiative, European Joint Programme on Rare Diseases, https://www.promotinitiative.com/|[Congenital Myasthenic syndrom HPO KB associations] Gargano MA, Matentzoglu N, Coleman B, Addo-Lartey EB, et al. The Human Phenotype Ontology in 2024: phenotypes around the world. Nucleic Acids Res. 2024 Jan 5;52(D1):D1333-D1346. doi: 10.1093/nar/gkad1005. PMID: 37953324; PMCID: PMC10767975.|[Congenital myopathy Scoping review] ""Performing a Rare Disease-Oriented Master Observational Trial"" initiative, European Joint Programme on Rare Diseases, https://www.promotinitiative.com/|[Congenital Myopathy HPO KB associations] Gargano MA, Matentzoglu N, Coleman B, Addo-Lartey EB, et al. The Human Phenotype Ontology in 2024: phenotypes around the world. Nucleic Acids Res. 2024 Jan 5;52(D1):D1333-D1346. doi: 10.1093/nar/gkad1005. PMID: 37953324; PMCID: PMC10767975."
HP:0008872	Feeding difficulties in infancy															(PROMOT:2000001 some ICF:1328675264)|(PROMOT:2000001 some ICF:553784299)|(PROMOT:2000001 some ICF:1174312718)|(PROMOT:2000001 some ICF:1389818830)|(PROMOT:2000001 some ICF:1806589582)|(PROMOT:2000001 some ICF:2089171534)|(PROMOT:2000001 some ICF:539470158)|(PROMOT:2000001 some ICF:923782542)|(PROMOT:2000005 some SNOMED:84100007)				
HP:0008872	Feeding difficulties in infancy																			"[Congenital myasthenic syndrom Scoping review] ""Performing a Rare Disease-Oriented Master Observational Trial"" initiative, European Joint Programme on Rare Diseases, https://www.promotinitiative.com/|[Congenital Myasthenic syndrom HPO KB associations] Gargano MA, Matentzoglu N, Coleman B, Addo-Lartey EB, et al. The Human Phenotype Ontology in 2024: phenotypes around the world. Nucleic Acids Res. 2024 Jan 5;52(D1):D1333-D1346. doi: 10.1093/nar/gkad1005. PMID: 37953324; PMCID: PMC10767975.|[Congenital myopathy Scoping review] ""Performing a Rare Disease-Oriented Master Observational Trial"" initiative, European Joint Programme on Rare Diseases, https://www.promotinitiative.com/|[Congenital Myopathy HPO KB associations] Gargano MA, Matentzoglu N, Coleman B, Addo-Lartey EB, et al. The Human Phenotype Ontology in 2024: phenotypes around the world. Nucleic Acids Res. 2024 Jan 5;52(D1):D1333-D1346. doi: 10.1093/nar/gkad1005. PMID: 37953324; PMCID: PMC10767975."
HP:0008959	Distal upper limb muscle weakness															(PROMOT:2000001 some ICF:2048203604)|(PROMOT:2000001 some ICF:1789365017)|(PROMOT:2000005 some (SNOMED:12894003 OR SNOMED:84100007))				
HP:0008959	Distal upper limb muscle weakness																			"[OPMD Scoping review 2026] Bélair N, Gagnon C, Duchesne E. What is known about muscle weakness, balance impairments and indoor mobility limitations in oculopharyngeal muscular dystrophy? A scoping review. J Neuromuscul Dis. 2025 Dec 30:22143602251397052. doi: 10.1177/22143602251397052. Epub ahead of print. PMID: 41467981.|[OPMD Clinical Registry Form] ""Performing a Rare Disease-Oriented Master Observational Trial"" initiative, European Joint Programme on Rare Diseases, https://www.promotinitiative.com/|[OPMD Clinical Research Form] ""Performing a Rare Disease-Oriented Master Observational Trial"" initiative, European Joint Programme on Rare Diseases, https://www.promotinitiative.com/|[Congenital myasthenic syndrom Scoping review] ""Performing a Rare Disease-Oriented Master Observational Trial"" initiative, European Joint Programme on Rare Diseases, https://www.promotinitiative.com/|[Congenital Myasthenic syndrom HPO KB associations] Gargano MA, Matentzoglu N, Coleman B, Addo-Lartey EB, et al. The Human Phenotype Ontology in 2024: phenotypes around the world. Nucleic Acids Res. 2024 Jan 5;52(D1):D1333-D1346. doi: 10.1093/nar/gkad1005. PMID: 37953324; PMCID: PMC10767975.|[Congenital myopathy Scoping review] ""Performing a Rare Disease-Oriented Master Observational Trial"" initiative, European Joint Programme on Rare Diseases, https://www.promotinitiative.com/|[Congenital Myopathy HPO KB associations] Gargano MA, Matentzoglu N, Coleman B, Addo-Lartey EB, et al. The Human Phenotype Ontology in 2024: phenotypes around the world. Nucleic Acids Res. 2024 Jan 5;52(D1):D1333-D1346. doi: 10.1093/nar/gkad1005. PMID: 37953324; PMCID: PMC10767975."
HP:0008963	Tibialis muscle weakness															(PROMOT:2000001 some ICF:2048203604)|(PROMOT:2000001 some PROMOT:0032074)|(PROMOT:2000005 some (SNOMED:12894003 OR SNOMED:84100007))				
HP:0008963	Tibialis muscle weakness																			"[OPMD Scoping review 2026] Bélair N, Gagnon C, Duchesne E. What is known about muscle weakness, balance impairments and indoor mobility limitations in oculopharyngeal muscular dystrophy? A scoping review. J Neuromuscul Dis. 2025 Dec 30:22143602251397052. doi: 10.1177/22143602251397052. Epub ahead of print. PMID: 41467981.|[OPMD Clinical Registry Form] ""Performing a Rare Disease-Oriented Master Observational Trial"" initiative, European Joint Programme on Rare Diseases, https://www.promotinitiative.com/|[Congenital myasthenic syndrom Scoping review] ""Performing a Rare Disease-Oriented Master Observational Trial"" initiative, European Joint Programme on Rare Diseases, https://www.promotinitiative.com/|[Congenital myopathy Scoping review] ""Performing a Rare Disease-Oriented Master Observational Trial"" initiative, European Joint Programme on Rare Diseases, https://www.promotinitiative.com/"
HP:0008988	Pelvic girdle muscle atrophy															(PROMOT:2000001 some ICF:2048203604)|(PROMOT:2000001 some PROMOT:0032080)|(PROMOT:2000005 some SNOMED:84100007)				
HP:0008988	Pelvic girdle muscle atrophy																			"[OPMD Clinical Research Form] ""Performing a Rare Disease-Oriented Master Observational Trial"" initiative, European Joint Programme on Rare Diseases, https://www.promotinitiative.com/"
HP:0008994	Proximal muscle weakness in lower limbs															(PROMOT:2000001 some ICF:2048203604)|(PROMOT:2000001 some ICF:1789365017)|(PROMOT:2000005 some (SNOMED:12894003 OR SNOMED:84100007))				
HP:0008994	Proximal muscle weakness in lower limbs																			"[OPMD Scoping review 2026] Bélair N, Gagnon C, Duchesne E. What is known about muscle weakness, balance impairments and indoor mobility limitations in oculopharyngeal muscular dystrophy? A scoping review. J Neuromuscul Dis. 2025 Dec 30:22143602251397052. doi: 10.1177/22143602251397052. Epub ahead of print. PMID: 41467981.|[OPMD Clinical Registry Form] ""Performing a Rare Disease-Oriented Master Observational Trial"" initiative, European Joint Programme on Rare Diseases, https://www.promotinitiative.com/|[Congenital myasthenic syndrom Scoping review] ""Performing a Rare Disease-Oriented Master Observational Trial"" initiative, European Joint Programme on Rare Diseases, https://www.promotinitiative.com/|[Congenital myopathy Scoping review] ""Performing a Rare Disease-Oriented Master Observational Trial"" initiative, European Joint Programme on Rare Diseases, https://www.promotinitiative.com/"
HP:0008997	Proximal muscle weakness in upper limbs															(PROMOT:2000001 some ICF:2048203604)|(PROMOT:2000001 some ICF:1789365017)|(PROMOT:2000005 some (SNOMED:12894003 OR SNOMED:84100007))				
HP:0008997	Proximal muscle weakness in upper limbs																			"[OPMD Scoping review 2026] Bélair N, Gagnon C, Duchesne E. What is known about muscle weakness, balance impairments and indoor mobility limitations in oculopharyngeal muscular dystrophy? A scoping review. J Neuromuscul Dis. 2025 Dec 30:22143602251397052. doi: 10.1177/22143602251397052. Epub ahead of print. PMID: 41467981.|[OPMD Clinical Registry Form] ""Performing a Rare Disease-Oriented Master Observational Trial"" initiative, European Joint Programme on Rare Diseases, https://www.promotinitiative.com/|[OPMD Clinical Research Form] ""Performing a Rare Disease-Oriented Master Observational Trial"" initiative, European Joint Programme on Rare Diseases, https://www.promotinitiative.com/|[Congenital myasthenic syndrom Scoping review] ""Performing a Rare Disease-Oriented Master Observational Trial"" initiative, European Joint Programme on Rare Diseases, https://www.promotinitiative.com/|[Congenital Myasthenic syndrom HPO KB associations] Gargano MA, Matentzoglu N, Coleman B, Addo-Lartey EB, et al. The Human Phenotype Ontology in 2024: phenotypes around the world. Nucleic Acids Res. 2024 Jan 5;52(D1):D1333-D1346. doi: 10.1093/nar/gkad1005. PMID: 37953324; PMCID: PMC10767975.|[Congenital myopathy Scoping review] ""Performing a Rare Disease-Oriented Master Observational Trial"" initiative, European Joint Programme on Rare Diseases, https://www.promotinitiative.com/"
HP:0009005	Weakness of the intrinsic hand muscles															(PROMOT:2000001 some ICF:2048203604)|(PROMOT:2000001 some PROMOT:0032073)|(PROMOT:2000005 some (SNOMED:12894003 OR SNOMED:84100007))				
HP:0009005	Weakness of the intrinsic hand muscles																			"[OPMD Scoping review 2026] Bélair N, Gagnon C, Duchesne E. What is known about muscle weakness, balance impairments and indoor mobility limitations in oculopharyngeal muscular dystrophy? A scoping review. J Neuromuscul Dis. 2025 Dec 30:22143602251397052. doi: 10.1177/22143602251397052. Epub ahead of print. PMID: 41467981.|[OPMD Clinical Registry Form] ""Performing a Rare Disease-Oriented Master Observational Trial"" initiative, European Joint Programme on Rare Diseases, https://www.promotinitiative.com/|[Congenital myasthenic syndrom Scoping review] ""Performing a Rare Disease-Oriented Master Observational Trial"" initiative, European Joint Programme on Rare Diseases, https://www.promotinitiative.com/|[Congenital Myasthenic syndrom HPO KB associations] Gargano MA, Matentzoglu N, Coleman B, Addo-Lartey EB, et al. The Human Phenotype Ontology in 2024: phenotypes around the world. Nucleic Acids Res. 2024 Jan 5;52(D1):D1333-D1346. doi: 10.1093/nar/gkad1005. PMID: 37953324; PMCID: PMC10767975.|[Congenital myopathy Scoping review] ""Performing a Rare Disease-Oriented Master Observational Trial"" initiative, European Joint Programme on Rare Diseases, https://www.promotinitiative.com/|[Congenital Myopathy HPO KB associations] Gargano MA, Matentzoglu N, Coleman B, Addo-Lartey EB, et al. The Human Phenotype Ontology in 2024: phenotypes around the world. Nucleic Acids Res. 2024 Jan 5;52(D1):D1333-D1346. doi: 10.1093/nar/gkad1005. PMID: 37953324; PMCID: PMC10767975."
HP:0009023	Abdominal wall muscle weakness															(PROMOT:2000001 some ICF:2048203604)|(PROMOT:2000001 some ICF:556694745)|(PROMOT:2000001 some PROMOT:0032060)|(PROMOT:2000005 some SNOMED:84100007)				
HP:0009023	Abdominal wall muscle weakness																			"[OPMD Scoping review 2026] Bélair N, Gagnon C, Duchesne E. What is known about muscle weakness, balance impairments and indoor mobility limitations in oculopharyngeal muscular dystrophy? A scoping review. J Neuromuscul Dis. 2025 Dec 30:22143602251397052. doi: 10.1177/22143602251397052. Epub ahead of print. PMID: 41467981.|[Congenital myasthenic syndrom Scoping review] ""Performing a Rare Disease-Oriented Master Observational Trial"" initiative, European Joint Programme on Rare Diseases, https://www.promotinitiative.com/|[Congenital myopathy Scoping review] ""Performing a Rare Disease-Oriented Master Observational Trial"" initiative, European Joint Programme on Rare Diseases, https://www.promotinitiative.com/"
HP:0009027	Foot dorsiflexor weakness															(PROMOT:2000001 some ICF:2048203604)|(PROMOT:2000001 some PROMOT:0032068)|(PROMOT:2000005 some SNOMED:12894003)				
HP:0009027	Foot dorsiflexor weakness																			"[OPMD Scoping review 2026] Bélair N, Gagnon C, Duchesne E. What is known about muscle weakness, balance impairments and indoor mobility limitations in oculopharyngeal muscular dystrophy? A scoping review. J Neuromuscul Dis. 2025 Dec 30:22143602251397052. doi: 10.1177/22143602251397052. Epub ahead of print. PMID: 41467981.|[OPMD Clinical Registry Form] ""Performing a Rare Disease-Oriented Master Observational Trial"" initiative, European Joint Programme on Rare Diseases, https://www.promotinitiative.com/|[OPMD Clinical Research Form] ""Performing a Rare Disease-Oriented Master Observational Trial"" initiative, European Joint Programme on Rare Diseases, https://www.promotinitiative.com/|[Congenital myasthenic syndrom Scoping review] ""Performing a Rare Disease-Oriented Master Observational Trial"" initiative, European Joint Programme on Rare Diseases, https://www.promotinitiative.com/|[Congenital myopathy Scoping review] ""Performing a Rare Disease-Oriented Master Observational Trial"" initiative, European Joint Programme on Rare Diseases, https://www.promotinitiative.com/|[Congenital Myopathy HPO KB associations] Gargano MA, Matentzoglu N, Coleman B, Addo-Lartey EB, et al. The Human Phenotype Ontology in 2024: phenotypes around the world. Nucleic Acids Res. 2024 Jan 5;52(D1):D1333-D1346. doi: 10.1093/nar/gkad1005. PMID: 37953324; PMCID: PMC10767975."
HP:0009028	Generalized weakness of limb muscles															(PROMOT:2000001 some ICF:2048203604)|(PROMOT:2000001 some ICF:1789365017)|(PROMOT:2000005 some (SNOMED:12894003 OR SNOMED:84100007))				
HP:0009028	Generalized weakness of limb muscles																			"[Congenital myasthenic syndrom Scoping review] ""Performing a Rare Disease-Oriented Master Observational Trial"" initiative, European Joint Programme on Rare Diseases, https://www.promotinitiative.com/|[Congenital Myasthenic syndrom HPO KB associations] Gargano MA, Matentzoglu N, Coleman B, Addo-Lartey EB, et al. The Human Phenotype Ontology in 2024: phenotypes around the world. Nucleic Acids Res. 2024 Jan 5;52(D1):D1333-D1346. doi: 10.1093/nar/gkad1005. PMID: 37953324; PMCID: PMC10767975.|[Congenital myopathy Scoping review] ""Performing a Rare Disease-Oriented Master Observational Trial"" initiative, European Joint Programme on Rare Diseases, https://www.promotinitiative.com/"
HP:0009046	Difficulty running															(PROMOT:2000001 some ICF:412494151)|(PROMOT:2000001 some ICF:1328466963)|(PROMOT:2000005 some SNOMED:84100007)				
HP:0009046	Difficulty running																			"[Congenital myasthenic syndrom Scoping review] ""Performing a Rare Disease-Oriented Master Observational Trial"" initiative, European Joint Programme on Rare Diseases, https://www.promotinitiative.com/|[Congenital myopathy Scoping review] ""Performing a Rare Disease-Oriented Master Observational Trial"" initiative, European Joint Programme on Rare Diseases, https://www.promotinitiative.com/|[Congenital Myopathy HPO KB associations] Gargano MA, Matentzoglu N, Coleman B, Addo-Lartey EB, et al. The Human Phenotype Ontology in 2024: phenotypes around the world. Nucleic Acids Res. 2024 Jan 5;52(D1):D1333-D1346. doi: 10.1093/nar/gkad1005. PMID: 37953324; PMCID: PMC10767975."
HP:0009053	Distal lower limb muscle weakness															(PROMOT:2000001 some ICF:2048203604)|(PROMOT:2000001 some ICF:1789365017)|(PROMOT:2000005 some (SNOMED:12894003 OR SNOMED:84100007))				
HP:0009053	Distal lower limb muscle weakness																			"[OPMD Scoping review 2026] Bélair N, Gagnon C, Duchesne E. What is known about muscle weakness, balance impairments and indoor mobility limitations in oculopharyngeal muscular dystrophy? A scoping review. J Neuromuscul Dis. 2025 Dec 30:22143602251397052. doi: 10.1177/22143602251397052. Epub ahead of print. PMID: 41467981.|[OPMD Clinical Registry Form] ""Performing a Rare Disease-Oriented Master Observational Trial"" initiative, European Joint Programme on Rare Diseases, https://www.promotinitiative.com/|[Congenital myasthenic syndrom Scoping review] ""Performing a Rare Disease-Oriented Master Observational Trial"" initiative, European Joint Programme on Rare Diseases, https://www.promotinitiative.com/|[Congenital Myasthenic syndrom HPO KB associations] Gargano MA, Matentzoglu N, Coleman B, Addo-Lartey EB, et al. The Human Phenotype Ontology in 2024: phenotypes around the world. Nucleic Acids Res. 2024 Jan 5;52(D1):D1333-D1346. doi: 10.1093/nar/gkad1005. PMID: 37953324; PMCID: PMC10767975.|[Congenital myopathy Scoping review] ""Performing a Rare Disease-Oriented Master Observational Trial"" initiative, European Joint Programme on Rare Diseases, https://www.promotinitiative.com/"
HP:0009063	Progressive distal muscle weakness															(PROMOT:2000001 some ICF:2048203604)|(PROMOT:2000001 some ICF:1789365017)|(PROMOT:2000005 some (SNOMED:12894003 OR SNOMED:84100007))				
HP:0009063	Progressive distal muscle weakness																			"[OPMD Scoping review 2026] Bélair N, Gagnon C, Duchesne E. What is known about muscle weakness, balance impairments and indoor mobility limitations in oculopharyngeal muscular dystrophy? A scoping review. J Neuromuscul Dis. 2025 Dec 30:22143602251397052. doi: 10.1177/22143602251397052. Epub ahead of print. PMID: 41467981.|[Congenital myasthenic syndrom Scoping review] ""Performing a Rare Disease-Oriented Master Observational Trial"" initiative, European Joint Programme on Rare Diseases, https://www.promotinitiative.com/|[Congenital myopathy Scoping review] ""Performing a Rare Disease-Oriented Master Observational Trial"" initiative, European Joint Programme on Rare Diseases, https://www.promotinitiative.com/|[Congenital Myopathy HPO KB associations] Gargano MA, Matentzoglu N, Coleman B, Addo-Lartey EB, et al. The Human Phenotype Ontology in 2024: phenotypes around the world. Nucleic Acids Res. 2024 Jan 5;52(D1):D1333-D1346. doi: 10.1093/nar/gkad1005. PMID: 37953324; PMCID: PMC10767975."
HP:0009073	Progressive proximal muscle weakness															(PROMOT:2000001 some ICF:2048203604)|(PROMOT:2000001 some ICF:1789365017)|(PROMOT:2000005 some (SNOMED:12894003 OR SNOMED:84100007))				
HP:0009073	Progressive proximal muscle weakness																			"[OPMD Scoping review 2026] Bélair N, Gagnon C, Duchesne E. What is known about muscle weakness, balance impairments and indoor mobility limitations in oculopharyngeal muscular dystrophy? A scoping review. J Neuromuscul Dis. 2025 Dec 30:22143602251397052. doi: 10.1177/22143602251397052. Epub ahead of print. PMID: 41467981.|[Congenital myasthenic syndrom Scoping review] ""Performing a Rare Disease-Oriented Master Observational Trial"" initiative, European Joint Programme on Rare Diseases, https://www.promotinitiative.com/|[Congenital myopathy Scoping review] ""Performing a Rare Disease-Oriented Master Observational Trial"" initiative, European Joint Programme on Rare Diseases, https://www.promotinitiative.com/|[Congenital Myopathy HPO KB associations] Gargano MA, Matentzoglu N, Coleman B, Addo-Lartey EB, et al. The Human Phenotype Ontology in 2024: phenotypes around the world. Nucleic Acids Res. 2024 Jan 5;52(D1):D1333-D1346. doi: 10.1093/nar/gkad1005. PMID: 37953324; PMCID: PMC10767975."
HP:0009077	Weakness of long finger extensor muscles															(PROMOT:2000001 some ICF:2048203604)|(PROMOT:2000001 some PROMOT:0032064)|(PROMOT:2000005 some SNOMED:84100007)				
HP:0009077	Weakness of long finger extensor muscles																			"[OPMD Scoping review 2026] Bélair N, Gagnon C, Duchesne E. What is known about muscle weakness, balance impairments and indoor mobility limitations in oculopharyngeal muscular dystrophy? A scoping review. J Neuromuscul Dis. 2025 Dec 30:22143602251397052. doi: 10.1177/22143602251397052. Epub ahead of print. PMID: 41467981.|[OPMD Clinical Registry Form] ""Performing a Rare Disease-Oriented Master Observational Trial"" initiative, European Joint Programme on Rare Diseases, https://www.promotinitiative.com/|[Congenital myasthenic syndrom Scoping review] ""Performing a Rare Disease-Oriented Master Observational Trial"" initiative, European Joint Programme on Rare Diseases, https://www.promotinitiative.com/|[Congenital Myasthenic syndrom HPO KB associations] Gargano MA, Matentzoglu N, Coleman B, Addo-Lartey EB, et al. The Human Phenotype Ontology in 2024: phenotypes around the world. Nucleic Acids Res. 2024 Jan 5;52(D1):D1333-D1346. doi: 10.1093/nar/gkad1005. PMID: 37953324; PMCID: PMC10767975.|[Congenital myopathy Scoping review] ""Performing a Rare Disease-Oriented Master Observational Trial"" initiative, European Joint Programme on Rare Diseases, https://www.promotinitiative.com/|[Congenital Myopathy HPO KB associations] Gargano MA, Matentzoglu N, Coleman B, Addo-Lartey EB, et al. The Human Phenotype Ontology in 2024: phenotypes around the world. Nucleic Acids Res. 2024 Jan 5;52(D1):D1333-D1346. doi: 10.1093/nar/gkad1005. PMID: 37953324; PMCID: PMC10767975."
HP:0011008	Temporal pattern					[PROMOT note] [Derived from RD-CDM] [6.2.6 Temporal pattern]					[PROMOT note] [RD-CDM] Graefe, A.S.L., Hübner, M.R., Rehburg, F. et al. An ontology-based rare disease common data model harmonising international registries, FHIR, and Phenopackets. Sci Data 12, 234 (2025). https://doi.org/10.1038/s41597-025-04558-z		[PROMOT note] The PROMOT ontology added a comment to quote the CDM used as a source for this entity.		Class	HP:0012823|(RO:0000080 some HP:0000118)				
HP:0011420	Age of death					[PROMOT note] [Derived from RD-CDM] [6.3.12 Family Member Deceased Age]	[PROMOT note] [Derived from EURO-NMD NMD-CDE]				[PROMOT note] [RD-CDM] Graefe, A.S.L., Hübner, M.R., Rehburg, F. et al. An ontology-based rare disease common data model harmonising international registries, FHIR, and Phenopackets. Sci Data 12, 234 (2025). https://doi.org/10.1038/s41597-025-04558-z|[PROMOT note] [EURO-NMD] Atalia A et al., EURO-NMD registry: federated FAIR infrastructure, innovative technologies and concepts of a patient-centred registry for rare neuromuscular disorders. Orphanet J Rare Dis. 2024 Feb 14;19(1):66. doi: 10.1186/s13023-024-03059-3. PMID: 38355534; PMCID: PMC10865673.	LOINC:92662-6	[PROMOT note] The PROMOT ontology added a comment to quote the CDMs used as a source for this entity. A crossref to the orignal RD-CDM element has also been added.		Class	SNOMED:363787002				
HP:0011420	Age of death															(RO:0002350 some PROMOT:0010009)				
HP:0011460	Embryonal onset 					[PROMOT note] [Derived from RD-CDM] [6.2.5 Onset Category]					[PROMOT note] [RD-CDM] Graefe, A.S.L., Hübner, M.R., Rehburg, F. et al. An ontology-based rare disease common data model harmonising international registries, FHIR, and Phenopackets. Sci Data 12, 234 (2025). https://doi.org/10.1038/s41597-025-04558-z		[PROMOT note] The PROMOT ontology added a comment to quote the CDM used as a source for this entity.		Class					
HP:0011461	Fetal onset 					[PROMOT note] [Derived from RD-CDM] [6.2.5 Onset Category]					[PROMOT note] [RD-CDM] Graefe, A.S.L., Hübner, M.R., Rehburg, F. et al. An ontology-based rare disease common data model harmonising international registries, FHIR, and Phenopackets. Sci Data 12, 234 (2025). https://doi.org/10.1038/s41597-025-04558-z		[PROMOT note] The PROMOT ontology added a comment to quote the CDM used as a source for this entity.		Class					
HP:0011462	Young adult onset																			[Congenital Myopathy HPO KB associations] Gargano MA, Matentzoglu N, Coleman B, Addo-Lartey EB, et al. The Human Phenotype Ontology in 2024: phenotypes around the world. Nucleic Acids Res. 2024 Jan 5;52(D1):D1333-D1346. doi: 10.1093/nar/gkad1005. PMID: 37953324; PMCID: PMC10767975.
HP:0011462	Young adult onset 					[PROMOT note] [Derived from RD-CDM] [6.2.5 Onset Category]					[PROMOT note] [RD-CDM] Graefe, A.S.L., Hübner, M.R., Rehburg, F. et al. An ontology-based rare disease common data model harmonising international registries, FHIR, and Phenopackets. Sci Data 12, 234 (2025). https://doi.org/10.1038/s41597-025-04558-z		[PROMOT note] The PROMOT ontology added a comment to quote the CDM used as a source for this entity.		Class					
HP:0011463	Childhood onset																			[Congenital Myasthenic syndrom HPO KB associations] Gargano MA, Matentzoglu N, Coleman B, Addo-Lartey EB, et al. The Human Phenotype Ontology in 2024: phenotypes around the world. Nucleic Acids Res. 2024 Jan 5;52(D1):D1333-D1346. doi: 10.1093/nar/gkad1005. PMID: 37953324; PMCID: PMC10767975.|[Congenital Myopathy HPO KB associations] Gargano MA, Matentzoglu N, Coleman B, Addo-Lartey EB, et al. The Human Phenotype Ontology in 2024: phenotypes around the world. Nucleic Acids Res. 2024 Jan 5;52(D1):D1333-D1346. doi: 10.1093/nar/gkad1005. PMID: 37953324; PMCID: PMC10767975.
HP:0011463	Childhood onset 					[PROMOT note] [Derived from RD-CDM] [6.2.5 Onset Category]					[PROMOT note] [RD-CDM] Graefe, A.S.L., Hübner, M.R., Rehburg, F. et al. An ontology-based rare disease common data model harmonising international registries, FHIR, and Phenopackets. Sci Data 12, 234 (2025). https://doi.org/10.1038/s41597-025-04558-z		[PROMOT note] The PROMOT ontology added a comment to quote the CDM used as a source for this entity.		Class					
HP:0011470	Nasogastric tube feeding in infancy															(PROMOT:2000001 some ICF:1328675264)|(PROMOT:2000001 some ICF:553784299)|(PROMOT:2000005 some SNOMED:84100007)				
HP:0011470	Nasogastric tube feeding in infancy																			"[Congenital myopathy Scoping review] ""Performing a Rare Disease-Oriented Master Observational Trial"" initiative, European Joint Programme on Rare Diseases, https://www.promotinitiative.com/|[Congenital Myopathy HPO KB associations] Gargano MA, Matentzoglu N, Coleman B, Addo-Lartey EB, et al. The Human Phenotype Ontology in 2024: phenotypes around the world. Nucleic Acids Res. 2024 Jan 5;52(D1):D1333-D1346. doi: 10.1093/nar/gkad1005. PMID: 37953324; PMCID: PMC10767975."
HP:0011471	Gastrostomy tube feeding in infancy															(PROMOT:2000001 some ICF:1328675264)|(PROMOT:2000001 some ICF:553784299)|(PROMOT:2000005 some SNOMED:84100007)				
HP:0011471	Gastrostomy tube feeding in infancy																			"[Congenital myopathy Scoping review] ""Performing a Rare Disease-Oriented Master Observational Trial"" initiative, European Joint Programme on Rare Diseases, https://www.promotinitiative.com/|[Congenital Myopathy HPO KB associations] Gargano MA, Matentzoglu N, Coleman B, Addo-Lartey EB, et al. The Human Phenotype Ontology in 2024: phenotypes around the world. Nucleic Acids Res. 2024 Jan 5;52(D1):D1333-D1346. doi: 10.1093/nar/gkad1005. PMID: 37953324; PMCID: PMC10767975."
HP:0011727	Peroneal muscle weakness															(PROMOT:2000001 some ICF:2048203604)|(PROMOT:2000001 some PROMOT:0032074)|(PROMOT:2000005 some SNOMED:84100007)				
HP:0011727	Peroneal muscle weakness																			"[OPMD Scoping review 2026] Bélair N, Gagnon C, Duchesne E. What is known about muscle weakness, balance impairments and indoor mobility limitations in oculopharyngeal muscular dystrophy? A scoping review. J Neuromuscul Dis. 2025 Dec 30:22143602251397052. doi: 10.1177/22143602251397052. Epub ahead of print. PMID: 41467981.|[OPMD Clinical Registry Form] ""Performing a Rare Disease-Oriented Master Observational Trial"" initiative, European Joint Programme on Rare Diseases, https://www.promotinitiative.com/|[Congenital myasthenic syndrom Scoping review] ""Performing a Rare Disease-Oriented Master Observational Trial"" initiative, European Joint Programme on Rare Diseases, https://www.promotinitiative.com/|[Congenital myopathy Scoping review] ""Performing a Rare Disease-Oriented Master Observational Trial"" initiative, European Joint Programme on Rare Diseases, https://www.promotinitiative.com/"
HP:0011968	Feeding difficulties						[PROMOT note] [Present in EURO-NMD NMD-CDE] [has_feeding_difficulties]				[PROMOT note] [EURO-NMD] Atalia A et al., EURO-NMD registry: federated FAIR infrastructure, innovative technologies and concepts of a patient-centred registry for rare neuromuscular disorders. Orphanet J Rare Dis. 2024 Feb 14;19(1):66. doi: 10.1186/s13023-024-03059-3. PMID: 38355534; PMCID: PMC10865673.		[PROMOT note] The PROMOT ontology added a comment to quote the CDM used as a source for this entity.		Class					
HP:0011968	Feeding difficulties															(PROMOT:2000001 some ICF:1328675264)|(PROMOT:2000001 some ICF:553784299)|(PROMOT:2000001 some ICF:1174312718)|(PROMOT:2000001 some ICF:1389818830)|(PROMOT:2000001 some ICF:1806589582)|(PROMOT:2000001 some ICF:2089171534)|(PROMOT:2000001 some ICF:539470158)|(PROMOT:2000001 some ICF:923782542)|(PROMOT:2000005 some SNOMED:84100007)				
HP:0011968	Feeding difficulties																			"[OPMD HPO KB associations] Gargano MA, Matentzoglu N, Coleman B, Addo-Lartey EB, et al. The Human Phenotype Ontology in 2024: phenotypes around the world. Nucleic Acids Res. 2024 Jan 5;52(D1):D1333-D1346. doi: 10.1093/nar/gkad1005. PMID: 37953324; PMCID: PMC10767975.|[OPMD Clinical Research Form] ""Performing a Rare Disease-Oriented Master Observational Trial"" initiative, European Joint Programme on Rare Diseases, https://www.promotinitiative.com/|[Congenital myasthenic syndrom Scoping review] ""Performing a Rare Disease-Oriented Master Observational Trial"" initiative, European Joint Programme on Rare Diseases, https://www.promotinitiative.com/|[Congenital Myasthenic syndrom HPO KB associations] Gargano MA, Matentzoglu N, Coleman B, Addo-Lartey EB, et al. The Human Phenotype Ontology in 2024: phenotypes around the world. Nucleic Acids Res. 2024 Jan 5;52(D1):D1333-D1346. doi: 10.1093/nar/gkad1005. PMID: 37953324; PMCID: PMC10767975.|[Congenital myopathy Scoping review] ""Performing a Rare Disease-Oriented Master Observational Trial"" initiative, European Joint Programme on Rare Diseases, https://www.promotinitiative.com/|[Congenital Myopathy HPO KB associations] Gargano MA, Matentzoglu N, Coleman B, Addo-Lartey EB, et al. The Human Phenotype Ontology in 2024: phenotypes around the world. Nucleic Acids Res. 2024 Jan 5;52(D1):D1333-D1346. doi: 10.1093/nar/gkad1005. PMID: 37953324; PMCID: PMC10767975."
HP:0012378	Fatigue															(PROMOT:2000001 some ICF:1864074583)|(PROMOT:2000005 some SNOMED:840297006)				
HP:0012378	Fatigue																			"[OPMD Clinical Registry Form] ""Performing a Rare Disease-Oriented Master Observational Trial"" initiative, European Joint Programme on Rare Diseases, https://www.promotinitiative.com/|[OPMD HPO KB associations] Gargano MA, Matentzoglu N, Coleman B, Addo-Lartey EB, et al. The Human Phenotype Ontology in 2024: phenotypes around the world. Nucleic Acids Res. 2024 Jan 5;52(D1):D1333-D1346. doi: 10.1093/nar/gkad1005. PMID: 37953324; PMCID: PMC10767975.|[OPMD Clinical Research Form] ""Performing a Rare Disease-Oriented Master Observational Trial"" initiative, European Joint Programme on Rare Diseases, https://www.promotinitiative.com/"
HP:0012473	Tongue atrophy															(PROMOT:2000001 some ICF:1328675264)|(PROMOT:2000001 some ICF:553784299)|(PROMOT:2000001 some ICF:151046878)|(PROMOT:2000001 some PROMOT:0032093)|(PROMOT:2000005 some SNOMED:84100007)				
HP:0012473	Tongue atrophy																			[OPMD HPO KB associations] Gargano MA, Matentzoglu N, Coleman B, Addo-Lartey EB, et al. The Human Phenotype Ontology in 2024: phenotypes around the world. Nucleic Acids Res. 2024 Jan 5;52(D1):D1333-D1346. doi: 10.1093/nar/gkad1005. PMID: 37953324; PMCID: PMC10767975.
HP:0012497	Reduced maximal expiratory pressure																			[OPMD Clinical Expert] https://orcid.org/0000-0003-2829-8470
HP:0012497	Reduced maximal expiratory pressure 															(PROMOT:2000001 some ICF:1789365017)|(PROMOT:2000005 some (SNOMED:12894003 OR SNOMED:84100007))				
HP:0012515	Hip flexor weakness															(PROMOT:2000001 some ICF:2048203604)|(PROMOT:2000001 some PROMOT:0032090)|(PROMOT:2000005 some (SNOMED:12894003 OR SNOMED:84100007))				
HP:0012515	Hip flexor weakness																			"[OPMD Scoping review 2026] Bélair N, Gagnon C, Duchesne E. What is known about muscle weakness, balance impairments and indoor mobility limitations in oculopharyngeal muscular dystrophy? A scoping review. J Neuromuscul Dis. 2025 Dec 30:22143602251397052. doi: 10.1177/22143602251397052. Epub ahead of print. PMID: 41467981.|[OPMD Clinical Registry Form] ""Performing a Rare Disease-Oriented Master Observational Trial"" initiative, European Joint Programme on Rare Diseases, https://www.promotinitiative.com/|[OPMD Clinical Research Form] ""Performing a Rare Disease-Oriented Master Observational Trial"" initiative, European Joint Programme on Rare Diseases, https://www.promotinitiative.com/|[Congenital myasthenic syndrom Scoping review] ""Performing a Rare Disease-Oriented Master Observational Trial"" initiative, European Joint Programme on Rare Diseases, https://www.promotinitiative.com/|[Congenital Myasthenic syndrom HPO KB associations] Gargano MA, Matentzoglu N, Coleman B, Addo-Lartey EB, et al. The Human Phenotype Ontology in 2024: phenotypes around the world. Nucleic Acids Res. 2024 Jan 5;52(D1):D1333-D1346. doi: 10.1093/nar/gkad1005. PMID: 37953324; PMCID: PMC10767975.|[Congenital myopathy Scoping review] ""Performing a Rare Disease-Oriented Master Observational Trial"" initiative, European Joint Programme on Rare Diseases, https://www.promotinitiative.com/"
HP:0012531	Pain															(PROMOT:2000001 some ICF:1065560247)|(PROMOT:2000001 some ICF:117147127)|(PROMOT:2000001 some ICF:1299345975)|(PROMOT:2000001 some ICF:1515853559)|(PROMOT:2000001 some ICF:299098423)|(PROMOT:2000001 some ICF:454325322)|(PROMOT:2000001 some ICF:682314871)|(PROMOT:2000001 some ICF:893697482)|(PROMOT:2000005 some SNOMED:840297006)				
HP:0012531	Pain																			"[OPMD Clinical Registry Form] ""Performing a Rare Disease-Oriented Master Observational Trial"" initiative, European Joint Programme on Rare Diseases, https://www.promotinitiative.com/|[OPMD HPO KB associations] Gargano MA, Matentzoglu N, Coleman B, Addo-Lartey EB, et al. The Human Phenotype Ontology in 2024: phenotypes around the world. Nucleic Acids Res. 2024 Jan 5;52(D1):D1333-D1346. doi: 10.1093/nar/gkad1005. PMID: 37953324; PMCID: PMC10767975.|[OPMD Clinical Research Form] ""Performing a Rare Disease-Oriented Master Observational Trial"" initiative, European Joint Programme on Rare Diseases, https://www.promotinitiative.com/|[Congenital myasthenic syndrom Scoping review] ""Performing a Rare Disease-Oriented Master Observational Trial"" initiative, European Joint Programme on Rare Diseases, https://www.promotinitiative.com/"
HP:0012735	Cough 															(PROMOT:2000001 some ICF:1083127119)|(PROMOT:2000005 some SNOMED:12894003)				
HP:0012735	Cough 																			"[OPMD Clinical Research Form] ""Performing a Rare Disease-Oriented Master Observational Trial"" initiative, European Joint Programme on Rare Diseases, https://www.promotinitiative.com/"
HP:0012768	Neonatal asphyxia															(PROMOT:2000005 some SNOMED:84100007)				
HP:0012768	Neonatal asphyxia																			"[Congenital myopathy Scoping review] ""Performing a Rare Disease-Oriented Master Observational Trial"" initiative, European Joint Programme on Rare Diseases, https://www.promotinitiative.com/"
HP:0012823	Clinical modifier					[PROMOT note] [Derived from RD-CDM] [6.2.1 Phenotypic Feature] 	[PROMOT note] [Derived from EURO-NMD NMD-CDE] 				[PROMOT note] [RD-CDM] Graefe, A.S.L., Hübner, M.R., Rehburg, F. et al. An ontology-based rare disease common data model harmonising international registries, FHIR, and Phenopackets. Sci Data 12, 234 (2025). https://doi.org/10.1038/s41597-025-04558-z|[PROMOT note] [EURO-NMD] Atalia A et al., EURO-NMD registry: federated FAIR infrastructure, innovative technologies and concepts of a patient-centred registry for rare neuromuscular disorders. Orphanet J Rare Dis. 2024 Feb 14;19(1):66. doi: 10.1186/s13023-024-03059-3. PMID: 38355534; PMCID: PMC10865673.		[PROMOT note] The PROMOT ontology added a comment to quote the CDM used as a source for this entity.		Class	BFO:0000019				
HP:0012824	Severity					[PROMOT note] [Derived from RD-CDM] [6.2.7 Severity]					[PROMOT note] [RD-CDM] Graefe, A.S.L., Hübner, M.R., Rehburg, F. et al. An ontology-based rare disease common data model harmonising international registries, FHIR, and Phenopackets. Sci Data 12, 234 (2025). https://doi.org/10.1038/s41597-025-04558-z		[PROMOT note] The PROMOT ontology added a comment to quote the CDM used as a source for this entity.		Class	HP:0012823|(RO:0000080 some HP:0000118)				
HP:0012825	Mild					[PROMOT note] [Derived from RD-CDM] [6.2.7 Severity]					[PROMOT note] [RD-CDM] Graefe, A.S.L., Hübner, M.R., Rehburg, F. et al. An ontology-based rare disease common data model harmonising international registries, FHIR, and Phenopackets. Sci Data 12, 234 (2025). https://doi.org/10.1038/s41597-025-04558-z		[PROMOT note] The PROMOT ontology added a comment to quote the CDM used as a source for this entity.		Class					
HP:0012826	Moderate					[PROMOT note] [Derived from RD-CDM] [6.2.7 Severity]					[PROMOT note] [RD-CDM] Graefe, A.S.L., Hübner, M.R., Rehburg, F. et al. An ontology-based rare disease common data model harmonising international registries, FHIR, and Phenopackets. Sci Data 12, 234 (2025). https://doi.org/10.1038/s41597-025-04558-z		[PROMOT note] The PROMOT ontology added a comment to quote the CDM used as a source for this entity.		Class					
HP:0012827	Borderline					[PROMOT note] [Derived from RD-CDM] [6.2.7 Severity]					[PROMOT note] [RD-CDM] Graefe, A.S.L., Hübner, M.R., Rehburg, F. et al. An ontology-based rare disease common data model harmonising international registries, FHIR, and Phenopackets. Sci Data 12, 234 (2025). https://doi.org/10.1038/s41597-025-04558-z		[PROMOT note] The PROMOT ontology added a comment to quote the CDM used as a source for this entity.		Class					
HP:0012828	Severe					[PROMOT note] [Derived from RD-CDM] [6.2.7 Severity]					[PROMOT note] [RD-CDM] Graefe, A.S.L., Hübner, M.R., Rehburg, F. et al. An ontology-based rare disease common data model harmonising international registries, FHIR, and Phenopackets. Sci Data 12, 234 (2025). https://doi.org/10.1038/s41597-025-04558-z		[PROMOT note] The PROMOT ontology added a comment to quote the CDM used as a source for this entity.		Class					
HP:0012829	Profound					[PROMOT note] [Derived from RD-CDM] [6.2.7 Severity]					[PROMOT note] [RD-CDM] Graefe, A.S.L., Hübner, M.R., Rehburg, F. et al. An ontology-based rare disease common data model harmonising international registries, FHIR, and Phenopackets. Sci Data 12, 234 (2025). https://doi.org/10.1038/s41597-025-04558-z		[PROMOT note] The PROMOT ontology added a comment to quote the CDM used as a source for this entity.		Class					
HP:0025156	Dependency on intravenous nutrition															(PROMOT:2000001 some ICF:1328675264)|(PROMOT:2000001 some ICF:553784299)|(PROMOT:2000005 some SNOMED:84100007)				
HP:0025156	Dependency on intravenous nutrition																			"[Congenital myopathy Scoping review] ""Performing a Rare Disease-Oriented Master Observational Trial"" initiative, European Joint Programme on Rare Diseases, https://www.promotinitiative.com/"
HP:0025820	Offspring of consanguineous relationship 					[PROMOT note] [Derived from RD-CDM] [6.3.4 Consanguinity]	[PROMOT note] [Derived from EURO-NMD NMD-CDE] [consanguinity]				[PROMOT note] [RD-CDM] Graefe, A.S.L., Hübner, M.R., Rehburg, F. et al. An ontology-based rare disease common data model harmonising international registries, FHIR, and Phenopackets. Sci Data 12, 234 (2025). https://doi.org/10.1038/s41597-025-04558-z|[PROMOT note] [EURO-NMD] Atalia A et al., EURO-NMD registry: federated FAIR infrastructure, innovative technologies and concepts of a patient-centred registry for rare neuromuscular disorders. Orphanet J Rare Dis. 2024 Feb 14;19(1):66. doi: 10.1186/s13023-024-03059-3. PMID: 38355534; PMCID: PMC10865673.	http://snomed.info/id/842009	[PROMOT note] The PROMOT ontology added a comment to quote the CDMs used as a source for this entity. A crossref to the orignal RD-CDM element has also been added.		Class	BFO:0000019|(RO:0000080 some NCIT:C16960)				
HP:0030000	EMG: repetitive nerve stimulation abnormality															(PROMOT:2000001 some ICF:1789365017)|(PROMOT:2000005 some SNOMED:84100007)				
HP:0030000	EMG: repetitive nerve stimulation abnormality																			"[Congenital myasthenic syndrom Scoping review] ""Performing a Rare Disease-Oriented Master Observational Trial"" initiative, European Joint Programme on Rare Diseases, https://www.promotinitiative.com/|[Congenital myopathy Scoping review] ""Performing a Rare Disease-Oriented Master Observational Trial"" initiative, European Joint Programme on Rare Diseases, https://www.promotinitiative.com/"
HP:0030006	Single fiber EMG abnormality															(PROMOT:2000001 some ICF:1789365017)|(PROMOT:2000005 some SNOMED:84100007)				
HP:0030006	Single fiber EMG abnormality																			"[Congenital myasthenic syndrom Scoping review] ""Performing a Rare Disease-Oriented Master Observational Trial"" initiative, European Joint Programme on Rare Diseases, https://www.promotinitiative.com/"
HP:0030051	Tip-toe gait															(PROMOT:2000001 some ICF:1550548595)|(PROMOT:2000001 some ICF:1328466963)|(PROMOT:2000005 some SNOMED:84100007)				
HP:0030051	Tip-toe gait																			"[Congenital myopathy Scoping review] ""Performing a Rare Disease-Oriented Master Observational Trial"" initiative, European Joint Programme on Rare Diseases, https://www.promotinitiative.com/"
HP:0030192	Fatigable weakness of bulbar muscles 															(PROMOT:2000001 some ICF:1328675264)|(PROMOT:2000001 some ICF:553784299)|(PROMOT:2000001 some ICF:151046878)|(PROMOT:2000001 some ICF:1521707777)|(PROMOT:2000001 some ICF:1789365017)|(PROMOT:2000001 some ICF:691689627)|(PROMOT:2000001 some ICF:712570723)|(PROMOT:2000001 some ICF:923782542)|(PROMOT:2000005 some SNOMED:84100007)				
HP:0030192	Fatigable weakness of bulbar muscles 																			"[Congenital myasthenic syndrom Scoping review] ""Performing a Rare Disease-Oriented Master Observational Trial"" initiative, European Joint Programme on Rare Diseases, https://www.promotinitiative.com/|[Congenital Myasthenic syndrom HPO KB associations] Gargano MA, Matentzoglu N, Coleman B, Addo-Lartey EB, et al. The Human Phenotype Ontology in 2024: phenotypes around the world. Nucleic Acids Res. 2024 Jan 5;52(D1):D1333-D1346. doi: 10.1093/nar/gkad1005. PMID: 37953324; PMCID: PMC10767975.|[Congenital myopathy Scoping review] ""Performing a Rare Disease-Oriented Master Observational Trial"" initiative, European Joint Programme on Rare Diseases, https://www.promotinitiative.com/|[Congenital Myopathy HPO KB associations] Gargano MA, Matentzoglu N, Coleman B, Addo-Lartey EB, et al. The Human Phenotype Ontology in 2024: phenotypes around the world. Nucleic Acids Res. 2024 Jan 5;52(D1):D1333-D1346. doi: 10.1093/nar/gkad1005. PMID: 37953324; PMCID: PMC10767975."
HP:0030193	Fatigable weakness of chewing muscles															(PROMOT:2000001 some ICF:1328675264)|(PROMOT:2000001 some ICF:1389818830)|(PROMOT:2000001 some ICF:1521707777)|(PROMOT:2000001 some ICF:1789365017)|(PROMOT:2000005 some SNOMED:84100007)				
HP:0030193	Fatigable weakness of chewing muscles																			"[Congenital myasthenic syndrom Scoping review] ""Performing a Rare Disease-Oriented Master Observational Trial"" initiative, European Joint Programme on Rare Diseases, https://www.promotinitiative.com/|[Congenital myopathy Scoping review] ""Performing a Rare Disease-Oriented Master Observational Trial"" initiative, European Joint Programme on Rare Diseases, https://www.promotinitiative.com/"
HP:0030194	Fatigable weakness of speech muscles 															(PROMOT:2000001 some ICF:151046878)|(PROMOT:2000001 some ICF:1521707777)|(PROMOT:2000001 some ICF:1789365017)|(PROMOT:2000005 some SNOMED:84100007)				
HP:0030194	Fatigable weakness of speech muscles 																			"[Congenital myasthenic syndrom Scoping review] ""Performing a Rare Disease-Oriented Master Observational Trial"" initiative, European Joint Programme on Rare Diseases, https://www.promotinitiative.com/|[Congenital myopathy Scoping review] ""Performing a Rare Disease-Oriented Master Observational Trial"" initiative, European Joint Programme on Rare Diseases, https://www.promotinitiative.com/"
HP:0030195	Fatigable weakness of swallowing muscles 															(PROMOT:2000001 some ICF:1328675264)|(PROMOT:2000001 some ICF:553784299)|(PROMOT:2000001 some ICF:1521707777)|(PROMOT:2000001 some ICF:1789365017)|(PROMOT:2000001 some ICF:923782542)|(PROMOT:2000005 some SNOMED:84100007)				
HP:0030195	Fatigable weakness of swallowing muscles 																			"[Congenital myasthenic syndrom Scoping review] ""Performing a Rare Disease-Oriented Master Observational Trial"" initiative, European Joint Programme on Rare Diseases, https://www.promotinitiative.com/|[Congenital myopathy Scoping review] ""Performing a Rare Disease-Oriented Master Observational Trial"" initiative, European Joint Programme on Rare Diseases, https://www.promotinitiative.com/|[Congenital Myopathy HPO KB associations] Gargano MA, Matentzoglu N, Coleman B, Addo-Lartey EB, et al. The Human Phenotype Ontology in 2024: phenotypes around the world. Nucleic Acids Res. 2024 Jan 5;52(D1):D1333-D1346. doi: 10.1093/nar/gkad1005. PMID: 37953324; PMCID: PMC10767975."
HP:0030196	Fatigable weakness of respiratory muscles 															(PROMOT:2000001 some ICF:1360101629)|(PROMOT:2000001 some ICF:1521707777)|(PROMOT:2000001 some ICF:1789365017)|(PROMOT:2000001 some ICF:446199613)|(PROMOT:2000005 some SNOMED:12894003)				
HP:0030196	Fatigable weakness of respiratory muscles 																			"[Congenital myasthenic syndrom Scoping review] ""Performing a Rare Disease-Oriented Master Observational Trial"" initiative, European Joint Programme on Rare Diseases, https://www.promotinitiative.com/|[Congenital Myasthenic syndrom HPO KB associations] Gargano MA, Matentzoglu N, Coleman B, Addo-Lartey EB, et al. The Human Phenotype Ontology in 2024: phenotypes around the world. Nucleic Acids Res. 2024 Jan 5;52(D1):D1333-D1346. doi: 10.1093/nar/gkad1005. PMID: 37953324; PMCID: PMC10767975.|[Congenital myopathy Scoping review] ""Performing a Rare Disease-Oriented Master Observational Trial"" initiative, European Joint Programme on Rare Diseases, https://www.promotinitiative.com/|[Congenital Myopathy HPO KB associations] Gargano MA, Matentzoglu N, Coleman B, Addo-Lartey EB, et al. The Human Phenotype Ontology in 2024: phenotypes around the world. Nucleic Acids Res. 2024 Jan 5;52(D1):D1333-D1346. doi: 10.1093/nar/gkad1005. PMID: 37953324; PMCID: PMC10767975."
HP:0030197	Fatigable weakness of skeletal muscles															(PROMOT:2000001 some ICF:2048203604)|(PROMOT:2000001 some ICF:1521707777)|(PROMOT:2000001 some ICF:1789365017)|(PROMOT:2000005 some SNOMED:12894003)				
HP:0030197	Fatigable weakness of skeletal muscles																			"[Congenital myasthenic syndrom Scoping review] ""Performing a Rare Disease-Oriented Master Observational Trial"" initiative, European Joint Programme on Rare Diseases, https://www.promotinitiative.com/|[Congenital Myasthenic syndrom HPO KB associations] Gargano MA, Matentzoglu N, Coleman B, Addo-Lartey EB, et al. The Human Phenotype Ontology in 2024: phenotypes around the world. Nucleic Acids Res. 2024 Jan 5;52(D1):D1333-D1346. doi: 10.1093/nar/gkad1005. PMID: 37953324; PMCID: PMC10767975.|[Congenital myopathy Scoping review] ""Performing a Rare Disease-Oriented Master Observational Trial"" initiative, European Joint Programme on Rare Diseases, https://www.promotinitiative.com/"
HP:0030198	Fatigable weakness of distal limb muscles															(PROMOT:2000001 some ICF:2048203604)|(PROMOT:2000001 some ICF:1521707777)|(PROMOT:2000001 some ICF:1789365017)|(PROMOT:2000005 some SNOMED:12894003)				
HP:0030198	Fatigable weakness of distal limb muscles																			"[Congenital myasthenic syndrom Scoping review] ""Performing a Rare Disease-Oriented Master Observational Trial"" initiative, European Joint Programme on Rare Diseases, https://www.promotinitiative.com/|[Congenital myopathy Scoping review] ""Performing a Rare Disease-Oriented Master Observational Trial"" initiative, European Joint Programme on Rare Diseases, https://www.promotinitiative.com/|[Congenital Myopathy HPO KB associations] Gargano MA, Matentzoglu N, Coleman B, Addo-Lartey EB, et al. The Human Phenotype Ontology in 2024: phenotypes around the world. Nucleic Acids Res. 2024 Jan 5;52(D1):D1333-D1346. doi: 10.1093/nar/gkad1005. PMID: 37953324; PMCID: PMC10767975."
HP:0030199	Fatigable weakness of neck muscles 															(PROMOT:2000001 some ICF:2048203604)|(PROMOT:2000001 some PROMOT:0032043)|(PROMOT:2000001 some PROMOT:0032079)|(PROMOT:2000005 some SNOMED:12894003)				
HP:0030199	Fatigable weakness of neck muscles 																			"[Congenital myasthenic syndrom Scoping review] ""Performing a Rare Disease-Oriented Master Observational Trial"" initiative, European Joint Programme on Rare Diseases, https://www.promotinitiative.com/|[Congenital Myasthenic syndrom HPO KB associations] Gargano MA, Matentzoglu N, Coleman B, Addo-Lartey EB, et al. The Human Phenotype Ontology in 2024: phenotypes around the world. Nucleic Acids Res. 2024 Jan 5;52(D1):D1333-D1346. doi: 10.1093/nar/gkad1005. PMID: 37953324; PMCID: PMC10767975.|[Congenital myopathy Scoping review] ""Performing a Rare Disease-Oriented Master Observational Trial"" initiative, European Joint Programme on Rare Diseases, https://www.promotinitiative.com/"
HP:0030200	Fatiguable weakness of proximal limb muscles 															(PROMOT:2000001 some ICF:2048203604)|(PROMOT:2000001 some ICF:1521707777)|(PROMOT:2000001 some ICF:1789365017)|(PROMOT:2000005 some SNOMED:12894003)				
HP:0030200	Fatiguable weakness of proximal limb muscles 																			"[Congenital myasthenic syndrom Scoping review] ""Performing a Rare Disease-Oriented Master Observational Trial"" initiative, European Joint Programme on Rare Diseases, https://www.promotinitiative.com/|[Congenital myopathy Scoping review] ""Performing a Rare Disease-Oriented Master Observational Trial"" initiative, European Joint Programme on Rare Diseases, https://www.promotinitiative.com/|[Congenital Myopathy HPO KB associations] Gargano MA, Matentzoglu N, Coleman B, Addo-Lartey EB, et al. The Human Phenotype Ontology in 2024: phenotypes around the world. Nucleic Acids Res. 2024 Jan 5;52(D1):D1333-D1346. doi: 10.1093/nar/gkad1005. PMID: 37953324; PMCID: PMC10767975."
HP:0030202	Favorable response of weakness to acetylcholine esterase inhibitors															(PROMOT:2000005 some SNOMED:84100007)				
HP:0030202	Favorable response of weakness to acetylcholine esterase inhibitors																			"[Congenital myasthenic syndrom Scoping review] ""Performing a Rare Disease-Oriented Master Observational Trial"" initiative, European Joint Programme on Rare Diseases, https://www.promotinitiative.com/|[Congenital Myasthenic syndrom HPO KB associations] Gargano MA, Matentzoglu N, Coleman B, Addo-Lartey EB, et al. The Human Phenotype Ontology in 2024: phenotypes around the world. Nucleic Acids Res. 2024 Jan 5;52(D1):D1333-D1346. doi: 10.1093/nar/gkad1005. PMID: 37953324; PMCID: PMC10767975."
HP:0030203	Unfavorable response of muscle weakness to acetylcholine esterase inhibitors															(PROMOT:2000005 some SNOMED:84100007)				
HP:0030203	Unfavorable response of muscle weakness to acetylcholine esterase inhibitors																			"[Congenital myasthenic syndrom Scoping review] ""Performing a Rare Disease-Oriented Master Observational Trial"" initiative, European Joint Programme on Rare Diseases, https://www.promotinitiative.com/|[Congenital Myasthenic syndrom HPO KB associations] Gargano MA, Matentzoglu N, Coleman B, Addo-Lartey EB, et al. The Human Phenotype Ontology in 2024: phenotypes around the world. Nucleic Acids Res. 2024 Jan 5;52(D1):D1333-D1346. doi: 10.1093/nar/gkad1005. PMID: 37953324; PMCID: PMC10767975."
HP:0030205	Increased jitter at single fiber EMG															(PROMOT:2000001 some ICF:1789365017)				
HP:0030205	Increased jitter at single fiber EMG																			"[Congenital myasthenic syndrom Scoping review] ""Performing a Rare Disease-Oriented Master Observational Trial"" initiative, European Joint Programme on Rare Diseases, https://www.promotinitiative.com/|[Congenital Myasthenic syndrom HPO KB associations] Gargano MA, Matentzoglu N, Coleman B, Addo-Lartey EB, et al. The Human Phenotype Ontology in 2024: phenotypes around the world. Nucleic Acids Res. 2024 Jan 5;52(D1):D1333-D1346. doi: 10.1093/nar/gkad1005. PMID: 37953324; PMCID: PMC10767975."
HP:0030211	Slow pupillary light response															(PROMOT:2000005 some SNOMED:84100007)				
HP:0030211	Slow pupillary light response																			"[Congenital myasthenic syndrom Scoping review] ""Performing a Rare Disease-Oriented Master Observational Trial"" initiative, European Joint Programme on Rare Diseases, https://www.promotinitiative.com/|[Congenital Myasthenic syndrom HPO KB associations] Gargano MA, Matentzoglu N, Coleman B, Addo-Lartey EB, et al. The Human Phenotype Ontology in 2024: phenotypes around the world. Nucleic Acids Res. 2024 Jan 5;52(D1):D1333-D1346. doi: 10.1093/nar/gkad1005. PMID: 37953324; PMCID: PMC10767975."
HP:0030237	Hand muscle weakness															(PROMOT:2000001 some ICF:2048203604)|(PROMOT:2000001 some PROMOT:0032070)|(PROMOT:2000005 some (SNOMED:12894003 OR SNOMED:84100007))				
HP:0030237	Hand muscle weakness																			"[OPMD Scoping review 2026] Bélair N, Gagnon C, Duchesne E. What is known about muscle weakness, balance impairments and indoor mobility limitations in oculopharyngeal muscular dystrophy? A scoping review. J Neuromuscul Dis. 2025 Dec 30:22143602251397052. doi: 10.1177/22143602251397052. Epub ahead of print. PMID: 41467981.|[OPMD Clinical Registry Form] ""Performing a Rare Disease-Oriented Master Observational Trial"" initiative, European Joint Programme on Rare Diseases, https://www.promotinitiative.com/|[OPMD Clinical Research Form] ""Performing a Rare Disease-Oriented Master Observational Trial"" initiative, European Joint Programme on Rare Diseases, https://www.promotinitiative.com/|[Congenital myasthenic syndrom Scoping review] ""Performing a Rare Disease-Oriented Master Observational Trial"" initiative, European Joint Programme on Rare Diseases, https://www.promotinitiative.com/|[Congenital Myasthenic syndrom HPO KB associations] Gargano MA, Matentzoglu N, Coleman B, Addo-Lartey EB, et al. The Human Phenotype Ontology in 2024: phenotypes around the world. Nucleic Acids Res. 2024 Jan 5;52(D1):D1333-D1346. doi: 10.1093/nar/gkad1005. PMID: 37953324; PMCID: PMC10767975.|[Congenital myopathy Scoping review] ""Performing a Rare Disease-Oriented Master Observational Trial"" initiative, European Joint Programme on Rare Diseases, https://www.promotinitiative.com/"
HP:0030319	Weakness of facial musculature						[PROMOT note] [Present in EURO-NMD NMD-CDE] [has_facial_weakness]				[PROMOT note] [EURO-NMD] Atalia A et al., EURO-NMD registry: federated FAIR infrastructure, innovative technologies and concepts of a patient-centred registry for rare neuromuscular disorders. Orphanet J Rare Dis. 2024 Feb 14;19(1):66. doi: 10.1186/s13023-024-03059-3. PMID: 38355534; PMCID: PMC10865673.		[PROMOT note] The PROMOT ontology added a comment to quote the CDM used as a source for this entity.		Class					
HP:0030319	Weakness of facial musculature															(PROMOT:2000001 some ICF:1328675264)|(PROMOT:2000001 some ICF:1580195090)|(PROMOT:2000001 some PROMOT:0032066)|(PROMOT:2000005 some SNOMED:84100007)				
HP:0030319	Weakness of facial musculature																			"[OPMD Scoping review 2026] Bélair N, Gagnon C, Duchesne E. What is known about muscle weakness, balance impairments and indoor mobility limitations in oculopharyngeal muscular dystrophy? A scoping review. J Neuromuscul Dis. 2025 Dec 30:22143602251397052. doi: 10.1177/22143602251397052. Epub ahead of print. PMID: 41467981.|[OPMD Clinical Registry Form] ""Performing a Rare Disease-Oriented Master Observational Trial"" initiative, European Joint Programme on Rare Diseases, https://www.promotinitiative.com/|[OPMD HPO KB associations] Gargano MA, Matentzoglu N, Coleman B, Addo-Lartey EB, et al. The Human Phenotype Ontology in 2024: phenotypes around the world. Nucleic Acids Res. 2024 Jan 5;52(D1):D1333-D1346. doi: 10.1093/nar/gkad1005. PMID: 37953324; PMCID: PMC10767975.|[Congenital myasthenic syndrom Scoping review] ""Performing a Rare Disease-Oriented Master Observational Trial"" initiative, European Joint Programme on Rare Diseases, https://www.promotinitiative.com/|[Congenital Myasthenic syndrom HPO KB associations] Gargano MA, Matentzoglu N, Coleman B, Addo-Lartey EB, et al. The Human Phenotype Ontology in 2024: phenotypes around the world. Nucleic Acids Res. 2024 Jan 5;52(D1):D1333-D1346. doi: 10.1093/nar/gkad1005. PMID: 37953324; PMCID: PMC10767975.|[Congenital myopathy Scoping review] ""Performing a Rare Disease-Oriented Master Observational Trial"" initiative, European Joint Programme on Rare Diseases, https://www.promotinitiative.com/|[Congenital Myopathy HPO KB associations] Gargano MA, Matentzoglu N, Coleman B, Addo-Lartey EB, et al. The Human Phenotype Ontology in 2024: phenotypes around the world. Nucleic Acids Res. 2024 Jan 5;52(D1):D1333-D1346. doi: 10.1093/nar/gkad1005. PMID: 37953324; PMCID: PMC10767975."
HP:0030674	Antenatal onset 						[PROMOT note] [Derived from EURO-NMD NMD-CDE] [age_at_onset]	[PROMOT note] [Derived from EU-CDE] [5.1. Age at onset]			[PROMOT note] [EURO-NMD] Atalia A et al., EURO-NMD registry: federated FAIR infrastructure, innovative technologies and concepts of a patient-centred registry for rare neuromuscular disorders. Orphanet J Rare Dis. 2024 Feb 14;19(1):66. doi: 10.1186/s13023-024-03059-3. PMID: 38355534; PMCID: PMC10865673.|[PROMOT note] [EU-CDE] Set of Common Data Elements, EU RD Platform [Internet]. [cited 2026 Jun 17]. Available from: https://eu-rd-platform.jrc.ec.europa.eu/set-of-common-data-elements_en		[PROMOT note] The PROMOT ontology added a comment to quote the CDM used as a source for this entity.		Class					
HP:0030842	Choking episodes															(PROMOT:2000001 some ICF:1328675264)|(PROMOT:2000005 some SNOMED:84100007)				
HP:0030842	Choking episodes																			[OPMD Scoping review on dysphagia] Côté C, Gagnon C, Youssof S, et al. The requirement for a disease-specific patient-reported outcome measure of dysphagia in oculopharyngeal muscular dystrophy. Muscle Nerve. 2019;59:445–50. doi: 10.1002/mus.26405
HP:0030872	Abnormal cardiac ventricular function															(PROMOT:2000001 some ICF:1399000785)|(PROMOT:2000001 some ICF:1780196241)|(PROMOT:2000001 some ICF:2100545361)|(PROMOT:2000005 some SNOMED:84100007)				
HP:0030872	Abnormal cardiac ventricular function																			"[Congenital myopathy Scoping review] ""Performing a Rare Disease-Oriented Master Observational Trial"" initiative, European Joint Programme on Rare Diseases, https://www.promotinitiative.com/"
HP:0030884	Gastrojejunal tube feeding in infancy															(PROMOT:2000001 some ICF:1328675264)|(PROMOT:2000001 some ICF:553784299)|(PROMOT:2000005 some SNOMED:84100007)				
HP:0030884	Gastrojejunal tube feeding in infancy																			"[Congenital myopathy Scoping review] ""Performing a Rare Disease-Oriented Master Observational Trial"" initiative, European Joint Programme on Rare Diseases, https://www.promotinitiative.com/"
HP:0031058	Impairment of activities of daily living															(PROMOT:2000005 some SNOMED:840297006)				
HP:0031058	Impairment of activities of daily living																			"[OPMD Clinical Registry Form] ""Performing a Rare Disease-Oriented Master Observational Trial"" initiative, European Joint Programme on Rare Diseases, https://www.promotinitiative.com/|[Congenital myopathy Scoping review] ""Performing a Rare Disease-Oriented Master Observational Trial"" initiative, European Joint Programme on Rare Diseases, https://www.promotinitiative.com/"
HP:0031063	Impaired feeding ability															(PROMOT:2000001 some ICF:1328675264)|(PROMOT:2000001 some ICF:553784299)|(PROMOT:2000005 some SNOMED:84100007)				
HP:0031063	Impaired feeding ability																			"[Congenital myopathy Scoping review] ""Performing a Rare Disease-Oriented Master Observational Trial"" initiative, European Joint Programme on Rare Diseases, https://www.promotinitiative.com/"
HP:0031108	Triceps weakness															(PROMOT:2000001 some ICF:2048203604)|(PROMOT:2000001 some PROMOT:0032095)|(PROMOT:2000005 some SNOMED:84100007)				
HP:0031108	Triceps weakness																			"[OPMD Scoping review 2026] Bélair N, Gagnon C, Duchesne E. What is known about muscle weakness, balance impairments and indoor mobility limitations in oculopharyngeal muscular dystrophy? A scoping review. J Neuromuscul Dis. 2025 Dec 30:22143602251397052. doi: 10.1177/22143602251397052. Epub ahead of print. PMID: 41467981.|[OPMD Clinical Registry Form] ""Performing a Rare Disease-Oriented Master Observational Trial"" initiative, European Joint Programme on Rare Diseases, https://www.promotinitiative.com/|[Congenital myasthenic syndrom Scoping review] ""Performing a Rare Disease-Oriented Master Observational Trial"" initiative, European Joint Programme on Rare Diseases, https://www.promotinitiative.com/|[Congenital Myasthenic syndrom HPO KB associations] Gargano MA, Matentzoglu N, Coleman B, Addo-Lartey EB, et al. The Human Phenotype Ontology in 2024: phenotypes around the world. Nucleic Acids Res. 2024 Jan 5;52(D1):D1333-D1346. doi: 10.1093/nar/gkad1005. PMID: 37953324; PMCID: PMC10767975.|[Congenital myopathy Scoping review] ""Performing a Rare Disease-Oriented Master Observational Trial"" initiative, European Joint Programme on Rare Diseases, https://www.promotinitiative.com/"
HP:0031146	Impaired oral bolus formation															(PROMOT:2000001 some ICF:1328675264)|(PROMOT:2000001 some ICF:553784299)|(PROMOT:2000001 some ICF:1174312718)|(PROMOT:2000001 some ICF:1789365017)|(PROMOT:2000005 some SNOMED:84100007)				
HP:0031146	Impaired oral bolus formation																			[OPMD Scoping review on dysphagia] Côté C, Gagnon C, Youssof S, et al. The requirement for a disease-specific patient-reported outcome measure of dysphagia in oculopharyngeal muscular dystrophy. Muscle Nerve. 2019;59:445–50. doi: 10.1002/mus.26405
HP:0031162	Impaired oropharyngeal swallow response															(PROMOT:2000001 some ICF:1328675264)|(PROMOT:2000001 some ICF:553784299)|(PROMOT:2000001 some ICF:1041382491)|(PROMOT:2000001 some ICF:691689627)|(PROMOT:2000005 some SNOMED:84100007)				
HP:0031162	Impaired oropharyngeal swallow response																			[OPMD Scoping review on dysphagia] Côté C, Gagnon C, Youssof S, et al. The requirement for a disease-specific patient-reported outcome measure of dysphagia in oculopharyngeal muscular dystrophy. Muscle Nerve. 2019;59:445–50. doi: 10.1002/mus.26405
HP:0031177	Finger flexor weakness															(PROMOT:2000001 some ICF:2048203604)|(PROMOT:2000001 some PROMOT:0032070)|(PROMOT:2000005 some (SNOMED:12894003 OR SNOMED:84100007))				
HP:0031177	Finger flexor weakness																			"[OPMD Scoping review 2026] Bélair N, Gagnon C, Duchesne E. What is known about muscle weakness, balance impairments and indoor mobility limitations in oculopharyngeal muscular dystrophy? A scoping review. J Neuromuscul Dis. 2025 Dec 30:22143602251397052. doi: 10.1177/22143602251397052. Epub ahead of print. PMID: 41467981.|[OPMD Clinical Registry Form] ""Performing a Rare Disease-Oriented Master Observational Trial"" initiative, European Joint Programme on Rare Diseases, https://www.promotinitiative.com/|[Congenital myasthenic syndrom Scoping review] ""Performing a Rare Disease-Oriented Master Observational Trial"" initiative, European Joint Programme on Rare Diseases, https://www.promotinitiative.com/|[Congenital myopathy Scoping review] ""Performing a Rare Disease-Oriented Master Observational Trial"" initiative, European Joint Programme on Rare Diseases, https://www.promotinitiative.com/"
HP:0031374	Ankle weakness															(PROMOT:2000001 some ICF:2048203604)|(PROMOT:2000001 some PROMOT:0032074)|(PROMOT:2000005 some SNOMED:12894003)				
HP:0031374	Ankle weakness																			"[OPMD Scoping review 2026] Bélair N, Gagnon C, Duchesne E. What is known about muscle weakness, balance impairments and indoor mobility limitations in oculopharyngeal muscular dystrophy? A scoping review. J Neuromuscul Dis. 2025 Dec 30:22143602251397052. doi: 10.1177/22143602251397052. Epub ahead of print. PMID: 41467981.|[OPMD Clinical Registry Form] ""Performing a Rare Disease-Oriented Master Observational Trial"" initiative, European Joint Programme on Rare Diseases, https://www.promotinitiative.com/|[Congenital myasthenic syndrom Scoping review] ""Performing a Rare Disease-Oriented Master Observational Trial"" initiative, European Joint Programme on Rare Diseases, https://www.promotinitiative.com/|[Congenital Myasthenic syndrom HPO KB associations] Gargano MA, Matentzoglu N, Coleman B, Addo-Lartey EB, et al. The Human Phenotype Ontology in 2024: phenotypes around the world. Nucleic Acids Res. 2024 Jan 5;52(D1):D1333-D1346. doi: 10.1093/nar/gkad1005. PMID: 37953324; PMCID: PMC10767975.|[Congenital myopathy Scoping review] ""Performing a Rare Disease-Oriented Master Observational Trial"" initiative, European Joint Programme on Rare Diseases, https://www.promotinitiative.com/"
HP:0031826	Abnormal reflex															(PROMOT:2000001 some ICF:1434015402)|(PROMOT:2000005 some SNOMED:84100007)				
HP:0031826	Abnormal reflex																			"[Congenital myasthenic syndrom Scoping review] ""Performing a Rare Disease-Oriented Master Observational Trial"" initiative, European Joint Programme on Rare Diseases, https://www.promotinitiative.com/|[Congenital myopathy Scoping review] ""Performing a Rare Disease-Oriented Master Observational Trial"" initiative, European Joint Programme on Rare Diseases, https://www.promotinitiative.com/"
HP:0031914	Fluctuating					[PROMOT note] [Derived from RD-CDM] [6.2.6 Temporal pattern]					[PROMOT note] [RD-CDM] Graefe, A.S.L., Hübner, M.R., Rehburg, F. et al. An ontology-based rare disease common data model harmonising international registries, FHIR, and Phenopackets. Sci Data 12, 234 (2025). https://doi.org/10.1038/s41597-025-04558-z		[PROMOT note] The PROMOT ontology added a comment to quote the CDM used as a source for this entity.		Class					
HP:0031914	Fluctuating																			"[Congenital myasthenic syndrom Scoping review] ""Performing a Rare Disease-Oriented Master Observational Trial"" initiative, European Joint Programme on Rare Diseases, https://www.promotinitiative.com/|[Congenital myopathy Scoping review] ""Performing a Rare Disease-Oriented Master Observational Trial"" initiative, European Joint Programme on Rare Diseases, https://www.promotinitiative.com/"
HP:0031936	Delayed ability to walk 															(PROMOT:2000001 some ICF:1550548595)|(PROMOT:2000005 some SNOMED:84100007)				
HP:0031936	Delayed ability to walk 																			"[Congenital myasthenic syndrom Scoping review] ""Performing a Rare Disease-Oriented Master Observational Trial"" initiative, European Joint Programme on Rare Diseases, https://www.promotinitiative.com/|[Congenital myopathy Scoping review] ""Performing a Rare Disease-Oriented Master Observational Trial"" initiative, European Joint Programme on Rare Diseases, https://www.promotinitiative.com/|[Congenital Myopathy HPO KB associations] Gargano MA, Matentzoglu N, Coleman B, Addo-Lartey EB, et al. The Human Phenotype Ontology in 2024: phenotypes around the world. Nucleic Acids Res. 2024 Jan 5;52(D1):D1333-D1346. doi: 10.1093/nar/gkad1005. PMID: 37953324; PMCID: PMC10767975."
HP:0032043	Odynophagia															(PROMOT:2000001 some ICF:1328675264)|(PROMOT:2000001 some ICF:553784299)|(PROMOT:2000001 some ICF:299098423)|(PROMOT:2000001 some ICF:923782542)|(PROMOT:2000005 some SNOMED:84100007)				
HP:0032043	Odynophagia																			[OPMD Scoping review on dysphagia] Côté C, Gagnon C, Youssof S, et al. The requirement for a disease-specific patient-reported outcome measure of dysphagia in oculopharyngeal muscular dystrophy. Muscle Nerve. 2019;59:445–50. doi: 10.1002/mus.26405
HP:0032319	Health status					[PROMOT note] [Derived from RD-CDM] [6.3.13 Family Member Disease]					[PROMOT note] [RD-CDM] Graefe, A.S.L., Hübner, M.R., Rehburg, F. et al. An ontology-based rare disease common data model harmonising international registries, FHIR, and Phenopackets. Sci Data 12, 234 (2025). https://doi.org/10.1038/s41597-025-04558-z|EU-CDE	LOINC:75315-2	[PROMOT note] The PROMOT ontology added a comment to quote the CDM used as a source for this entity.		Class	BFO:0000019				
HP:0032341	Reduced forced vital capacity															(PROMOT:2000001 some ICF:1360101629)|(PROMOT:2000001 some ICF:446199613)|(PROMOT:2000005 some (SNOMED:12894003 OR SNOMED:84100007))				
HP:0032341	Reduced forced vital capacity																			"[OPMD Clinical Registry Form] ""Performing a Rare Disease-Oriented Master Observational Trial"" initiative, European Joint Programme on Rare Diseases, https://www.promotinitiative.com/|[Congenital myasthenic syndrom Scoping review] ""Performing a Rare Disease-Oriented Master Observational Trial"" initiative, European Joint Programme on Rare Diseases, https://www.promotinitiative.com/|[Congenital myopathy Scoping review] ""Performing a Rare Disease-Oriented Master Observational Trial"" initiative, European Joint Programme on Rare Diseases, https://www.promotinitiative.com/"
HP:0032355	Decreased peak expiratory flow															(PROMOT:2000001 some ICF:1789365017)|(PROMOT:2000001 some ICF:446199613)|(PROMOT:2000005 some SNOMED:12894003)				
HP:0032355	Decreased peak expiratory flow																			[OPMD Clinical Expert] https://orcid.org/0000-0003-2829-8470
HP:0033235	Difficulty descending stairs															(PROMOT:2000001 some ICF:1993770860)|(PROMOT:2000005 some (SNOMED:12894003 OR SNOMED:84100007))				
HP:0033235	Difficulty descending stairs																			"[OPMD Scoping review 2026] Bélair N, Gagnon C, Duchesne E. What is known about muscle weakness, balance impairments and indoor mobility limitations in oculopharyngeal muscular dystrophy? A scoping review. J Neuromuscul Dis. 2025 Dec 30:22143602251397052. doi: 10.1177/22143602251397052. Epub ahead of print. PMID: 41467981.|[OPMD Clinical Research Form] ""Performing a Rare Disease-Oriented Master Observational Trial"" initiative, European Joint Programme on Rare Diseases, https://www.promotinitiative.com/"
HP:0033416	Hip adductor weakness															(PROMOT:2000001 some ICF:2048203604)|(PROMOT:2000001 some PROMOT:0032090)|(PROMOT:2000005 some (SNOMED:12894003 OR SNOMED:84100007))				
HP:0033416	Hip adductor weakness																			"[OPMD Scoping review 2026] Bélair N, Gagnon C, Duchesne E. What is known about muscle weakness, balance impairments and indoor mobility limitations in oculopharyngeal muscular dystrophy? A scoping review. J Neuromuscul Dis. 2025 Dec 30:22143602251397052. doi: 10.1177/22143602251397052. Epub ahead of print. PMID: 41467981.|[OPMD Clinical Registry Form] ""Performing a Rare Disease-Oriented Master Observational Trial"" initiative, European Joint Programme on Rare Diseases, https://www.promotinitiative.com/|[OPMD Clinical Research Form] ""Performing a Rare Disease-Oriented Master Observational Trial"" initiative, European Joint Programme on Rare Diseases, https://www.promotinitiative.com/|[Congenital myasthenic syndrom Scoping review] ""Performing a Rare Disease-Oriented Master Observational Trial"" initiative, European Joint Programme on Rare Diseases, https://www.promotinitiative.com/|[Congenital myopathy Scoping review] ""Performing a Rare Disease-Oriented Master Observational Trial"" initiative, European Joint Programme on Rare Diseases, https://www.promotinitiative.com/"
HP:0033454	Tube feeding															(PROMOT:2000001 some ICF:1328675264)|(PROMOT:2000001 some ICF:553784299)|(PROMOT:2000005 some SNOMED:84100007)				
HP:0033454	Tube feeding																			"[Congenital Myasthenic syndrom HPO KB associations] Gargano MA, Matentzoglu N, Coleman B, Addo-Lartey EB, et al. The Human Phenotype Ontology in 2024: phenotypes around the world. Nucleic Acids Res. 2024 Jan 5;52(D1):D1333-D1346. doi: 10.1093/nar/gkad1005. PMID: 37953324; PMCID: PMC10767975.|[Congenital myopathy Scoping review] ""Performing a Rare Disease-Oriented Master Observational Trial"" initiative, European Joint Programme on Rare Diseases, https://www.promotinitiative.com/|[Congenital Myopathy HPO KB associations] Gargano MA, Matentzoglu N, Coleman B, Addo-Lartey EB, et al. The Human Phenotype Ontology in 2024: phenotypes around the world. Nucleic Acids Res. 2024 Jan 5;52(D1):D1333-D1346. doi: 10.1093/nar/gkad1005. PMID: 37953324; PMCID: PMC10767975."
HP:0033466	Weak grip															(PROMOT:2000001 some PROMOT:0032070)|(PROMOT:2000005 some (SNOMED:12894003 OR SNOMED:84100007))				
HP:0033466	Weak grip																			"[OPMD Clinical Research Form] ""Performing a Rare Disease-Oriented Master Observational Trial"" initiative, European Joint Programme on Rare Diseases, https://www.promotinitiative.com/"
HP:0033580	Compound motor action potential abnormality															(PROMOT:2000005 some SNOMED:84100007)				
HP:0033580	Compound motor action potential abnormality																			"[Congenital myasthenic syndrom Scoping review] ""Performing a Rare Disease-Oriented Master Observational Trial"" initiative, European Joint Programme on Rare Diseases, https://www.promotinitiative.com/"
HP:0033666	Diminished physical functioning 															(PROMOT:2000005 some SNOMED:840297006)				
HP:0033667	Diminished mental health															(PROMOT:2000005 some (SNOMED:12894003 OR SNOMED:84100007))				
HP:0033667	Diminished mental health																			"[OPMD Clinical Registry Form] ""Performing a Rare Disease-Oriented Master Observational Trial"" initiative, European Joint Programme on Rare Diseases, https://www.promotinitiative.com/"
HP:0033695	Occupational disability																			"[OPMD Clinical Registry Form] ""Performing a Rare Disease-Oriented Master Observational Trial"" initiative, European Joint Programme on Rare Diseases, https://www.promotinitiative.com/"
HP:0033994	Dependency on parenteral nutrition															(PROMOT:2000001 some ICF:1328675264)|(PROMOT:2000001 some ICF:553784299)|(PROMOT:2000005 some SNOMED:84100007)				
HP:0033994	Dependency on parenteral nutrition																			"[Congenital myopathy Scoping review] ""Performing a Rare Disease-Oriented Master Observational Trial"" initiative, European Joint Programme on Rare Diseases, https://www.promotinitiative.com/"
HP:0034392	Joint contracture															(PROMOT:2000001 some ICF:1757783224)|(PROMOT:2000005 some SNOMED:84100007)|(PROMOT:2000005 some SNOMED:84100007)				
HP:0034392	Joint contracture																			"[Congenital myopathy Scoping review] ""Performing a Rare Disease-Oriented Master Observational Trial"" initiative, European Joint Programme on Rare Diseases, https://www.promotinitiative.com/|[Congenital Myopathy HPO KB associations] Gargano MA, Matentzoglu N, Coleman B, Addo-Lartey EB, et al. The Human Phenotype Ontology in 2024: phenotypes around the world. Nucleic Acids Res. 2024 Jan 5;52(D1):D1333-D1346. doi: 10.1093/nar/gkad1005. PMID: 37953324; PMCID: PMC10767975."
HP:0040081	Abnormal circulating creatine kinase concentration															(PROMOT:2000005 some SNOMED:84100007)				
HP:0040081	Abnormal circulating creatine kinase concentration																			"[Congenital myasthenic syndrom Scoping review] ""Performing a Rare Disease-Oriented Master Observational Trial"" initiative, European Joint Programme on Rare Diseases, https://www.promotinitiative.com/|[Congenital myopathy Scoping review] ""Performing a Rare Disease-Oriented Master Observational Trial"" initiative, European Joint Programme on Rare Diseases, https://www.promotinitiative.com/|[Congenital Myopathy HPO KB associations] Gargano MA, Matentzoglu N, Coleman B, Addo-Lartey EB, et al. The Human Phenotype Ontology in 2024: phenotypes around the world. Nucleic Acids Res. 2024 Jan 5;52(D1):D1333-D1346. doi: 10.1093/nar/gkad1005. PMID: 37953324; PMCID: PMC10767975."
HP:0040288	Nasogastric tube feeding															(PROMOT:2000001 some ICF:1328675264)|(PROMOT:2000001 some ICF:553784299)|(PROMOT:2000005 some SNOMED:84100007)				
HP:0040288	Nasogastric tube feeding																			"[Congenital myopathy Scoping review] ""Performing a Rare Disease-Oriented Master Observational Trial"" initiative, European Joint Programme on Rare Diseases, https://www.promotinitiative.com/|[Congenital Myopathy HPO KB associations] Gargano MA, Matentzoglu N, Coleman B, Addo-Lartey EB, et al. The Human Phenotype Ontology in 2024: phenotypes around the world. Nucleic Acids Res. 2024 Jan 5;52(D1):D1333-D1346. doi: 10.1093/nar/gkad1005. PMID: 37953324; PMCID: PMC10767975."
HP:0200136	Oral-pharyngeal dysphagia															(PROMOT:2000001 some ICF:1328675264)|(PROMOT:2000001 some ICF:553784299)|(PROMOT:2000001 some ICF:923782542)|(PROMOT:2000005 some (SNOMED:840297006 OR SNOMED:12894003 OR SNOMED:84100007))				
HP:0200136	Oral-pharyngeal dysphagia																			"[OPMD Scoping review on dysphagia] Côté C, Gagnon C, Youssof S, et al. The requirement for a disease-specific patient-reported outcome measure of dysphagia in oculopharyngeal muscular dystrophy. Muscle Nerve. 2019;59:445–50. doi: 10.1002/mus.26405|[OPMD Clinical Registry Form] ""Performing a Rare Disease-Oriented Master Observational Trial"" initiative, European Joint Programme on Rare Diseases, https://www.promotinitiative.com/|[Congenital myasthenic syndrom Scoping review] ""Performing a Rare Disease-Oriented Master Observational Trial"" initiative, European Joint Programme on Rare Diseases, https://www.promotinitiative.com/|[Congenital myopathy Scoping review] ""Performing a Rare Disease-Oriented Master Observational Trial"" initiative, European Joint Programme on Rare Diseases, https://www.promotinitiative.com/"
HP:0410280	Pediatric onset 						[PROMOT note] [Derived from EURO-NMD NMD-CDE] [age_at_onset]				[PROMOT note] [EURO-NMD] Atalia A et al., EURO-NMD registry: federated FAIR infrastructure, innovative technologies and concepts of a patient-centred registry for rare neuromuscular disorders. Orphanet J Rare Dis. 2024 Feb 14;19(1):66. doi: 10.1186/s13023-024-03059-3. PMID: 38355534; PMCID: PMC10865673.		[PROMOT note] The PROMOT ontology added a comment to quote the CDM used as a source for this entity.		Class					
HP:6000327	Thoracic cage flatness															(PROMOT:2000005 some SNOMED:84100007)				
HP:6000327	Thoracic cage flatness																			"[Congenital myopathy Scoping review] ""Performing a Rare Disease-Oriented Master Observational Trial"" initiative, European Joint Programme on Rare Diseases, https://www.promotinitiative.com/"
HP:6001011	Wet voice															(PROMOT:2000001 some ICF:151046878)|(PROMOT:2000001 some ICF:1846694084)|(PROMOT:2000005 some SNOMED:84100007)				
HP:6001011	Wet voice																			"[OPMD Clinical Registry Form] ""Performing a Rare Disease-Oriented Master Observational Trial"" initiative, European Joint Programme on Rare Diseases, https://www.promotinitiative.com/"
IAO:0000027	data entity					[PROMOT note] [Derived from RD-CDM] [6.3.2 Value]					[PROMOT note] [RD-CDM] Graefe, A.S.L., Hübner, M.R., Rehburg, F. et al. An ontology-based rare disease common data model harmonising international registries, FHIR, and Phenopackets. Sci Data 12, 234 (2025). https://doi.org/10.1038/s41597-025-04558-z	NCIT:C25712	[PROMOT note] The PROMOT ontology added a comment to quote the CDM used as a source for this entity. A crossref to the orignal RD-CDM element from NCIT has also been added.		Class					
IAO:0000030	information content entity														Class	BFO:0000031				
IAO:0020000	identifier					[PROMOT note] [Derived from RD-CDM] [1.1 Pseudonym]		[PROMOT note] [Derived from EU-CDE] [1.1. Pseudonym]			[PROMOT note] [RD-CDM] Graefe, A.S.L., Hübner, M.R., Rehburg, F. et al. An ontology-based rare disease common data model harmonising international registries, FHIR, and Phenopackets. Sci Data 12, 234 (2025). https://doi.org/10.1038/s41597-025-04558-z|[PROMOT note] [EU-CDE] Set of Common Data Elements, EU RD Platform [Internet]. [cited 2026 Jun 17]. Available from: https://eu-rd-platform.jrc.ec.europa.eu/set-of-common-data-elements_en	http://snomed.info/id/422549004	[PROMOT note] The PROMOT ontology added a comment to quote the CDM used as a source for this entity. A crossref to the orignal element has also been added.		Class	PROMOT:0010005				
ICF:1034220517	Alternative vocalization functions															(PROMOT:2000006 some SNOMED:84100007)|(RO:0002331 some ICF:151046878)				
ICF:1041382491	Oral swallowing															(PROMOT:2000006 some (SNOMED:840297006 OR SNOMED:12894003))|(RO:0002331 some ICF:1328675264)|(RO:0002331 some ICF:553784299)				
ICF:1065560247	Pain in stomach or abdomen															(PROMOT:2000006 some SNOMED:84100007)				
ICF:1083127119	Functions of coughing															(PROMOT:2000006 some SNOMED:12894003)				
ICF:1090716697	Functions of external muscles of the eye															(PROMOT:2000006 some SNOMED:12894003)				
ICF:1109440237	Speed of speech															(PROMOT:2000006 some SNOMED:84100007)|(RO:0002331 some ICF:151046878)				
ICF:1119392889	Transferring oneself															(PROMOT:2000006 some SNOMED:12894003)				
ICF:117147127	Pain in chest															(PROMOT:2000006 some SNOMED:84100007)				
ICF:1174312718	Manipulation of food in the mouth															(PROMOT:2000006 some SNOMED:840297006)|(RO:0002331 some ICF:1328675264)				
ICF:1182439715	Cervical vertebral column 															(RO:0000091 some HP:0002751)|(RO:0000091 some HP:0002808)|(RO:0000091 some HP:0003306)|(RO:0000091 some HP:0003307)				
ICF:1228414013	General tasks and demands														Class	PROMOT:0120002				
ICF:1233939003	Muscles of hand															(RO:0000091 some HP:0002460)|(RO:0000091 some HP:0003392)|(RO:0000091 some HP:0003427)|(RO:0000091 some HP:0003484)|(RO:0000091 some HP:0003690)|(RO:0000091 some HP:0003810)|(RO:0000091 some HP:0008959)|(RO:0000091 some HP:0009005)|(RO:0000091 some HP:0009028)|(RO:0000091 some HP:0009063)|(RO:0000091 some HP:0009077)|(RO:0000091 some HP:0030198)|(RO:0000091 some HP:0030237)|(RO:0000091 some HP:0031177)|(RO:0000091 some HP:0033466)|(RO:0002328 some ICF:1789365017)|(RO:0002328 some ICF:1521707777)				
ICF:1278239861	Muscles of ankle and foot															(RO:0000091 some HP:0001761)|(RO:0000091 some HP:0002460)|(RO:0000091 some HP:0003690)|(RO:0000091 some HP:0003810)|(RO:0000091 some HP:0007340)|(RO:0000091 some HP:0009027)|(RO:0000091 some HP:0009028)|(RO:0000091 some HP:0009053)|(RO:0000091 some HP:0009063)|(RO:0000091 some HP:0030198)|(RO:0000091 some HP:0031374)|(RO:0002328 some ICF:1789365017)|(RO:0002328 some ICF:1521707777)				
ICF:1299345975	Pain in upper limb															(PROMOT:2000006 some SNOMED:84100007)				
ICF:1328466963	Gait pattern functions															(PROMOT:2000006 some SNOMED:12894003)|(RO:0002331 some ICF:1550548595)|(RO:0002331 some ICF:2048203604)|(RO:0002331 some ICF:412494151)				
ICF:1328675264	Eating														Class	PROMOT:0110001				
ICF:1328675264	Eating															(PROMOT:2000006 some SNOMED:840297006)|(PROMOT:2000006 some SNOMED:840297006)				
ICF:1334556216	Walking and Moving														Class	PROMOT:0120002				
ICF:1360101629	Respiratory muscle functions															(PROMOT:2000006 some SNOMED:12894003)				
ICF:1363559646	Mental functions															(PROMOT:2000006 some SNOMED:84100007)				
ICF:1364393443	Thoracic vertebral column															(RO:0000091 some HP:0002650)|(RO:0000091 some HP:0002751)|(RO:0000091 some HP:0003306)				
ICF:1389818830	Chewing															(PROMOT:2000006 some SNOMED:840297006)|(RO:0002331 some ICF:1328675264)				
ICF:1399000785	Contraction force of ventricular muscles															(PROMOT:2000006 some SNOMED:84100007)				
ICF:1401748164	Hip joint															(RO:0000091 some HP:0001374)|(RO:0002328 some ICF:1748092144)				
ICF:1401748164	Hip joint (Body structure)														Class					
ICF:1405368356	Sensations related to muscles and movement functions															(PROMOT:2000006 some SNOMED:84100007)				
ICF:1426641453	Melody of speech															(PROMOT:2000006 some SNOMED:84100007)|(RO:0002331 some ICF:151046878)				
ICF:1434015402	Stretch motor reflex															(PROMOT:2000006 some SNOMED:84100007)				
ICF:1436113794	Community, social and civic life														Class	PROMOT:0120002				
ICF:1462755743	Standing															(PROMOT:2000006 some SNOMED:12894003)				
ICF:1470583183	Functions of breathing through the mouth															(PROMOT:2000006 some SNOMED:12894003)				
ICF:1474003417	Maintaining head position															(PROMOT:2000006 some SNOMED:84100007)				
ICF:150502901	Changing basic body position															(PROMOT:2000006 some SNOMED:84100007)				
ICF:151046878	Speaking															(PROMOT:2000006 some SNOMED:84100007)				
ICF:1515853559	Pain in lower limb															(PROMOT:2000006 some SNOMED:84100007)				
ICF:1521707777	Endurance of muscle groups 															(PROMOT:2000006 some SNOMED:12894003)				
ICF:1525383756	Intellectual functions															(PROMOT:2000006 some SNOMED:84100007)				
ICF:1528299701	Ligaments and fasciae of ankle and foot															(RO:0000091 some HP:0001761)				
ICF:1535125568	Domestic life														Class	PROMOT:0120002				
ICF:1550548595	Walking on different surfaces															(PROMOT:2000006 some SNOMED:12894003)|(PROMOT:2000006 some SNOMED:12894003)				
ICF:1571232890	Intercostal muscles															(RO:0000091 some HP:0003327)|(RO:0000091 some HP:0004878)|(RO:0000091 some PROMOT:0032019)|(RO:0002328 some ICF:556694745)|(RO:0002328 some ICF:1789365017)|(RO:0002328 some ICF:1521707777)				
ICF:1580195090	Digestive functions															(PROMOT:2000006 some (SNOMED:840297006 OR SNOMED:12894003))				
ICF:1608009360	Self-care														Class	PROMOT:0120002				
ICF:1626363729	Body structures					[PROMOT note] [Derived from RD-CDM] [5.7 Body Site]					[PROMOT note] [RD-CDM] Graefe, A.S.L., Hübner, M.R., Rehburg, F. et al. An ontology-based rare disease common data model harmonising international registries, FHIR, and Phenopackets. Sci Data 12, 234 (2025). https://doi.org/10.1038/s41597-025-04558-z	http://snomed.info/id/123037004	[PROMOT note] The PROMOT ontology added a comment to quote the CDM used as a source for this entity. A crossref to the orignal element has also been added.		Class	BFO:0000028|(RO:0000086 some ICF:437219407)|(RO:0002331 some ICF:567313968)				
ICF:1650503157	Bones of ankle and foot															(RO:0000091 some HP:0001761)				
ICF:1674298945	Endurance of all muscles of the body															(PROMOT:2000006 some SNOMED:84100007)				
ICF:169456190	Joints of head and neck region															(RO:0000091 some HP:0003306)|(RO:0002328 some ICF:248265067)				
ICF:1747603619	Lumbar vertebral column															(RO:0000091 some HP:0002650)|(RO:0000091 some HP:0002751)|(RO:0000091 some HP:0002808)|(RO:0000091 some HP:0003306)|(RO:0000091 some HP:0003307)				
ICF:1748092144	Stability of a single joint															(PROMOT:2000006 some SNOMED:84100007)				
ICF:1757783224	Mobility of several joints															(PROMOT:2000006 some SNOMED:84100007)				
ICF:1780196241	Heart rhythm															(PROMOT:2000006 some SNOMED:84100007)				
ICF:178625206	Thoracic cage															(RO:0000091 some HP:0000767)|(RO:0000091 some HP:0000768)|(RO:0000091 some HP:0000774)|(RO:0000091 some HP:0000886)|(RO:0000091 some HP:0001547)|(RO:0000091 some HP:6000327)				
ICF:1789365017	Power of isolated muscles and muscle groups															(PROMOT:2000006 some SNOMED:12894003)				
ICF:1794398084	Muscles of thigh															(RO:0000091 some HP:0003690)|(RO:0000091 some HP:0003694)|(RO:0000091 some HP:0003701)|(RO:0000091 some HP:0003731)|(RO:0000091 some HP:0007340)|(RO:0000091 some HP:0008994)|(RO:0000091 some HP:0009028)|(RO:0000091 some HP:0009073)|(RO:0000091 some HP:0012515)|(RO:0000091 some HP:0030200)|(RO:0000091 some HP:0033416)|(RO:0002328 some ICF:1789365017)|(RO:0002328 some ICF:1521707777)				
ICF:1806589582	Biting															(PROMOT:2000006 some SNOMED:84100007)|(RO:0002331 some ICF:1328675264)				
ICF:1828012543	Communication														Class	PROMOT:0110001|PROMOT:0120002				
ICF:1831985718	Vestibular function of balance															(PROMOT:2000006 some SNOMED:12894003)|(RO:0002331 some ICF:2048203604 )				
ICF:1834472768	Transportation of mucus															(PROMOT:2000006 some SNOMED:84100007)				
ICF:1846694084	Quality of voice															(PROMOT:2000006 some SNOMED:84100007)|(RO:0002331 some ICF:151046878)				
ICF:1851215071	Rolling over															(PROMOT:2000006 some SNOMED:84100007)				
ICF:1864074583	Energy level															(PROMOT:2000006 some SNOMED:84100007)				
ICF:1867012554	Muscles of upper arm															(RO:0000091 some HP:0003484)|(RO:0000091 some HP:0003690)|(RO:0000091 some HP:0003694)|(RO:0000091 some HP:0003701)|(RO:0000091 some HP:0008997)|(RO:0000091 some HP:0009028)|(RO:0000091 some HP:0009073)|(RO:0000091 some HP:0030200)|(RO:0000091 some HP:0031108)|(RO:0002328 some ICF:1789365017)|(RO:0002328 some ICF:1521707777)				
ICF:1874889854	Muscles of head and neck region															(RO:0000091 some HP:0000183)|(RO:0000091 some HP:0000467)|(RO:0000091 some HP:0000508)|(RO:0000091 some HP:0002015)|(RO:0000091 some HP:0002033)|(RO:0000091 some HP:0002058)|(RO:0000091 some HP:0002068)|(RO:0000091 some HP:0002483)|(RO:0000091 some HP:0003306)|(RO:0000091 some HP:0003722)|(RO:0000091 some HP:0005216)|(RO:0000091 some HP:0012473)|(RO:0000091 some HP:0030192)|(RO:0000091 some HP:0030193)|(RO:0000091 some HP:0030194)|(RO:0000091 some HP:0030195)|(RO:0000091 some HP:0030199)|(RO:0000091 some HP:0030319)|(RO:0000091 some HP:0031146)|(RO:0000091 some HP:0031162)|(RO:0000091 some HP:0200136)|(RO:0000091 some PROMOT:0032017)|(RO:0000091 some PROMOT:0032016)|(RO:0000091 some PROMOT:0032020)|(RO:0000091 some PROMOT:0032023)|(RO:0002328 some ICF:1789365017)|(RO:0002328 some ICF:1580195090)|(RO:0002328 some ICF:1521707777)|(RO:0002328 some ICF:1389818830)|(RO:0002328 some ICF:1174312718)|(RO:0002328 some ICF:1041382491)|(RO:0002328 some ICF:691689627)|(RO:0002328 some ICF:923782542)|(RO:0002328 some ICF:712570723)|(RO:0002328 some ICF:1806589582)|(RO:0002328 some ICF:2089171534)|(RO:0002328 some ICF:841397411)				
ICF:1896301954	Listening															(PROMOT:2000006 some SNOMED:84100007)				
ICF:1919311435	Articulation functions															(PROMOT:2000006 some SNOMED:84100007)|(RO:0002331 some ICF:151046878)				
ICF:1993770860	Going up and down stairs															(PROMOT:2000006 some SNOMED:12894003)				
ICF:2011053685	Learning and applying knowledge														Class	PROMOT:0110001|PROMOT:0120002				
ICF:2021370201	Functions of the eyelid															(PROMOT:2000006 some SNOMED:12894003)				
ICF:2022689055	Visual acuity functions															(PROMOT:2000006 some SNOMED:84100007)				
ICF:203515404	Pain (Body function)														Class					
ICF:2048203604	Mobility														Class	PROMOT:0110001				
ICF:2048203604	Mobility															(PROMOT:2000006 some SNOMED:12894003)				
ICF:2052957777	Expression of spoken language															(PROMOT:2000006 some SNOMED:84100007)|(RO:0002331 some ICF:151046878)				
ICF:2067741200	Testes and scrotum															(RO:0000091 some HP:0000028)|(RO:0002328 some ICF:859818654)				
ICF:2069371821	Rhythm of speech															(PROMOT:2000006 some SNOMED:84100007)|(RO:0002331 some ICF:151046878)				
ICF:2089171534	Sucking															(PROMOT:2000006 some SNOMED:84100007)|(RO:0002331 some ICF:1328675264)|(RO:0002331 some ICF:553784299)				
ICF:2090906765	Thermoregulatory functions															(PROMOT:2000006 some SNOMED:84100007)				
ICF:2100545361	Heart rate															(PROMOT:2000006 some SNOMED:84100007)				
ICF:213697684	Fluency and rhythm of speech functions															(PROMOT:2000006 some SNOMED:84100007)|(RO:0002331 some ICF:151046878)				
ICF:213893837	Bones															(RO:0000091 some HP:0000767)|(RO:0000091 some HP:0000768)|(RO:0000091 some HP:0000774)|(RO:0000091 some HP:0000886)|(RO:0000091 some HP:0001547)|(RO:0000091 some HP:0004322)|(RO:0000091 some HP:6000327)				
ICF:242704590	Functions of expelling the contents of the stomach, oesophagus or pharynx 															(PROMOT:2000006 some SNOMED:84100007)				
ICF:248265067	Mobility of joint functions															(PROMOT:2000006 some SNOMED:84100007)				
ICF:260756767	Tone of all muscles of the body															(PROMOT:2000006 some SNOMED:84100007)				
ICF:278512890	Muscles of shoulder region															(RO:0000091 some HP:0003325)|(RO:0000091 some HP:0003484)|(RO:0000091 some HP:0003547)|(RO:0000091 some HP:0003690)|(RO:0000091 some HP:0003691)|(RO:0000091 some HP:0003694)|(RO:0000091 some HP:0003701)|(RO:0000091 some HP:0008997)|(RO:0000091 some HP:0009028)|(RO:0000091 some HP:0009073)|(RO:0000091 some HP:0030200)|(RO:0002328 some ICF:1789365017)|(RO:0002328 some ICF:1521707777)				
ICF:294830867	Muscles of forearm															(RO:0000091 some HP:0002460)|(RO:0000091 some HP:0003484)|(RO:0000091 some HP:0003690)|(RO:0000091 some HP:0003810)|(RO:0000091 some HP:0008959)|(RO:0000091 some HP:0009028)|(RO:0000091 some HP:0009063)|(RO:0000091 some HP:0030198)|(RO:0002328 some ICF:1789365017)|(RO:0002328 some ICF:1521707777)				
ICF:299098423	Pain in head and neck															(PROMOT:2000006 some SNOMED:84100007)				
ICF:338611549	Muscles of lower leg															(RO:0000091 some HP:0002460)|(RO:0000091 some HP:0003690)|(RO:0000091 some HP:0003810)|(RO:0000091 some HP:0007340)|(RO:0000091 some HP:0008963)|(RO:0000091 some HP:0009028)|(RO:0000091 some HP:0009053)|(RO:0000091 some HP:0009063)|(RO:0000091 some HP:0011727)|(RO:0000091 some HP:0030198)|(RO:0002328 some ICF:1789365017)|(RO:0002328 some ICF:1521707777)				
ICF:374222990	Structure of palate															(RO:0000091 some HP:0000218)|(RO:0000091 some HP:0002705)				
ICF:405925948	External ocular muscles															(RO:0000091 some HP:0000486)|(RO:0000091 some HP:0000496)|(RO:0000091 some HP:0000508)|(RO:0000091 some HP:0000544)|(RO:0000091 some HP:0000597)|(RO:0000091 some HP:0000602)|(RO:0000091 some HP:0000651)|(RO:0000091 some HP:0007715)|(RO:0000091 some HP:0007838)|(RO:0000091 some HP:0007941)|(RO:0000091 some PROMOT:0032021)|(RO:0000091 some PROMOT:0032018)|(RO:0002328 some ICF:1789365017)|(RO:0002328 some ICF:1090716697)|(RO:0002328 some ICF:1521707777)|(RO:0002328 some ICF:2022689055)|(RO:0002328 some ICF:2021370201)				
ICF:409094401	Walking around obstacles															(PROMOT:2000006 some SNOMED:12894003)				
ICF:412494151	Running 															(PROMOT:2000006 some SNOMED:84100007)				
ICF:437219407	Anatomical localization														Class	BFO:0000019|(RO:0000080 some FMA:62955)				
ICF:446199613	Respiration functions															(PROMOT:2000006 some SNOMED:12894003)				
ICF:454325322	Pain in multiple body parts															(PROMOT:2000006 some SNOMED:84100007)				
ICF:462923277	Joints															(RO:0000091 some HP:0034392)|(RO:0000091 some HP:0001382)|(RO:0000091 some HP:0001387)|(RO:0000091 some HP:0002804)|(RO:0000091 some HP:0002828)|(RO:0002328 some ICF:1757783224)				
ICF:485719194	Maintaining a standing position															(PROMOT:2000006 some SNOMED:12894003)				
ICF:495844982	Muscles of respiration															(RO:0000091 some HP:0002093)|(RO:0000091 some HP:0002094)|(RO:0000091 some HP:0002098)|(RO:0000091 some HP:0002104)|(RO:0000091 some HP:0002643)|(RO:0000091 some HP:0002747)|(RO:0000091 some HP:0002878)|(RO:0000091 some HP:0002882)|(RO:0000091 some HP:0004347)|(RO:0000091 some HP:0004885)|(RO:0000091 some HP:0004887)|(RO:0000091 some HP:0004889)|(RO:0000091 some HP:0005949)|(RO:0000091 some HP:0012497)|(RO:0000091 some HP:0030196)|(RO:0000091 some HP:0032341)|(RO:0002328 some ICF:1360101629)|(RO:0002328 some ICF:1789365017)|(RO:0002328 some ICF:446199613)|(RO:0002328 some ICF:1521707777)|(RO:0002328 some ICF:744367503)				
ICF:524305529	Major life areas														Class	PROMOT:0120002				
ICF:539470158	Salivation															(PROMOT:2000006 some SNOMED:840297006)				
ICF:553784299	Drinking														Class	PROMOT:0110001				
ICF:555410497	Walking short distances															(PROMOT:2000006 some SNOMED:12894003)				
ICF:556694745	Power of muscles of the trunk															(PROMOT:2000006 some SNOMED:84100007)				
ICF:567313968	Body functions														Class	BFO:0000034				
ICF:576915490	Involuntary movement reaction functions															(PROMOT:2000006 some SNOMED:12894003)|(RO:0002331 some ICF:2048203604 )				
ICF:58064740	Muscles of trunk															(RO:0000091 some HP:0003306)|(RO:0000091 some HP:0003327)|(RO:0000091 some HP:0009023)|(RO:0000091 some PROMOT:0032019)|(RO:0002328 some ICF:1789365017)|(RO:0002328 some ICF:556694745)|(RO:0002328 some ICF:1521707777)|(RO:0002328 some ICF:841397411)				
ICF:608795582	Bones of face															(RO:0000091 some HP:0000276)|(RO:0000091 some HP:0002058)				
ICF:621727843	Sensation of muscle spasm 															(PROMOT:2000006 some SNOMED:84100007)				
ICF:623565657	Maintaining a sitting position															(PROMOT:2000006 some SNOMED:12894003)				
ICF:634949825	Structure of brain															(RO:0000091 some HP:0001249)|(RO:0002328 some ICF:1525383756)|(RO:0002328 some ICF:1363559646)				
ICF:644658903	Structures related to movement															(RO:0000091 some HP:0002141)|(RO:0002328 some ICF:576915490)				
ICF:682314871	Pain in back															(PROMOT:2000006 some SNOMED:84100007)				
ICF:68679181	Vestibular labyrinth															(RO:0000091 some HP:0002141)|(RO:0002328 some ICF:1831985718)				
ICF:691689627	Pharyngeal swallowing															(PROMOT:2000006 some (SNOMED:840297006 OR SNOMED:12894003))|(RO:0002331 some ICF:553784299)|(RO:0002331 some ICF:1328675264)				
ICF:712570723	Voice functions															(PROMOT:2000006 some SNOMED:84100007)|(RO:0002331 some ICF:151046878)				
ICF:723417607	Structure of trunk 															(RO:0000091 some HP:0000767)|(RO:0000091 some HP:0000768)|(RO:0000091 some HP:0000774)|(RO:0000091 some HP:0000886)|(RO:0000091 some HP:0001547)|(RO:0000091 some HP:6000327)				
ICF:744367503	Functions of the respiratory system															(PROMOT:2000006 some (SNOMED:840297006 OR SNOMED:12894003))				
ICF:75971722	Reception of spoken language															(PROMOT:2000006 some SNOMED:84100007)|(RO:0002331 some ICF:1896301954)				
ICF:793188683	Muscles of pelvic region															(RO:0000091 some HP:0003325)|(RO:0000091 some HP:0003690)|(RO:0000091 some HP:0003694)|(RO:0000091 some HP:0003701)|(RO:0000091 some HP:0003749)|(RO:0000091 some HP:0007340)|(RO:0000091 some HP:0008988)|(RO:0000091 some HP:0008994)|(RO:0000091 some HP:0009028)|(RO:0000091 some HP:0009073)|(RO:0000091 some HP:0030200)|(RO:0002328 some ICF:1789365017)|(RO:0002328 some ICF:1521707777)				
ICF:834607195	Heart 															(RO:0000091 some HP:0001627)|(RO:0000091 some HP:0001638)|(RO:0000091 some HP:0001713)|(RO:0000091 some HP:0030872)|(RO:0002328 some ICF:2100545361)|(RO:0002328 some ICF:1780196241)|(RO:0002328 some ICF:1399000785)				
ICF:834607195	Heart (Body structure)														Class					
ICF:841397411	Sensation of muscle stiffness															(PROMOT:2000006 some SNOMED:84100007)				
ICF:855039967	Sitting															(PROMOT:2000006 some SNOMED:12894003)				
ICF:859818654	Penis, testes and scrotum development															(PROMOT:2000006 some SNOMED:84100007)				
ICF:862003070	Bones of cranium															(RO:0000091 some HP:0000276)				
ICF:862066979	Weight maintenance functions															(PROMOT:2000006 some SNOMED:5880005)				
ICF:870135798	Lungs															(RO:0000091 some HP:0002093)|(RO:0000091 some HP:0002094)|(RO:0000091 some HP:0002098)|(RO:0000091 some HP:0002104)|(RO:0000091 some HP:0002643)|(RO:0000091 some HP:0002747)|(RO:0000091 some HP:0002878)|(RO:0000091 some HP:0002882)|(RO:0000091 some HP:0004347)|(RO:0000091 some HP:0004885)|(RO:0000091 some HP:0004887)|(RO:0000091 some HP:0004889)|(RO:0000091 some HP:0005949)|(RO:0000091 some HP:0032341)|(RO:0002328 some ICF:446199613)|(RO:0002328 some ICF:1470583183)				
ICF:893697482	Generalized pain															(PROMOT:2000006 some SNOMED:84100007)				
ICF:902262669	Extra-articular ligaments, fasciae, extramuscular aponeuroses, retinacula, septa, bursae, unspecified															(RO:0000091 some HP:0000767)|(RO:0000091 some HP:0000768)|(RO:0000091 some HP:0000774)|(RO:0000091 some HP:0000886)|(RO:0000091 some HP:0001547)|(RO:0000091 some HP:6000327)				
ICF:919003335	Crawling															(PROMOT:2000006 some SNOMED:84100007)				
ICF:923782542	Swallowing															(PROMOT:2000006 some (SNOMED:840297006 OR SNOMED:12894003))|(RO:0002331 some ICF:1328675264)|(RO:0002331 some ICF:553784299)				
ICF:982325691	Interpersonal interactions and relationships														Class	PROMOT:0120002				
NCBITaxon:9606	Homo sapiens														Class	NCIT:C14250|(RO:0000086 some NCIT:C25717)				
NCIT:C106551	Number of pregnancies						[PROMOT note] [Derived from EURO-NMD NMD-CDE] [number_of_preg]				[PROMOT note] [EURO-NMD] Atalia A et al., EURO-NMD registry: federated FAIR infrastructure, innovative technologies and concepts of a patient-centred registry for rare neuromuscular disorders. Orphanet J Rare Dis. 2024 Feb 14;19(1):66. doi: 10.1186/s13023-024-03059-3. PMID: 38355534; PMCID: PMC10865673.				Class	SNOMED:160476009|PROMOT:0010005				
NCIT:C106551	Number of pregnancies															(RO:0002350 some PROMOT:0010012)				
NCIT:C124436	Sex at birth					[PROMOT note] [Derived from RD-CDM] [2.2 Sex at birth] & [6.3.7 Family Member Sex]	[PROMOT note] [Derived from EURO-NMD NMD-CDE] [sex_at_birth]	[PROMOT note] [Derived from EU-CDE] [2.2. Sex]			[PROMOT note] [RD-CDM] Graefe, A.S.L., Hübner, M.R., Rehburg, F. et al. An ontology-based rare disease common data model harmonising international registries, FHIR, and Phenopackets. Sci Data 12, 234 (2025). https://doi.org/10.1038/s41597-025-04558-z|[PROMOT note] [EURO-NMD] Atalia A et al., EURO-NMD registry: federated FAIR infrastructure, innovative technologies and concepts of a patient-centred registry for rare neuromuscular disorders. Orphanet J Rare Dis. 2024 Feb 14;19(1):66. doi: 10.1186/s13023-024-03059-3. PMID: 38355534; PMCID: PMC10865673.|[PROMOT note] [EU-CDE] Set of Common Data Elements, EU RD Platform [Internet]. [cited 2026 Jun 17]. Available from: https://eu-rd-platform.jrc.ec.europa.eu/set-of-common-data-elements_en	http://snomed.info/id/281053000|LOINC:54123-5	[PROMOT note] The PROMOT ontology added a comment to quote the CDMs used as a source for this entity. A crossref to the orignal RD-CDM element from SNOMED and LOINC has also been added.		Class	SNOMED:363787002				
NCIT:C124436	Sex at birth															(RO:0002350 some PROMOT:0010009)				
NCIT:C135383	Age at death												[PROMOT note] The PROMOT ontology added a comment to quote the CDM used as a source for this entity.		Class	NCIT:C25150				
NCIT:C135383	Age at death															(RO:0002350 some PROMOT:0010009)				
NCIT:C14250	organism														Class	BFO:0000040				
NCIT:C156426	Year of death					[PROMOT note] [Derived from RD-CDM] [3.2 Time of Death] 					[PROMOT note] [RD-CDM] Graefe, A.S.L., Hübner, M.R., Rehburg, F. et al. An ontology-based rare disease common data model harmonising international registries, FHIR, and Phenopackets. Sci Data 12, 234 (2025). https://doi.org/10.1038/s41597-025-04558-z		[PROMOT note] The PROMOT ontology added a comment to quote the CDM used as a source for this entity.		Class	PROMOT:0010007				
NCIT:C156426	Year of death															(RO:0002350 some PROMOT:0010009)				
NCIT:C158277	Gender Identity															(RO:0002350 some PROMOT:0010012)				
NCIT:C158277	Gender identity					[PROMOT note] [Derived from RD-CDM] [2.4 Gender Identity] 					[PROMOT note] [RD-CDM] Graefe, A.S.L., Hübner, M.R., Rehburg, F. et al. An ontology-based rare disease common data model harmonising international registries, FHIR, and Phenopackets. Sci Data 12, 234 (2025). https://doi.org/10.1038/s41597-025-04558-z	http://snomed.info/id/263495000	[PROMOT note] The PROMOT ontology added a comment to quote the CDM used as a source for this entity. A crossref to the orignal element has also been added.		Class	SNOMED:302147001				
NCIT:C16960	patient														Class	NCBITaxon:9606|(PROMOT:2000003 some SO:0001060)|(RO:0002200 some HP:0000118)|(PROMOT:2000004 exactly 1 IAO:0020000)				
NCIT:C178992	Date of resolution					[PROMOT note] [Derived from RD-CDM] [6.2.4 Resolution Date] 					[PROMOT note] [RD-CDM] Graefe, A.S.L., Hübner, M.R., Rehburg, F. et al. An ontology-based rare disease common data model harmonising international registries, FHIR, and Phenopackets. Sci Data 12, 234 (2025). https://doi.org/10.1038/s41597-025-04558-z	HP:0034382	[PROMOT note] The PROMOT ontology added a comment to quote the CDM used as a source for this entity. A crossref to the orignal element has also been added.		Class	NCIT:C25164				
NCIT:C178992	Date of resolution															(RO:0002350 some PROMOT:0010010)				
NCIT:C185193	Not Recorded														Class	NCIT:C47944				
NCIT:C205466	Female Gender Identity					[PROMOT note] [Derived from RD-CDM] [2.4 Gender Identity] 					[PROMOT note] [RD-CDM] Graefe, A.S.L., Hübner, M.R., Rehburg, F. et al. An ontology-based rare disease common data model harmonising international registries, FHIR, and Phenopackets. Sci Data 12, 234 (2025). https://doi.org/10.1038/s41597-025-04558-z	http://snomed.info/id/446141000124107	[PROMOT note] The PROMOT ontology added a comment to quote the CDM used as a source for this entity. A crossref to the orignal element has also been added.		Class					
NCIT:C205467	Male Gender Identity					[PROMOT note] [Derived from RD-CDM] [2.4 Gender Identity] 					[PROMOT note] [RD-CDM] Graefe, A.S.L., Hübner, M.R., Rehburg, F. et al. An ontology-based rare disease common data model harmonising international registries, FHIR, and Phenopackets. Sci Data 12, 234 (2025). https://doi.org/10.1038/s41597-025-04558-z	http://snomed.info/id/446151000124109	[PROMOT note] The PROMOT ontology added a comment to quote the CDM used as a source for this entity. A crossref to the orignal element has also been added.		Class					
NCIT:C205468	Non-Binary Gender Identity					[PROMOT note] [Derived from RD-CDM] [2.4 Gender Identity] 					[PROMOT note] [RD-CDM] Graefe, A.S.L., Hübner, M.R., Rehburg, F. et al. An ontology-based rare disease common data model harmonising international registries, FHIR, and Phenopackets. Sci Data 12, 234 (2025). https://doi.org/10.1038/s41597-025-04558-z	http://snomed.info/id/33791000087105	[PROMOT note] The PROMOT ontology added a comment to quote the CDM used as a source for this entity. A crossref to the orignal element has also been added.		Class					
NCIT:C205473	Assigned Male at Birth					[PROMOT note] [Derived from RD-CDM] [2.2 Sex at birth] 	[PROMOT note] [Derived from EURO-NMD NMD-CDE] [sex_at_birth]	[PROMOT note] [Derived from EU-CDE] [2.2. Sex] [Male]			[PROMOT note] [RD-CDM] Graefe, A.S.L., Hübner, M.R., Rehburg, F. et al. An ontology-based rare disease common data model harmonising international registries, FHIR, and Phenopackets. Sci Data 12, 234 (2025). https://doi.org/10.1038/s41597-025-04558-z|[PROMOT note] [EURO-NMD] Atalia A et al., EURO-NMD registry: federated FAIR infrastructure, innovative technologies and concepts of a patient-centred registry for rare neuromuscular disorders. Orphanet J Rare Dis. 2024 Feb 14;19(1):66. doi: 10.1186/s13023-024-03059-3. PMID: 38355534; PMCID: PMC10865673.|[PROMOT note] [EU-CDE] Set of Common Data Elements, EU RD Platform [Internet]. [cited 2026 Jun 17]. Available from: https://eu-rd-platform.jrc.ec.europa.eu/set-of-common-data-elements_en	http://snomed.info/id/248153007	[PROMOT note] The PROMOT ontology added a comment to quote the CDM used as a source for this entity. A crossref to the orignal element has also been added.		Class					
NCIT:C205474	Assigned Female at Birth					[PROMOT note] [Derived from RD-CDM] [2.2 Sex at birth] 	[PROMOT note] [Derived from EURO-NMD NMD-CDE] [sex_at_birth]	[PROMOT note] [Derived from EU-CDE] [2.2. Sex] [Female]			[PROMOT note] [RD-CDM] Graefe, A.S.L., Hübner, M.R., Rehburg, F. et al. An ontology-based rare disease common data model harmonising international registries, FHIR, and Phenopackets. Sci Data 12, 234 (2025). https://doi.org/10.1038/s41597-025-04558-z|[PROMOT note] [EURO-NMD] Atalia A et al., EURO-NMD registry: federated FAIR infrastructure, innovative technologies and concepts of a patient-centred registry for rare neuromuscular disorders. Orphanet J Rare Dis. 2024 Feb 14;19(1):66. doi: 10.1186/s13023-024-03059-3. PMID: 38355534; PMCID: PMC10865673.|[PROMOT note] [EU-CDE] Set of Common Data Elements, EU RD Platform [Internet]. [cited 2026 Jun 17]. Available from: https://eu-rd-platform.jrc.ec.europa.eu/set-of-common-data-elements_en	http://snomed.info/id/248152002	[PROMOT note] The PROMOT ontology added a comment to quote the CDMs used as a source for this entity. A crossref to the orignal RD-CDM element has also been added.		Class					
NCIT:C20587	Age Category															(RO:0002350 some PROMOT:0010009)				
NCIT:C20587	Age Related Group					[PROMOT note] [Derived from RD-CDM] [3.4 Age Category] 			HP:0003674		[PROMOT note] [RD-CDM] Graefe, A.S.L., Hübner, M.R., Rehburg, F. et al. An ontology-based rare disease common data model harmonising international registries, FHIR, and Phenopackets. Sci Data 12, 234 (2025). https://doi.org/10.1038/s41597-025-04558-z	http://snomed.info/id/105727008	[PROMOT note] The PROMOT ontology added a comment to quote the CDMs used as a source for this entity. A crossref to the orignal RD-CDM element has also been added.		Class	SNOMED:363787002				
NCIT:C210821	Year of diagnosis					[PROMOT note] [Derived from RD-CDM] [5.6 Date of Diagnosis] 					[PROMOT note] [RD-CDM] Graefe, A.S.L., Hübner, M.R., Rehburg, F. et al. An ontology-based rare disease common data model harmonising international registries, FHIR, and Phenopackets. Sci Data 12, 234 (2025). https://doi.org/10.1038/s41597-025-04558-z		[PROMOT note] The PROMOT ontology added a comment to quote the CDM used as a source for this entity.		Class	NCIT:C25164				
NCIT:C210821	Year of diagnosis															(RO:0002350 some PROMOT:0010012)				
NCIT:C25150	Age					[PROMOT note] [Derived from RD-CDM] [6.3.8 Family Member Age] 					[PROMOT note] [RD-CDM] Graefe, A.S.L., Hübner, M.R., Rehburg, F. et al. An ontology-based rare disease common data model harmonising international registries, FHIR, and Phenopackets. Sci Data 12, 234 (2025). https://doi.org/10.1038/s41597-025-04558-z	LOINC:54141-7	[PROMOT note] The PROMOT ontology added a comment to quote the CDM used as a source for this entity. A crossref to the orignal RD-CDM element from LOINC has also been added.		Class	SNOMED:363787002|PROMOT:0010005|PROMOT:0010001				
NCIT:C25150	Age															(RO:0002350 some PROMOT:0010009)				
NCIT:C25164	Date														Class	SNOMED:363787002				
NCIT:C25626	Present					[PROMOT note] [Derived from RD-CDM] [6.2.2 Status] 					[PROMOT note] [RD-CDM] Graefe, A.S.L., Hübner, M.R., Rehburg, F. et al. An ontology-based rare disease common data model harmonising international registries, FHIR, and Phenopackets. Sci Data 12, 234 (2025). https://doi.org/10.1038/s41597-025-04558-z|[PROMOT note] [EURO-NMD] Atalia A et al., EURO-NMD registry: federated FAIR infrastructure, innovative technologies and concepts of a patient-centred registry for rare neuromuscular disorders. Orphanet J Rare Dis. 2024 Feb 14;19(1):66. doi: 10.1186/s13023-024-03059-3. PMID: 38355534; PMCID: PMC10865673.	http://snomed.info/id/410605003	[PROMOT note] The PROMOT ontology added a comment to quote the CDM used as a source for this entity. A crossref to the orignal element has also been added.		Class	PROMOT:0031007				
NCIT:C25717	Vital status					[PROMOT note] [Derived from RD-CDM] [3.1 Vital Status] & [6.3.10 Family Member Deceased]	[PROMOT note] [Derived from EU-CDE] [3.1. Patient’s status]				[PROMOT note] [RD-CDM] Graefe, A.S.L., Hübner, M.R., Rehburg, F. et al. An ontology-based rare disease common data model harmonising international registries, FHIR, and Phenopackets. Sci Data 12, 234 (2025). https://doi.org/10.1038/s41597-025-04558-z	http://snomed.info/id/278844005|http://snomed.info/id/740604001	[PROMOT note] The PROMOT ontology added a comment to quote the CDM used as a source for this entity. A crossref to the orignal element has also been added.		Class	BFO:0000019|(RO:0000080 some NCIT:C14250)				
NCIT:C37987	Alive					[PROMOT note] [Derived from RD-CDM] [3.1 Vital Status] & [6.3.10 Family Member Deceased]	[PROMOT note] [Derived from EU-CDE] [3.1. Patient’s status] [Alive]				[PROMOT note] [RD-CDM] Graefe, A.S.L., Hübner, M.R., Rehburg, F. et al. An ontology-based rare disease common data model harmonising international registries, FHIR, and Phenopackets. Sci Data 12, 234 (2025). https://doi.org/10.1038/s41597-025-04558-z	http://snomed.info/id/438949009	[PROMOT note] The PROMOT ontology added a comment to quote the CDM used as a source for this entity. A crossref to the orignal element has also been added.		Class					
NCIT:C45908	Intersex					[PROMOT note] [Derived from RD-CDM] [2.2 Sex at birth] 					[PROMOT note] [RD-CDM] Graefe, A.S.L., Hübner, M.R., Rehburg, F. et al. An ontology-based rare disease common data model harmonising international registries, FHIR, and Phenopackets. Sci Data 12, 234 (2025). https://doi.org/10.1038/s41597-025-04558-z	http://snomed.info/id/32570691000036100	[PROMOT note] The PROMOT ontology added a comment to quote the CDM used as a source for this entity. A crossref to the orignal RD-CDM element has also been added.		Class					
NCIT:C47944	Uncertain														Class	PROMOT:0031007				
NCIT:C48190	Absent					[PROMOT note] [Derived from RD-CDM] [6.2.2 Status] 					[PROMOT note] [RD-CDM] Graefe, A.S.L., Hübner, M.R., Rehburg, F. et al. An ontology-based rare disease common data model harmonising international registries, FHIR, and Phenopackets. Sci Data 12, 234 (2025). https://doi.org/10.1038/s41597-025-04558-z|[PROMOT note] [EURO-NMD] Atalia A et al., EURO-NMD registry: federated FAIR infrastructure, innovative technologies and concepts of a patient-centred registry for rare neuromuscular disorders. Orphanet J Rare Dis. 2024 Feb 14;19(1):66. doi: 10.1186/s13023-024-03059-3. PMID: 38355534; PMCID: PMC10865673.	http://snomed.info/id/723511001	[PROMOT note] The PROMOT ontology added a comment to quote the CDM used as a source for this entity. A crossref to the orignal element has also been added.		Class	PROMOT:0031007				
NCIT:C49154	statement														Class	IAO:0000030|(RO:0002351 some IAO:0000030)				
NCIT:C83164	Birth Year					[PROMOT note] [Derived from RD-CDM] [2.1 Date of birth]					[PROMOT note] [RD-CDM] Graefe, A.S.L., Hübner, M.R., Rehburg, F. et al. An ontology-based rare disease common data model harmonising international registries, FHIR, and Phenopackets. Sci Data 12, 234 (2025). https://doi.org/10.1038/s41597-025-04558-z		[PROMOT note] The PROMOT ontology added a comment to quote the CDM used as a source for this entity.		Class	NCIT:C25164|PROMOT:0010007				
NCIT:C83164	Birth Year															(RO:0002350 some PROMOT:0010009)				
NCIT:C90387	Found Dead					[PROMOT note] [Derived from RD-CDM] [3.1 Vital Status] & [6.3.10 Family Member Deceased]	[PROMOT note] [Derived from EU-CDE] [3.1. Patient’s status] [Dead]				[PROMOT note] [RD-CDM] Graefe, A.S.L., Hübner, M.R., Rehburg, F. et al. An ontology-based rare disease common data model harmonising international registries, FHIR, and Phenopackets. Sci Data 12, 234 (2025). https://doi.org/10.1038/s41597-025-04558-z	http://snomed.info/id/419099009			Class					
NCIT:C93511	Assessment date					[PROMOT note] [Derived from RD-CDM] [6.2.3 Determination Date] 	[PROMOT note] [Derived from EURO-NMD NMD-CDE] ?		http://snomed.info/id/439272007|http://snomed.info/id/704321009|http://snomed.info/id/363778006		[PROMOT note] [RD-CDM] Graefe, A.S.L., Hübner, M.R., Rehburg, F. et al. An ontology-based rare disease common data model harmonising international registries, FHIR, and Phenopackets. Sci Data 12, 234 (2025). https://doi.org/10.1038/s41597-025-04558-z|[PROMOT note] [EURO-NMD] Atalia A et al., EURO-NMD registry: federated FAIR infrastructure, innovative technologies and concepts of a patient-centred registry for rare neuromuscular disorders. Orphanet J Rare Dis. 2024 Feb 14;19(1):66. doi: 10.1186/s13023-024-03059-3. PMID: 38355534; PMCID: PMC10865673.		[PROMOT note] The PROMOT ontology added a comment to quote the CDMs used as a source for this entity. A SeeAlso comment to the orignal RD-CDM elements has also been added.		Class	NCIT:C25164				
NCIT:C93511	Assessment date															(RO:0002350 some PROMOT:0010010)				
NCIT:C93579	Date of consent					[PROMOT note] [Derived from RD-CDM] [7.2 Consent Date] 	[PROMOT note] [Derived from EURO-NMD NMD-CDE] [date_of_consent]				[PROMOT note] [RD-CDM] Graefe, A.S.L., Hübner, M.R., Rehburg, F. et al. An ontology-based rare disease common data model harmonising international registries, FHIR, and Phenopackets. Sci Data 12, 234 (2025). https://doi.org/10.1038/s41597-025-04558-z|[PROMOT note] [EURO-NMD] Atalia A et al., EURO-NMD registry: federated FAIR infrastructure, innovative technologies and concepts of a patient-centred registry for rare neuromuscular disorders. Orphanet J Rare Dis. 2024 Feb 14;19(1):66. doi: 10.1186/s13023-024-03059-3. PMID: 38355534; PMCID: PMC10865673.		[PROMOT note] The PROMOT ontology added a comment to quote the CDM. The original element is onsent.datetime from HL7 FHIR.		Class	NCIT:C25164				
NCIT:C93579	Date of consent															(RO:0002350 some PROMOT:0010008)				
NCIT:C99800	Year of onset					[PROMOT note] [Derived from RD-CDM] [5.4 Date of Onset]					[PROMOT note] [RD-CDM] Graefe, A.S.L., Hübner, M.R., Rehburg, F. et al. An ontology-based rare disease common data model harmonising international registries, FHIR, and Phenopackets. Sci Data 12, 234 (2025). https://doi.org/10.1038/s41597-025-04558-z		[PROMOT note] The PROMOT ontology added a comment to quote the CDM used as a source for this entity.		Class	NCIT:C25164|PROMOT:0010007				
NCIT:C99800	Year of onset														Class	NCIT:C25164				
NCIT:C99800	Year of onset															(RO:0002350 some PROMOT:0010010)				
ORDO:270	Oculopharyngeal muscular dystrophy															(RO:0004003  some PROMOT:0000001)|(RO:0004029 some HP:0003458)|(RO:0004029 some HP:0012497)|(RO:0004029 some HP:0005216)|(RO:0004029 some HP:0030842)|(RO:0004029 some HP:0031146)|(RO:0004029 some HP:0032043)|(RO:0004029 some HP:0031162)|(RO:0004029 some HP:0012735)|(RO:0004029 some HP:0033466)|(RO:0004029 some HP:0008988)|(RO:0004029 some HP:0001260)|(RO:0004029 some HP:0001611)|(RO:0004029 some HP:0003236)|(RO:0004029 some HP:0007838)|(RO:0004029 some HP:0011968)|(RO:0004029 some HP:0012473)|(RO:0004029 some HP:0000467)|(RO:0004029 some HP:0002460)|(RO:0004029 some HP:0003325)|(RO:0004029 some HP:0003327)|(RO:0004029 some HP:0003690)|(RO:0004029 some HP:0003701)|(RO:0004029 some HP:0030319)|(RO:0004029 some HP:0000508)|(RO:0004029 some HP:0000602)|(RO:0004029 some HP:0001288)|(RO:0004029 some HP:0001618)|(RO:0004029 some HP:0012378)|(RO:0004029 some HP:0012531)|(RO:0004029 some HP:0002015)|(RO:0004029 some HP:0001324)|(RO:0004029 some HP:0003551)|(RO:0004029 some HP:0004878)|(RO:0004029 some HP:0007715)|(RO:0004029 some HP:0009023)|(RO:0004029 some HP:0009063)|(RO:0004029 some HP:0009073)|(RO:0004029 some HP:0033235)|(RO:0004029 some HP:0003722)|(RO:0004029 some HP:0003484)|(RO:0004029 some HP:0003323)|(RO:0004029 some HP:0002172)|(RO:0004029 some HP:0002317)|(RO:0004029 some HP:0000597)|(RO:0004029 some HP:0002141)|(RO:0004029 some HP:0003392)|(RO:0004029 some HP:0003427)|(RO:0004029 some HP:0003547)|(RO:0004029 some HP:0003731)|(RO:0004029 some HP:0003749)|(RO:0004029 some HP:0007340)|(RO:0004029 some HP:0008959)|(RO:0004029 some HP:0008963)|(RO:0004029 some HP:0008997)|(RO:0004029 some HP:0008994)|(RO:0004029 some HP:0009005)|(RO:0004029 some HP:0009027)|(RO:0004029 some HP:0009053)|(RO:0004029 some HP:0009077)|(RO:0004029 some HP:0011727)|(RO:0004029 some HP:0012515)|(RO:0004029 some HP:0030237)|(RO:0004029 some HP:0031108)|(RO:0004029 some HP:0031177)|(RO:0004029 some HP:0031374)|(RO:0004029 some HP:0033416)|(RO:0004029 some HP:0000183)|(RO:0004029 some HP:0000544)|(RO:0004029 some HP:0000651)|(RO:0004029 some HP:0002094)|(RO:0004029 some HP:0002098)|(RO:0004029 some HP:0033667)|(RO:0004029 some HP:6001011)|(RO:0004029 some HP:0002747)|(RO:0004029 some HP:0002093)|(RO:0004029 some HP:0001609)|(RO:0004029 some HP:0004347)|(RO:0004029 some HP:0032341)|(RO:0004029 some HP:0002068)|(RO:0004029 some HP:0200136)|(RO:0004029 some HP:0033666)|(RO:0004029 some HP:0031058)|(RO:0004029 some HP:0033695)|(RO:0004029 some PROMOT:0032022)|(RO:0004029 some PROMOT:0032013)|(RO:0004029 some PROMOT:0032014)|(RO:0004029 some PROMOT:0032004)|(RO:0004029 some PROMOT:0032017)|(RO:0004029 some PROMOT:0032016)|(RO:0004029 some PROMOT:0032023)|(RO:0004029 some HP:0032355)|(RO:0004029 some PROMOT:0032012)|(RO:0004029 some PROMOT:0032009)|(RO:0004029 some PROMOT:0032010)|(RO:0004029 some PROMOT:0032011)|(RO:0004029 some PROMOT:0032006)|(RO:0004029 some PROMOT:0032007)|(RO:0004029 some PROMOT:0032008)				
ORDO:377788	Disease					[PROMOT note] [Derived from RD-CDM] [5.1 Disease]	[PROMOT note] [Present in EURO-NMD NMD-CDE] [disease_group]	[PROMOT note] [Derived from EU-CDE] [6.1. Diagnosis of the rare disease]			[PROMOT note] [RD-CDM] Graefe, A.S.L., Hübner, M.R., Rehburg, F. et al. An ontology-based rare disease common data model harmonising international registries, FHIR, and Phenopackets. Sci Data 12, 234 (2025). https://doi.org/10.1038/s41597-025-04558-z|[PROMOT note] [EURO-NMD] Atalia A et al., EURO-NMD registry: federated FAIR infrastructure, innovative technologies and concepts of a patient-centred registry for rare neuromuscular disorders. Orphanet J Rare Dis. 2024 Feb 14;19(1):66. doi: 10.1186/s13023-024-03059-3. PMID: 38355534; PMCID: PMC10865673.|[PROMOT note] [EU-CDE] Set of Common Data Elements, EU RD Platform [Internet]. [cited 2026 Jun 17]. Available from: https://eu-rd-platform.jrc.ec.europa.eu/set-of-common-data-elements_en	http://snomed.info/id/64572001	[PROMOT note] The PROMOT ontology added a comment to quote the CDMs used as a source for this entity. A crossref to the orignal RD-CDM element has also been added.		Class	PROMOT:0032001|(RO:0004029 some HP:0000118)|(RO:0004003 some SO:0001060)|(RO:0000086 some HP:0000005)				
ORDO:590	Congenital myasthenic syndrom															(RO:0004003  some PROMOT:0000002)|(RO:0004029 some HP:0000218)|(RO:0004029 some HP:0000467)|(RO:0004029 some HP:0000496)|(RO:0004029 some HP:0000508)|(RO:0004029 some HP:0000544)|(RO:0004029 some HP:0000597)|(RO:0004029 some HP:0000602)|(RO:0004029 some HP:0000651)|(RO:0004029 some HP:0001249)|(RO:0004029 some HP:0001252)|(RO:0004029 some HP:0001265)|(RO:0004029 some HP:0001270)|(RO:0004029 some HP:0001284)|(RO:0004029 some HP:0001288)|(RO:0004029 some HP:0001315)|(RO:0004029 some HP:0001319)|(RO:0004029 some HP:0001324)|(RO:0004029 some HP:0001558)|(RO:0004029 some HP:0001609)|(RO:0004029 some HP:0001612)|(RO:0004029 some HP:0001618)|(RO:0004029 some HP:0002015)|(RO:0004029 some HP:0002033)|(RO:0004029 some HP:0002068)|(RO:0004029 some HP:0002093)|(RO:0004029 some HP:0002098)|(RO:0004029 some HP:0002104)|(RO:0004029 some HP:0002359)|(RO:0004029 some HP:0002460)|(RO:0004029 some HP:0002483)|(RO:0004029 some HP:0002505)|(RO:0004029 some HP:0002515)|(RO:0004029 some HP:0002522)|(RO:0004029 some HP:0002540)|(RO:0004029 some HP:0002600)|(RO:0004029 some HP:0002643)|(RO:0004029 some HP:0002650)|(RO:0004029 some HP:0002747)|(RO:0004029 some HP:0002804)|(RO:0004029 some HP:0002751)|(RO:0004029 some HP:0002828)|(RO:0004029 some HP:0002878)|(RO:0004029 some HP:0002882)|(RO:0004029 some HP:0003236)|(RO:0004029 some HP:0003307)|(RO:0004029 some HP:0003323)|(RO:0004029 some HP:0003325)|(RO:0004029 some HP:0003326)|(RO:0004029 some HP:0003327)|(RO:0004029 some HP:0003391)|(RO:0004029 some HP:0003392)|(RO:0004029 some HP:0003394)|(RO:0004029 some HP:0003398)|(RO:0004029 some HP:0003403)|(RO:0004029 some HP:0003427)|(RO:0004029 some HP:0003445)|(RO:0004029 some HP:0003458)|(RO:0004029 some HP:0003473)|(RO:0004029 some HP:0003484)|(RO:0004029 some HP:0003547)|(RO:0004029 some HP:0003690)|(RO:0004029 some HP:0003694)|(RO:0004029 some HP:0003701)|(RO:0004029 some HP:0003722)|(RO:0004029 some HP:0003731)|(RO:0004029 some HP:0003749)|(RO:0004029 some HP:0003810)|(RO:0004029 some HP:0004347)|(RO:0004029 some HP:0004878)|(RO:0004029 some HP:0004885)|(RO:0004029 some HP:0004887)|(RO:0004029 some HP:0004889)|(RO:0004029 some HP:0005216)|(RO:0004029 some HP:0005949)|(RO:0004029 some HP:0007340)|(RO:0004029 some HP:0007695)|(RO:0004029 some HP:0007715)|(RO:0004029 some HP:0007941)|(RO:0004029 some HP:0008180)|(RO:0004029 some HP:0008872)|(RO:0004029 some HP:0008959)|(RO:0004029 some HP:0008963)|(RO:0004029 some HP:0008994)|(RO:0004029 some HP:0008997)|(RO:0004029 some HP:0009005)|(RO:0004029 some HP:0009023)|(RO:0004029 some HP:0009027)|(RO:0004029 some HP:0009028)|(RO:0004029 some HP:0009046)|(RO:0004029 some HP:0009053)|(RO:0004029 some HP:0009063)|(RO:0004029 some HP:0009073)|(RO:0004029 some HP:0009077)|(RO:0004029 some HP:0011471)|(RO:0004029 some HP:0011727)|(RO:0004029 some HP:0011968)|(RO:0004029 some HP:0012515)|(RO:0004029 some HP:0012531)|(RO:0004029 some HP:0030000)|(RO:0004029 some HP:0030006)|(RO:0004029 some HP:0030192)|(RO:0004029 some HP:0030193)|(RO:0004029 some HP:0030194)|(RO:0004029 some HP:0030195)|(RO:0004029 some HP:0030196)|(RO:0004029 some HP:0030197)|(RO:0004029 some HP:0030198)|(RO:0004029 some HP:0030199)|(RO:0004029 some HP:0030200)|(RO:0004029 some HP:0030202)|(RO:0004029 some HP:0030203)|(RO:0004029 some HP:0030205)|(RO:0004029 some HP:0030211)|(RO:0004029 some HP:0030237)|(RO:0004029 some HP:0030319)|(RO:0004029 some HP:0031058)|(RO:0004029 some HP:0031108)|(RO:0004029 some HP:0031177)|(RO:0004029 some HP:0031374)|(RO:0004029 some HP:0031826)|(RO:0004029 some HP:0031936)|(RO:0004029 some HP:0032341)|(RO:0004029 some HP:0033416)|(RO:0004029 some HP:0033454)|(RO:0004029 some HP:0033580)|(RO:0004029 some HP:0033695)|(RO:0004029 some HP:0040081)|(RO:0004029 some HP:0200136)|(RO:0004029 some PROMOT:0032015)|(RO:0004029 some PROMOT:0032020)|(RO:0004029 some PROMOT:0032021)|(RO:0004029 some PROMOT:0032019)|(RO:0004029 some PROMOT:0032023)|(RO:0004029 some PROMOT:0032018)				
ORDO:97245	Congenital myopathy					[PROMOT note] [Derived from RD-CDM] [5.1 Disease]	[PROMOT note] [Present in EURO-NMD NMD-CDE] [disease_group]	[PROMOT note] [Derived from EU-CDE] [6.1. Diagnosis of the rare disease]			[PROMOT note] [RD-CDM] Graefe, A.S.L., Hübner, M.R., Rehburg, F. et al. An ontology-based rare disease common data model harmonising international registries, FHIR, and Phenopackets. Sci Data 12, 234 (2025). https://doi.org/10.1038/s41597-025-04558-z|[PROMOT note] [EURO-NMD] Atalia A et al., EURO-NMD registry: federated FAIR infrastructure, innovative technologies and concepts of a patient-centred registry for rare neuromuscular disorders. Orphanet J Rare Dis. 2024 Feb 14;19(1):66. doi: 10.1186/s13023-024-03059-3. PMID: 38355534; PMCID: PMC10865673.|[PROMOT note] [EU-CDE] Set of Common Data Elements, EU RD Platform [Internet]. [cited 2026 Jun 17]. Available from: https://eu-rd-platform.jrc.ec.europa.eu/set-of-common-data-elements_en		[PROMOT note] The PROMOT ontology added a comment to quote the CDMs used as a source for this entity.		Class	PROMOT:0032001|(RO:0004029 some HP:0000118)|(RO:0004003 some SO:0001060)|(RO:0000086 some HP:0000005)				
ORDO:97245	Congenital myopathy															(RO:0004003  some PROMOT:0000003)|(RO:0004029 some HP:0009023)|(RO:0004029 some HP:0001713)|(RO:0004029 some HP:0030872)|(RO:0004029 some HP:0040081)|(RO:0004029 some HP:0001627)|(RO:0004029 some HP:0031826)|(RO:0004029 some HP:0001547)|(RO:0004029 some HP:0003398)|(RO:0004029 some HP:0000496)|(RO:0004029 some HP:0031374)|(RO:0004029 some HP:0002104)|(RO:0004029 some HP:0005949)|(RO:0004029 some HP:0001284)|(RO:0004029 some HP:0002522)|(RO:0004029 some HP:0002804)|(RO:0004029 some HP:0003327)|(RO:0004029 some HP:0002483)|(RO:0004029 some HP:0001638)|(RO:0004029 some HP:0001374)|(RO:0004029 some HP:0000028)|(RO:0004029 some HP:0004325)|(RO:0004029 some HP:0001558)|(RO:0004029 some HP:0000886)|(RO:0004029 some HP:0031936)|(RO:0004029 some HP:0025156)|(RO:0004029 some HP:0033994)|(RO:0004029 some HP:0009046)|(RO:0004029 some HP:0009053)|(RO:0004029 some HP:0002460)|(RO:0004029 some HP:0008959)|(RO:0004029 some HP:0002015)|(RO:0004029 some HP:0001618)|(RO:0004029 some HP:0003236)|(RO:0004029 some HP:0030000)|(RO:0004029 some HP:0003457)|(RO:0004029 some HP:0003403)|(RO:0004029 some HP:0003458)|(RO:0004029 some HP:0003445)|(RO:0004029 some HP:0004885)|(RO:0004029 some HP:0000544)|(RO:0004029 some HP:0003473)|(RO:0004029 some PROMOT:0032019)|(RO:0004029 some HP:0030192)|(RO:0004029 some HP:0030193)|(RO:0004029 some HP:0030198)|(RO:0004029 some PROMOT:0032020)|(RO:0004029 some HP:0030199)|(RO:0004029 some HP:0030196)|(RO:0004029 some HP:0030197)|(RO:0004029 some HP:0030194)|(RO:0004029 some HP:0030195)|(RO:0004029 some PROMOT:0032021)|(RO:0004029 some HP:0030200)|(RO:0004029 some HP:0011968)|(RO:0004029 some HP:0008872)|(RO:0004029 some HP:0001989)|(RO:0004029 some HP:0031177)|(RO:0004029 some HP:0003392)|(RO:0004029 some HP:0009027)|(RO:0004029 some HP:0002359)|(RO:0004029 some HP:0001288)|(RO:0004029 some HP:0030884)|(RO:0004029 some HP:0011471)|(RO:0004029 some HP:0009028)|(RO:0004029 some HP:0003391)|(RO:0004029 some HP:0030237)|(RO:0004029 some HP:0000218)|(RO:0004029 some HP:0002705)|(RO:0004029 some HP:0033416)|(RO:0004029 some HP:0012515)|(RO:0004029 some HP:0001609)|(RO:0004029 some HP:0003307)|(RO:0004029 some HP:0001265)|(RO:0004029 some HP:0002600)|(RO:0004029 some HP:0001252)|(RO:0004029 some HP:0031063)|(RO:0004029 some HP:0005216)|(RO:0004029 some HP:0031058)|(RO:0004029 some HP:0002540)|(RO:0004029 some HP:0001249)|(RO:0004029 some HP:0004878)|(RO:0004029 some HP:0004889)|(RO:0004029 some HP:0034392)|(RO:0004029 some HP:0001382)|(RO:0004029 some HP:0001387)|(RO:0004029 some HP:0002751)|(RO:0004029 some HP:0002808)|(RO:0004029 some HP:0003810)|(RO:0004029 some HP:0003694)|(RO:0004029 some HP:0003690)|(RO:0004029 some HP:0003325)|(RO:0004029 some HP:0007941)|(RO:0004029 some HP:0000276)|(RO:0004029 some HP:0002505)|(RO:0004029 some HP:0007340)|(RO:0004029 some HP:0002047)|(RO:0004029 some HP:0008180)|(RO:0004029 some HP:0001270)|(RO:0004029 some HP:0002828)|(RO:0004029 some HP:0003552)|(RO:0004029 some HP:0001324)|(RO:0004029 some HP:0002058)|(RO:0004029 some HP:0000774)|(RO:0004029 some HP:0040288)|(RO:0004029 some HP:0011470)|(RO:0004029 some HP:0003722)|(RO:0004029 some HP:0000467)|(RO:0004029 some HP:0012768)|(RO:0004029 some HP:0001319)|(RO:0004029 some HP:0002643)|(RO:0004029 some HP:0002068)|(RO:0004029 some HP:0033695)|(RO:0004029 some HP:0000597)|(RO:0004029 some HP:0000602)|(RO:0004029 some HP:0200136)|(RO:0004029 some HP:0000768)|(RO:0004029 some HP:0000767)|(RO:0004029 some HP:0003749)|(RO:0004029 some HP:0011727)|(RO:0004029 some HP:0001761)|(RO:0004029 some HP:0001561)|(RO:0004029 some HP:0002033)|(RO:0004029 some HP:0001622)|(RO:0004029 some HP:0009063)|(RO:0004029 some HP:0003323)|(RO:0004029 some HP:0009073)|(RO:0004029 some HP:0003701)|(RO:0004029 some HP:0008994)|(RO:0004029 some HP:0008997)|(RO:0004029 some HP:0000508)|(RO:0004029 some HP:0003731)|(RO:0004029 some HP:0032341)|(RO:0004029 some HP:0001315)|(RO:0004029 some HP:0002098)|(RO:0004029 some HP:0002878)|(RO:0004029 some HP:0004887)|(RO:0004029 some HP:0002093)|(RO:0004029 some HP:0002747)|(RO:0004029 some HP:0003691)|(RO:0004029 some HP:0002650)|(RO:0004029 some HP:0004322)|(RO:0004029 some HP:0003547)|(RO:0004029 some HP:0003202)|(RO:0004029 some HP:0003306)|(RO:0004029 some HP:0000486)|(RO:0004029 some HP:0002882)|(RO:0004029 some HP:0003427)|(RO:0004029 some HP:6000327)|(RO:0004029 some HP:0008963)|(RO:0004029 some HP:0030051)|(RO:0004029 some HP:0031108)|(RO:0004029 some HP:0033454)|(RO:0004029 some HP:0003484)|(RO:0004029 some HP:0002515)|(RO:0004029 some HP:0007715)|(RO:0004029 some PROMOT:0032023)|(RO:0004029 some HP:0030319)|(RO:0004029 some HP:0009077)|(RO:0004029 some HP:0004347)|(RO:0004029 some HP:0009005)				
PROMOT:0000001	CMS related mutation															(RO:0004013  some ORDO:590)				
PROMOT:0000001	CMS related variant		A sequence alteration that is causal germline mutation in Congenital Myasthenic Syndrom.			https://orcid.org/0000-0001-7764-2085				https://orcid.org/0009-0000-5160-7927					Class	SO:0001060				
PROMOT:0000002	CMYO related mutation															(RO:0004013  some ORDO:97245)				
PROMOT:0000002	CMYO related variant		A sequence alteration that is causal germline mutation in Congenital Myopathy.			https://orcid.org/0000-0001-7764-2085				https://orcid.org/0009-0000-5160-7927					Class	SO:0001060				
PROMOT:0000003	OPMD related mutation															(RO:0004013  some ORDO:270)				
PROMOT:0000003	OPMD related variant		A sequence alteration that is causal germline mutation in Oculopharyngeal Muscular Dystrophy.			https://orcid.org/0000-0001-7764-2085				https://orcid.org/0009-0000-5160-7927					Class	SO:0001060				
PROMOT:0000004	CHRNE variant		A sequence alteration located within the CHRNE gene.			https://orcid.org/0000-0001-7764-2085		Translation process: Frist translated to spanish using Bing Translator then manually reviewed	NCIT:C198628	https://orcid.org/0009-0000-5160-7927					Class	PROMOT:0000001				
PROMOT:0000005	COLQ variant		A sequence alteration located within the COLQ gene.			https://orcid.org/0000-0001-7764-2085		Translation process: Frist translated to spanish using Bing Translator then manually reviewed	NCIT:C200235	https://orcid.org/0009-0000-5160-7927					Class	PROMOT:0000001				
PROMOT:0000006	DOK7 variant		A sequence alteration located within the DOK7 gene.			https://orcid.org/0000-0001-7764-2085		Translation process: Frist translated to spanish using Bing Translator then manually reviewed	NCIT:C216062	https://orcid.org/0009-0000-5160-7927					Class	PROMOT:0000001				
PROMOT:0000007	GFPT1 variant		A sequence alteration located within the GFPT1 gene.			https://orcid.org/0000-0001-7764-2085		Translation process: Frist translated to spanish using Bing Translator then manually reviewed	NCIT:C201657	https://orcid.org/0009-0000-5160-7927					Class	PROMOT:0000001				
PROMOT:0000008	GMPPB variant		A sequence alteration located within the GMPPB gene.			https://orcid.org/0000-0001-7764-2085		Translation process: Frist translated to spanish using Bing Translator then manually reviewed		https://orcid.org/0009-0000-5160-7927					Class	PROMOT:0000001				
PROMOT:0000009	RAPSN variant		A sequence alteration located within the RAPSN gene.			https://orcid.org/0000-0001-7764-2085		Translation process: Frist translated to spanish using Bing Translator then manually reviewed	NCIT:C177668	https://orcid.org/0009-0000-5160-7927					Class	PROMOT:0000001				
PROMOT:0000010	ACTA1 variant		A sequence alteration located within the ACTA1 gene.			https://orcid.org/0000-0001-7764-2085		Translation process: Frist translated to spanish using Bing Translator then manually reviewed	NCIT:C191893	https://orcid.org/0009-0000-5160-7927					Class	PROMOT:0000002				
PROMOT:0000011	MTM1 variant		A sequence alteration located within the MTM1 gene.			https://orcid.org/0000-0001-7764-2085		Translation process: Frist translated to spanish using Bing Translator then manually reviewed	NCIT:C203822	https://orcid.org/0009-0000-5160-7927					Class	PROMOT:0000002				
PROMOT:0000012	NEB variant		A sequence alteration located within the NEB gene.			https://orcid.org/0000-0001-7764-2085		Translation process: Frist translated to spanish using Bing Translator then manually reviewed	NCIT:C203906	https://orcid.org/0009-0000-5160-7927					Class	PROMOT:0000002				
PROMOT:0000013	RYR1 variant		A sequence alteration located within the RYR1 gene.			https://orcid.org/0000-0001-7764-2085		Translation process: Frist translated to spanish using Bing Translator then manually reviewed	NCIT:C150311	https://orcid.org/0009-0000-5160-7927					Class	PROMOT:0000002				
PROMOT:0000014	SELENON variant		A sequence alteration located within the SELENON gene.			https://orcid.org/0000-0001-7764-2085		Translation process: Frist translated to spanish using Bing Translator then manually reviewed	NCIT:C205071	https://orcid.org/0009-0000-5160-7927					Class	PROMOT:0000002				
PROMOT:0000015	TTN variant		A sequence alteration located within the TTN gene.			https://orcid.org/0000-0001-7764-2085		Translation process: Frist translated to spanish using Bing Translator then manually reviewed	NCIT:C101756	https://orcid.org/0009-0000-5160-7927					Class	PROMOT:0000002				
PROMOT:0000016	PABPN1 variant		A sequence alteration located within the PABPN1 gene.			https://orcid.org/0000-0001-7764-2085	[PROMOT note] [Derived from EURO-NMD NMD-CDE] 	Translation process: Frist translated to spanish using Bing Translator then manually reviewed	NCIT:C204162	https://orcid.org/0009-0000-5160-7927	[PROMOT note] [EURO-NMD] Atalia A et al., EURO-NMD registry: federated FAIR infrastructure, innovative technologies and concepts of a patient-centred registry for rare neuromuscular disorders. Orphanet J Rare Dis. 2024 Feb 14;19(1):66. doi: 10.1186/s13023-024-03059-3. PMID: 38355534; PMCID: PMC10865673.				Class	PROMOT:0000003				
PROMOT:0010001	age content entity		an information content entity where the information is an age.							https://orcid.org/0009-0000-5160-7927					Class	IAO:0000030				
PROMOT:0010003	decimal content entity		an information content entity where the information is a decimal.							https://orcid.org/0009-0000-5160-7927					Class	IAO:0000030				
PROMOT:0010004	duration content entity		an information content entity where the information is a duration.							https://orcid.org/0009-0000-5160-7927					Class	IAO:0000030				
PROMOT:0010005	int content entity		an information content entity where the information is an int.							https://orcid.org/0009-0000-5160-7927					Class	IAO:0000030				
PROMOT:0010006	token content entity		an information content entity where the information is a token.							https://orcid.org/0009-0000-5160-7927					Class	IAO:0000030				
PROMOT:0010007	year content entity		an information content entity where the information is a year.							https://orcid.org/0009-0000-5160-7927					Class	IAO:0000030				
PROMOT:0010008	statement about a consent		A statement regarding a consent to describe it.							https://orcid.org/0009-0000-5160-7927					Class	NCIT:C49154 				
PROMOT:0010009	statement about a human		A statement that describes a human.							https://orcid.org/0009-0000-5160-7927					Class	NCIT:C49154 				
PROMOT:0010009	statement about a human															(RO:0002351 exactly 1 NCBITaxon:9606)				
PROMOT:0010010	statement about a phenotype		A statement regarding a phenotype to state details about it.							https://orcid.org/0009-0000-5160-7927					Class	NCIT:C49154 				
PROMOT:0010010	statement about a phenotype															(RO:0002351 exactly 1 HP:0000118)				
PROMOT:0010011	statement about a procedure		A statement regarding a procedure to describe it.							https://orcid.org/0009-0000-5160-7927					Class	NCIT:C49154 				
PROMOT:0010012	statement about a patient		A statement regarding a patient to state details about them.							https://orcid.org/0009-0000-5160-7927					Class	PROMOT:0010009				
PROMOT:0010012	statement about a patient															(RO:0002351 exactly 1 NCIT:C16960)				
PROMOT:0010013	Year of assessment		The year of the assessment of an entity, e.g. the year when a phenotype is assessed by medical evidence.							https://orcid.org/0009-0000-5160-7927					Class	NCIT:C25164|PROMOT:0010007				
PROMOT:0010013	Year of assessment															(RO:0002350 some PROMOT:0010010)				
PROMOT:0010014	Year of resolution		The year of the resolution of an abnormal disposition, e.g. the year when a phenotype ceases existing.			[PROMOT note] [Derived from RD-CDM] [6.2.4 Resolution Date] 				https://orcid.org/0009-0000-5160-7927	[PROMOT note] [RD-CDM] Graefe, A.S.L., Hübner, M.R., Rehburg, F. et al. An ontology-based rare disease common data model harmonising international registries, FHIR, and Phenopackets. Sci Data 12, 234 (2025). https://doi.org/10.1038/s41597-025-04558-z				Class	NCIT:C25164|PROMOT:0010007				
PROMOT:0010014	Year of resolution															(RO:0002350 some PROMOT:0010010)				
PROMOT:0010015	Adulthood		Age category including people of 16 years old and above.	HP:0003581		[PROMOT note] [Derived from RD-CDM] [3.4 Age Category] 			HP:0003581	https://orcid.org/0009-0000-5160-7927	[PROMOT note] [RD-CDM] Graefe, A.S.L., Hübner, M.R., Rehburg, F. et al. An ontology-based rare disease common data model harmonising international registries, FHIR, and Phenopackets. Sci Data 12, 234 (2025). https://doi.org/10.1038/s41597-025-04558-z	http://snomed.info/id/41847000		http://purl.obolibrary.org/obo/NCIT_C199314|http://purl.obolibrary.org/obo/NCIT_C17600	Class	NCIT:C20587				
PROMOT:0010016	Late adulthood		Age category including people of 60 years old and above.	HP:0003584					HP:0003584	https://orcid.org/0009-0000-5160-7927				http://purl.obolibrary.org/obo/NCIT_C16268|http://purl.obolibrary.org/obo/NCIT_C18908	Class	PROMOT:0010015				
PROMOT:0010017	Middle adulthood		Age category including people between 40 and 59 years old (inclusive).	HP:0003596					HP:0003596	https://orcid.org/0009-0000-5160-7927				http://purl.obolibrary.org/obo/NCIT_C91108	Class	PROMOT:0010015				
PROMOT:0010018	Young adulthood		Age category including people between 16 and 39 years old (inclusive).	HP:0011462					HP:0011462	https://orcid.org/0009-0000-5160-7927				http://purl.obolibrary.org/obo/NCIT_C91107|http://purl.obolibrary.org/obo/NCIT_C216187	Class	PROMOT:0010015				
PROMOT:0010019	Early young adulthood		Age category including people between 16 and 18 years old (inclusive).	HP:0025708		[PROMOT note] [Derived from RD-CDM] [3.4 Age Category] 			HP:0025708	https://orcid.org/0009-0000-5160-7927	[PROMOT note] [RD-CDM] Graefe, A.S.L., Hübner, M.R., Rehburg, F. et al. An ontology-based rare disease common data model harmonising international registries, FHIR, and Phenopackets. Sci Data 12, 234 (2025). https://doi.org/10.1038/s41597-025-04558-z	http://snomed.info/id/263659003		http://purl.obolibrary.org/obo/NCIT_C27954	Class	PROMOT:0010018				
PROMOT:0010020	Intermediate young adulthood		Age category including people between 19 and 24 years old (inclusive).	HP:0025709					HP:0025709	https://orcid.org/0009-0000-5160-7927					Class	PROMOT:0010018				
PROMOT:0010021	Late young adulthood		Age category including people between 25 and 39 years old (inclusive).	HP:0025710					HP:0025710	https://orcid.org/0009-0000-5160-7927					Class	PROMOT:0010018				
PROMOT:0010022	Antenatal age		Age category prior to birth.	HP:0025710						https://orcid.org/0009-0000-5160-7927					Class	NCIT:C20587				
PROMOT:0010023	Embryonal		Age category up to 8 weeks following fertilization, corresponding to 10 weeks of gestation (inclusive).	HP:0011460					HP:0011460	https://orcid.org/0009-0000-5160-7927				http://purl.obolibrary.org/obo/NCIT_C99135	Class	PROMOT:0010022				
PROMOT:0010024	Fetal		Age prior to birth but after 8 weeks of embryonic development (corresponding to a gestational age of 10 weeks).	HP:0011461		[PROMOT note] [Derived from RD-CDM] [3.4 Age Category] 			HP:0011461	https://orcid.org/0009-0000-5160-7927	[PROMOT note] [RD-CDM] Graefe, A.S.L., Hübner, M.R., Rehburg, F. et al. An ontology-based rare disease common data model harmonising international registries, FHIR, and Phenopackets. Sci Data 12, 234 (2025). https://doi.org/10.1038/s41597-025-04558-z	http://snomed.info/id/303112003		http://purl.obolibrary.org/obo/NCIT_C89885	Class	PROMOT:0010022				
PROMOT:0010025	Late first trimester		Category prior to birth in the first trimester during the early fetal period, which is defined as 11 to 13 weeks of gestation (inclusive).	HP:0034199					HP:0034199	https://orcid.org/0009-0000-5160-7927					Class	PROMOT:0010024				
PROMOT:0010026	Second trimester		Category prior to birth during the second trimester, which comprises the range of gestational ages from 14 to 27 weeks of gestation (inclusive).	HP:0034198					HP:0034198	https://orcid.org/0009-0000-5160-7927					Class	PROMOT:0010024				
PROMOT:0010027	Third trimester		Category prior to birth during the third trimester, which is defined as 28 weeks and zero days (28+0) of gestation and beyond.	HP:0034197					HP:0034197	https://orcid.org/0009-0000-5160-7927					Class	PROMOT:0010024				
PROMOT:0010028	Congenital		Age catefory corresponding to birth.	HP:0003577					HP:0003577	https://orcid.org/0009-0000-5160-7927					Class	NCIT:C20587				
PROMOT:0010029	Neonatal age		Age within the first 28 days of life.	HP:0003623					HP:0003623	https://orcid.org/0009-0000-5160-7927				http://purl.obolibrary.org/obo/NCIT_C16731	Class	NCIT:C20587				
PROMOT:0010030	Pediatric age		Age category before adulthood, defined here as before the age of 16 years, but excluding neonatal or congenital onset. It includes people from the age of 28 days to 15 years old (included).	HP:0410280					HP:0410280	https://orcid.org/0009-0000-5160-7927					Class	NCIT:C20587				
PROMOT:0010031	Childhood		Age category including people from 1 to 4 years old (inclusive).	HP:0011463		[PROMOT note] [Derived from RD-CDM] [3.4 Age Category] 			HP:0011463	https://orcid.org/0009-0000-5160-7927	[PROMOT note] [RD-CDM] Graefe, A.S.L., Hübner, M.R., Rehburg, F. et al. An ontology-based rare disease common data model harmonising international registries, FHIR, and Phenopackets. Sci Data 12, 234 (2025). https://doi.org/10.1038/s41597-025-04558-z	http://snomed.info/id/255398004		http://purl.obolibrary.org/obo/NCIT_C89345	Class	PROMOT:0010030				
PROMOT:0010032	Infantile age		Age category including people from 28 days to under 1 year old.	HP:0003593		[PROMOT note] [Derived from RD-CDM] [3.4 Age Category] 			HP:0003593	https://orcid.org/0009-0000-5160-7927	[PROMOT note] [RD-CDM] Graefe, A.S.L., Hübner, M.R., Rehburg, F. et al. An ontology-based rare disease common data model harmonising international registries, FHIR, and Phenopackets. Sci Data 12, 234 (2025). https://doi.org/10.1038/s41597-025-04558-z	http://snomed.info/id/3658006		http://purl.obolibrary.org/obo/NCIT_C49643|http://purl.obolibrary.org/obo/NCIT_C27956	Class	PROMOT:0010030				
PROMOT:0010033	Juvenile age		Age category including people between 5 and 15 years old (inclusive).	HP:0003621		[PROMOT note] [Derived from RD-CDM] [3.4 Age Category] 			HP:0003621	https://orcid.org/0009-0000-5160-7927	[PROMOT note] [RD-CDM] Graefe, A.S.L., Hübner, M.R., Rehburg, F. et al. An ontology-based rare disease common data model harmonising international registries, FHIR, and Phenopackets. Sci Data 12, 234 (2025). https://doi.org/10.1038/s41597-025-04558-z	http://snomed.info/id/713153009		http://purl.obolibrary.org/obo/NCIT_C85405	Class	PROMOT:0010030				
PROMOT:0010034	Perimenopausal age		Age category including people undergoing perimenopause, i.e. the period of life shortly before the occurence of the menopause.	HP:6000314					HP:6000314	https://orcid.org/0009-0000-5160-7927					Class	NCIT:C20587				
PROMOT:0010035	Postmenopausal age		Age category including people undergoing postmenopause, i.e. the period of life after the occurrence of the menopause.	HP:6000315					HP:6000315	https://orcid.org/0009-0000-5160-7927					Class	NCIT:C20587				
PROMOT:0010036	Puerpural age		Age category including ages refering to childbirth or period after immediately following.	HP:4000040					HP:4000040	https://orcid.org/0009-0000-5160-7927					Class	NCIT:C20587				
PROMOT:0010037	Patient sex at birth unknown		Physical sexual characteristics at birth that are unknown.			[PROMOT note] [Derived from RD-CDM] [2.2 Sex at birth] 	[PROMOT note] [Derived from EURO-NMD NMD-CDE] [sex_at_birth]	[PROMOT note] [Derived from EU-CDE] [2.2. Sex]|[PROMOT note] A crossref to the orignal RD-CDM element has been added.		https://orcid.org/0009-0000-5160-7927	[PROMOT note] [RD-CDM] Graefe, A.S.L., Hübner, M.R., Rehburg, F. et al. An ontology-based rare disease common data model harmonising international registries, FHIR, and Phenopackets. Sci Data 12, 234 (2025). https://doi.org/10.1038/s41597-025-04558-z|[PROMOT note] [EURO-NMD] Atalia A et al., EURO-NMD registry: federated FAIR infrastructure, innovative technologies and concepts of a patient-centred registry for rare neuromuscular disorders. Orphanet J Rare Dis. 2024 Feb 14;19(1):66. doi: 10.1186/s13023-024-03059-3. PMID: 38355534; PMCID: PMC10865673.|[PROMOT note] [EU-CDE] Set of Common Data Elements, EU RD Platform [Internet]. [cited 2026 Jun 17]. Available from: https://eu-rd-platform.jrc.ec.europa.eu/set-of-common-data-elements_en	http://snomed.info/id/184115007			Class	NCIT:C124436				
PROMOT:0010038	Sex at birth not recorded		Physical sexual characteristics at birth that are not recorded.			[PROMOT note] [Derived from RD-CDM] [2.2 Sex at birth] 		[PROMOT note] [Derived from EU-CDE] [2.2. Sex]|[PROMOT note] A crossref to the orignal RD-CDM element has been added.		https://orcid.org/0009-0000-5160-7927	[PROMOT note] [RD-CDM] Graefe, A.S.L., Hübner, M.R., Rehburg, F. et al. An ontology-based rare disease common data model harmonising international registries, FHIR, and Phenopackets. Sci Data 12, 234 (2025). https://doi.org/10.1038/s41597-025-04558-z|[PROMOT note] [EU-CDE] Set of Common Data Elements, EU RD Platform [Internet]. [cited 2026 Jun 17]. Available from: https://eu-rd-platform.jrc.ec.europa.eu/set-of-common-data-elements_en	http://snomed.info/id/1220561009			Class	PROMOT:0010037				
PROMOT:0010039	Gender identity unknown		Gender identity of a person that is unknown.			[PROMOT note] [Derived from RD-CDM] [2.4 Gender Identity] 		[PROMOT note] A crossref to the orignal RD-CDM element has been added.		https://orcid.org/0009-0000-5160-7927	[PROMOT note] [RD-CDM] Graefe, A.S.L., Hübner, M.R., Rehburg, F. et al. An ontology-based rare disease common data model harmonising international registries, FHIR, and Phenopackets. Sci Data 12, 234 (2025). https://doi.org/10.1038/s41597-025-04558-z	http://snomed.info/id/394743007			Class	NCIT:C158277 				
PROMOT:0010040	Gender identity not recorded		Gender identity of a person that is unknown because unrecorded.			[PROMOT note] [Derived from RD-CDM] [2.4 Gender Identity] 		[PROMOT note] A crossref to the orignal RD-CDM element has been added.		https://orcid.org/0009-0000-5160-7927	[PROMOT note] [RD-CDM] Graefe, A.S.L., Hübner, M.R., Rehburg, F. et al. An ontology-based rare disease common data model harmonising international registries, FHIR, and Phenopackets. Sci Data 12, 234 (2025). https://doi.org/10.1038/s41597-025-04558-z	http://snomed.info/id/1220561009			Class	PROMOT:0010039				
PROMOT:0010041	Consent status		A status of the consent of a person.			[PROMOT note] [Derived from RD-CDM] [7.1 Consent Status] 	[PROMOT note] [Derived from EURO-NMD NMD-CDE] 	[PROMOT note] A crossref to the orignal RD-CDM element has been added.		https://orcid.org/0009-0000-5160-7927	[PROMOT note] [RD-CDM] Graefe, A.S.L., Hübner, M.R., Rehburg, F. et al. An ontology-based rare disease common data model harmonising international registries, FHIR, and Phenopackets. Sci Data 12, 234 (2025). https://doi.org/10.1038/s41597-025-04558-z|[PROMOT note] [EURO-NMD] Atalia A et al., EURO-NMD registry: federated FAIR infrastructure, innovative technologies and concepts of a patient-centred registry for rare neuromuscular disorders. Orphanet J Rare Dis. 2024 Feb 14;19(1):66. doi: 10.1186/s13023-024-03059-3. PMID: 38355534; PMCID: PMC10865673.	http://snomed.info/id/309370004			Class	SNOMED:363787002				
PROMOT:0010041	Consent status															(RO:0002350 some PROMOT:0010008)				
PROMOT:0010042	Pending		A status of a consent that is waiting to be defined.			[PROMOT note] [Derived from RD-CDM] [7.1 Consent Status] 				https://orcid.org/0009-0000-5160-7927	[PROMOT note] [RD-CDM] Graefe, A.S.L., Hübner, M.R., Rehburg, F. et al. An ontology-based rare disease common data model harmonising international registries, FHIR, and Phenopackets. Sci Data 12, 234 (2025). https://doi.org/10.1038/s41597-025-04558-z				Class	PROMOT:0010041				
PROMOT:0010043	Proposed		A status of a consent that has been proposed to a person for them to decide.			[PROMOT note] [Derived from RD-CDM] [7.1 Consent Status] 				https://orcid.org/0009-0000-5160-7927	[PROMOT note] [RD-CDM] Graefe, A.S.L., Hübner, M.R., Rehburg, F. et al. An ontology-based rare disease common data model harmonising international registries, FHIR, and Phenopackets. Sci Data 12, 234 (2025). https://doi.org/10.1038/s41597-025-04558-z				Class	PROMOT:0010041				
PROMOT:0010044	Active		A status of a consent that has been given by the concerned person.			[PROMOT note] [Derived from RD-CDM] [7.1 Consent Status] 	[PROMOT note] [Derived from EURO-NMD NMD-CDE] 			https://orcid.org/0009-0000-5160-7927	[PROMOT note] [RD-CDM] Graefe, A.S.L., Hübner, M.R., Rehburg, F. et al. An ontology-based rare disease common data model harmonising international registries, FHIR, and Phenopackets. Sci Data 12, 234 (2025). https://doi.org/10.1038/s41597-025-04558-z|[PROMOT note] [EURO-NMD] Atalia A et al., EURO-NMD registry: federated FAIR infrastructure, innovative technologies and concepts of a patient-centred registry for rare neuromuscular disorders. Orphanet J Rare Dis. 2024 Feb 14;19(1):66. doi: 10.1186/s13023-024-03059-3. PMID: 38355534; PMCID: PMC10865673.				Class	PROMOT:0010041				
PROMOT:0010045	Rejected		A status of a consent that has been rejected by the concerned person.			[PROMOT note] [Derived from RD-CDM] [7.1 Consent Status] 	[PROMOT note] [Derived from EURO-NMD NMD-CDE] 			https://orcid.org/0009-0000-5160-7927	[PROMOT note] [RD-CDM] Graefe, A.S.L., Hübner, M.R., Rehburg, F. et al. An ontology-based rare disease common data model harmonising international registries, FHIR, and Phenopackets. Sci Data 12, 234 (2025). https://doi.org/10.1038/s41597-025-04558-z|[PROMOT note] [EURO-NMD] Atalia A et al., EURO-NMD registry: federated FAIR infrastructure, innovative technologies and concepts of a patient-centred registry for rare neuromuscular disorders. Orphanet J Rare Dis. 2024 Feb 14;19(1):66. doi: 10.1186/s13023-024-03059-3. PMID: 38355534; PMCID: PMC10865673.				Class	PROMOT:0010041				
PROMOT:0010046	Inactive		A status of a consent that is inactive.			[PROMOT note] [Derived from RD-CDM] [7.1 Consent Status] 				https://orcid.org/0009-0000-5160-7927	[PROMOT note] [RD-CDM] Graefe, A.S.L., Hübner, M.R., Rehburg, F. et al. An ontology-based rare disease common data model harmonising international registries, FHIR, and Phenopackets. Sci Data 12, 234 (2025). https://doi.org/10.1038/s41597-025-04558-z	http://snomed.info/id/73425007			Class	PROMOT:0010041				
PROMOT:0010047	Entered in Error		A status of a consent that has been entered by error.			[PROMOT note] [Derived from RD-CDM] [7.1 Consent Status] 				https://orcid.org/0009-0000-5160-7927	[PROMOT note] [RD-CDM] Graefe, A.S.L., Hübner, M.R., Rehburg, F. et al. An ontology-based rare disease common data model harmonising international registries, FHIR, and Phenopackets. Sci Data 12, 234 (2025). https://doi.org/10.1038/s41597-025-04558-z	http://snomed.info/id/723510000			Class	PROMOT:0010041				
PROMOT:0010048	Consent type		The type of consent given by a person that precises the details of what is consented.							https://orcid.org/0009-0000-5160-7927					Class	SNOMED:363787002				
PROMOT:0010048	Consent type															(RO:0002350 some PROMOT:0010008)				
PROMOT:0010049	Agreement to be contacted for research purpose		An agreement given by a patient to be contacted by research teams for research purposes.			[PROMOT note] [Derived from RD-CDM] [7.4 Agreement to be contacted for research purposes] [consent_contact_research]	[PROMOT note] [Derived from EURO-NMD NMD-CDE] [has_consent_be_contacted]	[PROMOT note] [Derived from EU-CDE] [7.1. Agreement to be contacted for research purposes]		https://orcid.org/0009-0000-5160-7927	[PROMOT note] [RD-CDM] Graefe, A.S.L., Hübner, M.R., Rehburg, F. et al. An ontology-based rare disease common data model harmonising international registries, FHIR, and Phenopackets. Sci Data 12, 234 (2025). https://doi.org/10.1038/s41597-025-04558-z|[PROMOT note] [EURO-NMD] Atalia A et al., EURO-NMD registry: federated FAIR infrastructure, innovative technologies and concepts of a patient-centred registry for rare neuromuscular disorders. Orphanet J Rare Dis. 2024 Feb 14;19(1):66. doi: 10.1186/s13023-024-03059-3. PMID: 38355534; PMCID: PMC10865673.|[PROMOT note] [EU-CDE] Set of Common Data Elements, EU RD Platform [Internet]. [cited 2026 Jun 17]. Available from: https://eu-rd-platform.jrc.ec.europa.eu/set-of-common-data-elements_en				Class	PROMOT:0010048				
PROMOT:0010050	Consent to the reuse of data		A consent given by a person to the reuse of their data.			[PROMOT note] [Derived from RD-CDM] [7.5 Consent to the reuse of data] [consent_contact_research]		[PROMOT note] [Derived from EU-CDE] [7.2. Consent to the reuse of data]		https://orcid.org/0009-0000-5160-7927	[PROMOT note] [RD-CDM] Graefe, A.S.L., Hübner, M.R., Rehburg, F. et al. An ontology-based rare disease common data model harmonising international registries, FHIR, and Phenopackets. Sci Data 12, 234 (2025). https://doi.org/10.1038/s41597-025-04558-z|[PROMOT note] [EU-CDE] Set of Common Data Elements, EU RD Platform [Internet]. [cited 2026 Jun 17]. Available from: https://eu-rd-platform.jrc.ec.europa.eu/set-of-common-data-elements_en				Class	PROMOT:0010048				
PROMOT:0010051	Unrecorded handedness		An handedness that is unrecorded.							https://orcid.org/0009-0000-5160-7927					Class	SNOMED:709880000				
PROMOT:0010052	Risk of fall assessed		A risk of fall assessed for a patient that has phenotypes that allow to assess they undergo a risk of fall.							https://orcid.org/0009-0000-5160-7927					Class	SNOMED:363787002				
PROMOT:0010052	Risk of fall assessed															(RO:0002350 some PROMOT:0010012)				
PROMOT:0020001	Phenotypically related body structure		A body structure related to a phenotype such that the body structure is the location of the phenotype.							https://orcid.org/0000-0002-3336-2476, https://orcid.org/0009-0000-5160-7927					Class	ICF:1626363729|(RO:0000091 some HP:0000118)	(ICF:1626363729 and (RO:0000091 some HP:0000118))			
PROMOT:0020002	Phenotypically related anatomical entity		An anatomical entity related to a phenotype such that the anatomical entity is the location of the phenotype. In other words, the phenotype is a disposition of the anatomical entity.							https://orcid.org/0000-0002-3336-2476, https://orcid.org/0009-0000-5160-7927					Class	FMA:62955|(RO:0000091 some HP:0000118)	(FMA:62955 and (RO:0000091 some HP:0000118))			
PROMOT:0020003	Body structure related anatomical entity		An anatomical entity that is located in a body structure.							https://orcid.org/0009-0000-5160-7927					Class	FMA:62955|(RO:0001025 some ICF:1626363729)	(FMA:62955 and (RO:0001025 some ICF:1626363729))			
PROMOT:0020004	Body function related anatomical entity		An anatomical entity that is involved in a body function.							https://orcid.org/0009-0000-5160-7927					Class	FMA:62955|(RO:0002328 some ICF:567313968)	(FMA:62955 and (RO:0002328 some ICF:567313968))			
PROMOT:0031001	unkown vital status		A vital status that is unkown.			[PROMOT note] [Derived from RD-CDM] [3.1 Vital Status] & [6.3.10 Family Member Deceased]	[PROMOT note] [Derived from EU-CDE] [3.1. Patient’s status]			https://orcid.org/0009-0000-5160-7927	[PROMOT note] [RD-CDM] Graefe, A.S.L., Hübner, M.R., Rehburg, F. et al. An ontology-based rare disease common data model harmonising international registries, FHIR, and Phenopackets. Sci Data 12, 234 (2025). https://doi.org/10.1038/s41597-025-04558-z				Class	NCIT:C25717				
PROMOT:0031002	unrecorded vital status		A vital status that is unkown because unrecorded.			[PROMOT note] [Derived from RD-CDM] [3.1 Vital Status]	[PROMOT note] [Derived from EU-CDE] [3.1. Patient’s status]			https://orcid.org/0009-0000-5160-7927	[PROMOT note] [RD-CDM] Graefe, A.S.L., Hübner, M.R., Rehburg, F. et al. An ontology-based rare disease common data model harmonising international registries, FHIR, and Phenopackets. Sci Data 12, 234 (2025). https://doi.org/10.1038/s41597-025-04558-z				Class	PROMOT:0031001				
PROMOT:0031003	lost in follow-up		A recorded vital status because of the patient being lost in follow up.			[PROMOT note] [Derived from RD-CDM] [3.1 Vital Status]	[PROMOT note] [Derived from EU-CDE] [3.1. Patient’s status] [Lost in follow-up]			https://orcid.org/0009-0000-5160-7927	[PROMOT note] [RD-CDM] Graefe, A.S.L., Hübner, M.R., Rehburg, F. et al. An ontology-based rare disease common data model harmonising international registries, FHIR, and Phenopackets. Sci Data 12, 234 (2025). https://doi.org/10.1038/s41597-025-04558-z	http://snomed.info/id/399307001			Class	PROMOT:0031002				
PROMOT:0031004	opted-out		A recorded vital status because of the patient being opted out from the study.			[PROMOT note] [Derived from RD-CDM] [3.1 Vital Status]	[PROMOT note] [Derived from EU-CDE] [3.1. Patient’s status] [Opted-out]			https://orcid.org/0009-0000-5160-7927	[PROMOT note] [RD-CDM] Graefe, A.S.L., Hübner, M.R., Rehburg, F. et al. An ontology-based rare disease common data model harmonising international registries, FHIR, and Phenopackets. Sci Data 12, 234 (2025). https://doi.org/10.1038/s41597-025-04558-z	http://snomed.info/id/185924006			Class	PROMOT:0031002				
PROMOT:0031005	variant origin unknown		A variant origin that is unknown.							https://orcid.org/0009-0000-5160-7927					Class	SO:0001762				
PROMOT:0031006	variant origin unrecorded		A variant origin that is unknown because unrecorded.							https://orcid.org/0009-0000-5160-7927					Class	PROMOT:0031005				
PROMOT:0031007	presence qualifier		A qualifier for stating the presence, absence or uncertainty of a entity instance (e.g. a phenotype instance).			[PROMOT note] [Derived from RD-CDM] [6.2.2 Status] 				https://orcid.org/0009-0000-5160-7927	[PROMOT note] [RD-CDM] Graefe, A.S.L., Hübner, M.R., Rehburg, F. et al. An ontology-based rare disease common data model harmonising international registries, FHIR, and Phenopackets. Sci Data 12, 234 (2025). https://doi.org/10.1038/s41597-025-04558-z|[PROMOT note] [EURO-NMD] Atalia A et al., EURO-NMD registry: federated FAIR infrastructure, innovative technologies and concepts of a patient-centred registry for rare neuromuscular disorders. Orphanet J Rare Dis. 2024 Feb 14;19(1):66. doi: 10.1186/s13023-024-03059-3. PMID: 38355534; PMCID: PMC10865673.	http://snomed.info/id/363778006	[PROMOT note] The PROMOT ontology added a comment to quote the CDM used as a source for this entity. A crossref to the orignal element has also been added.		Class	BFO:0000019|(RO:0000080 some HP:0000118)				
PROMOT:0032001	abnormal disposition		A disposition that differs from a norm, such as a disease or a phenotypic abnormality.							https://orcid.org/0009-0000-5160-7927					Class	BFO:0000016				
PROMOT:0032002	Activity related body function		A body function that is involved in an activity. The boby function is needed in order to fullfill the activity.							https://orcid.org/0009-0000-5160-7927					Class	ICF:567313968|(RO:0002331 some PROMOT:0110001)	(ICF:567313968 and (RO:0002331 some PROMOT:0110001))			
PROMOT:0032003	Activity related phenotype		A phenotype that affects an activity.							https://orcid.org/0000-0002-3336-2476, https://orcid.org/0009-0000-5160-7927					Class	HP:0000118|(PROMOT:2000001 some PROMOT:0110001)	(HP:0000118 and (PROMOT:2000001 some PROMOT:0110001))			
PROMOT:0032004	Anhedonia while eating		A loss of enjoyment of mealtime due to difficulties while eating.	Clinical experts	https://orcid.org/0000-0003-2829-8470					https://orcid.org/0009-0000-5160-7927					Class	HP:0012154				
PROMOT:0032004	Anhedonia while eating															(PROMOT:2000001 some ICF:1328675264)|(PROMOT:2000005 some SNOMED:84100007)				
PROMOT:0032004	Anhedonia while eating																			[OPMD Scoping review on dysphagia] Côté C, Gagnon C, Youssof S, et al. The requirement for a disease-specific patient-reported outcome measure of dysphagia in oculopharyngeal muscular dystrophy. Muscle Nerve. 2019;59:445–50. doi: 10.1002/mus.26405
PROMOT:0032005	Body function related phenotype		A phenotype that affects a body function.							https://orcid.org/0000-0002-3336-2476, https://orcid.org/0009-0000-5160-7927					Class	HP:0000118|(PROMOT:2000001 some ICF:567313968)	(HP:0000118 and (PROMOT:2000001 some ICF:567313968))			
PROMOT:0032006	Choking on foods		Incidents in which a piece of food get stuck in the upper airway and provoke choking.		https://orcid.org/0000-0003-2829-8470					https://orcid.org/0009-0000-5160-7927					Class	HP:0030842				
PROMOT:0032006	Choking on foods															(PROMOT:2000001 some ICF:1328675264)|(PROMOT:2000005 some SNOMED:840297006)				
PROMOT:0032006	Choking on foods																			[OPMD Scoping review on dysphagia] Côté C, Gagnon C, Youssof S, et al. The requirement for a disease-specific patient-reported outcome measure of dysphagia in oculopharyngeal muscular dystrophy. Muscle Nerve. 2019;59:445–50. doi: 10.1002/mus.26405
PROMOT:0032007	Choking on liquids		Incidents in which liquids provoke choking.		https://orcid.org/0000-0003-2829-8470					https://orcid.org/0009-0000-5160-7927					Class	HP:0030842				
PROMOT:0032007	Choking on liquids															(PROMOT:2000001 some ICF:553784299)|(PROMOT:2000005 some SNOMED:840297006)				
PROMOT:0032007	Choking on liquids																			[OPMD Scoping review on dysphagia] Côté C, Gagnon C, Youssof S, et al. The requirement for a disease-specific patient-reported outcome measure of dysphagia in oculopharyngeal muscular dystrophy. Muscle Nerve. 2019;59:445–50. doi: 10.1002/mus.26405
PROMOT:0032008	Choking on saliva		Incidents in which saliva provoke choking.		https://orcid.org/0000-0003-2829-8470					https://orcid.org/0009-0000-5160-7927					Class	PROMOT:0032007				
PROMOT:0032008	Choking on saliva															(PROMOT:2000005 some SNOMED:840297006)				
PROMOT:0032008	Choking on saliva																			[OPMD Scoping review on dysphagia] Côté C, Gagnon C, Youssof S, et al. The requirement for a disease-specific patient-reported outcome measure of dysphagia in oculopharyngeal muscular dystrophy. Muscle Nerve. 2019;59:445–50. doi: 10.1002/mus.26405
PROMOT:0032009	Coughing on foods		Incidents in which a piece of food get stuck in the upper airway and provoke coughing.		https://orcid.org/0000-0003-2829-8470					https://orcid.org/0009-0000-5160-7927					Class	HP:0030842				
PROMOT:0032009	Coughing on foods															(PROMOT:2000001 some ICF:1328675264)|(PROMOT:2000005 some SNOMED:840297006)				
PROMOT:0032009	Coughing on foods																			[OPMD Scoping review on dysphagia] Côté C, Gagnon C, Youssof S, et al. The requirement for a disease-specific patient-reported outcome measure of dysphagia in oculopharyngeal muscular dystrophy. Muscle Nerve. 2019;59:445–50. doi: 10.1002/mus.26405
PROMOT:0032010	Coughing on liquids		Incidents in which liquids provoke coughing.		https://orcid.org/0000-0003-2829-8470					https://orcid.org/0009-0000-5160-7927					Class	HP:0030842				
PROMOT:0032010	Coughing on liquids															(PROMOT:2000001 some ICF:553784299)|(PROMOT:2000005 some SNOMED:840297006)				
PROMOT:0032010	Coughing on liquids																			[OPMD Scoping review on dysphagia] Côté C, Gagnon C, Youssof S, et al. The requirement for a disease-specific patient-reported outcome measure of dysphagia in oculopharyngeal muscular dystrophy. Muscle Nerve. 2019;59:445–50. doi: 10.1002/mus.26405
PROMOT:0032011	Coughing on saliva		Incidents in which saliva provoke coughing.		https://orcid.org/0000-0003-2829-8470					https://orcid.org/0009-0000-5160-7927					Class	PROMOT:0032010				
PROMOT:0032011	Coughing on saliva															(PROMOT:2000005 some SNOMED:840297006)				
PROMOT:0032011	Coughing on saliva																			[OPMD Scoping review on dysphagia] Côté C, Gagnon C, Youssof S, et al. The requirement for a disease-specific patient-reported outcome measure of dysphagia in oculopharyngeal muscular dystrophy. Muscle Nerve. 2019;59:445–50. doi: 10.1002/mus.26405
PROMOT:0032012	Decreased walking speed		A walking speed that is below the lower limit of normal according to what is expected.		https://orcid.org/0000-0003-2829-8470					https://orcid.org/0009-0000-5160-7927					Class	HP:0001288				
PROMOT:0032012	Decreased walking speed															(PROMOT:2000001 some ICF:1550548595)|(PROMOT:2000005 some SNOMED:12894003)				
PROMOT:0032012	Decreased walking speed																			"[OPMD Clinical Registry Form] ""Performing a Rare Disease-Oriented Master Observational Trial"" initiative, European Joint Programme on Rare Diseases, https://www.promotinitiative.com/"
PROMOT:0032013	Difficulty changing basic position		A difficulty to change basic position, i.e. a difficulty getting into and out of a body position and moving from one location to another, such as getting up out of a chair to lie down on a bed, and getting into and out of positions of sitting, standing, kneeling or squatting. This is distinct from the difficulty of transferring oneself.	ICF:150502901						https://orcid.org/0009-0000-5160-7927					Class	HP:0100022 				
PROMOT:0032013	Difficulty changing basic position															(PROMOT:2000001 some ICF:150502901)|(PROMOT:2000005 some (SNOMED:12894003 OR SNOMED:84100007))				
PROMOT:0032013	Difficulty changing basic position																			[OPMD Scoping review 2026] Bélair N, Gagnon C, Duchesne E. What is known about muscle weakness, balance impairments and indoor mobility limitations in oculopharyngeal muscular dystrophy? A scoping review. J Neuromuscul Dis. 2025 Dec 30:22143602251397052. doi: 10.1177/22143602251397052. Epub ahead of print. PMID: 41467981.
PROMOT:0032014	Difficulty walking short distance		A difficulty to walk for less than a kilometre, such as walking around rooms or hallways, within a building or for short distances outside. This is distinct from the difficulty of moving around.	ICF:555410497						https://orcid.org/0009-0000-5160-7927					Class	HP:0001288				
PROMOT:0032014	Difficulty walking short distance															(PROMOT:2000001 some ICF:555410497)|(PROMOT:2000005 some (SNOMED:12894003 OR SNOMED:84100007))				
PROMOT:0032014	Difficulty walking short distance																			[OPMD Scoping review 2026] Bélair N, Gagnon C, Duchesne E. What is known about muscle weakness, balance impairments and indoor mobility limitations in oculopharyngeal muscular dystrophy? A scoping review. J Neuromuscul Dis. 2025 Dec 30:22143602251397052. doi: 10.1177/22143602251397052. Epub ahead of print. PMID: 41467981.
PROMOT:0032015	Double compound motor action potential abnormality		Two abnormal findings in a compound motor action potential measurement in EMG.	HP:0033580	[PROMOT project] Mansoore Gholizade (definition reviewer)					https://orcid.org/0009-0000-5160-7927					Class	HP:0033580				
PROMOT:0032015	Double compound motor action potential abnormality															(PROMOT:2000005 some SNOMED:84100007)				
PROMOT:0032015	Double compound motor action potential abnormality																			"[Congenital myasthenic syndrom Scoping review] ""Performing a Rare Disease-Oriented Master Observational Trial"" initiative, European Joint Programme on Rare Diseases, https://www.promotinitiative.com/"
PROMOT:0032016	Dysphagia for liquid		Difficulty in swallowing liquid food. This is distinct from hydrophobia.	Clinical experts	https://orcid.org/0000-0003-2829-8470					https://orcid.org/0009-0000-5160-7927					Class	HP:0002015				
PROMOT:0032016	Dysphagia for liquid															(PROMOT:2000001 some ICF:553784299)|(PROMOT:2000001 some ICF:923782542)				
PROMOT:0032016	Dysphagia for liquid																			"[OPMD Clinical Registry Form] ""Performing a Rare Disease-Oriented Master Observational Trial"" initiative, European Joint Programme on Rare Diseases, https://www.promotinitiative.com/|[OPMD Scoping review on dysphagia] Côté C, Gagnon C, Youssof S, et al. The requirement for a disease-specific patient-reported outcome measure of dysphagia in oculopharyngeal muscular dystrophy. Muscle Nerve. 2019;59:445–50. doi: 10.1002/mus.26405"
PROMOT:0032017	Dysphagia for solid		Difficulty in swallowing solid food.	Clinical experts	https://orcid.org/0000-0003-2829-8470					https://orcid.org/0009-0000-5160-7927					Class	HP:0002015				
PROMOT:0032017	Dysphagia for solid															(PROMOT:2000001 some ICF:1328675264)|(PROMOT:2000001 some ICF:923782542)|(PROMOT:2000005 some SNOMED:12894003)				
PROMOT:0032017	Dysphagia for solid																			"[OPMD Clinical Registry Form] ""Performing a Rare Disease-Oriented Master Observational Trial"" initiative, European Joint Programme on Rare Diseases, https://www.promotinitiative.com/|[OPMD Scoping review on dysphagia] Côté C, Gagnon C, Youssof S, et al. The requirement for a disease-specific patient-reported outcome measure of dysphagia in oculopharyngeal muscular dystrophy. Muscle Nerve. 2019;59:445–50. doi: 10.1002/mus.26405"
PROMOT:0032018	Fatigable ptosis																			"[Congenital myasthenic syndrom Scoping review] ""Performing a Rare Disease-Oriented Master Observational Trial"" initiative, European Joint Programme on Rare Diseases, https://www.promotinitiative.com/"
PROMOT:0032018	Fatigable ptosis 		A type of ptosis that occurs after the external ocular muscle group is used and lessens if the muscle group has some rest. That is, there is a ptosis apparition with repetitive external ocular muscle actions.	Clinical experts	https://orcid.org/0000-0003-2829-8470					https://orcid.org/0009-0000-5160-7927					Class	HP:0000508				
PROMOT:0032018	Fatigable ptosis 															(PROMOT:2000001 some ICF:2021370201)|(PROMOT:2000001 some PROMOT:0032029)|(PROMOT:2000001 some PROMOT:0032065)|(PROMOT:2000005 some (SNOMED:12894003 OR SNOMED:84100007))				
PROMOT:0032019	Fatigable weakness of axial muscles		A type of weakness of the axial muscles (i.e., of the muscles of the head and neck, vertebral column, and intercostal muscles) that occurs after a muscle group is used and lessens if the muscle group has some rest. That is, there is diminution of the strength of the axial muscles with repetitive muscle actions.	HP:0003473	[PROMOT project] Mansoore Gholizade (definition reviewer)					https://orcid.org/0009-0000-5160-7927					Class	HP:0030197				
PROMOT:0032019	Fatigable weakness of axial muscles															(PROMOT:2000001 some ICF:2048203604)|(PROMOT:2000001 some ICF:1521707777)|(PROMOT:2000001 some ICF:1789365017)|(PROMOT:2000005 some SNOMED:12894003)				
PROMOT:0032019	Fatigable weakness of axial muscles																			"[Congenital myasthenic syndrom Scoping review] ""Performing a Rare Disease-Oriented Master Observational Trial"" initiative, European Joint Programme on Rare Diseases, https://www.promotinitiative.com/|[Congenital myopathy Scoping review] ""Performing a Rare Disease-Oriented Master Observational Trial"" initiative, European Joint Programme on Rare Diseases, https://www.promotinitiative.com/"
PROMOT:0032020	Fatigable weakness of facial musculature		A type of weakness of the facial musculature (i.e. one or more muscles innervated by the seventh cranial nerve) that occurs after a muscle group is used and lessens if the muscle group has some rest. That is, there is diminution of the strength of the facial musculature with repetitive muscle actions.	HP:0003473	[PROMOT project] Mansoore Gholizade (definition reviewer)					https://orcid.org/0009-0000-5160-7927					Class	HP:0003473				
PROMOT:0032020	Fatigable weakness of facial musculature															(PROMOT:2000001 some ICF:1328675264)|(PROMOT:2000001 some PROMOT:0032030)|(PROMOT:2000001 some PROMOT:0032066)|(PROMOT:2000005 some SNOMED:84100007)				
PROMOT:0032020	Fatigable weakness of facial musculature																			"[Congenital myasthenic syndrom Scoping review] ""Performing a Rare Disease-Oriented Master Observational Trial"" initiative, European Joint Programme on Rare Diseases, https://www.promotinitiative.com/|[Congenital myopathy Scoping review] ""Performing a Rare Disease-Oriented Master Observational Trial"" initiative, European Joint Programme on Rare Diseases, https://www.promotinitiative.com/"
PROMOT:0032021	Fatigable weakness of the ocular muscles		A type of weakness of the ocular muscles that occurs after a muscle group is used and lessens if the muscle group has some rest. That is, there is diminution of the strength of the ocular muscles with repetitive muscle actions.	HP:0003473	[PROMOT project] Mansoore Gholizade (definition reviewer)					https://orcid.org/0009-0000-5160-7927					Class	HP:0003473				
PROMOT:0032021	Fatigable weakness of the ocular muscles															(PROMOT:2000001 some PROMOT:0032029)|(PROMOT:2000001 some PROMOT:0032065)|(PROMOT:2000005 some SNOMED:84100007)				
PROMOT:0032021	Fatigable weakness of the ocular muscles																			"[Congenital myasthenic syndrom Scoping review] ""Performing a Rare Disease-Oriented Master Observational Trial"" initiative, European Joint Programme on Rare Diseases, https://www.promotinitiative.com/|[Congenital myopathy Scoping review] ""Performing a Rare Disease-Oriented Master Observational Trial"" initiative, European Joint Programme on Rare Diseases, https://www.promotinitiative.com/"
PROMOT:0032022	Fatigue while eating		A fatigue that occurs when one is eating. It is due to weakness or fatiguable weakness of chewing muscles.	Clinical experts	https://orcid.org/0000-0003-2829-8470					https://orcid.org/0009-0000-5160-7927					Class	HP:0012378				
PROMOT:0032022	Fatigue while eating															(PROMOT:2000001 some ICF:1328675264)|(PROMOT:2000005 some SNOMED:840297006)				
PROMOT:0032022	Fatigue while eating																			[OPMD Scoping review on dysphagia] Côté C, Gagnon C, Youssof S, et al. The requirement for a disease-specific patient-reported outcome measure of dysphagia in oculopharyngeal muscular dystrophy. Muscle Nerve. 2019;59:445–50. doi: 10.1002/mus.26405
PROMOT:0032023	Weakness of chewing muscles		A lack of strength in the muscles involved in chewing.	HP:0001324	[PROMOT project] Mansoore Gholizade (definition reviewer)					https://orcid.org/0009-0000-5160-7927					Class	HP:0001324				
PROMOT:0032023	Weakness of chewing muscles															(PROMOT:2000001 some ICF:1328675264)|(PROMOT:2000001 some ICF:1389818830)|(PROMOT:2000001 some ICF:1789365017)|(PROMOT:2000005 some SNOMED:84100007)				
PROMOT:0032023	Weakness of chewing muscles																			"[Congenital myasthenic syndrom Scoping review] ""Performing a Rare Disease-Oriented Master Observational Trial"" initiative, European Joint Programme on Rare Diseases, https://www.promotinitiative.com/|[Congenital myopathy Scoping review] ""Performing a Rare Disease-Oriented Master Observational Trial"" initiative, European Joint Programme on Rare Diseases, https://www.promotinitiative.com/"
PROMOT:0032024	Endurance of abdominal muscle		Functions related to sustaining contraction of an abdominal muscle for the required period of time.							https://orcid.org/0009-0000-5160-7927					Class	PROMOT:0032042				
PROMOT:0032025	Endurance of arm muscle		Functions related to sustaining contraction of an arm muscle for the required period of time.							https://orcid.org/0009-0000-5160-7927					Class	ICF:1302007745				
PROMOT:0032025	Endurance of arm muscle															(PROMOT:2000006 some SNOMED:12894003)|(RO:0002331 some ICF:2048203604)				
PROMOT:0032026	Endurance of buccinator		Functions related to sustaining buccinator contraction for the required period of time.							https://orcid.org/0009-0000-5160-7927					Class	PROMOT:0032030				
PROMOT:0032026	Endurance of buccinator															(PROMOT:2000006 some SNOMED:12894003)|(RO:0002331 some ICF:1328675264)				
PROMOT:0032027	Endurance of diaphragm		Functions related to sustaining diaphragm contraction for the required period of time.							https://orcid.org/0009-0000-5160-7927					Class	PROMOT:0032042				
PROMOT:0032027	Endurance of diaphragm															(PROMOT:2000006 some SNOMED:12894003)				
PROMOT:0032028	Endurance of extensor digitorum		Functions related to sustaining muscle contraction of an extensor digitorum for the required period of time.							https://orcid.org/0009-0000-5160-7927					Class	PROMOT:0032033				
PROMOT:0032028	Endurance of extensor digitorum															(PROMOT:2000006 some SNOMED:12894003)				
PROMOT:0032029	Endurance of extra-ocular muscle		Functions related to sustaining contraction of an extra-ocular muscle for the required period of time.							https://orcid.org/0009-0000-5160-7927					Class	PROMOT:0032030				
PROMOT:0032029	Endurance of extra-ocular muscle															(PROMOT:2000006 some SNOMED:12894003)				
PROMOT:0032030	Endurance of facial muscle		Functions related to sustaining contraction of a facial muscle for the required period of time.							https://orcid.org/0009-0000-5160-7927					Class	ICF:1302007745				
PROMOT:0032030	Endurance of facial muscle															(PROMOT:2000006 some SNOMED:12894003)|(RO:0002331 some ICF:1328675264)				
PROMOT:0032031	Endurance of first dorsal interosseous of hand		Functions related to sustaining muscle contraction of a first dorsal interosseous of hand for the required period of time.							https://orcid.org/0009-0000-5160-7927					Class	PROMOT:0032037				
PROMOT:0032031	Endurance of first dorsal interosseous of hand															(PROMOT:2000006 some SNOMED:12894003)				
PROMOT:0032032	Endurance of foot muscle		Functions related to sustaining muscle contraction of a foot muscle for the required period of time.							https://orcid.org/0009-0000-5160-7927					Class	ICF:1302007745				
PROMOT:0032032	Endurance of foot muscle															(PROMOT:2000006 some SNOMED:12894003)|(RO:0002331 some ICF:2048203604)				
PROMOT:0032033	Endurance of forearm muscle		Functions related to sustaining forearm muscle contraction for the required period of time.							https://orcid.org/0009-0000-5160-7927					Class	ICF:1302007745				
PROMOT:0032033	Endurance of forearm muscle															(PROMOT:2000006 some SNOMED:12894003)|(RO:0002331 some ICF:2048203604)				
PROMOT:0032034	Endurance of hand muscle		Functions related to sustaining muscle contraction of a hand muscle for the required period of time.							https://orcid.org/0009-0000-5160-7927					Class	ICF:1302007745				
PROMOT:0032034	Endurance of hand muscle															(PROMOT:2000006 some SNOMED:12894003)|(RO:0002331 some ICF:2048203604)				
PROMOT:0032035	Endurance of intercostal muscle		Functions related to sustaining contraction of an intercostal muscle for the required period of time.							https://orcid.org/0009-0000-5160-7927					Class	PROMOT:0032042				
PROMOT:0032035	Endurance of intercostal muscle															(PROMOT:2000006 some SNOMED:12894003)|(RO:0002331 some ICF:2048203604)				
PROMOT:0032036	Endurance of a set of intercostal muscles		Functions related to sustaining contraction of a group of intercostal muscles for the required period of time.							https://orcid.org/0009-0000-5160-7927					Class	ICF:1521707777				
PROMOT:0032036	Endurance of a set of intercostal muscles															(PROMOT:2000006 some SNOMED:12894003)				
PROMOT:0032037	Endurance of intrinsic muscle of hand		Functions related to sustaining contraction of an intrinsic muscle of hand for the required period of time.							https://orcid.org/0009-0000-5160-7927					Class	PROMOT:0032034				
PROMOT:0032037	Endurance of intrinsic muscle of hand															(PROMOT:2000006 some SNOMED:12894003)				
PROMOT:0032038	Endurance of leg muscle		Functions related to sustaining muscle contraction of a leg muscle for the required period of time.							https://orcid.org/0009-0000-5160-7927					Class	ICF:1302007745				
PROMOT:0032038	Endurance of leg muscle															(PROMOT:2000006 some SNOMED:12894003)|(RO:0002331 some ICF:2048203604)				
PROMOT:0032039	Endurance of masseter		Functions related to sustaining masseter contraction for the required period of time.							https://orcid.org/0009-0000-5160-7927					Class	PROMOT:0032030				
PROMOT:0032039	Endurance of masseter															(PROMOT:2000006 some SNOMED:12894003)|(RO:0002331 some ICF:1328675264)				
PROMOT:0032040	Endurance of a set of masticatory muscles		Functions related to sustaining contraction of a group of masticatory muscles for the required period of time.							https://orcid.org/0009-0000-5160-7927					Class	ICF:1521707777				
PROMOT:0032040	Endurance of a set of masticatory muscles															(PROMOT:2000006 some SNOMED:12894003)|(RO:0002331 some ICF:1328675264)				
PROMOT:0032041	Endurance of muscle of pharynx		Functions related to sustaining contraction of a muscle of pharynx for the required period of time.							https://orcid.org/0009-0000-5160-7927					Class	PROMOT:0032043				
PROMOT:0032041	Endurance of muscle of pharynx															(PROMOT:2000006 some SNOMED:12894003)|(RO:0002331 some ICF:1328675264)|(RO:0002331 some ICF:553784299)|(RO:0002331 some ICF:151046878)				
PROMOT:0032042	Endurance of muscle of trunk		Functions related to sustaining contraction of a trunk muscle for the required period of time.							https://orcid.org/0009-0000-5160-7927					Class	ICF:1302007745				
PROMOT:0032042	Endurance of muscle of trunk															(PROMOT:2000006 some SNOMED:12894003)|(RO:0002331 some ICF:2048203604)				
PROMOT:0032043	Endurance of neck muscle		Functions related to sustaining muscle contraction of a neck muscle for the required period of time.							https://orcid.org/0009-0000-5160-7927					Class	ICF:1302007745				
PROMOT:0032043	Endurance of neck muscle															(PROMOT:2000006 some SNOMED:12894003)|(RO:0002331 some ICF:2048203604)				
PROMOT:0032044	Endurance of pelvic gridle muscle		Functions related to sustaining muscle contraction of a pelvic gridle muscle for the required period of time.							https://orcid.org/0009-0000-5160-7927					Class	ICF:1302007745				
PROMOT:0032044	Endurance of pelvic gridle muscle															(PROMOT:2000006 some SNOMED:12894003)|(RO:0002331 some ICF:2048203604)				
PROMOT:0032045	Endurance of a set of pharyngeal muscles		Functions related to sustaining muscle contraction of a group of pharyngeal muscles for the required period of time.							https://orcid.org/0009-0000-5160-7927					Class	ICF:1521707777				
PROMOT:0032045	Endurance of a set of pharyngeal muscles															(PROMOT:2000006 some SNOMED:12894003)|(RO:0002331 some ICF:1328675264)|(RO:0002331 some ICF:553784299)|(RO:0002331 some ICF:151046878)				
PROMOT:0032046	Endurance of pterygoid muscle		Functions related to sustaining contraction of pterygoid muscle for the required period of time.							https://orcid.org/0009-0000-5160-7927					Class	PROMOT:0032030				
PROMOT:0032046	Endurance of pterygoid muscle															(PROMOT:2000006 some SNOMED:12894003)|(RO:0002331 some ICF:1328675264)				
PROMOT:0032047	Endurance of quatriceps femoris		Functions related to sustaining contraction of a quatriceps femoris for the required period of time.							https://orcid.org/0009-0000-5160-7927					Class	ICF:1302007745				
PROMOT:0032047	Endurance of quatriceps femoris															(PROMOT:2000006 some SNOMED:12894003)				
PROMOT:0032048	Endurance of rhomboid major		Functions related to sustaining rhomboid major contraction for the required period of time.							https://orcid.org/0009-0000-5160-7927					Class	PROMOT:0032051				
PROMOT:0032048	Endurance of rhomboid major															(PROMOT:2000006 some SNOMED:12894003)|(RO:0002331 some ICF:2048203604)				
PROMOT:0032049	Endurance of rhomboid minor		Functions related to sustaining rhomboid minor contraction for the required period of time.							https://orcid.org/0009-0000-5160-7927					Class	PROMOT:0032051				
PROMOT:0032049	Endurance of rhomboid minor															(PROMOT:2000006 some SNOMED:12894003)|(RO:0002331 some ICF:2048203604)				
PROMOT:0032050	Endurance of serratus anterior		Functions related to sustaining serratus anterior contraction for the required period of time.							https://orcid.org/0009-0000-5160-7927					Class	PROMOT:0032051				
PROMOT:0032050	Endurance of serratus anterior															(PROMOT:2000006 some SNOMED:12894003)|(RO:0002331 some ICF:2048203604)				
PROMOT:0032051	Endurance of shoulder muscle		Functions related to sustaining muscle contraction of a shoulder muscle for the required period of time.							https://orcid.org/0009-0000-5160-7927					Class	ICF:1302007745				
PROMOT:0032051	Endurance of shoulder muscle															(PROMOT:2000006 some SNOMED:12894003)|(RO:0002331 some ICF:2048203604)				
PROMOT:0032052	Endurance of temporalis		Functions related to sustaining temporalis contraction for the required period of time.							https://orcid.org/0009-0000-5160-7927					Class	ICF:1302007745				
PROMOT:0032052	Endurance of temporalis															(PROMOT:2000006 some SNOMED:12894003)|(RO:0002331 some ICF:1328675264)				
PROMOT:0032053	Endurance of thenar muscle		Functions related to sustaining contraction of a thenar muscle for the required period of time.							https://orcid.org/0009-0000-5160-7927					Class	PROMOT:0032037				
PROMOT:0032053	Endurance of thenar muscle															(PROMOT:2000006 some SNOMED:12894003)				
PROMOT:0032054	Endurance of thigh musculature		Functions related to sustaining contraction of the thigh musculature for the required period of time.							https://orcid.org/0009-0000-5160-7927					Class	ICF:1521707777				
PROMOT:0032054	Endurance of thigh musculature															(PROMOT:2000006 some SNOMED:12894003)|(RO:0002331 some ICF:2048203604)				
PROMOT:0032055	Endurance of tibialis anterior		Functions related to sustaining muscle contraction of a tibialis anterior for the required period of time.							https://orcid.org/0009-0000-5160-7927					Class	PROMOT:0032038				
PROMOT:0032055	Endurance of tibialis anterior															(PROMOT:2000006 some SNOMED:12894003)				
PROMOT:0032056	Endurance of tibialis posterior		Functions related to sustaining muscle contraction of a tibialis posterior for the required period of time.							https://orcid.org/0009-0000-5160-7927					Class	PROMOT:0032038				
PROMOT:0032056	Endurance of tibialis posterior															(PROMOT:2000006 some SNOMED:12894003)				
PROMOT:0032057	Endurance of tongue muscle		Functions related to sustaining contraction of tongue muscle for the required period of time.							https://orcid.org/0009-0000-5160-7927					Class	PROMOT:0032030				
PROMOT:0032057	Endurance of tongue muscle															(PROMOT:2000006 some SNOMED:12894003)|(RO:0002331 some ICF:1328675264)				
PROMOT:0032058	Endurance of trapezius		Functions related to sustaining trapezius contraction for the required period of time.							https://orcid.org/0009-0000-5160-7927					Class	PROMOT:0032051				
PROMOT:0032058	Endurance of trapezius															(PROMOT:2000006 some SNOMED:12894003)|(RO:0002331 some ICF:2048203604)				
PROMOT:0032059	Endurance of triceps brachii		Functions related to sustaining triceps brachii contraction for the required period of time.							https://orcid.org/0009-0000-5160-7927					Class	PROMOT:0032025				
PROMOT:0032059	Endurance of triceps brachii															(PROMOT:2000006 some SNOMED:12894003)				
PROMOT:0032060	Power of abdominal muscle		Functions related to the force generated by the contraction of an abdominal muscle.							https://orcid.org/0009-0000-5160-7927					Class	PROMOT:0032078				
PROMOT:0032060	Power of abdominal muscle															(PROMOT:2000006 some SNOMED:12894003)|(RO:0002331 some ICF:2048203604)				
PROMOT:0032061	Power of arm muscle		Functions related to the force generated by the contraction of an arm muscle.							https://orcid.org/0009-0000-5160-7927					Class	ICF:1789365017				
PROMOT:0032061	Power of arm muscle															(PROMOT:2000006 some SNOMED:12894003)|(RO:0002331 some ICF:2048203604)				
PROMOT:0032062	Power of buccinator		Functions related to the force generated by the contraction of a buccinator.							https://orcid.org/0009-0000-5160-7927					Class	PROMOT:0032066				
PROMOT:0032062	Power of buccinator															(PROMOT:2000006 some SNOMED:12894003)|(RO:0002331 some ICF:1328675264)				
PROMOT:0032063	Power of diaphragm		Functions related to the force generated by the contraction of the diaphragm.							https://orcid.org/0009-0000-5160-7927					Class	PROMOT:0032078				
PROMOT:0032063	Power of diaphragm															(PROMOT:2000006 some SNOMED:12894003)				
PROMOT:0032064	Power of extensor digitorum		Functions related to the force generated by the contraction of an extensor digitorum.							https://orcid.org/0009-0000-5160-7927					Class	PROMOT:0032069				
PROMOT:0032064	Power of extensor digitorum															(PROMOT:2000006 some SNOMED:12894003)|(RO:0002331 some ICF:2048203604)				
PROMOT:0032065	Power of extra-ocular muscle		Functions related to the force generated by the contraction of an extra-ocular muscle.							https://orcid.org/0009-0000-5160-7927					Class	PROMOT:0032066				
PROMOT:0032065	Power of extra-ocular muscle															(PROMOT:2000006 some SNOMED:12894003)				
PROMOT:0032066	Power of facial muscle		Functions related to the force generated by the contraction of a muscle of the face.							https://orcid.org/0009-0000-5160-7927					Class	ICF:1789365017				
PROMOT:0032066	Power of facial muscle															(PROMOT:2000006 some SNOMED:12894003)|(RO:0002331 some ICF:1328675264)				
PROMOT:0032067	Power of first dorsal interosseous of hand		Functions related to the force generated by the contraction of a first dorsal interosseous of hand.							https://orcid.org/0009-0000-5160-7927					Class	PROMOT:0032073				
PROMOT:0032067	Power of first dorsal interosseous of hand															(PROMOT:2000006 some SNOMED:12894003)|(RO:0002331 some ICF:2048203604)				
PROMOT:0032068	Power of foot muscle		Functions related to the force generated by the contraction of a foot muscle.							https://orcid.org/0009-0000-5160-7927					Class	ICF:1789365017				
PROMOT:0032068	Power of foot muscle															(PROMOT:2000006 some SNOMED:12894003)|(RO:0002331 some ICF:2048203604)				
PROMOT:0032069	Power of forearm muscle		Functions related to the force generated by the contraction of a forearm muscle.							https://orcid.org/0009-0000-5160-7927					Class	ICF:1789365017				
PROMOT:0032069	Power of forearm muscle															(PROMOT:2000006 some SNOMED:12894003)|(RO:0002331 some ICF:2048203604)				
PROMOT:0032070	Power of hand muscle		Functions related to the force generated by the contraction of a hand muscle.							https://orcid.org/0009-0000-5160-7927					Class	ICF:1789365017				
PROMOT:0032070	Power of hand muscle															(PROMOT:2000006 some SNOMED:12894003)|(RO:0002331 some ICF:2048203604)				
PROMOT:0032071	Power of intercostal muscle		Functions related to the force generated by the contraction of an intercostal muscle.							https://orcid.org/0009-0000-5160-7927					Class	PROMOT:0032078				
PROMOT:0032071	Power of intercostal muscle															(PROMOT:2000006 some SNOMED:12894003)|(RO:0002331 some ICF:2048203604)				
PROMOT:0032072	Power of a set of intercostal muscles		Functions related to the force generated by the contraction of a group of intercostal muscles.							https://orcid.org/0009-0000-5160-7927					Class	ICF:1789365017				
PROMOT:0032072	Power of a set of intercostal muscles															(PROMOT:2000006 some SNOMED:12894003)				
PROMOT:0032073	Power of intrinsic muscle of hand		Functions related to the force generated by the contraction of an intrinsic muscle of hand.							https://orcid.org/0009-0000-5160-7927					Class	PROMOT:0032070				
PROMOT:0032073	Power of intrinsic muscle of hand															(PROMOT:2000006 some SNOMED:12894003)|(RO:0002331 some ICF:2048203604)				
PROMOT:0032074	Power of leg muscle		Functions related to the force generated by the contraction of a leg muscle.							https://orcid.org/0009-0000-5160-7927					Class	ICF:1789365017				
PROMOT:0032074	Power of leg muscle															(PROMOT:2000006 some SNOMED:12894003)|(RO:0002331 some ICF:2048203604)				
PROMOT:0032075	Power of masseter		Functions related to the force generated by the contraction of a masseter.							https://orcid.org/0009-0000-5160-7927					Class	PROMOT:0032066				
PROMOT:0032075	Power of masseter															(PROMOT:2000006 some SNOMED:12894003)|(RO:0002331 some ICF:1328675264)				
PROMOT:0032076	Power of a set of masticatory muscles		Functions related to the force generated by the contraction of a group of masticatory muscles.							https://orcid.org/0009-0000-5160-7927					Class	ICF:1789365017				
PROMOT:0032076	Power of a set of masticatory muscles															(PROMOT:2000006 some SNOMED:12894003)|(RO:0002331 some ICF:1328675264)				
PROMOT:0032077	Power of muscle of pharynx		Functions related to the force generated by the contraction of a muscle of pharynx.							https://orcid.org/0009-0000-5160-7927					Class	PROMOT:0032079				
PROMOT:0032077	Power of muscle of pharynx															(PROMOT:2000006 some SNOMED:12894003)|(RO:0002331 some ICF:1328675264)|(RO:0002331 some ICF:553784299)|(RO:0002331 some ICF:151046878)				
PROMOT:0032078	Power of muscle of trunk		Functions related to the force generated by the contraction of a trunk muscle.							https://orcid.org/0009-0000-5160-7927					Class	ICF:1789365017				
PROMOT:0032078	Power of muscle of trunk															(PROMOT:2000006 some SNOMED:12894003)				
PROMOT:0032079	Power of neck muscle		Functions related to the force generated by the contraction of a neck muscle.							https://orcid.org/0009-0000-5160-7927					Class	ICF:1789365017				
PROMOT:0032079	Power of neck muscle															(PROMOT:2000006 some SNOMED:12894003)|(RO:0002331 some ICF:2048203604)				
PROMOT:0032080	Power of pelvic gridle muscle		Functions related to the force generated by the contraction of a pelvic girdle muscle.							https://orcid.org/0009-0000-5160-7927					Class	ICF:1789365017				
PROMOT:0032080	Power of pelvic gridle muscle															(PROMOT:2000006 some SNOMED:12894003)|(RO:0002331 some ICF:2048203604)				
PROMOT:0032081	Power of a set of pharyngeal muscles		Functions related to the force generated by the contraction of a group of pharyngeal muscles.							https://orcid.org/0009-0000-5160-7927					Class	ICF:1789365017				
PROMOT:0032081	Power of a set of pharyngeal muscles															(PROMOT:2000006 some SNOMED:12894003)|(RO:0002331 some ICF:1328675264)|(RO:0002331 some ICF:553784299)|(RO:0002331 some ICF:151046878)				
PROMOT:0032082	Power of pterygoid muscle		Functions related to the force generated by the contraction of a pterygoid muscle.							https://orcid.org/0009-0000-5160-7927					Class	PROMOT:0032066				
PROMOT:0032082	Power of pterygoid muscle															(PROMOT:2000006 some SNOMED:12894003)|(RO:0002331 some ICF:1328675264)				
PROMOT:0032083	Power of quatriceps femoris		Functions related to the force generated by the contraction of a quadriceps femoris.							https://orcid.org/0009-0000-5160-7927					Class	ICF:1789365017				
PROMOT:0032083	Power of quatriceps femoris															(PROMOT:2000006 some SNOMED:12894003)|(RO:0002331 some ICF:2048203604)				
PROMOT:0032084	Power of rhomboid major		Functions related to the force generated by the contraction of a rhomboid major.							https://orcid.org/0009-0000-5160-7927					Class	PROMOT:0032087				
PROMOT:0032084	Power of rhomboid major															(PROMOT:2000006 some SNOMED:12894003)|(RO:0002331 some ICF:2048203604)				
PROMOT:0032085	Power of rhomboid minor		Functions related to the force generated by the contraction of a rhomboid minor.							https://orcid.org/0009-0000-5160-7927					Class	PROMOT:0032087				
PROMOT:0032085	Power of rhomboid minor															(PROMOT:2000006 some SNOMED:12894003)|(RO:0002331 some ICF:2048203604)				
PROMOT:0032086	Power of serratus anterior		Functions related to the force generated by the contraction of a serratus anterior.							https://orcid.org/0009-0000-5160-7927					Class	PROMOT:0032087				
PROMOT:0032086	Power of serratus anterior															(PROMOT:2000006 some SNOMED:12894003)|(RO:0002331 some ICF:2048203604)				
PROMOT:0032087	Power of shoulder muscle		Functions related to the force generated by the contraction of a shoulder muscle.							https://orcid.org/0009-0000-5160-7927					Class	ICF:1789365017				
PROMOT:0032087	Power of shoulder muscle															(PROMOT:2000006 some SNOMED:12894003)|(RO:0002331 some ICF:2048203604)				
PROMOT:0032088	Power of temporalis		Functions related to the force generated by the contraction of a temporalis.							https://orcid.org/0009-0000-5160-7927					Class	ICF:1789365017				
PROMOT:0032088	Power of temporalis															(PROMOT:2000006 some SNOMED:12894003)|(RO:0002331 some ICF:1328675264)				
PROMOT:0032089	Power of thenar muscle		Functions related to the force generated by the contraction of a thenar muscle.							https://orcid.org/0009-0000-5160-7927					Class	PROMOT:0032073				
PROMOT:0032089	Power of thenar muscle															(PROMOT:2000006 some SNOMED:12894003)|(RO:0002331 some ICF:2048203604)				
PROMOT:0032090	Power of thigh musculature		Functions related to the force generated by the contraction of the thigh musculature.							https://orcid.org/0009-0000-5160-7927					Class	ICF:1789365017				
PROMOT:0032090	Power of thigh musculature															(PROMOT:2000006 some SNOMED:12894003)|(RO:0002331 some ICF:2048203604)				
PROMOT:0032091	Power of tibialis anterior		Functions related to the force generated by the contraction of a tibialis anterior.							https://orcid.org/0009-0000-5160-7927					Class	PROMOT:0032074				
PROMOT:0032091	Power of tibialis anterior															(PROMOT:2000006 some SNOMED:12894003)|(RO:0002331 some ICF:2048203604)				
PROMOT:0032092	Power of tibialis posterior		Functions related to the force generated by the contraction of a tibialis posterior.							https://orcid.org/0009-0000-5160-7927					Class	PROMOT:0032074				
PROMOT:0032092	Power of tibialis posterior															(PROMOT:2000006 some SNOMED:12894003)|(RO:0002331 some ICF:2048203604)				
PROMOT:0032093	Power of tongue muscle		Functions related to the force generated by the contraction of the tongue muscle.							https://orcid.org/0009-0000-5160-7927					Class	PROMOT:0032066				
PROMOT:0032093	Power of tongue muscle															(PROMOT:2000006 some SNOMED:12894003)|(RO:0002331 some ICF:1328675264)				
PROMOT:0032094	Power of trapezius		Functions related to the force generated by the contraction of a trapezius.							https://orcid.org/0009-0000-5160-7927					Class	PROMOT:0032087				
PROMOT:0032094	Power of trapezius															(PROMOT:2000006 some SNOMED:12894003)|(RO:0002331 some ICF:2048203604)				
PROMOT:0032095	Power of triceps brachii		Functions related to the force generated by the contraction of a triceps brachii.							https://orcid.org/0009-0000-5160-7927					Class	PROMOT:0032061				
PROMOT:0032095	Power of triceps brachii															(PROMOT:2000006 some SNOMED:12894003)|(RO:0002331 some ICF:2048203604)				
PROMOT:0100001	Activity related procedure		A procedure that can measure an activity.							https://orcid.org/0009-0000-5160-7927					Class	SNOMED:128927009|(PROMOT:2000002 some PROMOT:0110001)	(SNOMED:128927009 and (PROMOT:2000002 some PROMOT:0110001))			
PROMOT:0100002	Body function related procedure		A procedure that can measure a body function.							https://orcid.org/0009-0000-5160-7927					Class	SNOMED:128927009|(PROMOT:2000002 some ICF:567313968)	(SNOMED:128927009 and (PROMOT:2000002 some ICF:567313968))			
PROMOT:0100003	Phenotypically related procedure		A procedure that can assess a phenotype.							https://orcid.org/0009-0000-5160-7927					Class	SNOMED:128927009|(PROMOT:2000002 some HP:0000118)	(SNOMED:128927009 and (PROMOT:2000002 some HP:0000118))			
PROMOT:0110001	Activity		An activity is the execution of a task or action by an individual. Activity limitations are difficulties an individual may have in executing activities.	International Classification of Functioning, Disability and Health (ICF)					http://id.who.int/icd/entity/1394728112	https://orcid.org/0009-0000-5160-7927					Class	BFO:0000015				
PROMOT:0120002	Participation		A participation is an involvement in a life situation. Participation restrictions are problems an individual may experience in involvement in life situations.	International Classification of Functioning, Disability and Health (ICF)					http://id.who.int/icd/entity/1394728112	https://orcid.org/0009-0000-5160-7927					Class	BFO:0000015				
PROMOT:1000001	found in		An annotation property that indicates the source that supports the need to integrate the class in the ontology.							https://orcid.org/0009-0000-5160-7927					Annotation property				xsd:string	
PROMOT:2000001	affects		A relation between two entity where the first entity affects the state of the second entity.							https://orcid.org/0009-0000-5160-7927		BIOLINK:affects|SIO:001158			Object property			HP:0000118		
PROMOT:2000002	assesses		A relation between an evaluation procedure and the entity assessed by the procedure that could be a patient or a phenotype. The evaluation procedure could be, for instance, a performance test, a patient reported questionnaire or a scale (non restrictive).							https://orcid.org/0009-0000-5160-7927					Object property			SNOMED:128927009		
PROMOT:2000003	has genetic mutation		A relation between an organism and a specific gene mutation that exists in the genome of that organism.							https://orcid.org/0009-0000-5160-7927		VO:0001039			Object property			NCIT:C14250	SO:0001060	
PROMOT:2000004	has identifier		A relation between an entity and its identifier where the identifier allows to indentify the first entity.							https://orcid.org/0009-0000-5160-7927					Object property				IAO:0020000	
PROMOT:2000005	is assessed by		A relation between an entity and the evaluation procedure that assesses the entity.												Object property					
PROMOT:2000006	is measured by		A relation between an entity and the evaluation procedure that measures the entity.												Object property					
PROMOT:2000007	is related to		A relation between two organisms where the two organisms share a biological bond. 							https://orcid.org/0009-0000-5160-7927		SIO:000709			Object property					
PROMOT:2000008	is used by		A relation between an assistive device and a patient, where the patient uses the device in order to accomplish something, such as a task or an activity (e.g. moving, reading).							https://orcid.org/0009-0000-5160-7927					Object property				NCIT:C16960	
PROMOT:2000009	measures		A relation between an evaluation procedure and the entity measured by the procedure, such as a structure, a function, an activity or a participation.							https://orcid.org/0009-0000-5160-7927		SCDO:1000194			Object property			SNOMED:128927009		
PROMOT:3000001	has age for value		A data property to link an entity to the datype int to describe an age.							https://orcid.org/0009-0000-5160-7927					Data property			PROMOT:0010001	xsd:int	
PROMOT:3000002	has date for value		A data property to link an entity to the datype date to describe a date with the format YYYY-MM-DD.							https://orcid.org/0009-0000-5160-7927					Data property			NCIT:C25164	xsd:date	
PROMOT:3000003	has decimal for value		A data property to link an entity to the datype decimal.							https://orcid.org/0009-0000-5160-7927					Data property			PROMOT:0010003	xsd:decimal	
PROMOT:3000004	has duration for value		A data property to link an entity to the datype duration.							https://orcid.org/0009-0000-5160-7927					Data property			PROMOT:0010004	xsd:duration	
PROMOT:3000005	has int for value		A data property to link an entity to the datype int.							https://orcid.org/0009-0000-5160-7927					Data property			PROMOT:0010005	xsd:int	
PROMOT:3000006	has token for value		A data property to link an entity to the datype token.							https://orcid.org/0009-0000-5160-7927					Data property			PROMOT:0010006	xsd:token	
PROMOT:3000007	has year for value		A data property to link an entity to the datype gYear to describe a year whit the format YYYY.							https://orcid.org/0009-0000-5160-7927					Data property			PROMOT:0010007	xsd:gYear 	
PROMOT:3000008	has boolean for value		A data property to link an entity to a boolean value.												Data property			PROMOT:0010052	xsd:boolean	
RO:0000080	quality of														Object property					
RO:0000086	has quality														Object property					
RO:0000091	has disposition														Object property					
RO:0001025	located in														Object property					
RO:0002200	has phenotype														Object property					
RO:0002234	has output														Object property					
RO:0002328	functionally related to														Object property					
RO:0002331	involved in														Object property					
RO:0002350	member of														Object property					
RO:0002351	has member														Object property					
RO:0002614	is evidence with support from														Object property					
RO:0004003	has material basis in germline mutation in														Object property					
RO:0004013	is causal germline mutation in														Object property			SO:0001060		
RO:0004029	disease has feature														Object property					
SNOMED:11286003	Twin sibling					[PROMOT note] [Derived from RD-CDM] [6.3.5 Family Member Relationship]					[PROMOT note] [RD-CDM] Graefe, A.S.L., Hübner, M.R., Rehburg, F. et al. An ontology-based rare disease common data model harmonising international registries, FHIR, and Phenopackets. Sci Data 12, 234 (2025). https://doi.org/10.1038/s41597-025-04558-z		[PROMOT note] The PROMOT ontology added a comment to quote the CDM used as a source for this entity.		Class					
SNOMED:113160008	Natural son					[PROMOT note] [Derived from RD-CDM] [6.3.5 Family Member Relationship]	[PROMOT note] [Derived from EURO-NMD NMD-CDE] [which_affected_family]				[PROMOT note] [RD-CDM] Graefe, A.S.L., Hübner, M.R., Rehburg, F. et al. An ontology-based rare disease common data model harmonising international registries, FHIR, and Phenopackets. Sci Data 12, 234 (2025). https://doi.org/10.1038/s41597-025-04558-z|[PROMOT note] [EURO-NMD] Atalia A et al., EURO-NMD registry: federated FAIR infrastructure, innovative technologies and concepts of a patient-centred registry for rare neuromuscular disorders. Orphanet J Rare Dis. 2024 Feb 14;19(1):66. doi: 10.1186/s13023-024-03059-3. PMID: 38355534; PMCID: PMC10865673.		[PROMOT note] The PROMOT ontology added a comment to quote the CDMs used as a source for this entity.		Class	SNOMED:75226009				
SNOMED:1153637007	Body height						[PROMOT note] [Derived from EURO-NMD NMD-CDE] [body_height_cm]	[PROMOT note] [Present in OPMD research clinical form]			[PROMOT note] [EURO-NMD] Atalia A et al., EURO-NMD registry: federated FAIR infrastructure, innovative technologies and concepts of a patient-centred registry for rare neuromuscular disorders. Orphanet J Rare Dis. 2024 Feb 14;19(1):66. doi: 10.1186/s13023-024-03059-3. PMID: 38355534; PMCID: PMC10865673.		[PROMOT note] The PROMOT ontology added a comment to quote the CDM used as a source for this entity.		Class	SNOMED:248326004				
SNOMED:1153637007	Body height															(RO:0002350 some PROMOT:0010012)				
SNOMED:125678001	First degree blood relative														Class	SNOMED:125679009				
SNOMED:125679009	Blood relative					[PROMOT note] [Derived from RD-CDM] [6.3.5 Family Member Relationship]	[PROMOT note] [Derived from EURO-NMD NMD-CDE] [which_affected_family]				[PROMOT note] [RD-CDM] Graefe, A.S.L., Hübner, M.R., Rehburg, F. et al. An ontology-based rare disease common data model harmonising international registries, FHIR, and Phenopackets. Sci Data 12, 234 (2025). https://doi.org/10.1038/s41597-025-04558-z|[PROMOT note] [EURO-NMD] Atalia A et al., EURO-NMD registry: federated FAIR infrastructure, innovative technologies and concepts of a patient-centred registry for rare neuromuscular disorders. Orphanet J Rare Dis. 2024 Feb 14;19(1):66. doi: 10.1186/s13023-024-03059-3. PMID: 38355534; PMCID: PMC10865673.	http://snomed.info/id/444018008	[PROMOT note] The PROMOT ontology added a comment to quote the CDM used as a source for this entity. A crossref to the orignal RD-CDM element from SNOMED has also been added.		Class	NCBITaxon:9606|(PROMOT:2000007 some NCIT:C16960)|(RO:0000086 some HP:0032319)				
SNOMED:125680007	Marital status							[PROMOT note] [Present in OPMD research clinical form]							Class	SNOMED:302147001|PROMOT:0010006				
SNOMED:125680007	Marital status															(RO:0002350 some PROMOT:0010012)				
SNOMED:128927009	Procedure by method					[PROMOT note] [Derived from RD-CDM] [6.3.4 Procedure]					[PROMOT note] [RD-CDM] Graefe, A.S.L., Hübner, M.R., Rehburg, F. et al. An ontology-based rare disease common data model harmonising international registries, FHIR, and Phenopackets. Sci Data 12, 234 (2025). https://doi.org/10.1038/s41597-025-04558-z	NCIT:C60819|http://snomed.info/id/122869004	[PROMOT note] The PROMOT ontology added a comment to quote the CDM used as a source for this entity. A crossref to the orignal RD-CDM element from SNOMED has also been added.		Class	BFO:0000015|(PROMOT:2000002 some NCIT:C16960)|(RO:0002234 some IAO:0000027)				
SNOMED:128927009	Procedure by method															(RO:0002350 some PROMOT:0010011)				
SNOMED:12894003	Functional assessment														Class	SNOMED:315306007				
SNOMED:13646006	Natural parent														Class	SNOMED:125678001				
SNOMED:17945006	Natural grandmother					[PROMOT note] [Derived from RD-CDM] [6.3.5 Family Member Relationship] 	[PROMOT note] [Derived from EURO-NMD NMD-CDE] [which_affected_family]				[PROMOT note] [RD-CDM] Graefe, A.S.L., Hübner, M.R., Rehburg, F. et al. An ontology-based rare disease common data model harmonising international registries, FHIR, and Phenopackets. Sci Data 12, 234 (2025). https://doi.org/10.1038/s41597-025-04558-z|[PROMOT note] [EURO-NMD] Atalia A et al., EURO-NMD registry: federated FAIR infrastructure, innovative technologies and concepts of a patient-centred registry for rare neuromuscular disorders. Orphanet J Rare Dis. 2024 Feb 14;19(1):66. doi: 10.1186/s13023-024-03059-3. PMID: 38355534; PMCID: PMC10865673.		[PROMOT note] The PROMOT ontology added a comment to quote the CDMs used as a source for this entity.		Class	SNOMED:78272007				
SNOMED:184099003	Date of Birth					[PROMOT note] [Derived from RD-CDM] [2.1 Date of birth] & [6.3.9 Family Member Date of Birth]	[PROMOT note] [Derived from EURO-NMD NMD-CDE] [date_of_birth]	[PROMOT note] [Derived from EU-CDE] [2.1. Date of birth]			[PROMOT note] [RD-CDM] Graefe, A.S.L., Hübner, M.R., Rehburg, F. et al. An ontology-based rare disease common data model harmonising international registries, FHIR, and Phenopackets. Sci Data 12, 234 (2025). https://doi.org/10.1038/s41597-025-04558-z|[PROMOT note] [EURO-NMD] Atalia A et al., EURO-NMD registry: federated FAIR infrastructure, innovative technologies and concepts of a patient-centred registry for rare neuromuscular disorders. Orphanet J Rare Dis. 2024 Feb 14;19(1):66. doi: 10.1186/s13023-024-03059-3. PMID: 38355534; PMCID: PMC10865673.|[PROMOT note] [EU-CDE] Set of Common Data Elements, EU RD Platform [Internet]. [cited 2026 Jun 17]. Available from: https://eu-rd-platform.jrc.ec.europa.eu/set-of-common-data-elements_en	LOINC:54124-3	[PROMOT note] The PROMOT ontology added a comment to quote the CDMs used as a source for this entity. A crossref to the orignal RD-CDM element from SNOMED and LOINC has also been added.		Class	SNOMED:302147001				
SNOMED:184099003	Date of Birth															(RO:0002350 some PROMOT:0010009)				
SNOMED:184104002	Patient occupation							[PROMOT note] [Present in OPMD research clinical form]							Class	PROMOT:0010006				
SNOMED:184104002	Patient occupation															(RO:0002350 some PROMOT:0010012)				
SNOMED:184305005	Cause of death					[PROMOT note] [Derived from RD-CDM] [3.3 Cause of Death] & [6.3.11 Family Member Cause of Death]					[PROMOT note] [RD-CDM] Graefe, A.S.L., Hübner, M.R., Rehburg, F. et al. An ontology-based rare disease common data model harmonising international registries, FHIR, and Phenopackets. Sci Data 12, 234 (2025). https://doi.org/10.1038/s41597-025-04558-z	LOINC:54112-8	[PROMOT note] The PROMOT ontology added a comment to quote the CDM used as a source for this entity.		Class	PROMOT:0010006				
SNOMED:184305005	Cause of death															(RO:0002350 some PROMOT:0010009)				
SNOMED:21093007	Half sibling														Class	SNOMED:125679009				
SNOMED:224118004	NB of offspring						[PROMOT note] [Derived from EURO-NMD NMD-CDE] [number_of_child]				[PROMOT note] [EURO-NMD] Atalia A et al., EURO-NMD registry: federated FAIR infrastructure, innovative technologies and concepts of a patient-centred registry for rare neuromuscular disorders. Orphanet J Rare Dis. 2024 Feb 14;19(1):66. doi: 10.1186/s13023-024-03059-3. PMID: 38355534; PMCID: PMC10865673.		[PROMOT note] The PROMOT ontology added a comment to quote the CDM used as a source for this entity.		Class	PROMOT:0010005				
SNOMED:224118004	Number of offspring															(RO:0002350 some PROMOT:0010012)				
SNOMED:224288002	Duration of formal education							[PROMOT note] [Present in OPMD research clinical form]							Class	PROMOT:0010004				
SNOMED:224288002	Duration of formal education															(RO:0002350 some PROMOT:0010012)				
SNOMED:224899006	Walking aid					[PROMOT note] related impairment: Gait disturbance HP:0001288	[PROMOT note] [Derived from EURO-NMD NMD-CDE] [ambulatory_status]				[PROMOT note] [EURO-NMD] Atalia A et al., EURO-NMD registry: federated FAIR infrastructure, innovative technologies and concepts of a patient-centred registry for rare neuromuscular disorders. Orphanet J Rare Dis. 2024 Feb 14;19(1):66. doi: 10.1186/s13023-024-03059-3. PMID: 38355534; PMCID: PMC10865673.		[PROMOT note] The PROMOT ontology added a comment to quote the CDM used as a source for this entity.		Class	SNOMED:360296002				
SNOMED:2272004	Half-sister					[PROMOT note] [Derived from RD-CDM] [6.3.5 Family Member Relationship]					[PROMOT note] [RD-CDM] Graefe, A.S.L., Hübner, M.R., Rehburg, F. et al. An ontology-based rare disease common data model harmonising international registries, FHIR, and Phenopackets. Sci Data 12, 234 (2025). https://doi.org/10.1038/s41597-025-04558-z		[PROMOT note] The PROMOT ontology added a comment to quote the CDM used as a source for this entity.		Class	SNOMED:21093007				
SNOMED:23088002	Ambidextrous							[PROMOT note] [Present in OPMD research clinical form]							Class	SNOMED:364940007				
SNOMED:248326004	Body measure														Class	PROMOT:0010003				
SNOMED:257192006	Aid to vision														Class	BFO:0000030|(PROMOT:2000008 some NCIT:C16960)				
SNOMED:266731002	Walking frame														Class	SNOMED:224899006				
SNOMED:27113001	Body weight						[PROMOT note] [Derived from EURO-NMD NMD-CDE] [body_weight_kg]				[PROMOT note] [EURO-NMD] Atalia A et al., EURO-NMD registry: federated FAIR infrastructure, innovative technologies and concepts of a patient-centred registry for rare neuromuscular disorders. Orphanet J Rare Dis. 2024 Feb 14;19(1):66. doi: 10.1186/s13023-024-03059-3. PMID: 38355534; PMCID: PMC10865673.		[PROMOT note] The PROMOT ontology added a comment to quote the CDM used as a source for this entity.		Class	SNOMED:248326004				
SNOMED:27113001	Body weight															(RO:0002350 some PROMOT:0010012)				
SNOMED:298059007	Date of onset					[PROMOT note] [Derived from RD-CDM] [5.4 Date of Onset]	[PROMOT note] [Derived from EURO-NMD NMD-CDE] [date_for_age_at_onset]	[PROMOT note] [Derived from EU-CDE] [5.1. Age at onset]			[PROMOT note] [RD-CDM] Graefe, A.S.L., Hübner, M.R., Rehburg, F. et al. An ontology-based rare disease common data model harmonising international registries, FHIR, and Phenopackets. Sci Data 12, 234 (2025). https://doi.org/10.1038/s41597-025-04558-z|[PROMOT note] [EURO-NMD] Atalia A et al., EURO-NMD registry: federated FAIR infrastructure, innovative technologies and concepts of a patient-centred registry for rare neuromuscular disorders. Orphanet J Rare Dis. 2024 Feb 14;19(1):66. doi: 10.1186/s13023-024-03059-3. PMID: 38355534; PMCID: PMC10865673.|[PROMOT note] [EU-CDE] Set of Common Data Elements, EU RD Platform [Internet]. [cited 2026 Jun 17]. Available from: https://eu-rd-platform.jrc.ec.europa.eu/set-of-common-data-elements_en		[PROMOT note] The PROMOT ontology added a comment to quote the CDM used as a source for this entity.		Class	NCIT:C25164				
SNOMED:298059007	Date of onset															(RO:0002350 some PROMOT:0010010)				
SNOMED:315306007	Examination by method														Class	SNOMED:128927009				
SNOMED:315354004	Country of Birth					[PROMOT note] [Derived from RD-CDM] [2.5 Country of Birth]					[PROMOT note] [RD-CDM] Graefe, A.S.L., Hübner, M.R., Rehburg, F. et al. An ontology-based rare disease common data model harmonising international registries, FHIR, and Phenopackets. Sci Data 12, 234 (2025). https://doi.org/10.1038/s41597-025-04558-z	http://snomed.info/id/370159000	[PROMOT note] The PROMOT ontology added a comment to quote the CDMs used as a source for this entity. A crossref to the orignal RD-CDM element has also been added.		Class	PROMOT:0010006				
SNOMED:315354004	Country of Birth															(RO:0002350 some PROMOT:0010012)				
SNOMED:360296002	Assitive equipment														Class	BFO:0000030|(PROMOT:2000008 some NCIT:C16960)				
SNOMED:363787002	Observable entity														Class	IAO:0000030				
SNOMED:364940007	Handedness finding							[PROMOT note] [Present in OPMD research clinical form]							Class	IAO:0000030				
SNOMED:364940007	Handedness finding															(RO:0002350 some PROMOT:0010012)				
SNOMED:398192003	Co-morbid conditions						[PROMOT note] [Derived from EURO-NMD NMD-CDE] [diagnosis_rd_2_orpha]				[PROMOT note] [EURO-NMD] Atalia A et al., EURO-NMD registry: federated FAIR infrastructure, innovative technologies and concepts of a patient-centred registry for rare neuromuscular disorders. Orphanet J Rare Dis. 2024 Feb 14;19(1):66. doi: 10.1186/s13023-024-03059-3. PMID: 38355534; PMCID: PMC10865673.		[PROMOT note] The PROMOT ontology added a comment to quote the CDM used as a source for this entity.		Class	IAO:0000030|PROMOT:0010006				
SNOMED:398192003	Co-morbid conditions															(RO:0002350 some PROMOT:0010012)				
SNOMED:399423000	Date of admission					[PROMOT note] [Derived from RD-CDM] [1.2 Date of Admission]	[PROMOT note] [Derived from EURO-NMD NMD-CDE] [date_of_first_contact]	[PROMOT note] [Derived from EU-CDE] [4.1. First contact with specialised centre]			[PROMOT note] [RD-CDM] Graefe, A.S.L., Hübner, M.R., Rehburg, F. et al. An ontology-based rare disease common data model harmonising international registries, FHIR, and Phenopackets. Sci Data 12, 234 (2025). https://doi.org/10.1038/s41597-025-04558-z|[PROMOT note] [EURO-NMD] Atalia A et al., EURO-NMD registry: federated FAIR infrastructure, innovative technologies and concepts of a patient-centred registry for rare neuromuscular disorders. Orphanet J Rare Dis. 2024 Feb 14;19(1):66. doi: 10.1186/s13023-024-03059-3. PMID: 38355534; PMCID: PMC10865673.|[PROMOT note] [EU-CDE] Set of Common Data Elements, EU RD Platform [Internet]. [cited 2026 Jun 17]. Available from: https://eu-rd-platform.jrc.ec.europa.eu/set-of-common-data-elements_en		[PROMOT note] The PROMOT ontology added a comment to quote the CDMs used as a source for this entity.		Class	NCIT:C25164				
SNOMED:399423000	Date of admission															(RO:0002350 some PROMOT:0010012)				
SNOMED:399753006	Date of death					[PROMOT note] [Derived from RD-CDM] [3.2 Time of Death]	[PROMOT note] [Derived from EURO-NMD NMD-CDE] [eodc_date_of_death]	[PROMOT note] [Derived from EU-CDE] [3.2. Date of death]			[PROMOT note] [RD-CDM] Graefe, A.S.L., Hübner, M.R., Rehburg, F. et al. An ontology-based rare disease common data model harmonising international registries, FHIR, and Phenopackets. Sci Data 12, 234 (2025). https://doi.org/10.1038/s41597-025-04558-z|[PROMOT note] [EURO-NMD] Atalia A et al., EURO-NMD registry: federated FAIR infrastructure, innovative technologies and concepts of a patient-centred registry for rare neuromuscular disorders. Orphanet J Rare Dis. 2024 Feb 14;19(1):66. doi: 10.1186/s13023-024-03059-3. PMID: 38355534; PMCID: PMC10865673.|[PROMOT note] [EU-CDE] Set of Common Data Elements, EU RD Platform [Internet]. [cited 2026 Jun 17]. Available from: https://eu-rd-platform.jrc.ec.europa.eu/set-of-common-data-elements_en	http://snomed.info/id/398299004	[PROMOT note] The PROMOT ontology added a comment to quote the CDMs used as a source for this entity. A crossref to the orignal RD-CDM element has also been added.		Class	NCIT:C25164				
SNOMED:399753006	Date of death															(RO:0002350 some PROMOT:0010009)				
SNOMED:406543005	Date of visit						[PROMOT note] [Derived from EURO-NMD NMD-CDE] [date_of_visit]	[PROMOT note] [Derived from EU-CDE] [5.2. Age at diagnosis]			[PROMOT note] [EURO-NMD] Atalia A et al., EURO-NMD registry: federated FAIR infrastructure, innovative technologies and concepts of a patient-centred registry for rare neuromuscular disorders. Orphanet J Rare Dis. 2024 Feb 14;19(1):66. doi: 10.1186/s13023-024-03059-3. PMID: 38355534; PMCID: PMC10865673.|[PROMOT note] [EU-CDE] Set of Common Data Elements, EU RD Platform [Internet]. [cited 2026 Jun 17]. Available from: https://eu-rd-platform.jrc.ec.europa.eu/set-of-common-data-elements_en		[PROMOT note] The PROMOT ontology added a comment to quote the CDM used as a source for this entity.		Class	NCIT:C25164				
SNOMED:406543005	Date of visit															(RO:0002350 some PROMOT:0010012)				
SNOMED:420480000	Ptosis crutch														Class	SNOMED:257192006				
SNOMED:423493009	Age at diagnosis					[PROMOT note] [Derived from RD-CDM] [5.5 Age at Diagnosis]	[PROMOT note] [Derived from EURO-NMD NMD-CDE] [age_at_diagnosis]	[PROMOT note] [Present in OPMD research clinical form]			[PROMOT note] [RD-CDM] Graefe, A.S.L., Hübner, M.R., Rehburg, F. et al. An ontology-based rare disease common data model harmonising international registries, FHIR, and Phenopackets. Sci Data 12, 234 (2025). https://doi.org/10.1038/s41597-025-04558-z|[PROMOT note] [EURO-NMD] Atalia A et al., EURO-NMD registry: federated FAIR infrastructure, innovative technologies and concepts of a patient-centred registry for rare neuromuscular disorders. Orphanet J Rare Dis. 2024 Feb 14;19(1):66. doi: 10.1186/s13023-024-03059-3. PMID: 38355534; PMCID: PMC10865673.		[PROMOT note] The PROMOT ontology added a comment to quote the CDMs used as a source for this entity.		Class	NCIT:C25150				
SNOMED:423493009	Age at diagnosis 															(RO:0002350 some PROMOT:0010012)				
SNOMED:424850005	Age at first symptom					[PROMOT note] [Derived from RD-CDM] [5.3 Age at Onset]	[PROMOT note] [Derived from EURO-NMD NMD-CDE] [age_at_onset]	[PROMOT note] [Derived from EU-CDE] [5.1. Age at onset]			[PROMOT note] [RD-CDM] Graefe, A.S.L., Hübner, M.R., Rehburg, F. et al. An ontology-based rare disease common data model harmonising international registries, FHIR, and Phenopackets. Sci Data 12, 234 (2025). https://doi.org/10.1038/s41597-025-04558-z|[PROMOT note] [EURO-NMD] Atalia A et al., EURO-NMD registry: federated FAIR infrastructure, innovative technologies and concepts of a patient-centred registry for rare neuromuscular disorders. Orphanet J Rare Dis. 2024 Feb 14;19(1):66. doi: 10.1186/s13023-024-03059-3. PMID: 38355534; PMCID: PMC10865673.|[PROMOT note] [EU-CDE] Set of Common Data Elements, EU RD Platform [Internet]. [cited 2026 Jun 17]. Available from: https://eu-rd-platform.jrc.ec.europa.eu/set-of-common-data-elements_en		[PROMOT note] The PROMOT ontology added a comment to quote the CDMs used as a source for this entity.		Class	NCIT:C25150				
SNOMED:424850005	Age at first symptom															(RO:0002350 some PROMOT:0010012)				
SNOMED:432213005	Date of diagnosis					[PROMOT note] [Derived from RD-CDM] [5.6 Date of Diagnosis]	[PROMOT note] [Derived from EURO-NMD NMD-CDE] [date_for_age_at_diagnosis]	[PROMOT note] [Derived from EU-CDE] [5.2. Age at diagnosis]			[PROMOT note] [RD-CDM] Graefe, A.S.L., Hübner, M.R., Rehburg, F. et al. An ontology-based rare disease common data model harmonising international registries, FHIR, and Phenopackets. Sci Data 12, 234 (2025). https://doi.org/10.1038/s41597-025-04558-z|[PROMOT note] [EURO-NMD] Atalia A et al., EURO-NMD registry: federated FAIR infrastructure, innovative technologies and concepts of a patient-centred registry for rare neuromuscular disorders. Orphanet J Rare Dis. 2024 Feb 14;19(1):66. doi: 10.1186/s13023-024-03059-3. PMID: 38355534; PMCID: PMC10865673.|[PROMOT note] [EU-CDE] Set of Common Data Elements, EU RD Platform [Internet]. [cited 2026 Jun 17]. Available from: https://eu-rd-platform.jrc.ec.europa.eu/set-of-common-data-elements_en		[PROMOT note] The PROMOT ontology added a comment to quote the CDM used as a source for this entity.		Class	NCIT:C25164				
SNOMED:432213005	Date of diagnosis															(RO:0002350 some PROMOT:0010012)				
SNOMED:439272007	Date of procedure					[PROMOT note] [Derived from RD-CDM] [6.3.3 Time Observed]					[PROMOT note] [RD-CDM] Graefe, A.S.L., Hübner, M.R., Rehburg, F. et al. An ontology-based rare disease common data model harmonising international registries, FHIR, and Phenopackets. Sci Data 12, 234 (2025). https://doi.org/10.1038/s41597-025-04558-z	NCIT:C82577	[PROMOT note] The PROMOT ontology added a comment to quote the CDM used as a source for this entity. A crossref to the orignal RD-CDM element from NCIT has also been added.		Class	NCIT:C25164				
SNOMED:439272007	Date of procedure															(RO:0002350 some PROMOT:0010011)				
SNOMED:45929001	Half-brother					[PROMOT note] [Derived from RD-CDM] [6.3.5 Family Member Relationship]					[PROMOT note] [RD-CDM] Graefe, A.S.L., Hübner, M.R., Rehburg, F. et al. An ontology-based rare disease common data model harmonising international registries, FHIR, and Phenopackets. Sci Data 12, 234 (2025). https://doi.org/10.1038/s41597-025-04558-z		[PROMOT note] The PROMOT ontology added a comment to quote the CDM used as a source for this entity.		Class	SNOMED:21093007				
SNOMED:46669005	Right handed							[PROMOT note] [Present in OPMD research clinical form]							Class	SNOMED:364940007				
SNOMED:50121007	Eye glasses														Class	SNOMED:257192006				
SNOMED:5880005	Physical examination procedure														Class	SNOMED:128927009				
SNOMED:58938008	Wheelchair						[PROMOT note] [Derived from EURO-NMD NMD-CDE] [ambulatory_status]				[PROMOT note] [EURO-NMD] Atalia A et al., EURO-NMD registry: federated FAIR infrastructure, innovative technologies and concepts of a patient-centred registry for rare neuromuscular disorders. Orphanet J Rare Dis. 2024 Feb 14;19(1):66. doi: 10.1186/s13023-024-03059-3. PMID: 38355534; PMCID: PMC10865673.		[PROMOT note] The PROMOT ontology added a comment to quote the CDM used as a source for this entity.		Class	SNOMED:360296002				
SNOMED:60614009	Natural brother					[PROMOT note] [Derived from RD-CDM] [6.3.5 Family Member Relationship]	[PROMOT note] [Derived from EURO-NMD NMD-CDE] [which_affected_family]				[PROMOT note] [RD-CDM] Graefe, A.S.L., Hübner, M.R., Rehburg, F. et al. An ontology-based rare disease common data model harmonising international registries, FHIR, and Phenopackets. Sci Data 12, 234 (2025). https://doi.org/10.1038/s41597-025-04558-z|[PROMOT note] [EURO-NMD] Atalia A et al., EURO-NMD registry: federated FAIR infrastructure, innovative technologies and concepts of a patient-centred registry for rare neuromuscular disorders. Orphanet J Rare Dis. 2024 Feb 14;19(1):66. doi: 10.1186/s13023-024-03059-3. PMID: 38355534; PMCID: PMC10865673.		[PROMOT note] The PROMOT ontology added a comment to quote the CDMs used as a source for this entity.		Class	SNOMED:82101005				
SNOMED:60621009	Body mass index							[PROMOT note] [Present in OPMD research clinical form]							Class	SNOMED:248326004				
SNOMED:60621009	Body mass index															(RO:0002350 some PROMOT:0010012)				
SNOMED:62296006	Natural grandfather					[PROMOT note] [Derived from RD-CDM] [6.3.5 Family Member Relationship] 	[PROMOT note] [Derived from EURO-NMD NMD-CDE] [which_affected_family]				[PROMOT note] [RD-CDM] Graefe, A.S.L., Hübner, M.R., Rehburg, F. et al. An ontology-based rare disease common data model harmonising international registries, FHIR, and Phenopackets. Sci Data 12, 234 (2025). https://doi.org/10.1038/s41597-025-04558-z|[PROMOT note] [EURO-NMD] Atalia A et al., EURO-NMD registry: federated FAIR infrastructure, innovative technologies and concepts of a patient-centred registry for rare neuromuscular disorders. Orphanet J Rare Dis. 2024 Feb 14;19(1):66. doi: 10.1186/s13023-024-03059-3. PMID: 38355534; PMCID: PMC10865673.		[PROMOT note] The PROMOT ontology added a comment to quote the CDMs used as a source for this entity.		Class	SNOMED:78272007				
SNOMED:65656005	Natural mother					[PROMOT note] [Derived from RD-CDM] [6.3.5 Family Member Relationship]	[PROMOT note] [Derived from EURO-NMD NMD-CDE] [which_affected_family]				[PROMOT note] [RD-CDM] Graefe, A.S.L., Hübner, M.R., Rehburg, F. et al. An ontology-based rare disease common data model harmonising international registries, FHIR, and Phenopackets. Sci Data 12, 234 (2025). https://doi.org/10.1038/s41597-025-04558-z|[PROMOT note] [EURO-NMD] Atalia A et al., EURO-NMD registry: federated FAIR infrastructure, innovative technologies and concepts of a patient-centred registry for rare neuromuscular disorders. Orphanet J Rare Dis. 2024 Feb 14;19(1):66. doi: 10.1186/s13023-024-03059-3. PMID: 38355534; PMCID: PMC10865673.		[PROMOT note] The PROMOT ontology added a comment to quote the CDMs used as a source for this entity.		Class	SNOMED:13646006				
SNOMED:73678001	Natural sister					[PROMOT note] [Derived from RD-CDM] [6.3.5 Family Member Relationship]	[PROMOT note] [Derived from EURO-NMD NMD-CDE] [which_affected_family]				[PROMOT note] [RD-CDM] Graefe, A.S.L., Hübner, M.R., Rehburg, F. et al. An ontology-based rare disease common data model harmonising international registries, FHIR, and Phenopackets. Sci Data 12, 234 (2025). https://doi.org/10.1038/s41597-025-04558-z|[PROMOT note] [EURO-NMD] Atalia A et al., EURO-NMD registry: federated FAIR infrastructure, innovative technologies and concepts of a patient-centred registry for rare neuromuscular disorders. Orphanet J Rare Dis. 2024 Feb 14;19(1):66. doi: 10.1186/s13023-024-03059-3. PMID: 38355534; PMCID: PMC10865673.		[PROMOT note] The PROMOT ontology added a comment to quote the CDMs used as a source for this entity.		Class	SNOMED:82101005				
SNOMED:75226009	Natural child														Class	SNOMED:125678001				
SNOMED:78272007	Natural grandparent														Class	SNOMED:125679009				
SNOMED:82101005	Natural sibling														Class	SNOMED:125678001				
SNOMED:83420006	Natural daughter					[PROMOT note] [Derived from RD-CDM] [6.3.5 Family Member Relationship]	[PROMOT note] [Derived from EURO-NMD NMD-CDE] [which_affected_family]				[PROMOT note] [RD-CDM] Graefe, A.S.L., Hübner, M.R., Rehburg, F. et al. An ontology-based rare disease common data model harmonising international registries, FHIR, and Phenopackets. Sci Data 12, 234 (2025). https://doi.org/10.1038/s41597-025-04558-z|[PROMOT note] [EURO-NMD] Atalia A et al., EURO-NMD registry: federated FAIR infrastructure, innovative technologies and concepts of a patient-centred registry for rare neuromuscular disorders. Orphanet J Rare Dis. 2024 Feb 14;19(1):66. doi: 10.1186/s13023-024-03059-3. PMID: 38355534; PMCID: PMC10865673.		[PROMOT note] The PROMOT ontology added a comment to quote the CDMs used as a source for this entity.		Class	SNOMED:75226009				
SNOMED:840297006	Assessment of patient reported outcome measures														Class	SNOMED:315306007				
SNOMED:84100007	History taking														Class	SNOMED:128927009				
SNOMED:87405001	Cane														Class	SNOMED:224899006				
SNOMED:87683000	Left handed							[PROMOT note] [Present in OPMD research clinical form]							Class	SNOMED:364940007				
SNOMED:9947008	Natural father					[PROMOT note] [Derived from RD-CDM] [6.3.5 Family Member Relationship] 	[PROMOT note] [Derived from EURO-NMD NMD-CDE] [which_affected_family]				[PROMOT note] [RD-CDM] Graefe, A.S.L., Hübner, M.R., Rehburg, F. et al. An ontology-based rare disease common data model harmonising international registries, FHIR, and Phenopackets. Sci Data 12, 234 (2025). https://doi.org/10.1038/s41597-025-04558-z|[PROMOT note] [EURO-NMD] Atalia A et al., EURO-NMD registry: federated FAIR infrastructure, innovative technologies and concepts of a patient-centred registry for rare neuromuscular disorders. Orphanet J Rare Dis. 2024 Feb 14;19(1):66. doi: 10.1186/s13023-024-03059-3. PMID: 38355534; PMCID: PMC10865673.		[PROMOT note] The PROMOT ontology added a comment to quote the CDMs used as a source for this entity.		Class	SNOMED:13646006				
SO:0001060	sequence_variant					[PROMOT note] [Derived from RD-CDM] [6.1.1 Genomic Diagnosis] & [6.1.10 Gene]	[PROMOT note] [Derived from EURO-NMD NMD-CDE] [gendia_listpref]	[PROMOT note] [Derived from EU-CDE] [6.2. Genetic diagnosis]|SO suggested by Rachel Thompson			[PROMOT note] [RD-CDM] Graefe, A.S.L., Hübner, M.R., Rehburg, F. et al. An ontology-based rare disease common data model harmonising international registries, FHIR, and Phenopackets. Sci Data 12, 234 (2025). https://doi.org/10.1038/s41597-025-04558-z|[PROMOT note] [EURO-NMD] Atalia A et al., EURO-NMD registry: federated FAIR infrastructure, innovative technologies and concepts of a patient-centred registry for rare neuromuscular disorders. Orphanet J Rare Dis. 2024 Feb 14;19(1):66. doi: 10.1186/s13023-024-03059-3. PMID: 38355534; PMCID: PMC10865673.|[PROMOT note] [EU-CDE] Set of Common Data Elements, EU RD Platform [Internet]. [cited 2026 Jun 17]. Available from: https://eu-rd-platform.jrc.ec.europa.eu/set-of-common-data-elements_en	http://snomed.info/id/106221001|LOINC:48018-6	[PROMOT note] The PROMOT ontology added a comment to quote the CDMs used as a source for this entity. A crossref to the orignal RD-CDM element has also been added (SNOMED:106221001).		Class	BFO:0000002|(RO:0000086 some SO:0001762)|(RO:0004013 some ORDO:377788)				
SO:0001762	variant_origin														Class	BFO:0000019|(RO:0000080 some SO:0001060)				
http://id.who.int/icd/entity/1019379329	Structure of upper extremity											https://data.esante.gouv.fr/terminologies/icf#99223	[PROMOT note] The PROMOT ontology added a crossref to the LIRMM version of the ICF (CIF-ASIP 2020). It also added the official French and Spanish translation for labels.							
http://id.who.int/icd/entity/1034220517	Alternative vocalization functions											https://data.esante.gouv.fr/terminologies/icf#45682	[PROMOT note] The PROMOT ontology added a crossref to the LIRMM version of the ICF (CIF-ASIP 2020). It also added the official French and Spanish translation for labels.							
http://id.who.int/icd/entity/1041382491	Oral swallowing											https://data.esante.gouv.fr/terminologies/icf#65084	[PROMOT note] The PROMOT ontology added a crossref to the LIRMM version of the ICF (CIF-ASIP 2020). It also added the official French and Spanish translation for labels.							
http://id.who.int/icd/entity/1065560247	Pain in stomach or abdomen											https://data.esante.gouv.fr/terminologies/icf#74415	[PROMOT note] The PROMOT ontology added a crossref to the LIRMM version of the ICF (CIF-ASIP 2020). It also added the official French and Spanish translation for labels.							
http://id.who.int/icd/entity/1083127119	Functions of coughing											https://data.esante.gouv.fr/terminologies/icf#32287	[PROMOT note] The PROMOT ontology added a crossref to the LIRMM version of the ICF (CIF-ASIP 2020). It also added the official French and Spanish translation for labels.							
http://id.who.int/icd/entity/1090716697	Functions of external muscles of the eye											https://data.esante.gouv.fr/terminologies/icf#70460	[PROMOT note] The PROMOT ontology added a crossref to the LIRMM version of the ICF (CIF-ASIP 2020). It also added the official French and Spanish translation for labels.							
http://id.who.int/icd/entity/1104062484	Pubertal functions											https://data.esante.gouv.fr/terminologies/icf#25814	[PROMOT note] The PROMOT ontology added a crossref to the LIRMM version of the ICF (CIF-ASIP 2020). It also added the official French and Spanish translation for labels.							
http://id.who.int/icd/entity/1108927576	Structure of shoulder region											https://data.esante.gouv.fr/terminologies/icf#41776	[PROMOT note] The PROMOT ontology added a crossref to the LIRMM version of the ICF (CIF-ASIP 2020). It also added the official French and Spanish translation for labels.							
http://id.who.int/icd/entity/1109440237	Speed of speech											https://data.esante.gouv.fr/terminologies/icf#63222	[PROMOT note] The PROMOT ontology added a crossref to the LIRMM version of the ICF (CIF-ASIP 2020). It also added the official French and Spanish translation for labels.							
http://id.who.int/icd/entity/1119392889	Transferring oneself											https://data.esante.gouv.fr/terminologies/icf#98423	[PROMOT note] The PROMOT ontology added a crossref to the LIRMM version of the ICF (CIF-ASIP 2020). It also added the official French and Spanish translation for labels.							
http://id.who.int/icd/entity/1131514421	Maintaining body position											https://data.esante.gouv.fr/terminologies/icf#77792	[PROMOT note] The PROMOT ontology added a crossref to the LIRMM version of the ICF (CIF-ASIP 2020). It also added the official French and Spanish translation for labels.							
http://id.who.int/icd/entity/1134562249	Functions of the joints and bones											https://data.esante.gouv.fr/terminologies/icf#17533	[PROMOT note] The PROMOT ontology added a crossref to the LIRMM version of the ICF (CIF-ASIP 2020). It also added the official French and Spanish translation for labels.							
http://id.who.int/icd/entity/1164313611	Muscle functions											https://data.esante.gouv.fr/terminologies/icf#41219	[PROMOT note] The PROMOT ontology added a crossref to the LIRMM version of the ICF (CIF-ASIP 2020). It also added the official French and Spanish translation for labels.							
http://id.who.int/icd/entity/117147127	Pain in chest											https://data.esante.gouv.fr/terminologies/icf#41527	[PROMOT note] The PROMOT ontology added a crossref to the LIRMM version of the ICF (CIF-ASIP 2020). It also added the official French and Spanish translation for labels.							
http://id.who.int/icd/entity/1174312718	Manipulation of food in the mouth											https://data.esante.gouv.fr/terminologies/icf#14753	[PROMOT note] The PROMOT ontology added a crossref to the LIRMM version of the ICF (CIF-ASIP 2020). It also added the official French and Spanish translation for labels.							
http://id.who.int/icd/entity/1182439715	Cervical vertebral column											https://data.esante.gouv.fr/terminologies/icf#99004	[PROMOT note] The PROMOT ontology added a crossref to the LIRMM version of the ICF (CIF-ASIP 2020). It also added the official French and Spanish translation for labels.							
http://id.who.int/icd/entity/1228414013	General tasks and demands											https://data.esante.gouv.fr/terminologies/icf#47635	[PROMOT note] The PROMOT ontology added a crossref to the LIRMM version of the ICF (CIF-ASIP 2020). It also added the official French and Spanish translation for labels.							
http://id.who.int/icd/entity/1233939003	Muscles of hand											https://data.esante.gouv.fr/terminologies/icf#3451	[PROMOT note] The PROMOT ontology added a crossref to the LIRMM version of the ICF (CIF-ASIP 2020). It also added the official French and Spanish translation for labels.							
http://id.who.int/icd/entity/1255154286	Hearing and vestibular functions											https://data.esante.gouv.fr/terminologies/icf#24170	[PROMOT note] The PROMOT ontology added a crossref to the LIRMM version of the ICF (CIF-ASIP 2020). It also added the official French and Spanish translation for labels.							
http://id.who.int/icd/entity/1264948861	Stability of joint functions											https://data.esante.gouv.fr/terminologies/icf#11758	[PROMOT note] The PROMOT ontology added a crossref to the LIRMM version of the ICF (CIF-ASIP 2020). It also added the official French and Spanish translation for labels.							
http://id.who.int/icd/entity/1266389839	Changing and maintaining body position											https://data.esante.gouv.fr/terminologies/icf#54638	[PROMOT note] The PROMOT ontology added a crossref to the LIRMM version of the ICF (CIF-ASIP 2020). It also added the official French and Spanish translation for labels.							
http://id.who.int/icd/entity/1278239861	Muscles of ankle and foot											https://data.esante.gouv.fr/terminologies/icf#23289	[PROMOT note] The PROMOT ontology added a crossref to the LIRMM version of the ICF (CIF-ASIP 2020). It also added the official French and Spanish translation for labels.							
http://id.who.int/icd/entity/1299345975	Pain in upper limb											https://data.esante.gouv.fr/terminologies/icf#23587	[PROMOT note] The PROMOT ontology added a crossref to the LIRMM version of the ICF (CIF-ASIP 2020). It also added the official French and Spanish translation for labels.							
http://id.who.int/icd/entity/1302007745	Endurance of isolated muscles											https://data.esante.gouv.fr/terminologies/icf#32210	[PROMOT note] The PROMOT ontology added a crossref to the LIRMM version of the ICF (CIF-ASIP 2020). It also added the official French and Spanish translation for labels.							
http://id.who.int/icd/entity/1328466963	Gait pattern functions											https://data.esante.gouv.fr/terminologies/icf#49260	[PROMOT note] The PROMOT ontology added a crossref to the LIRMM version of the ICF (CIF-ASIP 2020). It also added the official French and Spanish translation for labels.							
http://id.who.int/icd/entity/1328675264	Eating											https://data.esante.gouv.fr/terminologies/icf#40724	[PROMOT note] The PROMOT ontology added a crossref to the LIRMM version of the ICF (CIF-ASIP 2020). It also added the official French and Spanish translation for labels.							
http://id.who.int/icd/entity/1334556216	Walking and moving											https://data.esante.gouv.fr/terminologies/icf#35548	[PROMOT note] The PROMOT ontology added a crossref to the LIRMM version of the ICF (CIF-ASIP 2020). It also added the official French and Spanish translation for labels.							
http://id.who.int/icd/entity/134464731	Specific mental functions											https://data.esante.gouv.fr/terminologies/icf#17028	[PROMOT note] The PROMOT ontology added a crossref to the LIRMM version of the ICF (CIF-ASIP 2020). It also added the official French and Spanish translation for labels.							
http://id.who.int/icd/entity/1360101629	Respiratory muscle functions											https://data.esante.gouv.fr/terminologies/icf#33585	[PROMOT note] The PROMOT ontology added a crossref to the LIRMM version of the ICF (CIF-ASIP 2020). It also added the official French and Spanish translation for labels.							
http://id.who.int/icd/entity/1363559646	Mental functions											https://data.esante.gouv.fr/terminologies/icf#51531	[PROMOT note] The PROMOT ontology added a crossref to the LIRMM version of the ICF (CIF-ASIP 2020). It also added the official French and Spanish translation for labels.							
http://id.who.int/icd/entity/1364393443	Thoracic vertebral column											https://data.esante.gouv.fr/terminologies/icf#76265	[PROMOT note] The PROMOT ontology added a crossref to the LIRMM version of the ICF (CIF-ASIP 2020). It also added the official French and Spanish translation for labels.							
http://id.who.int/icd/entity/1389818830	Chewing											https://data.esante.gouv.fr/terminologies/icf#32259	[PROMOT note] The PROMOT ontology added a crossref to the LIRMM version of the ICF (CIF-ASIP 2020). It also added the official French and Spanish translation for labels.							
http://id.who.int/icd/entity/1398348540	Looking after one's health											https://data.esante.gouv.fr/terminologies/icf#80977	[PROMOT note] The PROMOT ontology added a crossref to the LIRMM version of the ICF (CIF-ASIP 2020). It also added the official French and Spanish translation for labels.							
http://id.who.int/icd/entity/1399000785	Contraction force of ventricular muscles											https://data.esante.gouv.fr/terminologies/icf#62553	[PROMOT note] The PROMOT ontology added a crossref to the LIRMM version of the ICF (CIF-ASIP 2020). It also added the official French and Spanish translation for labels.							
http://id.who.int/icd/entity/1401748164	Hip joint											https://data.esante.gouv.fr/terminologies/icf#23251	[PROMOT note] The PROMOT ontology added a crossref to the LIRMM version of the ICF (CIF-ASIP 2020). It also added the official French and Spanish translation for labels.							
http://id.who.int/icd/entity/1405368356	Sensations related to muscles and movement functions											https://data.esante.gouv.fr/terminologies/icf#5101	[PROMOT note] The PROMOT ontology added a crossref to the LIRMM version of the ICF (CIF-ASIP 2020). It also added the official French and Spanish translation for labels.							
http://id.who.int/icd/entity/1419635799	Structures of the nervous system											https://data.esante.gouv.fr/terminologies/icf#97309	[PROMOT note] The PROMOT ontology added a crossref to the LIRMM version of the ICF (CIF-ASIP 2020). It also added the official French and Spanish translation for labels.							
http://id.who.int/icd/entity/142318995	Structure of hand											https://data.esante.gouv.fr/terminologies/icf#70070	[PROMOT note] The PROMOT ontology added a crossref to the LIRMM version of the ICF (CIF-ASIP 2020). It also added the official French and Spanish translation for labels.							
http://id.who.int/icd/entity/1426641453	Melody of speech											https://data.esante.gouv.fr/terminologies/icf#50484	[PROMOT note] The PROMOT ontology added a crossref to the LIRMM version of the ICF (CIF-ASIP 2020). It also added the official French and Spanish translation for labels.							
http://id.who.int/icd/entity/1434015402	Stretch motor reflex											https://data.esante.gouv.fr/terminologies/icf#39307	[PROMOT note] The PROMOT ontology added a crossref to the LIRMM version of the ICF (CIF-ASIP 2020). It also added the official French and Spanish translation for labels.							
http://id.who.int/icd/entity/1436113794	Community, social and civic life											https://data.esante.gouv.fr/terminologies/icf#3130	[PROMOT note] The PROMOT ontology added a crossref to the LIRMM version of the ICF (CIF-ASIP 2020). It also added the official French and Spanish translation for labels.							
http://id.who.int/icd/entity/1438965984	Additional musculoskeletal structures related to movement											https://data.esante.gouv.fr/terminologies/icf#55321	[PROMOT note] The PROMOT ontology added a crossref to the LIRMM version of the ICF (CIF-ASIP 2020). It also added the official French and Spanish translation for labels.							
http://id.who.int/icd/entity/1452836727	Household tasks											https://data.esante.gouv.fr/terminologies/icf#11323	[PROMOT note] The PROMOT ontology added a crossref to the LIRMM version of the ICF (CIF-ASIP 2020). It also added the official French and Spanish translation for labels.							
http://id.who.int/icd/entity/1462755743	Standing											https://data.esante.gouv.fr/terminologies/icf#818	[PROMOT note] The PROMOT ontology added a crossref to the LIRMM version of the ICF (CIF-ASIP 2020). It also added the official French and Spanish translation for labels.							
http://id.who.int/icd/entity/1470583183	Functions of breathing through the mouth											https://data.esante.gouv.fr/terminologies/icf#4049	[PROMOT note] The PROMOT ontology added a crossref to the LIRMM version of the ICF (CIF-ASIP 2020). It also added the official French and Spanish translation for labels.							
http://id.who.int/icd/entity/1474003417	Maintaining head position											https://data.esante.gouv.fr/terminologies/icf#74539	[PROMOT note] The PROMOT ontology added a crossref to the LIRMM version of the ICF (CIF-ASIP 2020). It also added the official French and Spanish translation for labels.							
http://id.who.int/icd/entity/150502901	Changing basic body position											https://data.esante.gouv.fr/terminologies/icf#82751	[PROMOT note] The PROMOT ontology added a crossref to the LIRMM version of the ICF (CIF-ASIP 2020). It also added the official French and Spanish translation for labels.							
http://id.who.int/icd/entity/151046878	Speaking											https://data.esante.gouv.fr/terminologies/icf#44403	[PROMOT note] The PROMOT ontology added a crossref to the LIRMM version of the ICF (CIF-ASIP 2020). It also added the official French and Spanish translation for labels.							
http://id.who.int/icd/entity/1515853559	Pain in lower limb											https://data.esante.gouv.fr/terminologies/icf#81894	[PROMOT note] The PROMOT ontology added a crossref to the LIRMM version of the ICF (CIF-ASIP 2020). It also added the official French and Spanish translation for labels.							
http://id.who.int/icd/entity/1521707777	Endurance of muscle groups											https://data.esante.gouv.fr/terminologies/icf#5731	[PROMOT note] The PROMOT ontology added a crossref to the LIRMM version of the ICF (CIF-ASIP 2020). It also added the official French and Spanish translation for labels.							
http://id.who.int/icd/entity/1525383756	Intellectual functions											https://data.esante.gouv.fr/terminologies/icf#13932	[PROMOT note] The PROMOT ontology added a crossref to the LIRMM version of the ICF (CIF-ASIP 2020). It also added the official French and Spanish translation for labels.							
http://id.who.int/icd/entity/1528299701	Ligaments and fasciae of ankle and foot											https://data.esante.gouv.fr/terminologies/icf#76128	[PROMOT note] The PROMOT ontology added a crossref to the LIRMM version of the ICF (CIF-ASIP 2020). It also added the official French and Spanish translation for labels.							
http://id.who.int/icd/entity/1535125568	Domestic life											https://data.esante.gouv.fr/terminologies/icf#99403	[PROMOT note] The PROMOT ontology added a crossref to the LIRMM version of the ICF (CIF-ASIP 2020). It also added the official French and Spanish translation for labels.							
http://id.who.int/icd/entity/1550548595	Walking											https://data.esante.gouv.fr/terminologies/icf#68663	[PROMOT note] The PROMOT ontology added a crossref to the LIRMM version of the ICF (CIF-ASIP 2020). It also added the official French and Spanish translation for labels.							
http://id.who.int/icd/entity/1571232890	Intercostal muscles											https://data.esante.gouv.fr/terminologies/icf#75024	[PROMOT note] The PROMOT ontology added a crossref to the LIRMM version of the ICF (CIF-ASIP 2020). It also added the official French and Spanish translation for labels.							
http://id.who.int/icd/entity/1580195090	Digestive functions											https://data.esante.gouv.fr/terminologies/icf#19042	[PROMOT note] The PROMOT ontology added a crossref to the LIRMM version of the ICF (CIF-ASIP 2020). It also added the official French and Spanish translation for labels.							
http://id.who.int/icd/entity/1607952955	Vestibular functions											https://data.esante.gouv.fr/terminologies/icf#63033	[PROMOT note] The PROMOT ontology added a crossref to the LIRMM version of the ICF (CIF-ASIP 2020). It also added the official French and Spanish translation for labels.							
http://id.who.int/icd/entity/1608009360	Self-care											https://data.esante.gouv.fr/terminologies/icf#45666	[PROMOT note] The PROMOT ontology added a crossref to the LIRMM version of the ICF (CIF-ASIP 2020). It also added the official French and Spanish translation for labels.							
http://id.who.int/icd/entity/161488596	Neuromusculoskeletal and movement-related functions											https://data.esante.gouv.fr/terminologies/icf#11501	[PROMOT note] The PROMOT ontology added a crossref to the LIRMM version of the ICF (CIF-ASIP 2020). It also added the official French and Spanish translation for labels.							
http://id.who.int/icd/entity/1626363729	Body structures																			
http://id.who.int/icd/entity/1650503157	Bones of ankle and foot											https://data.esante.gouv.fr/terminologies/icf#56126	[PROMOT note] The PROMOT ontology added a crossref to the LIRMM version of the ICF (CIF-ASIP 2020). It also added the official French and Spanish translation for labels.							
http://id.who.int/icd/entity/1674298945	Endurance of all muscles of the body											https://data.esante.gouv.fr/terminologies/icf#90457	[PROMOT note] The PROMOT ontology added a crossref to the LIRMM version of the ICF (CIF-ASIP 2020). It also added the official French and Spanish translation for labels.							
http://id.who.int/icd/entity/1682107878	Additional functions of the respiratory system											https://data.esante.gouv.fr/terminologies/icf#55344	[PROMOT note] The PROMOT ontology added a crossref to the LIRMM version of the ICF (CIF-ASIP 2020). It also added the official French and Spanish translation for labels.							
http://id.who.int/icd/entity/169456190	Joints of head and neck region											https://data.esante.gouv.fr/terminologies/icf#89690	[PROMOT note] The PROMOT ontology added a crossref to the LIRMM version of the ICF (CIF-ASIP 2020). It also added the official French and Spanish translation for labels.							
http://id.who.int/icd/entity/1747603619	Lumbar vertebral column											https://data.esante.gouv.fr/terminologies/icf#76282	[PROMOT note] The PROMOT ontology added a crossref to the LIRMM version of the ICF (CIF-ASIP 2020). It also added the official French and Spanish translation for labels.							
http://id.who.int/icd/entity/1748092144	Stability of a single joint											https://data.esante.gouv.fr/terminologies/icf#69811	[PROMOT note] The PROMOT ontology added a crossref to the LIRMM version of the ICF (CIF-ASIP 2020). It also added the official French and Spanish translation for labels.							
http://id.who.int/icd/entity/1754034822	Structure of mouth											https://data.esante.gouv.fr/terminologies/icf#47856	[PROMOT note] The PROMOT ontology added a crossref to the LIRMM version of the ICF (CIF-ASIP 2020). It also added the official French and Spanish translation for labels.							
http://id.who.int/icd/entity/1757783224	Mobility of several joints											https://data.esante.gouv.fr/terminologies/icf#69553	[PROMOT note] The PROMOT ontology added a crossref to the LIRMM version of the ICF (CIF-ASIP 2020). It also added the official French and Spanish translation for labels.							
http://id.who.int/icd/entity/1777008610	Motor reflex functions											https://data.esante.gouv.fr/terminologies/icf#38976	[PROMOT note] The PROMOT ontology added a crossref to the LIRMM version of the ICF (CIF-ASIP 2020). It also added the official French and Spanish translation for labels.							
http://id.who.int/icd/entity/1780196241	Heart rhythm											https://data.esante.gouv.fr/terminologies/icf#65208	[PROMOT note] The PROMOT ontology added a crossref to the LIRMM version of the ICF (CIF-ASIP 2020). It also added the official French and Spanish translation for labels.							
http://id.who.int/icd/entity/178625206	Thoracic cage											https://data.esante.gouv.fr/terminologies/icf#75766	[PROMOT note] The PROMOT ontology added a crossref to the LIRMM version of the ICF (CIF-ASIP 2020). It also added the official French and Spanish translation for labels.							
http://id.who.int/icd/entity/1789365017	Power of isolated muscles and muscle groups											https://data.esante.gouv.fr/terminologies/icf#23154	[PROMOT note] The PROMOT ontology added a crossref to the LIRMM version of the ICF (CIF-ASIP 2020). It also added the official French and Spanish translation for labels.							
http://id.who.int/icd/entity/1794398084	Muscles of thigh											https://data.esante.gouv.fr/terminologies/icf#92170	[PROMOT note] The PROMOT ontology added a crossref to the LIRMM version of the ICF (CIF-ASIP 2020). It also added the official French and Spanish translation for labels.							
http://id.who.int/icd/entity/1806589582	Biting											https://data.esante.gouv.fr/terminologies/icf#740	[PROMOT note] The PROMOT ontology added a crossref to the LIRMM version of the ICF (CIF-ASIP 2020). It also added the official French and Spanish translation for labels.							
http://id.who.int/icd/entity/1811133755	Mental functions of language											https://data.esante.gouv.fr/terminologies/icf#29639	[PROMOT note] The PROMOT ontology added a crossref to the LIRMM version of the ICF (CIF-ASIP 2020). It also added the official French and Spanish translation for labels.							
http://id.who.int/icd/entity/1819639191	Reception of language											https://data.esante.gouv.fr/terminologies/icf#66239	[PROMOT note] The PROMOT ontology added a crossref to the LIRMM version of the ICF (CIF-ASIP 2020). It also added the official French and Spanish translation for labels.							
http://id.who.int/icd/entity/1828012543	Communication											https://data.esante.gouv.fr/terminologies/icf#45994	[PROMOT note] The PROMOT ontology added a crossref to the LIRMM version of the ICF (CIF-ASIP 2020). It also added the official French and Spanish translation for labels.							
http://id.who.int/icd/entity/1831985718	Vestibular function of balance											https://data.esante.gouv.fr/terminologies/icf#39060	[PROMOT note] The PROMOT ontology added a crossref to the LIRMM version of the ICF (CIF-ASIP 2020). It also added the official French and Spanish translation for labels.							
http://id.who.int/icd/entity/1834472768	Transportation of mucus											https://data.esante.gouv.fr/terminologies/icf#18009	[PROMOT note] The PROMOT ontology added a crossref to the LIRMM version of the ICF (CIF-ASIP 2020). It also added the official French and Spanish translation for labels.							
http://id.who.int/icd/entity/1839310222	Muscle tone functions											https://data.esante.gouv.fr/terminologies/icf#26422	[PROMOT note] The PROMOT ontology added a crossref to the LIRMM version of the ICF (CIF-ASIP 2020). It also added the official French and Spanish translation for labels.							
http://id.who.int/icd/entity/1843740951	The eye, ear and related structures											https://data.esante.gouv.fr/terminologies/icf#16189	[PROMOT note] The PROMOT ontology added a crossref to the LIRMM version of the ICF (CIF-ASIP 2020). It also added the official French and Spanish translation for labels.							
http://id.who.int/icd/entity/1846694084	Quality of voice											https://data.esante.gouv.fr/terminologies/icf#19739	[PROMOT note] The PROMOT ontology added a crossref to the LIRMM version of the ICF (CIF-ASIP 2020). It also added the official French and Spanish translation for labels.							
http://id.who.int/icd/entity/184992399	Functions related to mucus											https://data.esante.gouv.fr/terminologies/icf#13285	[PROMOT note] The PROMOT ontology added a crossref to the LIRMM version of the ICF (CIF-ASIP 2020). It also added the official French and Spanish translation for labels.							
http://id.who.int/icd/entity/1851215071	Rolling over											https://data.esante.gouv.fr/terminologies/icf#39576	[PROMOT note] The PROMOT ontology added a crossref to the LIRMM version of the ICF (CIF-ASIP 2020). It also added the official French and Spanish translation for labels.							
http://id.who.int/icd/entity/1864074583	Energy level											https://data.esante.gouv.fr/terminologies/icf#1160	[PROMOT note] The PROMOT ontology added a crossref to the LIRMM version of the ICF (CIF-ASIP 2020). It also added the official French and Spanish translation for labels.							
http://id.who.int/icd/entity/1867012554	Muscles of upper arm											https://data.esante.gouv.fr/terminologies/icf#2717	[PROMOT note] The PROMOT ontology added a crossref to the LIRMM version of the ICF (CIF-ASIP 2020). It also added the official French and Spanish translation for labels.							
http://id.who.int/icd/entity/1873256446	Community life											https://data.esante.gouv.fr/terminologies/icf#96120	[PROMOT note] The PROMOT ontology added a crossref to the LIRMM version of the ICF (CIF-ASIP 2020). It also added the official French and Spanish translation for labels.							
http://id.who.int/icd/entity/1874889854	Muscles of head and neck region											https://data.esante.gouv.fr/terminologies/icf#51652	[PROMOT note] The PROMOT ontology added a crossref to the LIRMM version of the ICF (CIF-ASIP 2020). It also added the official French and Spanish translation for labels.							
http://id.who.int/icd/entity/1896301954	Listening											https://data.esante.gouv.fr/terminologies/icf#75505	[PROMOT note] The PROMOT ontology added a crossref to the LIRMM version of the ICF (CIF-ASIP 2020). It also added the official French and Spanish translation for labels.							
http://id.who.int/icd/entity/1916167881	Sensory functions and pain											https://data.esante.gouv.fr/terminologies/icf#92046	[PROMOT note] The PROMOT ontology added a crossref to the LIRMM version of the ICF (CIF-ASIP 2020). It also added the official French and Spanish translation for labels.							
http://id.who.int/icd/entity/1919311435	Articulation functions											https://data.esante.gouv.fr/terminologies/icf#8975	[PROMOT note] The PROMOT ontology added a crossref to the LIRMM version of the ICF (CIF-ASIP 2020). It also added the official French and Spanish translation for labels.							
http://id.who.int/icd/entity/1929433903	Structure of lower extremity											https://data.esante.gouv.fr/terminologies/icf#65852	[PROMOT note] The PROMOT ontology added a crossref to the LIRMM version of the ICF (CIF-ASIP 2020). It also added the official French and Spanish translation for labels.							
http://id.who.int/icd/entity/1976873960	Functions related to the digestive system											https://data.esante.gouv.fr/terminologies/icf#26440	[PROMOT note] The PROMOT ontology added a crossref to the LIRMM version of the ICF (CIF-ASIP 2020). It also added the official French and Spanish translation for labels.							
http://id.who.int/icd/entity/1993770860	Going up and down stairs																			
http://id.who.int/icd/entity/2011053685	Learning and applying knowledge											https://data.esante.gouv.fr/terminologies/icf#57702	[PROMOT note] The PROMOT ontology added a crossref to the LIRMM version of the ICF (CIF-ASIP 2020). It also added the official French and Spanish translation for labels.							
http://id.who.int/icd/entity/2021370201	Functions of the eyelid											https://data.esante.gouv.fr/terminologies/icf#72832	[PROMOT note] The PROMOT ontology added a crossref to the LIRMM version of the ICF (CIF-ASIP 2020). It also added the official French and Spanish translation for labels.							
http://id.who.int/icd/entity/2022689055	Visual acuity functions											https://data.esante.gouv.fr/terminologies/icf#40663	[PROMOT note] The PROMOT ontology added a crossref to the LIRMM version of the ICF (CIF-ASIP 2020). It also added the official French and Spanish translation for labels.							
http://id.who.int/icd/entity/2031311308	Functions of structures adjoining the eye											https://data.esante.gouv.fr/terminologies/icf#79775	[PROMOT note] The PROMOT ontology added a crossref to the LIRMM version of the ICF (CIF-ASIP 2020). It also added the official French and Spanish translation for labels.							
http://id.who.int/icd/entity/203515404	Pain											https://data.esante.gouv.fr/terminologies/icf#59282	[PROMOT note] The PROMOT ontology added a crossref to the LIRMM version of the ICF (CIF-ASIP 2020). It also added the official French and Spanish translation for labels.							
http://id.who.int/icd/entity/2048203604	Mobility											https://data.esante.gouv.fr/terminologies/icf#37089	[PROMOT note] The PROMOT ontology added a crossref to the LIRMM version of the ICF (CIF-ASIP 2020). It also added the official French and Spanish translation for labels.							
http://id.who.int/icd/entity/2052957777	Expression of spoken language											https://data.esante.gouv.fr/terminologies/icf#53990	[PROMOT note] The PROMOT ontology added a crossref to the LIRMM version of the ICF (CIF-ASIP 2020). It also added the official French and Spanish translation for labels.							
http://id.who.int/icd/entity/2060264919	Structures involved in voice and speech											https://data.esante.gouv.fr/terminologies/icf#10599	[PROMOT note] The PROMOT ontology added a crossref to the LIRMM version of the ICF (CIF-ASIP 2020). It also added the official French and Spanish translation for labels.							
http://id.who.int/icd/entity/2067741200	Testes and scrotum											https://data.esante.gouv.fr/terminologies/icf#11004	[PROMOT note] The PROMOT ontology added a crossref to the LIRMM version of the ICF (CIF-ASIP 2020). It also added the official French and Spanish translation for labels.							
http://id.who.int/icd/entity/2069371821	Rhythm of speech											https://data.esante.gouv.fr/terminologies/icf#90666	[PROMOT note] The PROMOT ontology added a crossref to the LIRMM version of the ICF (CIF-ASIP 2020). It also added the official French and Spanish translation for labels.							
http://id.who.int/icd/entity/2069698903	Expression of language											https://data.esante.gouv.fr/terminologies/icf#65982	[PROMOT note] The PROMOT ontology added a crossref to the LIRMM version of the ICF (CIF-ASIP 2020). It also added the official French and Spanish translation for labels.							
http://id.who.int/icd/entity/2089171534	Sucking											https://data.esante.gouv.fr/terminologies/icf#90592	[PROMOT note] The PROMOT ontology added a crossref to the LIRMM version of the ICF (CIF-ASIP 2020). It also added the official French and Spanish translation for labels.							
http://id.who.int/icd/entity/2090906765	Thermoregulatory functions											https://data.esante.gouv.fr/terminologies/icf#43547	[PROMOT note] The PROMOT ontology added a crossref to the LIRMM version of the ICF (CIF-ASIP 2020). It also added the official French and Spanish translation for labels.							
http://id.who.int/icd/entity/2100545361	Heart rate											https://data.esante.gouv.fr/terminologies/icf#55991	[PROMOT note] The PROMOT ontology added a crossref to the LIRMM version of the ICF (CIF-ASIP 2020). It also added the official French and Spanish translation for labels.							
http://id.who.int/icd/entity/213697684	Fluency and rhythm of speech functions											https://data.esante.gouv.fr/terminologies/icf#94401	[PROMOT note] The PROMOT ontology added a crossref to the LIRMM version of the ICF (CIF-ASIP 2020). It also added the official French and Spanish translation for labels.							
http://id.who.int/icd/entity/213893837	Bones											https://data.esante.gouv.fr/terminologies/icf#7260	[PROMOT note] The PROMOT ontology added a crossref to the LIRMM version of the ICF (CIF-ASIP 2020). It also added the official French and Spanish translation for labels.							
http://id.who.int/icd/entity/222589883	Heart functions											https://data.esante.gouv.fr/terminologies/icf#55041	[PROMOT note] The PROMOT ontology added a crossref to the LIRMM version of the ICF (CIF-ASIP 2020). It also added the official French and Spanish translation for labels.							
http://id.who.int/icd/entity/232409592	Structure of pelvic region											https://data.esante.gouv.fr/terminologies/icf#60886	[PROMOT note] The PROMOT ontology added a crossref to the LIRMM version of the ICF (CIF-ASIP 2020). It also added the official French and Spanish translation for labels.							
http://id.who.int/icd/entity/242704590	Functions of expelling the contents of the stomach, oesophagus or pharynx											https://data.esante.gouv.fr/terminologies/icf#68771	[PROMOT note] The PROMOT ontology added a crossref to the LIRMM version of the ICF (CIF-ASIP 2020). It also added the official French and Spanish translation for labels.							
http://id.who.int/icd/entity/246722870	Structures around eye											https://data.esante.gouv.fr/terminologies/icf#52807	[PROMOT note] The PROMOT ontology added a crossref to the LIRMM version of the ICF (CIF-ASIP 2020). It also added the official French and Spanish translation for labels.							
http://id.who.int/icd/entity/248265067	Mobility of joint functions											https://data.esante.gouv.fr/terminologies/icf#87098	[PROMOT note] The PROMOT ontology added a crossref to the LIRMM version of the ICF (CIF-ASIP 2020). It also added the official French and Spanish translation for labels.							
http://id.who.int/icd/entity/249425252	Structure of lower leg											https://data.esante.gouv.fr/terminologies/icf#53270	[PROMOT note] The PROMOT ontology added a crossref to the LIRMM version of the ICF (CIF-ASIP 2020). It also added the official French and Spanish translation for labels.							
http://id.who.int/icd/entity/260756767	Tone of all muscles of the body											https://data.esante.gouv.fr/terminologies/icf#40861	[PROMOT note] The PROMOT ontology added a crossref to the LIRMM version of the ICF (CIF-ASIP 2020). It also added the official French and Spanish translation for labels.							
http://id.who.int/icd/entity/274570113	Muscle power functions											https://data.esante.gouv.fr/terminologies/icf#35923	[PROMOT note] The PROMOT ontology added a crossref to the LIRMM version of the ICF (CIF-ASIP 2020). It also added the official French and Spanish translation for labels.							
http://id.who.int/icd/entity/278512890	Muscles of shoulder region											https://data.esante.gouv.fr/terminologies/icf#75122	[PROMOT note] The PROMOT ontology added a crossref to the LIRMM version of the ICF (CIF-ASIP 2020). It also added the official French and Spanish translation for labels.							
http://id.who.int/icd/entity/294830867	Muscles of forearm											https://data.esante.gouv.fr/terminologies/icf#44569	[PROMOT note] The PROMOT ontology added a crossref to the LIRMM version of the ICF (CIF-ASIP 2020). It also added the official French and Spanish translation for labels.							
http://id.who.int/icd/entity/299098423	Pain in head and neck											https://data.esante.gouv.fr/terminologies/icf#55346	[PROMOT note] The PROMOT ontology added a crossref to the LIRMM version of the ICF (CIF-ASIP 2020). It also added the official French and Spanish translation for labels.							
http://id.who.int/icd/entity/326705068	Functions of the cardiovascular, haematological, immunological and respiratory systems											https://data.esante.gouv.fr/terminologies/icf#44360	[PROMOT note] The PROMOT ontology added a crossref to the LIRMM version of the ICF (CIF-ASIP 2020). It also added the official French and Spanish translation for labels.							
http://id.who.int/icd/entity/338611549	Muscles of lower leg											https://data.esante.gouv.fr/terminologies/icf#93403	[PROMOT note] The PROMOT ontology added a crossref to the LIRMM version of the ICF (CIF-ASIP 2020). It also added the official French and Spanish translation for labels.							
http://id.who.int/icd/entity/341679012	Structure of vertebral column											https://data.esante.gouv.fr/terminologies/icf#8685	[PROMOT note] The PROMOT ontology added a crossref to the LIRMM version of the ICF (CIF-ASIP 2020). It also added the official French and Spanish translation for labels.							
http://id.who.int/icd/entity/363211474	Ingestion functions											https://data.esante.gouv.fr/terminologies/icf#77063	[PROMOT note] The PROMOT ontology added a crossref to the LIRMM version of the ICF (CIF-ASIP 2020). It also added the official French and Spanish translation for labels.							
http://id.who.int/icd/entity/374222990	Structure of palate											https://data.esante.gouv.fr/terminologies/icf#86602	[PROMOT note] The PROMOT ontology added a crossref to the LIRMM version of the ICF (CIF-ASIP 2020). It also added the official French and Spanish translation for labels.							
http://id.who.int/icd/entity/388067588	Voice and speech functions											https://data.esante.gouv.fr/terminologies/icf#52433	[PROMOT note] The PROMOT ontology added a crossref to the LIRMM version of the ICF (CIF-ASIP 2020). It also added the official French and Spanish translation for labels.							
http://id.who.int/icd/entity/389047611	Muscle endurance functions											https://data.esante.gouv.fr/terminologies/icf#12261	[PROMOT note] The PROMOT ontology added a crossref to the LIRMM version of the ICF (CIF-ASIP 2020). It also added the official French and Spanish translation for labels.							
http://id.who.int/icd/entity/397303672	Structure of cardiovascular system											https://data.esante.gouv.fr/terminologies/icf#21148	[PROMOT note] The PROMOT ontology added a crossref to the LIRMM version of the ICF (CIF-ASIP 2020). It also added the official French and Spanish translation for labels.							
http://id.who.int/icd/entity/399242087	Recreation and leisure											https://data.esante.gouv.fr/terminologies/icf#49478	[PROMOT note] The PROMOT ontology added a crossref to the LIRMM version of the ICF (CIF-ASIP 2020). It also added the official French and Spanish translation for labels.							
http://id.who.int/icd/entity/405925948	External ocular muscles																			
http://id.who.int/icd/entity/409094401	Walking around obstacles											https://data.esante.gouv.fr/terminologies/icf#48245	[PROMOT note] The PROMOT ontology added a crossref to the LIRMM version of the ICF (CIF-ASIP 2020). It also added the official French and Spanish translation for labels.							
http://id.who.int/icd/entity/412494151	Running											https://data.esante.gouv.fr/terminologies/icf#44139	[PROMOT note] The PROMOT ontology added a crossref to the LIRMM version of the ICF (CIF-ASIP 2020). It also added the official French and Spanish translation for labels.							
http://id.who.int/icd/entity/426292658	Structure of inner ear											https://data.esante.gouv.fr/terminologies/icf#84736	[PROMOT note] The PROMOT ontology added a crossref to the LIRMM version of the ICF (CIF-ASIP 2020). It also added the official French and Spanish translation for labels.							
http://id.who.int/icd/entity/435521956	Structure of thigh											https://data.esante.gouv.fr/terminologies/icf#51431	[PROMOT note] The PROMOT ontology added a crossref to the LIRMM version of the ICF (CIF-ASIP 2020). It also added the official French and Spanish translation for labels.							
http://id.who.int/icd/entity/436620656	Structure of head and neck region											https://data.esante.gouv.fr/terminologies/icf#47440	[PROMOT note] The PROMOT ontology added a crossref to the LIRMM version of the ICF (CIF-ASIP 2020). It also added the official French and Spanish translation for labels.							
http://id.who.int/icd/entity/446199613	Respiration functions											https://data.esante.gouv.fr/terminologies/icf#29060	[PROMOT note] The PROMOT ontology added a crossref to the LIRMM version of the ICF (CIF-ASIP 2020). It also added the official French and Spanish translation for labels.							
http://id.who.int/icd/entity/454325322	Pain in multiple body parts											https://data.esante.gouv.fr/terminologies/icf#63562	[PROMOT note] The PROMOT ontology added a crossref to the LIRMM version of the ICF (CIF-ASIP 2020). It also added the official French and Spanish translation for labels.							
http://id.who.int/icd/entity/462923277	Joints											https://data.esante.gouv.fr/terminologies/icf#81505	[PROMOT note] The PROMOT ontology added a crossref to the LIRMM version of the ICF (CIF-ASIP 2020). It also added the official French and Spanish translation for labels.							
http://id.who.int/icd/entity/485719194	Maintaining a standing position											https://data.esante.gouv.fr/terminologies/icf#40034	[PROMOT note] The PROMOT ontology added a crossref to the LIRMM version of the ICF (CIF-ASIP 2020). It also added the official French and Spanish translation for labels.							
http://id.who.int/icd/entity/49044301	Education											https://data.esante.gouv.fr/terminologies/icf#4126	[PROMOT note] The PROMOT ontology added a crossref to the LIRMM version of the ICF (CIF-ASIP 2020). It also added the official French and Spanish translation for labels.							
http://id.who.int/icd/entity/495844982	Muscles of respiration											https://data.esante.gouv.fr/terminologies/icf#32623	[PROMOT note] The PROMOT ontology added a crossref to the LIRMM version of the ICF (CIF-ASIP 2020). It also added the official French and Spanish translation for labels.							
http://id.who.int/icd/entity/521411479	Structures of cardiovascular, immunological and respiratory systems																			
http://id.who.int/icd/entity/524305529	Major life areas											https://data.esante.gouv.fr/terminologies/icf#41990	[PROMOT note] The PROMOT ontology added a crossref to the LIRMM version of the ICF (CIF-ASIP 2020). It also added the official French and Spanish translation for labels.							
http://id.who.int/icd/entity/539470158	Salivation											https://data.esante.gouv.fr/terminologies/icf#58004	[PROMOT note] The PROMOT ontology added a crossref to the LIRMM version of the ICF (CIF-ASIP 2020). It also added the official French and Spanish translation for labels.							
http://id.who.int/icd/entity/552193364	Functions related to metabolism and the endocrine system											https://data.esante.gouv.fr/terminologies/icf#88472	[PROMOT note] The PROMOT ontology added a crossref to the LIRMM version of the ICF (CIF-ASIP 2020). It also added the official French and Spanish translation for labels.							
http://id.who.int/icd/entity/553784299	Drinking											https://data.esante.gouv.fr/terminologies/icf#64253	[PROMOT note] The PROMOT ontology added a crossref to the LIRMM version of the ICF (CIF-ASIP 2020). It also added the official French and Spanish translation for labels.							
http://id.who.int/icd/entity/555410497	Walking short distances											https://data.esante.gouv.fr/terminologies/icf#27642	[PROMOT note] The PROMOT ontology added a crossref to the LIRMM version of the ICF (CIF-ASIP 2020). It also added the official French and Spanish translation for labels.							
http://id.who.int/icd/entity/556694745	Power of muscles of the trunk											https://data.esante.gouv.fr/terminologies/icf#99746	[PROMOT note] The PROMOT ontology added a crossref to the LIRMM version of the ICF (CIF-ASIP 2020). It also added the official French and Spanish translation for labels.							
http://id.who.int/icd/entity/567313968	Body functions																			
http://id.who.int/icd/entity/576915490	Involuntary movement reaction functions											https://data.esante.gouv.fr/terminologies/icf#62957	[PROMOT note] The PROMOT ontology added a crossref to the LIRMM version of the ICF (CIF-ASIP 2020). It also added the official French and Spanish translation for labels.							
http://id.who.int/icd/entity/577558794	Pain in body part											https://data.esante.gouv.fr/terminologies/icf#14462	[PROMOT note] The PROMOT ontology added a crossref to the LIRMM version of the ICF (CIF-ASIP 2020). It also added the official French and Spanish translation for labels.							
http://id.who.int/icd/entity/58064740	Muscles of trunk											https://data.esante.gouv.fr/terminologies/icf#31001	[PROMOT note] The PROMOT ontology added a crossref to the LIRMM version of the ICF (CIF-ASIP 2020). It also added the official French and Spanish translation for labels.							
http://id.who.int/icd/entity/583874291	Managing diet and fitness											https://data.esante.gouv.fr/terminologies/icf#98494	[PROMOT note] The PROMOT ontology added a crossref to the LIRMM version of the ICF (CIF-ASIP 2020). It also added the official French and Spanish translation for labels.							
http://id.who.int/icd/entity/606087144	Structure of reproductive system											https://data.esante.gouv.fr/terminologies/icf#4629	[PROMOT note] The PROMOT ontology added a crossref to the LIRMM version of the ICF (CIF-ASIP 2020). It also added the official French and Spanish translation for labels.							
http://id.who.int/icd/entity/608795582	Bones of face											https://data.esante.gouv.fr/terminologies/icf#69888	[PROMOT note] The PROMOT ontology added a crossref to the LIRMM version of the ICF (CIF-ASIP 2020). It also added the official French and Spanish translation for labels.							
http://id.who.int/icd/entity/621727843	Sensation of muscle spasm											https://data.esante.gouv.fr/terminologies/icf#43934	[PROMOT note] The PROMOT ontology added a crossref to the LIRMM version of the ICF (CIF-ASIP 2020). It also added the official French and Spanish translation for labels.							
http://id.who.int/icd/entity/623565657	Maintaining a sitting position											https://data.esante.gouv.fr/terminologies/icf#1419	[PROMOT note] The PROMOT ontology added a crossref to the LIRMM version of the ICF (CIF-ASIP 2020). It also added the official French and Spanish translation for labels.							
http://id.who.int/icd/entity/627064928	Movement functions											https://data.esante.gouv.fr/terminologies/icf#12627	[PROMOT note] The PROMOT ontology added a crossref to the LIRMM version of the ICF (CIF-ASIP 2020). It also added the official French and Spanish translation for labels.							
http://id.who.int/icd/entity/634949825	Structure of brain											https://data.esante.gouv.fr/terminologies/icf#23804	[PROMOT note] The PROMOT ontology added a crossref to the LIRMM version of the ICF (CIF-ASIP 2020). It also added the official French and Spanish translation for labels.							
http://id.who.int/icd/entity/640373779	Structure of upper arm											https://data.esante.gouv.fr/terminologies/icf#87843	[PROMOT note] The PROMOT ontology added a crossref to the LIRMM version of the ICF (CIF-ASIP 2020). It also added the official French and Spanish translation for labels.							
http://id.who.int/icd/entity/644658903	Structures related to movement											https://data.esante.gouv.fr/terminologies/icf#45167	[PROMOT note] The PROMOT ontology added a crossref to the LIRMM version of the ICF (CIF-ASIP 2020). It also added the official French and Spanish translation for labels.							
http://id.who.int/icd/entity/682314871	Pain in back											https://data.esante.gouv.fr/terminologies/icf#63075	[PROMOT note] The PROMOT ontology added a crossref to the LIRMM version of the ICF (CIF-ASIP 2020). It also added the official French and Spanish translation for labels.							
http://id.who.int/icd/entity/68679181	Vestibular labyrinth											https://data.esante.gouv.fr/terminologies/icf#83877	[PROMOT note] The PROMOT ontology added a crossref to the LIRMM version of the ICF (CIF-ASIP 2020). It also added the official French and Spanish translation for labels.							
http://id.who.int/icd/entity/691689627	Pharyngeal swallowing											https://data.esante.gouv.fr/terminologies/icf#7404	[PROMOT note] The PROMOT ontology added a crossref to the LIRMM version of the ICF (CIF-ASIP 2020). It also added the official French and Spanish translation for labels.							
http://id.who.int/icd/entity/712447084	Moving around											https://data.esante.gouv.fr/terminologies/icf#29521	[PROMOT note] The PROMOT ontology added a crossref to the LIRMM version of the ICF (CIF-ASIP 2020). It also added the official French and Spanish translation for labels.							
http://id.who.int/icd/entity/712570723	Voice functions											https://data.esante.gouv.fr/terminologies/icf#19911	[PROMOT note] The PROMOT ontology added a crossref to the LIRMM version of the ICF (CIF-ASIP 2020). It also added the official French and Spanish translation for labels.							
http://id.who.int/icd/entity/719872561	Functions of the cardiovascular system											https://data.esante.gouv.fr/terminologies/icf#56466	[PROMOT note] The PROMOT ontology added a crossref to the LIRMM version of the ICF (CIF-ASIP 2020). It also added the official French and Spanish translation for labels.							
http://id.who.int/icd/entity/723417607	Structure of trunk											https://data.esante.gouv.fr/terminologies/icf#51931	[PROMOT note] The PROMOT ontology added a crossref to the LIRMM version of the ICF (CIF-ASIP 2020). It also added the official French and Spanish translation for labels.							
http://id.who.int/icd/entity/723665457	Energy and drive functions											https://data.esante.gouv.fr/terminologies/icf#11541	[PROMOT note] The PROMOT ontology added a crossref to the LIRMM version of the ICF (CIF-ASIP 2020). It also added the official French and Spanish translation for labels.							
http://id.who.int/icd/entity/73014515	Work and employment											https://data.esante.gouv.fr/terminologies/icf#40210	[PROMOT note] The PROMOT ontology added a crossref to the LIRMM version of the ICF (CIF-ASIP 2020). It also added the official French and Spanish translation for labels.							
http://id.who.int/icd/entity/735194884	Purposeful sensory experiences											https://data.esante.gouv.fr/terminologies/icf#19185	[PROMOT note] The PROMOT ontology added a crossref to the LIRMM version of the ICF (CIF-ASIP 2020). It also added the official French and Spanish translation for labels.							
http://id.who.int/icd/entity/744367503	Functions of the respiratory system											https://data.esante.gouv.fr/terminologies/icf#43461	[PROMOT note] The PROMOT ontology added a crossref to the LIRMM version of the ICF (CIF-ASIP 2020). It also added the official French and Spanish translation for labels.							
http://id.who.int/icd/entity/75971722	Reception of spoken language											https://data.esante.gouv.fr/terminologies/icf#78049	[PROMOT note] The PROMOT ontology added a crossref to the LIRMM version of the ICF (CIF-ASIP 2020). It also added the official French and Spanish translation for labels.							
http://id.who.int/icd/entity/773343048	Additional functions and sensations of the cardiovascular and respiratory systems											https://data.esante.gouv.fr/terminologies/icf#11579	[PROMOT note] The PROMOT ontology added a crossref to the LIRMM version of the ICF (CIF-ASIP 2020). It also added the official French and Spanish translation for labels.							
http://id.who.int/icd/entity/793188683	Muscles of pelvic region											https://data.esante.gouv.fr/terminologies/icf#40000	[PROMOT note] The PROMOT ontology added a crossref to the LIRMM version of the ICF (CIF-ASIP 2020). It also added the official French and Spanish translation for labels.							
http://id.who.int/icd/entity/822292691	Structure of forearm											https://data.esante.gouv.fr/terminologies/icf#61956	[PROMOT note] The PROMOT ontology added a crossref to the LIRMM version of the ICF (CIF-ASIP 2020). It also added the official French and Spanish translation for labels.							
http://id.who.int/icd/entity/826593815	Structures related to the genitourinary and reproductive systems											https://data.esante.gouv.fr/terminologies/icf#30675	[PROMOT note] The PROMOT ontology added a crossref to the LIRMM version of the ICF (CIF-ASIP 2020). It also added the official French and Spanish translation for labels.							
http://id.who.int/icd/entity/829058183	Structure of respiratory system											https://data.esante.gouv.fr/terminologies/icf#96637	[PROMOT note] The PROMOT ontology added a crossref to the LIRMM version of the ICF (CIF-ASIP 2020). It also added the official French and Spanish translation for labels.							
http://id.who.int/icd/entity/834607195	Heart											https://data.esante.gouv.fr/terminologies/icf#31079	[PROMOT note] The PROMOT ontology added a crossref to the LIRMM version of the ICF (CIF-ASIP 2020). It also added the official French and Spanish translation for labels.							
http://id.who.int/icd/entity/841397411	Sensation of muscle stiffness											https://data.esante.gouv.fr/terminologies/icf#94941	[PROMOT note] The PROMOT ontology added a crossref to the LIRMM version of the ICF (CIF-ASIP 2020). It also added the official French and Spanish translation for labels.							
http://id.who.int/icd/entity/848997900	Seeing functions											https://data.esante.gouv.fr/terminologies/icf#84252	[PROMOT note] The PROMOT ontology added a crossref to the LIRMM version of the ICF (CIF-ASIP 2020). It also added the official French and Spanish translation for labels.							
http://id.who.int/icd/entity/850289698	Functions of the digestive, metabolic and endocrine systems											https://data.esante.gouv.fr/terminologies/icf#27641	[PROMOT note] The PROMOT ontology added a crossref to the LIRMM version of the ICF (CIF-ASIP 2020). It also added the official French and Spanish translation for labels.							
http://id.who.int/icd/entity/855039967	Sitting											https://data.esante.gouv.fr/terminologies/icf#51372	[PROMOT note] The PROMOT ontology added a crossref to the LIRMM version of the ICF (CIF-ASIP 2020). It also added the official French and Spanish translation for labels.							
http://id.who.int/icd/entity/859818654	Penis, testes and scrotum development											https://data.esante.gouv.fr/terminologies/icf#11605	[PROMOT note] The PROMOT ontology added a crossref to the LIRMM version of the ICF (CIF-ASIP 2020). It also added the official French and Spanish translation for labels.							
http://id.who.int/icd/entity/862003070	Bones of cranium											https://data.esante.gouv.fr/terminologies/icf#44558	[PROMOT note] The PROMOT ontology added a crossref to the LIRMM version of the ICF (CIF-ASIP 2020). It also added the official French and Spanish translation for labels.							
http://id.who.int/icd/entity/862066979	Weight maintenance functions											https://data.esante.gouv.fr/terminologies/icf#6603	[PROMOT note] The PROMOT ontology added a crossref to the LIRMM version of the ICF (CIF-ASIP 2020). It also added the official French and Spanish translation for labels.							
http://id.who.int/icd/entity/870135798	Lungs											https://data.esante.gouv.fr/terminologies/icf#73471	[PROMOT note] The PROMOT ontology added a crossref to the LIRMM version of the ICF (CIF-ASIP 2020). It also added the official French and Spanish translation for labels.							
http://id.who.int/icd/entity/871682135	Preparing meals											https://data.esante.gouv.fr/terminologies/icf#31432	[PROMOT note] The PROMOT ontology added a crossref to the LIRMM version of the ICF (CIF-ASIP 2020). It also added the official French and Spanish translation for labels.							
http://id.who.int/icd/entity/882590883	Global mental functions											https://data.esante.gouv.fr/terminologies/icf#87252	[PROMOT note] The PROMOT ontology added a crossref to the LIRMM version of the ICF (CIF-ASIP 2020). It also added the official French and Spanish translation for labels.							
http://id.who.int/icd/entity/890173921	Seeing and related functions											https://data.esante.gouv.fr/terminologies/icf#35031	[PROMOT note] The PROMOT ontology added a crossref to the LIRMM version of the ICF (CIF-ASIP 2020). It also added the official French and Spanish translation for labels.							
http://id.who.int/icd/entity/893697482	Generalized pain											https://data.esante.gouv.fr/terminologies/icf#61232	[PROMOT note] The PROMOT ontology added a crossref to the LIRMM version of the ICF (CIF-ASIP 2020). It also added the official French and Spanish translation for labels.							
http://id.who.int/icd/entity/894218497	Sensation of pain											https://data.esante.gouv.fr/terminologies/icf#18070	[PROMOT note] The PROMOT ontology added a crossref to the LIRMM version of the ICF (CIF-ASIP 2020). It also added the official French and Spanish translation for labels.							
http://id.who.int/icd/entity/902262669	Extra-articular ligaments, fasciae, extramuscular aponeuroses, retinacula, septa, bursae, unspecified											https://data.esante.gouv.fr/terminologies/icf#73782	[PROMOT note] The PROMOT ontology added a crossref to the LIRMM version of the ICF (CIF-ASIP 2020). It also added the official French and Spanish translation for labels.							
http://id.who.int/icd/entity/909196092	Communicating producing																			
http://id.who.int/icd/entity/919003335	Crawling											https://data.esante.gouv.fr/terminologies/icf#88080	[PROMOT note] The PROMOT ontology added a crossref to the LIRMM version of the ICF (CIF-ASIP 2020). It also added the official French and Spanish translation for labels.							
http://id.who.int/icd/entity/923782542	Swallowing											https://data.esante.gouv.fr/terminologies/icf#85927	[PROMOT note] The PROMOT ontology added a crossref to the LIRMM version of the ICF (CIF-ASIP 2020). It also added the official French and Spanish translation for labels.							
http://id.who.int/icd/entity/925451085	Endocrine gland functions											https://data.esante.gouv.fr/terminologies/icf#95994	[PROMOT note] The PROMOT ontology added a crossref to the LIRMM version of the ICF (CIF-ASIP 2020). It also added the official French and Spanish translation for labels.							
http://id.who.int/icd/entity/933576740	Structure of ankle and foot											https://data.esante.gouv.fr/terminologies/icf#35541	[PROMOT note] The PROMOT ontology added a crossref to the LIRMM version of the ICF (CIF-ASIP 2020). It also added the official French and Spanish translation for labels.							
http://id.who.int/icd/entity/982325691	Interpersonal interactions and relationships											https://data.esante.gouv.fr/terminologies/icf#27038	[PROMOT note] The PROMOT ontology added a crossref to the LIRMM version of the ICF (CIF-ASIP 2020). It also added the official French and Spanish translation for labels.							
