ID	Label EN	Label EN annotation	Definition EN	Definition EN Source	Definition EN Comment	Label FR	Translation status LAB FR	Label FR annotation	Definition FR	Translation status DEF FR	Definition FR Source	Label ES	Label ES annotation	Translation status LAB ES	Definition ES	Translation status DEF ES	Definition ES Source	Commentaire	Commentaire.1	Commentaire.2	See Also	Term Editor	Commentaire.3	CrossRef	Change Note	Close match	Type	Parent Class	Equivalent Class	Domain	Range	Annotation
ID	AL rdfs:label@en	>A rdfs:comment	AL IAO:0000115@en	>A IAO:0000119	>A rdfs:comment	AL rdfs:label@fr	>A babelon:translation_status	>A rdfs:comment	AL IAO:0000115@fr	>A babelon:translation_status	>A IAO:0000119	AL rdfs:label@es	>A rdfs:comment	>A babelon:translation_status	AL IAO:0000115@es	>A babelon:translation_status	>A IAO:0000119	A rdfs:comment	A rdfs:comment	A rdfs:comment	AI rdfs:seeAlso SPLIT=|	A IAO:0000117	A rdfs:comment SPLIT=|	A oboInOwl:hasDbXref SPLIT=|	AL skos:changeNote@en	A skos:closeMatch SPLIT=|	TYPE	SC % SPLIT=|	EC %	DOMAIN	RANGE	A PROMOT:1000001 SPLIT=|
ECO:0006151	Documented statement evidence																											(RO:0002350 some PROMOT:0010010)				
ECO:0006151	documented statement evidence																	[PROMOT note] [Derived from RD-CDM] [6.2.9 Evidence]					[PROMOT note] [RD-CDM] Graefe, A.S.L., Hübner, M.R., Rehburg, F. et al. An ontology-based rare disease common data model harmonising international registries, FHIR, and Phenopackets. Sci Data 12, 234 (2025). https://doi.org/10.1038/s41597-025-04558-z		[PROMOT note] The PROMOT ontology added a comment to quote the CDMs used as a source for this entity. The original element is phenotypicfeature.evidence from GA4GH.		Class	IAO:0000030|(RO:0002614 some IAO:0000027)				
FMA:13295	Diaphragm 																											(RO:0000091 some HP:0030196)|(RO:0001025 some ICF:495844982)|(RO:0002328 some PROMOT:0032027)|(RO:0002328 some PROMOT:0032063)				
FMA:13354	Intercostal Muscle																											(RO:0000091 some HP:0004878)|(RO:0000091 some PROMOT:0032014)|(RO:0000091 some HP:0003327)|(RO:0001025 some ICF:1571232890)|(RO:0002328 some PROMOT:0032035)|(RO:0002328 some PROMOT:0032071)				
FMA:13379	Rhomboid major																											(RO:0000091 some HP:0003691)|(RO:0001025 some ICF:278512890)|(RO:0002328 some PROMOT:0032048)|(RO:0002328 some PROMOT:0032084)				
FMA:13380	Rhomboid minor																											(RO:0000091 some HP:0003691)|(RO:0001025 some ICF:278512890)|(RO:0002328 some PROMOT:0032049)|(RO:0002328 some PROMOT:0032085)				
FMA:13397	Serratus anterior																											(RO:0000091 some HP:0003691)|(RO:0001025 some ICF:278512890)|(RO:0002328 some PROMOT:0032050)|(RO:0002328 some PROMOT:0032086)				
FMA:22428	Quatriceps femoris 																											(RO:0000091 some HP:0008994)|(RO:0000091 some HP:0003731)|(RO:0000091 some HP:0003701)|(RO:0000091 some HP:0007340)|(RO:0000091 some HP:0003690)|(RO:0000091 some HP:0009073)|(RO:0000091 some HP:0003694)|(RO:0001025 some ICF:1794398084)|(RO:0002328 some PROMOT:0032047)|(RO:0002328 some PROMOT:0032083)				
FMA:22471	Muscle of leg																											(RO:0000091 some HP:0009053)|(RO:0000091 some HP:0011727)|(RO:0000091 some HP:0031374)|(RO:0000091 some HP:0002460)|(RO:0000091 some HP:0007340)|(RO:0000091 some HP:0003690)|(RO:0000091 some HP:0009063)|(RO:0000091 some HP:0030198)|(RO:0000091 some HP:0009028)|(RO:0000091 some HP:0003810)|(RO:0001025 some ICF:1278239861)|(RO:0001025 some ICF:338611549)|(RO:0002328 some PROMOT:0032038)|(RO:0002328 some PROMOT:0032074)				
FMA:22532	Tibialis anterior																											(RO:0000091 some HP:0009053)|(RO:0000091 some HP:0008963)|(RO:0000091 some HP:0002460)|(RO:0000091 some HP:0007340)|(RO:0000091 some HP:0003690)|(RO:0000091 some HP:0009063)|(RO:0000091 some HP:0003810)|(RO:0001025 some ICF:338611549)|(RO:0002328 some PROMOT:0032055)|(RO:0002328 some PROMOT:0032091)				
FMA:323229	Pterygoid muscle																											(RO:0000091 some HP:0005216)|(RO:0000091 some HP:0030193)|(RO:0000091 some PROMOT:0032023)|(RO:0001025 some ICF:1874889854)|(RO:0002328 some PROMOT:0032046)|(RO:0002328 some PROMOT:0032082)				
FMA:33531	Muscle of shoulder																											(RO:0000091 some HP:0008997)|(RO:0000091 some HP:0003547)|(RO:0000091 some HP:0003701)|(RO:0000091 some HP:0003484)|(RO:0000091 some HP:0003325)|(RO:0000091 some HP:0003690)|(RO:0000091 some HP:0009073)|(RO:0000091 some HP:0030200)|(RO:0000091 some HP:0009028)|(RO:0000091 some HP:0003694)|(RO:0000091 some HP:0003691)|(RO:0001025 some ICF:278512890)|(RO:0002328 some PROMOT:0032051)|(RO:0002328 some PROMOT:0032087)				
FMA:35178	Hip joint																											(RO:0000091 some HP:0001374)|(RO:0001025 some ICF:1401748164)				
FMA:37367	Muscle of pelvic gridle																											(RO:0000091 some HP:0008994)|(RO:0000091 some HP:0003749)|(RO:0000091 some HP:0003701)|(RO:0000091 some HP:0007340)|(RO:0000091 some HP:0003325)|(RO:0000091 some HP:0003690)|(RO:0000091 some HP:0009073)|(RO:0000091 some HP:0008988)|(RO:0000091 some HP:0030200)|(RO:0000091 some HP:0009028)|(RO:0000091 some HP:0003694)|(RO:0001025 some ICF:793188683)|(RO:0002328 some PROMOT:0032044)|(RO:0002328 some PROMOT:0032080)				
FMA:37369	Muscle of foot																											(RO:0000091 some HP:0009053)|(RO:0000091 some HP:0009027)|(RO:0000091 some HP:0002460)|(RO:0000091 some HP:0007340)|(RO:0000091 some HP:0003690)|(RO:0000091 some HP:0009063)|(RO:0000091 some HP:0030198)|(RO:0000091 some HP:0009028)|(RO:0000091 some HP:0003810)|(RO:0001025 some ICF:1278239861)|(RO:0002328 some PROMOT:0032032)|(RO:0002328 some PROMOT:0032068)				
FMA:37370	Muscle of arm																											(RO:0000091 some HP:0008997)|(RO:0000091 some HP:0003701)|(RO:0000091 some HP:0003484)|(RO:0000091 some HP:0003690)|(RO:0000091 some HP:0009073)|(RO:0000091 some HP:0030200)|(RO:0000091 some HP:0009028)|(RO:0000091 some HP:0003694)|(RO:0001025 some ICF:1867012554)|(RO:0002328 some PROMOT:0032025)|(RO:0002328 some PROMOT:0032061)				
FMA:37371	Muscle of forearm																											(RO:0000091 some HP:0008959)|(RO:0000091 some HP:0002460)|(RO:0000091 some HP:0003484)|(RO:0000091 some HP:0003690)|(RO:0000091 some HP:0009063)|(RO:0000091 some HP:0030198)|(RO:0000091 some HP:0009028)|(RO:0000091 some HP:0003810)|(RO:0001025 some ICF:294830867)|(RO:0002328 some PROMOT:0032033)|(RO:0002328 some PROMOT:0032069)				
FMA:37372	Muscle of hand																											(RO:0000091 some HP:0008959)|(RO:0000091 some HP:0030237)|(RO:0000091 some HP:0031177)|(RO:0000091 some HP:0002460)|(RO:0000091 some HP:0003484)|(RO:0000091 some HP:0003690)|(RO:0000091 some HP:0009063)|(RO:0000091 some HP:0033466)|(RO:0000091 some HP:0030198)|(RO:0000091 some HP:0009028)|(RO:0000091 some HP:0003810)|(RO:0001025 some ICF:1233939003)|(RO:0002328 some PROMOT:0032034)|(RO:0002328 some PROMOT:0032070)				
FMA:37424	First dorsal interosseous of hand																											(RO:0000091 some HP:0008959)|(RO:0000091 some HP:0003392)|(RO:0000091 some HP:0002460)|(RO:0000091 some HP:0003484)|(RO:0000091 some HP:0003690)|(RO:0000091 some HP:0009063)|(RO:0000091 some HP:0003810)|(RO:0001025 some ICF:1233939003)|(RO:0002328 some PROMOT:0032031)|(RO:0002328 some PROMOT:0032067)				
FMA:37688	Triceps brachii																											(RO:0000091 some HP:0008997)|(RO:0000091 some HP:0031108)|(RO:0000091 some HP:0003701)|(RO:0000091 some HP:0003484)|(RO:0000091 some HP:0003690)|(RO:0000091 some HP:0009073)|(RO:0000091 some HP:0003694)|(RO:0001025 some ICF:1867012554)|(RO:0002328 some PROMOT:0032059)|(RO:0002328 some PROMOT:0032095)				
FMA:38500	Extensor digitorum																											(RO:0000091 some HP:0008959)|(RO:0000091 some HP:0009077)|(RO:0000091 some HP:0002460)|(RO:0000091 some HP:0003484)|(RO:0000091 some HP:0003690)|(RO:0000091 some HP:0009063)|(RO:0000091 some HP:0003810)|(RO:0001025 some ICF:1233939003)|(RO:0002328 some PROMOT:0032028)|(RO:0002328 some PROMOT:0032064)				
FMA:42380	Intrinsic muscle of hand																											(RO:0000091 some HP:0008959)|(RO:0000091 some HP:0009005)|(RO:0000091 some HP:0002460)|(RO:0000091 some HP:0003484)|(RO:0000091 some HP:0003690)|(RO:0000091 some HP:0009063)|(RO:0000091 some HP:0003810)|(RO:0001025 some ICF:1233939003)|(RO:0002328 some PROMOT:0032037)|(RO:0002328 some PROMOT:0032073)				
FMA:46619	Muscle of pharynx 																											(RO:0000091 some HP:0002483)|(RO:0000091 some HP:0030192)|(RO:0000091 some HP:0030195)|(RO:0001025 some ICF:1874889854)|(RO:0002328 some PROMOT:0032041)|(RO:0002328 some PROMOT:0032077)				
FMA:46689	Muscle of tongue																											(RO:0000091 some HP:0005216)|(RO:0000091 some HP:0000183)|(RO:0000091 some HP:0030193)|(RO:0000091 some PROMOT:0032023)|(RO:0000091 some HP:0012473)|(RO:0001025 some ICF:1874889854)|(RO:0002328 some PROMOT:0032057)|(RO:0002328 some PROMOT:0032093)				
FMA:46751	Muscle of face																											(RO:0000091 some HP:0030319)|(RO:0000091 some PROMOT:0032012)|(RO:0001025 some ICF:1874889854)|(RO:0002328 some PROMOT:0032030)|(RO:0002328 some PROMOT:0032066)				
FMA:46834	Buccinator																											(RO:0000091 some HP:0005216)|(RO:0000091 some HP:0030193)|(RO:0000091 some PROMOT:0032023)|(RO:0001025 some ICF:1874889854)|(RO:0002328 some PROMOT:0032026)|(RO:0002328 some PROMOT:0032062)				
FMA:48996	Masseter																											(RO:0000091 some HP:0005216)|(RO:0000091 some HP:0030193)|(RO:0000091 some PROMOT:0032023)|(RO:0001025 some ICF:1874889854)|(RO:0002328 some PROMOT:0032039)|(RO:0002328 some PROMOT:0032075)				
FMA:49006	Temporalis																											(RO:0000091 some HP:0005216)|(RO:0000091 some HP:0030193)|(RO:0000091 some PROMOT:0032023)|(RO:0001025 some ICF:1874889854)|(RO:0002328 some PROMOT:0032052)|(RO:0002328 some PROMOT:0032088)				
FMA:49033	Extra-ocular muscle																											(RO:0000091 some HP:0007715)|(RO:0000091 some HP:0000597)|(RO:0000091 some PROMOT:0032013)|(RO:0000091 some HP:0000651)|(RO:0000091 some HP:0000602)|(RO:0000091 some HP:0000544)|(RO:0000091 some HP:0000508)|(RO:0000091 some HP:0000496)|(RO:0000091 some HP:0007941)|(RO:0000091 some HP:0000486)|(RO:0000091 some HP:0007838)|(RO:0000091 some PROMOT:0032016)|(RO:0001025 some ICF:1874889854)|(RO:0001025 some ICF:405925948)|(RO:0002328 some PROMOT:0032029)|(RO:0002328 some PROMOT:0032065)				
FMA:50208	Musculature of thigh																											(RO:0000091 some HP:0008994)|(RO:0000091 some HP:0033416)|(RO:0000091 some HP:0012515)|(RO:0000091 some HP:0003701)|(RO:0000091 some HP:0007340)|(RO:0000091 some HP:0003690)|(RO:0000091 some HP:0009073)|(RO:0000091 some HP:0030200)|(RO:0000091 some HP:0009028)|(RO:0000091 some HP:0003694)|(RO:0001025 some ICF:1794398084)|(RO:0002328 some PROMOT:0032054)|(RO:0002328 some PROMOT:0032090)				
FMA:51099	Tibialis posterior																											(RO:0000091 some HP:0009053)|(RO:0000091 some HP:0008963)|(RO:0000091 some HP:0002460)|(RO:0000091 some HP:0007340)|(RO:0000091 some HP:0003690)|(RO:0000091 some HP:0009063)|(RO:0000091 some HP:0003810)|(RO:0001025 some ICF:338611549)|(RO:0002328 some PROMOT:0032056)|(RO:0002328 some PROMOT:0032092)				
FMA:58274	Muscle of trunk																											(RO:0000091 some HP:0009023)|(RO:0000091 some PROMOT:0032014)|(RO:0000091 some HP:0003327)|(RO:0001025 some ICF:58064740)|(RO:0002328 some PROMOT:0032042)|(RO:0002328 some PROMOT:0032078)				
FMA:62955	Anatomical entity																										Class	BFO:0000040				
FMA:64916	Thenar muscle																											(RO:0000091 some HP:0008959)|(RO:0000091 some HP:0003427)|(RO:0000091 some HP:0002460)|(RO:0000091 some HP:0003484)|(RO:0000091 some HP:0003690)|(RO:0000091 some HP:0009063)|(RO:0000091 some HP:0003810)|(RO:0001025 some ICF:1233939003)|(RO:0002328 some PROMOT:0032053)|(RO:0002328 some PROMOT:0032089)				
FMA:67169	Set of pharyngeal muscles																											(RO:0000091 some HP:0002483)|(RO:0000091 some HP:0030192)|(RO:0000091 some HP:0030195)|(RO:0001025 some ICF:1874889854)|(RO:0002328 some PROMOT:0032045)|(RO:0002328 some PROMOT:0032081)				
FMA:7088	Heart																											(RO:0000091 some HP:0001627)|(RO:0000091 some HP:0030872)|(RO:0000091 some HP:0001713)|(RO:0000091 some HP:0001638)|(RO:0001025 some ICF:834607195)				
FMA:71437	Set of masticatory muscles																											(RO:0000091 some HP:0005216)|(RO:0000091 some HP:0030193)|(RO:0000091 some PROMOT:0032023)|(RO:0001025 some ICF:1874889854)|(RO:0002328 some PROMOT:0032040)|(RO:0002328 some PROMOT:0032076)				
FMA:74081	Set of intercostal muscles																											(RO:0000091 some HP:0030196)|(RO:0001025 some ICF:495844982)|(RO:0002328 some PROMOT:0032036)|(RO:0002328 some PROMOT:0032072)				
FMA:7490	Joint																											(RO:0000091 some HP:0002828)|(RO:0000091 some HP:0001387)|(RO:0000091 some HP:0002804)|(RO:0001025 some ICF:462923277)				
FMA:9617	Muscle of neck																											(RO:0000091 some HP:0000467)|(RO:0000091 some HP:0003722)|(RO:0000091 some HP:0030199)|(RO:0001025 some ICF:1874889854)|(RO:0002328 some PROMOT:0032043)|(RO:0002328 some PROMOT:0032079)				
FMA:9620	Muscle of abdomen																											(RO:0000091 some HP:0009023)|(RO:0000091 some PROMOT:0032014)|(RO:0000091 some HP:0003327)|(RO:0001025 some ICF:58064740)|(RO:0002328 some PROMOT:0032024)|(RO:0002328 some PROMOT:0032060)				
FMA:9626	Trapezius 																											(RO:0000091 some HP:0003691)|(RO:0001025 some ICF:278512890)|(RO:0002328 some PROMOT:0032058)|(RO:0002328 some PROMOT:0032094)				
HP:0000005	Mode of inheritance																		[PROMOT note] [Derived from EURO-NMD NMD-CDE] [gendia_inher]				[PROMOT note] [EURO-NMD] Atalia A et al., EURO-NMD registry: federated FAIR infrastructure, innovative technologies and concepts of a patient-centred registry for rare neuromuscular disorders. Orphanet J Rare Dis. 2024 Feb 14;19(1):66. doi: 10.1186/s13023-024-03059-3. PMID: 38355534; PMCID: PMC10865673.		[PROMOT note] The PROMOT ontology added a comment to quote the CDM used as a source for this entity.		Class	BFO:0000019				
HP:0000006	Autosomal dominant inheritance																		[PROMOT note] [Derived from EURO-NMD NMD-CDE] [gendia_inher]				[PROMOT note] [EURO-NMD] Atalia A et al., EURO-NMD registry: federated FAIR infrastructure, innovative technologies and concepts of a patient-centred registry for rare neuromuscular disorders. Orphanet J Rare Dis. 2024 Feb 14;19(1):66. doi: 10.1186/s13023-024-03059-3. PMID: 38355534; PMCID: PMC10865673.		[PROMOT note] The PROMOT ontology added a comment to quote the CDM used as a source for this entity.		Class					
HP:0000006	Autosomal dominant inheritance																															[OPMD HPO KB associations] Gargano MA, Matentzoglu N, Coleman B, Addo-Lartey EB, et al. The Human Phenotype Ontology in 2024: phenotypes around the world. Nucleic Acids Res. 2024 Jan 5;52(D1):D1333-D1346. doi: 10.1093/nar/gkad1005. PMID: 37953324; PMCID: PMC10767975.|[Congenital Myasthenic syndrom HPO KB associations] Gargano MA, Matentzoglu N, Coleman B, Addo-Lartey EB, et al. The Human Phenotype Ontology in 2024: phenotypes around the world. Nucleic Acids Res. 2024 Jan 5;52(D1):D1333-D1346. doi: 10.1093/nar/gkad1005. PMID: 37953324; PMCID: PMC10767975.|[Congenital Myopathy HPO KB associations] Gargano MA, Matentzoglu N, Coleman B, Addo-Lartey EB, et al. The Human Phenotype Ontology in 2024: phenotypes around the world. Nucleic Acids Res. 2024 Jan 5;52(D1):D1333-D1346. doi: 10.1093/nar/gkad1005. PMID: 37953324; PMCID: PMC10767975.
HP:0000007	Autosomal recessive inheritance																		[PROMOT note] [Derived from EURO-NMD NMD-CDE] [gendia_inher]				[PROMOT note] [EURO-NMD] Atalia A et al., EURO-NMD registry: federated FAIR infrastructure, innovative technologies and concepts of a patient-centred registry for rare neuromuscular disorders. Orphanet J Rare Dis. 2024 Feb 14;19(1):66. doi: 10.1186/s13023-024-03059-3. PMID: 38355534; PMCID: PMC10865673.		[PROMOT note] The PROMOT ontology added a comment to quote the CDM used as a source for this entity.		Class					
HP:0000007	Autosomal recessive inheritance																															[OPMD Medical Expert] https://orcid.org/0000-0003-2829-8470|[Congenital Myasthenic syndrom HPO KB associations] Gargano MA, Matentzoglu N, Coleman B, Addo-Lartey EB, et al. The Human Phenotype Ontology in 2024: phenotypes around the world. Nucleic Acids Res. 2024 Jan 5;52(D1):D1333-D1346. doi: 10.1093/nar/gkad1005. PMID: 37953324; PMCID: PMC10767975.|[Congenital Myopathy HPO KB associations] Gargano MA, Matentzoglu N, Coleman B, Addo-Lartey EB, et al. The Human Phenotype Ontology in 2024: phenotypes around the world. Nucleic Acids Res. 2024 Jan 5;52(D1):D1333-D1346. doi: 10.1093/nar/gkad1005. PMID: 37953324; PMCID: PMC10767975.
HP:0000028	Cryptorchidism																											(PROMOT:2000001 some ICF:859818654)|(PROMOT:2000005 some SNOMED:84100007)				
HP:0000028	Cryptorchidism																															Congenital myopathy Scoping review|[Congenital Myopathy HPO KB associations] Gargano MA, Matentzoglu N, Coleman B, Addo-Lartey EB, et al. The Human Phenotype Ontology in 2024: phenotypes around the world. Nucleic Acids Res. 2024 Jan 5;52(D1):D1333-D1346. doi: 10.1093/nar/gkad1005. PMID: 37953324; PMCID: PMC10767975.
HP:0000118	Phenotypic abnormality																	[PROMOT note] [Derived from RD-CDM] [6.2.1 Phenotypic Feature]	[PROMOT note] [Derived from EURO-NMD NMD-CDE] 				[PROMOT note] [RD-CDM] Graefe, A.S.L., Hübner, M.R., Rehburg, F. et al. An ontology-based rare disease common data model harmonising international registries, FHIR, and Phenopackets. Sci Data 12, 234 (2025). https://doi.org/10.1038/s41597-025-04558-z|[PROMOT note] [EURO-NMD] Atalia A et al., EURO-NMD registry: federated FAIR infrastructure, innovative technologies and concepts of a patient-centred registry for rare neuromuscular disorders. Orphanet J Rare Dis. 2024 Feb 14;19(1):66. doi: 10.1186/s13023-024-03059-3. PMID: 38355534; PMCID: PMC10865673.	http://snomed.info/id/8116006	[PROMOT note] The PROMOT ontology added a comment to quote the CDM used as a source for this entity. A crossref to the orignal element has also been added.		Class	PROMOT:0032001|(RO:0000086 some PROMOT:0031007)|(RO:0000086 some HP:0012823)				
HP:0000183	Tongue muscle weakness																											(PROMOT:2000001 some ICF:1328675264)|(PROMOT:2000001 some ICF:553784299)|(PROMOT:2000001 some ICF:151046878)|(PROMOT:2000001 some PROMOT:0032093)|(PROMOT:2000005 some (SNOMED:12894003 OR SNOMED:84100007))				
HP:0000183	Tongue muscle weakness																															[OPMD Clinical Registry Form]
HP:0000218	High palate																											(PROMOT:2000005 some SNOMED:84100007)				
HP:0000218	High palate																															[Congenital Myasthenic syndrom HPO KB associations] Gargano MA, Matentzoglu N, Coleman B, Addo-Lartey EB, et al. The Human Phenotype Ontology in 2024: phenotypes around the world. Nucleic Acids Res. 2024 Jan 5;52(D1):D1333-D1346. doi: 10.1093/nar/gkad1005. PMID: 37953324; PMCID: PMC10767975.|Congenital myopathy Scoping review|[Congenital Myopathy HPO KB associations] Gargano MA, Matentzoglu N, Coleman B, Addo-Lartey EB, et al. The Human Phenotype Ontology in 2024: phenotypes around the world. Nucleic Acids Res. 2024 Jan 5;52(D1):D1333-D1346. doi: 10.1093/nar/gkad1005. PMID: 37953324; PMCID: PMC10767975.
HP:0000276	Long face																											(PROMOT:2000005 some SNOMED:84100007)				
HP:0000276	Long face																															Congenital myopathy Scoping review|[Congenital Myopathy HPO KB associations] Gargano MA, Matentzoglu N, Coleman B, Addo-Lartey EB, et al. The Human Phenotype Ontology in 2024: phenotypes around the world. Nucleic Acids Res. 2024 Jan 5;52(D1):D1333-D1346. doi: 10.1093/nar/gkad1005. PMID: 37953324; PMCID: PMC10767975.
HP:0000467	Neck muscle weakness																		[PROMOT note] [Present in EURO-NMD NMD-CDE] [has_neck_weakness]				[PROMOT note] [EURO-NMD] Atalia A et al., EURO-NMD registry: federated FAIR infrastructure, innovative technologies and concepts of a patient-centred registry for rare neuromuscular disorders. Orphanet J Rare Dis. 2024 Feb 14;19(1):66. doi: 10.1186/s13023-024-03059-3. PMID: 38355534; PMCID: PMC10865673.		[PROMOT note] The PROMOT ontology added a comment to quote the CDM used as a source for this entity.		Class					
HP:0000467	Neck muscle weakness																											(PROMOT:2000001 some ICF:2048203604)|(PROMOT:2000001 some PROMOT:0032079)|(PROMOT:2000005 some SNOMED:84100007)				
HP:0000467	Neck muscle weakness																															[OPMD Scoping review 2026] Bélair N, Gagnon C, Duchesne E. What is known about muscle weakness, balance impairments and indoor mobility limitations in oculopharyngeal muscular dystrophy? A scoping review. J Neuromuscul Dis. 2025 Dec 30:22143602251397052. doi: 10.1177/22143602251397052. Epub ahead of print. PMID: 41467981.|[OPMD HPO KB associations] Gargano MA, Matentzoglu N, Coleman B, Addo-Lartey EB, et al. The Human Phenotype Ontology in 2024: phenotypes around the world. Nucleic Acids Res. 2024 Jan 5;52(D1):D1333-D1346. doi: 10.1093/nar/gkad1005. PMID: 37953324; PMCID: PMC10767975.|Congenital myasthenic syndrom Scoping review|[Congenital Myasthenic syndrom HPO KB associations] Gargano MA, Matentzoglu N, Coleman B, Addo-Lartey EB, et al. The Human Phenotype Ontology in 2024: phenotypes around the world. Nucleic Acids Res. 2024 Jan 5;52(D1):D1333-D1346. doi: 10.1093/nar/gkad1005. PMID: 37953324; PMCID: PMC10767975.|Congenital myopathy Scoping review|[Congenital Myopathy HPO KB associations] Gargano MA, Matentzoglu N, Coleman B, Addo-Lartey EB, et al. The Human Phenotype Ontology in 2024: phenotypes around the world. Nucleic Acids Res. 2024 Jan 5;52(D1):D1333-D1346. doi: 10.1093/nar/gkad1005. PMID: 37953324; PMCID: PMC10767975.
HP:0000486	Strabismus																											(PROMOT:2000001 some PROMOT:0032065)|(PROMOT:2000005 some SNOMED:84100007)				
HP:0000486	Strabismus																															[Congenital Myopathy HPO KB associations] Gargano MA, Matentzoglu N, Coleman B, Addo-Lartey EB, et al. The Human Phenotype Ontology in 2024: phenotypes around the world. Nucleic Acids Res. 2024 Jan 5;52(D1):D1333-D1346. doi: 10.1093/nar/gkad1005. PMID: 37953324; PMCID: PMC10767975.
HP:0000496	Abnormality of eye movement																											(PROMOT:2000001 some ICF:1090716697)|(PROMOT:2000001 some PROMOT:0032065)|(PROMOT:2000005 some SNOMED:84100007)				
HP:0000496	Abnormality of eye movement																															Congenital myasthenic syndrom Scoping review|[Congenital Myasthenic syndrom HPO KB associations] Gargano MA, Matentzoglu N, Coleman B, Addo-Lartey EB, et al. The Human Phenotype Ontology in 2024: phenotypes around the world. Nucleic Acids Res. 2024 Jan 5;52(D1):D1333-D1346. doi: 10.1093/nar/gkad1005. PMID: 37953324; PMCID: PMC10767975.|Congenital myopathy Scoping review
HP:0000508	Ptosis																											(PROMOT:2000001 some ICF:2021370201)|(PROMOT:2000001 some PROMOT:0032065)|(PROMOT:2000005 some SNOMED:84100007)				
HP:0000508	Ptosis																															[OPMD Clinical Registry Form]|[OPMD HPO KB associations] Gargano MA, Matentzoglu N, Coleman B, Addo-Lartey EB, et al. The Human Phenotype Ontology in 2024: phenotypes around the world. Nucleic Acids Res. 2024 Jan 5;52(D1):D1333-D1346. doi: 10.1093/nar/gkad1005. PMID: 37953324; PMCID: PMC10767975.|[OPMD Clinical Research Form]|Congenital myasthenic syndrom Scoping review|[Congenital Myasthenic syndrom HPO KB associations] Gargano MA, Matentzoglu N, Coleman B, Addo-Lartey EB, et al. The Human Phenotype Ontology in 2024: phenotypes around the world. Nucleic Acids Res. 2024 Jan 5;52(D1):D1333-D1346. doi: 10.1093/nar/gkad1005. PMID: 37953324; PMCID: PMC10767975.|Congenital myopathy Scoping review|[Congenital Myopathy HPO KB associations] Gargano MA, Matentzoglu N, Coleman B, Addo-Lartey EB, et al. The Human Phenotype Ontology in 2024: phenotypes around the world. Nucleic Acids Res. 2024 Jan 5;52(D1):D1333-D1346. doi: 10.1093/nar/gkad1005. PMID: 37953324; PMCID: PMC10767975.
HP:0000544	External ophthalmoplegia																											(PROMOT:2000001 some ICF:1090716697)|(PROMOT:2000001 some PROMOT:0032065)|(PROMOT:2000005 some SNOMED:84100007)				
HP:0000544	External ophthalmoplegia																															[OPMD Clinical Registry Form]|Congenital myasthenic syndrom Scoping review|Congenital myopathy Scoping review|[Congenital Myopathy HPO KB associations] Gargano MA, Matentzoglu N, Coleman B, Addo-Lartey EB, et al. The Human Phenotype Ontology in 2024: phenotypes around the world. Nucleic Acids Res. 2024 Jan 5;52(D1):D1333-D1346. doi: 10.1093/nar/gkad1005. PMID: 37953324; PMCID: PMC10767975.
HP:0000597	Ophthalmoparesis																											(PROMOT:2000001 some ICF:1090716697)|(PROMOT:2000001 some PROMOT:0032065)|(PROMOT:2000005 some SNOMED:84100007)				
HP:0000597	Ophthalmoparesis																															[OPMD Scoping review 2026] Bélair N, Gagnon C, Duchesne E. What is known about muscle weakness, balance impairments and indoor mobility limitations in oculopharyngeal muscular dystrophy? A scoping review. J Neuromuscul Dis. 2025 Dec 30:22143602251397052. doi: 10.1177/22143602251397052. Epub ahead of print. PMID: 41467981.|[OPMD Clinical Registry Form]|Congenital myasthenic syndrom Scoping review|[Congenital Myasthenic syndrom HPO KB associations] Gargano MA, Matentzoglu N, Coleman B, Addo-Lartey EB, et al. The Human Phenotype Ontology in 2024: phenotypes around the world. Nucleic Acids Res. 2024 Jan 5;52(D1):D1333-D1346. doi: 10.1093/nar/gkad1005. PMID: 37953324; PMCID: PMC10767975.|Congenital myopathy Scoping review
HP:0000602	Ophthalmoplegia																											(PROMOT:2000001 some ICF:1090716697)|(PROMOT:2000001 some PROMOT:0032065)|(PROMOT:2000005 some SNOMED:84100007)				
HP:0000602	Ophthalmoplegia																															[OPMD Clinical Registry Form]|[OPMD HPO KB associations] Gargano MA, Matentzoglu N, Coleman B, Addo-Lartey EB, et al. The Human Phenotype Ontology in 2024: phenotypes around the world. Nucleic Acids Res. 2024 Jan 5;52(D1):D1333-D1346. doi: 10.1093/nar/gkad1005. PMID: 37953324; PMCID: PMC10767975.|Congenital myasthenic syndrom Scoping review|[Congenital Myasthenic syndrom HPO KB associations] Gargano MA, Matentzoglu N, Coleman B, Addo-Lartey EB, et al. The Human Phenotype Ontology in 2024: phenotypes around the world. Nucleic Acids Res. 2024 Jan 5;52(D1):D1333-D1346. doi: 10.1093/nar/gkad1005. PMID: 37953324; PMCID: PMC10767975.|Congenital myopathy Scoping review|[Congenital Myopathy HPO KB associations] Gargano MA, Matentzoglu N, Coleman B, Addo-Lartey EB, et al. The Human Phenotype Ontology in 2024: phenotypes around the world. Nucleic Acids Res. 2024 Jan 5;52(D1):D1333-D1346. doi: 10.1093/nar/gkad1005. PMID: 37953324; PMCID: PMC10767975.
HP:0000651	Diplopia																											(PROMOT:2000001 some ICF:2022689055)|(PROMOT:2000005 some SNOMED:84100007)				
HP:0000651	Diplopia																															[OPMD Clinical Registry Form]|[Congenital Myasthenic syndrom HPO KB associations] Gargano MA, Matentzoglu N, Coleman B, Addo-Lartey EB, et al. The Human Phenotype Ontology in 2024: phenotypes around the world. Nucleic Acids Res. 2024 Jan 5;52(D1):D1333-D1346. doi: 10.1093/nar/gkad1005. PMID: 37953324; PMCID: PMC10767975.
HP:0000767	Pectus excavatum																											(PROMOT:2000005 some SNOMED:84100007)				
HP:0000767	Pectus excavatum																															Congenital myopathy Scoping review|[Congenital Myopathy HPO KB associations] Gargano MA, Matentzoglu N, Coleman B, Addo-Lartey EB, et al. The Human Phenotype Ontology in 2024: phenotypes around the world. Nucleic Acids Res. 2024 Jan 5;52(D1):D1333-D1346. doi: 10.1093/nar/gkad1005. PMID: 37953324; PMCID: PMC10767975.
HP:0000768	Pectus carinatum																											(PROMOT:2000005 some SNOMED:84100007)				
HP:0000768	Pectus carinatum																															Congenital myopathy Scoping review
HP:0000774	Narrow chest																											(PROMOT:2000005 some SNOMED:84100007)				
HP:0000774	Narrow chest																															Congenital myopathy Scoping review|[Congenital Myopathy HPO KB associations] Gargano MA, Matentzoglu N, Coleman B, Addo-Lartey EB, et al. The Human Phenotype Ontology in 2024: phenotypes around the world. Nucleic Acids Res. 2024 Jan 5;52(D1):D1333-D1346. doi: 10.1093/nar/gkad1005. PMID: 37953324; PMCID: PMC10767975.
HP:0000886	Deformed rib cage 																											(PROMOT:2000005 some (SNOMED:5880005 OR SNOMED:84100007))				
HP:0000886	Deformed rib cage 																															Congenital myopathy Scoping review
HP:0001249	Intellectual disability																											(PROMOT:2000001 some ICF:1363559646)|(PROMOT:2000001 some ICF:1525383756)|(PROMOT:2000005 some SNOMED:84100007)				
HP:0001249	Intellectual disability																															[Congenital Myasthenic syndrom HPO KB associations] Gargano MA, Matentzoglu N, Coleman B, Addo-Lartey EB, et al. The Human Phenotype Ontology in 2024: phenotypes around the world. Nucleic Acids Res. 2024 Jan 5;52(D1):D1333-D1346. doi: 10.1093/nar/gkad1005. PMID: 37953324; PMCID: PMC10767975.|[Congenital Myopathy HPO KB associations] Gargano MA, Matentzoglu N, Coleman B, Addo-Lartey EB, et al. The Human Phenotype Ontology in 2024: phenotypes around the world. Nucleic Acids Res. 2024 Jan 5;52(D1):D1333-D1346. doi: 10.1093/nar/gkad1005. PMID: 37953324; PMCID: PMC10767975.
HP:0001252	Hypotonia																											(PROMOT:2000001 some ICF:260756767)|(PROMOT:2000005 some SNOMED:84100007)				
HP:0001252	Hypotonia																															Congenital myasthenic syndrom Scoping review|[Congenital Myasthenic syndrom HPO KB associations] Gargano MA, Matentzoglu N, Coleman B, Addo-Lartey EB, et al. The Human Phenotype Ontology in 2024: phenotypes around the world. Nucleic Acids Res. 2024 Jan 5;52(D1):D1333-D1346. doi: 10.1093/nar/gkad1005. PMID: 37953324; PMCID: PMC10767975.|Congenital myopathy Scoping review|[Congenital Myopathy HPO KB associations] Gargano MA, Matentzoglu N, Coleman B, Addo-Lartey EB, et al. The Human Phenotype Ontology in 2024: phenotypes around the world. Nucleic Acids Res. 2024 Jan 5;52(D1):D1333-D1346. doi: 10.1093/nar/gkad1005. PMID: 37953324; PMCID: PMC10767975.
HP:0001260	Dysarthria																											(PROMOT:2000001 some ICF:151046878)|(PROMOT:2000001 some ICF:1919311435)|(PROMOT:2000005 some SNOMED:84100007)				
HP:0001260	Dysarthria																															[OPMD HPO KB associations] Gargano MA, Matentzoglu N, Coleman B, Addo-Lartey EB, et al. The Human Phenotype Ontology in 2024: phenotypes around the world. Nucleic Acids Res. 2024 Jan 5;52(D1):D1333-D1346. doi: 10.1093/nar/gkad1005. PMID: 37953324; PMCID: PMC10767975.
HP:0001265	Hyporeflexia																											(PROMOT:2000001 some ICF:1434015402)|(PROMOT:2000005 some SNOMED:84100007)				
HP:0001265	Hyporeflexia																															Congenital myasthenic syndrom Scoping review|[Congenital Myasthenic syndrom HPO KB associations] Gargano MA, Matentzoglu N, Coleman B, Addo-Lartey EB, et al. The Human Phenotype Ontology in 2024: phenotypes around the world. Nucleic Acids Res. 2024 Jan 5;52(D1):D1333-D1346. doi: 10.1093/nar/gkad1005. PMID: 37953324; PMCID: PMC10767975.|Congenital myopathy Scoping review|[Congenital Myopathy HPO KB associations] Gargano MA, Matentzoglu N, Coleman B, Addo-Lartey EB, et al. The Human Phenotype Ontology in 2024: phenotypes around the world. Nucleic Acids Res. 2024 Jan 5;52(D1):D1333-D1346. doi: 10.1093/nar/gkad1005. PMID: 37953324; PMCID: PMC10767975.
HP:0001270	Motor delay																											(PROMOT:2000001 some ICF:855039967)|(PROMOT:2000001 some ICF:1462755743)|(PROMOT:2000001 some ICF:1851215071)|(PROMOT:2000001 some ICF:623565657)|(PROMOT:2000001 some ICF:485719194)|(PROMOT:2000001 some ICF:1474003417)|(PROMOT:2000001 some ICF:1550548595)|(PROMOT:2000001 some ICF:919003335)|(PROMOT:2000005 some SNOMED:84100007)				
HP:0001270	Motor delay																															Congenital myasthenic syndrom Scoping review|[Congenital Myasthenic syndrom HPO KB associations] Gargano MA, Matentzoglu N, Coleman B, Addo-Lartey EB, et al. The Human Phenotype Ontology in 2024: phenotypes around the world. Nucleic Acids Res. 2024 Jan 5;52(D1):D1333-D1346. doi: 10.1093/nar/gkad1005. PMID: 37953324; PMCID: PMC10767975.|Congenital myopathy Scoping review|[Congenital Myopathy HPO KB associations] Gargano MA, Matentzoglu N, Coleman B, Addo-Lartey EB, et al. The Human Phenotype Ontology in 2024: phenotypes around the world. Nucleic Acids Res. 2024 Jan 5;52(D1):D1333-D1346. doi: 10.1093/nar/gkad1005. PMID: 37953324; PMCID: PMC10767975.
HP:0001284	Areflexia																											(PROMOT:2000001 some ICF:1434015402)|(PROMOT:2000005 some SNOMED:84100007)				
HP:0001284	Areflexia																															Congenital myasthenic syndrom Scoping review|[Congenital Myasthenic syndrom HPO KB associations] Gargano MA, Matentzoglu N, Coleman B, Addo-Lartey EB, et al. The Human Phenotype Ontology in 2024: phenotypes around the world. Nucleic Acids Res. 2024 Jan 5;52(D1):D1333-D1346. doi: 10.1093/nar/gkad1005. PMID: 37953324; PMCID: PMC10767975.|Congenital myopathy Scoping review|[Congenital Myopathy HPO KB associations] Gargano MA, Matentzoglu N, Coleman B, Addo-Lartey EB, et al. The Human Phenotype Ontology in 2024: phenotypes around the world. Nucleic Acids Res. 2024 Jan 5;52(D1):D1333-D1346. doi: 10.1093/nar/gkad1005. PMID: 37953324; PMCID: PMC10767975.
HP:0001288	Gait disturbance																											(PROMOT:2000001 some ICF:1550548595)|(PROMOT:2000001 some ICF:1328466963)|(PROMOT:2000005 some SNOMED:84100007)				
HP:0001288	Gait disturbance																															[OPMD Clinical Registry Form]|[OPMD HPO KB associations] Gargano MA, Matentzoglu N, Coleman B, Addo-Lartey EB, et al. The Human Phenotype Ontology in 2024: phenotypes around the world. Nucleic Acids Res. 2024 Jan 5;52(D1):D1333-D1346. doi: 10.1093/nar/gkad1005. PMID: 37953324; PMCID: PMC10767975.|[OPMD Clinical Research Form]|Congenital myasthenic syndrom Scoping review|[Congenital Myasthenic syndrom HPO KB associations] Gargano MA, Matentzoglu N, Coleman B, Addo-Lartey EB, et al. The Human Phenotype Ontology in 2024: phenotypes around the world. Nucleic Acids Res. 2024 Jan 5;52(D1):D1333-D1346. doi: 10.1093/nar/gkad1005. PMID: 37953324; PMCID: PMC10767975.|Congenital myopathy Scoping review|[Congenital Myopathy HPO KB associations] Gargano MA, Matentzoglu N, Coleman B, Addo-Lartey EB, et al. The Human Phenotype Ontology in 2024: phenotypes around the world. Nucleic Acids Res. 2024 Jan 5;52(D1):D1333-D1346. doi: 10.1093/nar/gkad1005. PMID: 37953324; PMCID: PMC10767975.
HP:0001315	Reduced tendon reflexes 																											(PROMOT:2000001 some ICF:1434015402)|(PROMOT:2000005 some SNOMED:84100007)				
HP:0001315	Reduced tendon reflexes 																															Congenital myasthenic syndrom Scoping review|[Congenital Myasthenic syndrom HPO KB associations] Gargano MA, Matentzoglu N, Coleman B, Addo-Lartey EB, et al. The Human Phenotype Ontology in 2024: phenotypes around the world. Nucleic Acids Res. 2024 Jan 5;52(D1):D1333-D1346. doi: 10.1093/nar/gkad1005. PMID: 37953324; PMCID: PMC10767975.|Congenital myopathy Scoping review|[Congenital Myopathy HPO KB associations] Gargano MA, Matentzoglu N, Coleman B, Addo-Lartey EB, et al. The Human Phenotype Ontology in 2024: phenotypes around the world. Nucleic Acids Res. 2024 Jan 5;52(D1):D1333-D1346. doi: 10.1093/nar/gkad1005. PMID: 37953324; PMCID: PMC10767975.
HP:0001319	Neonatal hypotonia																											(PROMOT:2000001 some ICF:260756767)|(PROMOT:2000005 some SNOMED:84100007)				
HP:0001319	Neonatal hypotonia																															Congenital myasthenic syndrom Scoping review|[Congenital Myasthenic syndrom HPO KB associations] Gargano MA, Matentzoglu N, Coleman B, Addo-Lartey EB, et al. The Human Phenotype Ontology in 2024: phenotypes around the world. Nucleic Acids Res. 2024 Jan 5;52(D1):D1333-D1346. doi: 10.1093/nar/gkad1005. PMID: 37953324; PMCID: PMC10767975.|Congenital myopathy Scoping review|[Congenital Myopathy HPO KB associations] Gargano MA, Matentzoglu N, Coleman B, Addo-Lartey EB, et al. The Human Phenotype Ontology in 2024: phenotypes around the world. Nucleic Acids Res. 2024 Jan 5;52(D1):D1333-D1346. doi: 10.1093/nar/gkad1005. PMID: 37953324; PMCID: PMC10767975.
HP:0001324	Muscle weakness																											(PROMOT:2000005 some (SNOMED:12894003 OR SNOMED:84100007))				
HP:0001324	Muscle weakness																															[OPMD Scoping review 2026] Bélair N, Gagnon C, Duchesne E. What is known about muscle weakness, balance impairments and indoor mobility limitations in oculopharyngeal muscular dystrophy? A scoping review. J Neuromuscul Dis. 2025 Dec 30:22143602251397052. doi: 10.1177/22143602251397052. Epub ahead of print. PMID: 41467981.|Congenital myasthenic syndrom Scoping review|[Congenital Myasthenic syndrom HPO KB associations] Gargano MA, Matentzoglu N, Coleman B, Addo-Lartey EB, et al. The Human Phenotype Ontology in 2024: phenotypes around the world. Nucleic Acids Res. 2024 Jan 5;52(D1):D1333-D1346. doi: 10.1093/nar/gkad1005. PMID: 37953324; PMCID: PMC10767975.|Congenital myopathy Scoping review|[Congenital Myopathy HPO KB associations] Gargano MA, Matentzoglu N, Coleman B, Addo-Lartey EB, et al. The Human Phenotype Ontology in 2024: phenotypes around the world. Nucleic Acids Res. 2024 Jan 5;52(D1):D1333-D1346. doi: 10.1093/nar/gkad1005. PMID: 37953324; PMCID: PMC10767975.
HP:0001374	Congenital hip dislocation																											(PROMOT:2000001 some ICF:1748092144)|(PROMOT:2000005 some SNOMED:84100007)				
HP:0001374	Congenital hip dislocation																															Congenital myopathy Scoping review|[Congenital Myopathy HPO KB associations] Gargano MA, Matentzoglu N, Coleman B, Addo-Lartey EB, et al. The Human Phenotype Ontology in 2024: phenotypes around the world. Nucleic Acids Res. 2024 Jan 5;52(D1):D1333-D1346. doi: 10.1093/nar/gkad1005. PMID: 37953324; PMCID: PMC10767975.
HP:0001387	Joint stiffness																											(PROMOT:2000001 some ICF:1757783224)|(PROMOT:2000005 some SNOMED:84100007)				
HP:0001387	Joint stiffness																															[Congenital Myopathy HPO KB associations] Gargano MA, Matentzoglu N, Coleman B, Addo-Lartey EB, et al. The Human Phenotype Ontology in 2024: phenotypes around the world. Nucleic Acids Res. 2024 Jan 5;52(D1):D1333-D1346. doi: 10.1093/nar/gkad1005. PMID: 37953324; PMCID: PMC10767975.
HP:0001547	Abnormal rib cage morphology 																											(PROMOT:2000005 some SNOMED:84100007)				
HP:0001547	Abnormal rib cage morphology 																															Congenital myopathy Scoping review|[Congenital Myopathy HPO KB associations] Gargano MA, Matentzoglu N, Coleman B, Addo-Lartey EB, et al. The Human Phenotype Ontology in 2024: phenotypes around the world. Nucleic Acids Res. 2024 Jan 5;52(D1):D1333-D1346. doi: 10.1093/nar/gkad1005. PMID: 37953324; PMCID: PMC10767975.
HP:0001558	Decreased fetal movement																											(PROMOT:2000005 some SNOMED:84100007)				
HP:0001558	Decreased fetal movement																															Congenital myasthenic syndrom Scoping review|[Congenital Myasthenic syndrom HPO KB associations] Gargano MA, Matentzoglu N, Coleman B, Addo-Lartey EB, et al. The Human Phenotype Ontology in 2024: phenotypes around the world. Nucleic Acids Res. 2024 Jan 5;52(D1):D1333-D1346. doi: 10.1093/nar/gkad1005. PMID: 37953324; PMCID: PMC10767975.|Congenital myopathy Scoping review|[Congenital Myopathy HPO KB associations] Gargano MA, Matentzoglu N, Coleman B, Addo-Lartey EB, et al. The Human Phenotype Ontology in 2024: phenotypes around the world. Nucleic Acids Res. 2024 Jan 5;52(D1):D1333-D1346. doi: 10.1093/nar/gkad1005. PMID: 37953324; PMCID: PMC10767975.
HP:0001609	Hoarse voice																											(PROMOT:2000001 some ICF:151046878)|(PROMOT:2000001 some ICF:712570723)|(PROMOT:2000005 some SNOMED:84100007)				
HP:0001609	Hoarse voice																															[OPMD Clinical Registry Form]|Congenital myasthenic syndrom Scoping review|Congenital myopathy Scoping review|[Congenital Myopathy HPO KB associations] Gargano MA, Matentzoglu N, Coleman B, Addo-Lartey EB, et al. The Human Phenotype Ontology in 2024: phenotypes around the world. Nucleic Acids Res. 2024 Jan 5;52(D1):D1333-D1346. doi: 10.1093/nar/gkad1005. PMID: 37953324; PMCID: PMC10767975.
HP:0001611	Hypernasal speech																											(PROMOT:2000001 some ICF:151046878)|(PROMOT:2000001 some ICF:1846694084)|(PROMOT:2000005 some SNOMED:84100007)				
HP:0001611	Hypernasal speech																															[OPMD HPO KB associations] Gargano MA, Matentzoglu N, Coleman B, Addo-Lartey EB, et al. The Human Phenotype Ontology in 2024: phenotypes around the world. Nucleic Acids Res. 2024 Jan 5;52(D1):D1333-D1346. doi: 10.1093/nar/gkad1005. PMID: 37953324; PMCID: PMC10767975.
HP:0001612	Weak cry																											(PROMOT:2000001 some ICF:1034220517)|(PROMOT:2000005 some SNOMED:84100007)				
HP:0001612	Weak cry																															[Congenital Myasthenic syndrom HPO KB associations] Gargano MA, Matentzoglu N, Coleman B, Addo-Lartey EB, et al. The Human Phenotype Ontology in 2024: phenotypes around the world. Nucleic Acids Res. 2024 Jan 5;52(D1):D1333-D1346. doi: 10.1093/nar/gkad1005. PMID: 37953324; PMCID: PMC10767975.
HP:0001618	Dysphonia																											(PROMOT:2000001 some ICF:151046878)|(PROMOT:2000001 some ICF:1034220517)|(PROMOT:2000001 some ICF:1109440237)|(PROMOT:2000001 some ICF:1426641453)|(PROMOT:2000001 some ICF:2069371821)|(PROMOT:2000001 some ICF:712570723)|(PROMOT:2000005 some SNOMED:12894003)				
HP:0001618	Dysphonia																															[OPMD Clinical Registry Form]|[OPMD HPO KB associations] Gargano MA, Matentzoglu N, Coleman B, Addo-Lartey EB, et al. The Human Phenotype Ontology in 2024: phenotypes around the world. Nucleic Acids Res. 2024 Jan 5;52(D1):D1333-D1346. doi: 10.1093/nar/gkad1005. PMID: 37953324; PMCID: PMC10767975.|Congenital myasthenic syndrom Scoping review|Congenital myopathy Scoping review
HP:0001622	Premature birth																											(PROMOT:2000005 some SNOMED:84100007)				
HP:0001622	Premature birth																															Congenital myopathy Scoping review|[Congenital Myopathy HPO KB associations] Gargano MA, Matentzoglu N, Coleman B, Addo-Lartey EB, et al. The Human Phenotype Ontology in 2024: phenotypes around the world. Nucleic Acids Res. 2024 Jan 5;52(D1):D1333-D1346. doi: 10.1093/nar/gkad1005. PMID: 37953324; PMCID: PMC10767975.
HP:0001627	Abnormal heart morphology																											(PROMOT:2000001 some ICF:1399000785)|(PROMOT:2000001 some ICF:1780196241)|(PROMOT:2000001 some ICF:2100545361)|(PROMOT:2000005 some SNOMED:84100007)				
HP:0001627	Abnormal heart morphology																															Congenital myopathy Scoping review|[Congenital Myopathy HPO KB associations] Gargano MA, Matentzoglu N, Coleman B, Addo-Lartey EB, et al. The Human Phenotype Ontology in 2024: phenotypes around the world. Nucleic Acids Res. 2024 Jan 5;52(D1):D1333-D1346. doi: 10.1093/nar/gkad1005. PMID: 37953324; PMCID: PMC10767975.
HP:0001638	Cardiomyopathy  																											(PROMOT:2000001 some ICF:1399000785)|(PROMOT:2000001 some ICF:1780196241)|(PROMOT:2000001 some ICF:2100545361)|(PROMOT:2000005 some SNOMED:84100007)				
HP:0001638	Cardiomyopathy  																															Congenital myopathy Scoping review|[Congenital Myopathy HPO KB associations] Gargano MA, Matentzoglu N, Coleman B, Addo-Lartey EB, et al. The Human Phenotype Ontology in 2024: phenotypes around the world. Nucleic Acids Res. 2024 Jan 5;52(D1):D1333-D1346. doi: 10.1093/nar/gkad1005. PMID: 37953324; PMCID: PMC10767975.
HP:0001713	Abnormal cardiac ventricle morphology																											(PROMOT:2000001 some ICF:1399000785)|(PROMOT:2000001 some ICF:1780196241)|(PROMOT:2000001 some ICF:2100545361)|(PROMOT:2000005 some SNOMED:84100007)				
HP:0001713	Abnormal cardiac ventricle morphology																															Congenital myopathy Scoping review
HP:0001761	Pes cavus																											(PROMOT:2000001 some ICF:2048203604)|(PROMOT:2000001 some ICF:1789365017)|(PROMOT:2000005 some SNOMED:84100007)				
HP:0001761	Pes cavus																															Congenital myopathy Scoping review|[Congenital Myopathy HPO KB associations] Gargano MA, Matentzoglu N, Coleman B, Addo-Lartey EB, et al. The Human Phenotype Ontology in 2024: phenotypes around the world. Nucleic Acids Res. 2024 Jan 5;52(D1):D1333-D1346. doi: 10.1093/nar/gkad1005. PMID: 37953324; PMCID: PMC10767975.
HP:0001989	Fetal akinesia sequence																											(PROMOT:2000005 some SNOMED:84100007)				
HP:0001989	Fetal akinesia sequence																															Congenital myopathy Scoping review|[Congenital Myopathy HPO KB associations] Gargano MA, Matentzoglu N, Coleman B, Addo-Lartey EB, et al. The Human Phenotype Ontology in 2024: phenotypes around the world. Nucleic Acids Res. 2024 Jan 5;52(D1):D1333-D1346. doi: 10.1093/nar/gkad1005. PMID: 37953324; PMCID: PMC10767975.
HP:0002015	Dysphagia																		[PROMOT note] [Present in EURO-NMD NMD-CDE] [has_swallow_difficulties]				[PROMOT note] [EURO-NMD] Atalia A et al., EURO-NMD registry: federated FAIR infrastructure, innovative technologies and concepts of a patient-centred registry for rare neuromuscular disorders. Orphanet J Rare Dis. 2024 Feb 14;19(1):66. doi: 10.1186/s13023-024-03059-3. PMID: 38355534; PMCID: PMC10865673.		[PROMOT note] The PROMOT ontology added a comment to quote the CDM used as a source for this entity.		Class					
HP:0002015	Dysphagia																											(PROMOT:2000001 some ICF:1328675264)|(PROMOT:2000001 some ICF:553784299)|(PROMOT:2000001 some ICF:923782542)|(PROMOT:2000005 some (SNOMED:840297006 OR SNOMED:12894003 OR SNOMED:84100007))				
HP:0002015	Dysphagia																															[OPMD Scoping review on dysphagia] Côté C, Gagnon C, Youssof S, et al. The requirement for a disease-specific patient-reported outcome measure of dysphagia in oculopharyngeal muscular dystrophy. Muscle Nerve. 2019;59:445–50. doi: 10.1002/mus.26405|[OPMD Clinical Registry Form]|[OPMD HPO KB associations] Gargano MA, Matentzoglu N, Coleman B, Addo-Lartey EB, et al. The Human Phenotype Ontology in 2024: phenotypes around the world. Nucleic Acids Res. 2024 Jan 5;52(D1):D1333-D1346. doi: 10.1093/nar/gkad1005. PMID: 37953324; PMCID: PMC10767975.|[OPMD Clinical Research Form]|Congenital myasthenic syndrom Scoping review|[Congenital Myasthenic syndrom HPO KB associations] Gargano MA, Matentzoglu N, Coleman B, Addo-Lartey EB, et al. The Human Phenotype Ontology in 2024: phenotypes around the world. Nucleic Acids Res. 2024 Jan 5;52(D1):D1333-D1346. doi: 10.1093/nar/gkad1005. PMID: 37953324; PMCID: PMC10767975.|Congenital myopathy Scoping review|[Congenital Myopathy HPO KB associations] Gargano MA, Matentzoglu N, Coleman B, Addo-Lartey EB, et al. The Human Phenotype Ontology in 2024: phenotypes around the world. Nucleic Acids Res. 2024 Jan 5;52(D1):D1333-D1346. doi: 10.1093/nar/gkad1005. PMID: 37953324; PMCID: PMC10767975.
HP:0002033	Poor suck																											(PROMOT:2000001 some ICF:1328675264)|(PROMOT:2000001 some ICF:553784299)|(PROMOT:2000001 some ICF:2089171534)|(PROMOT:2000005 some SNOMED:84100007)				
HP:0002033	Poor suck																															Congenital myasthenic syndrom Scoping review|[Congenital Myasthenic syndrom HPO KB associations] Gargano MA, Matentzoglu N, Coleman B, Addo-Lartey EB, et al. The Human Phenotype Ontology in 2024: phenotypes around the world. Nucleic Acids Res. 2024 Jan 5;52(D1):D1333-D1346. doi: 10.1093/nar/gkad1005. PMID: 37953324; PMCID: PMC10767975.|Congenital myopathy Scoping review
HP:0002047	Malignant hyperthermia																											(PROMOT:2000001 some ICF:2090906765)|(PROMOT:2000005 some SNOMED:84100007)				
HP:0002047	Malignant hyperthermia																															Congenital myopathy Scoping review|[Congenital Myopathy HPO KB associations] Gargano MA, Matentzoglu N, Coleman B, Addo-Lartey EB, et al. The Human Phenotype Ontology in 2024: phenotypes around the world. Nucleic Acids Res. 2024 Jan 5;52(D1):D1333-D1346. doi: 10.1093/nar/gkad1005. PMID: 37953324; PMCID: PMC10767975.
HP:0002058	Myopathic facies																											(PROMOT:2000001 some PROMOT:0032066)|(PROMOT:2000005 some SNOMED:84100007)				
HP:0002058	Myopathic facies																															Congenital myopathy Scoping review|[Congenital Myopathy HPO KB associations] Gargano MA, Matentzoglu N, Coleman B, Addo-Lartey EB, et al. The Human Phenotype Ontology in 2024: phenotypes around the world. Nucleic Acids Res. 2024 Jan 5;52(D1):D1333-D1346. doi: 10.1093/nar/gkad1005. PMID: 37953324; PMCID: PMC10767975.
HP:0002068	Neuromuscular dysphagia																											(PROMOT:2000001 some ICF:1328675264)|(PROMOT:2000001 some ICF:553784299)|(PROMOT:2000001 some ICF:923782542)|(PROMOT:2000005 some (SNOMED:840297006 OR SNOMED:12894003 OR SNOMED:84100007))				
HP:0002068	Neuromuscular dysphagia																															[OPMD Scoping review on dysphagia] Côté C, Gagnon C, Youssof S, et al. The requirement for a disease-specific patient-reported outcome measure of dysphagia in oculopharyngeal muscular dystrophy. Muscle Nerve. 2019;59:445–50. doi: 10.1002/mus.26405|[OPMD Clinical Registry Form]|Congenital myasthenic syndrom Scoping review|Congenital myopathy Scoping review|[Congenital Myopathy HPO KB associations] Gargano MA, Matentzoglu N, Coleman B, Addo-Lartey EB, et al. The Human Phenotype Ontology in 2024: phenotypes around the world. Nucleic Acids Res. 2024 Jan 5;52(D1):D1333-D1346. doi: 10.1093/nar/gkad1005. PMID: 37953324; PMCID: PMC10767975.
HP:0002093	Respiratory insufficiency																											(PROMOT:2000001 some ICF:1360101629)|(PROMOT:2000001 some ICF:446199613)|(PROMOT:2000005 some SNOMED:84100007)				
HP:0002093	Respiratory insufficiency																															[OPMD Clinical Registry Form]|Congenital myasthenic syndrom Scoping review|[Congenital Myasthenic syndrom HPO KB associations] Gargano MA, Matentzoglu N, Coleman B, Addo-Lartey EB, et al. The Human Phenotype Ontology in 2024: phenotypes around the world. Nucleic Acids Res. 2024 Jan 5;52(D1):D1333-D1346. doi: 10.1093/nar/gkad1005. PMID: 37953324; PMCID: PMC10767975.|Congenital myopathy Scoping review|[Congenital Myopathy HPO KB associations] Gargano MA, Matentzoglu N, Coleman B, Addo-Lartey EB, et al. The Human Phenotype Ontology in 2024: phenotypes around the world. Nucleic Acids Res. 2024 Jan 5;52(D1):D1333-D1346. doi: 10.1093/nar/gkad1005. PMID: 37953324; PMCID: PMC10767975.
HP:0002094	Dyspnea																											(PROMOT:2000001 some ICF:1360101629)|(PROMOT:2000001 some ICF:446199613)|(PROMOT:2000005 some SNOMED:84100007)				
HP:0002094	Dyspnea																															[OPMD Clinical Registry Form]
HP:0002098	Respiratory distress																											(PROMOT:2000001 some ICF:1360101629)|(PROMOT:2000001 some ICF:446199613)|(PROMOT:2000005 some SNOMED:84100007)				
HP:0002098	Respiratory distress																															[OPMD Clinical Registry Form]|Congenital myasthenic syndrom Scoping review|[Congenital Myasthenic syndrom HPO KB associations] Gargano MA, Matentzoglu N, Coleman B, Addo-Lartey EB, et al. The Human Phenotype Ontology in 2024: phenotypes around the world. Nucleic Acids Res. 2024 Jan 5;52(D1):D1333-D1346. doi: 10.1093/nar/gkad1005. PMID: 37953324; PMCID: PMC10767975.|Congenital myopathy Scoping review|[Congenital Myopathy HPO KB associations] Gargano MA, Matentzoglu N, Coleman B, Addo-Lartey EB, et al. The Human Phenotype Ontology in 2024: phenotypes around the world. Nucleic Acids Res. 2024 Jan 5;52(D1):D1333-D1346. doi: 10.1093/nar/gkad1005. PMID: 37953324; PMCID: PMC10767975.
HP:0002104	Apnea																											(PROMOT:2000001 some ICF:1470583183)|(PROMOT:2000001 some ICF:744367503)|(PROMOT:2000005 some SNOMED:84100007)				
HP:0002104	Apnea																															Congenital myasthenic syndrom Scoping review|Congenital myopathy Scoping review|[Congenital Myopathy HPO KB associations] Gargano MA, Matentzoglu N, Coleman B, Addo-Lartey EB, et al. The Human Phenotype Ontology in 2024: phenotypes around the world. Nucleic Acids Res. 2024 Jan 5;52(D1):D1333-D1346. doi: 10.1093/nar/gkad1005. PMID: 37953324; PMCID: PMC10767975.
HP:0002141	Gait imbalance																											(PROMOT:2000001 some ICF:1550548595)|(PROMOT:2000001 some ICF:409094401)|(PROMOT:2000001 some ICF:1831985718)|(PROMOT:2000001 some ICF:576915490)|(PROMOT:2000005 some (SNOMED:840297006 OR SNOMED:84100007))				
HP:0002141	Gait imbalance																															[OPMD Scoping review 2026] Bélair N, Gagnon C, Duchesne E. What is known about muscle weakness, balance impairments and indoor mobility limitations in oculopharyngeal muscular dystrophy? A scoping review. J Neuromuscul Dis. 2025 Dec 30:22143602251397052. doi: 10.1177/22143602251397052. Epub ahead of print. PMID: 41467981.|[OPMD Clinical Registry Form]|[OPMD Clinical Research Form]
HP:0002172	Postural instability																											(PROMOT:2000001 some ICF:2048203604)|(PROMOT:2000005 some SNOMED:84100007)				
HP:0002172	Postural instability																															[OPMD Scoping review 2026] Bélair N, Gagnon C, Duchesne E. What is known about muscle weakness, balance impairments and indoor mobility limitations in oculopharyngeal muscular dystrophy? A scoping review. J Neuromuscul Dis. 2025 Dec 30:22143602251397052. doi: 10.1177/22143602251397052. Epub ahead of print. PMID: 41467981.|[OPMD Clinical Registry Form]|[OPMD Clinical Research Form]
HP:0002317	Unsteady gait																											(PROMOT:2000001 some ICF:2048203604)|(PROMOT:2000005 some (SNOMED:12894003 OR SNOMED:84100007))				
HP:0002317	Unsteady gait																															[OPMD Scoping review 2026] Bélair N, Gagnon C, Duchesne E. What is known about muscle weakness, balance impairments and indoor mobility limitations in oculopharyngeal muscular dystrophy? A scoping review. J Neuromuscul Dis. 2025 Dec 30:22143602251397052. doi: 10.1177/22143602251397052. Epub ahead of print. PMID: 41467981.|[OPMD Clinical Registry Form]|[OPMD Clinical Research Form]
HP:0002359	Frequent falls																											(PROMOT:2000001 some ICF:1550548595)|(PROMOT:2000005 some SNOMED:84100007)				
HP:0002359	Frequent falls																															Congenital myasthenic syndrom Scoping review|[Congenital Myasthenic syndrom HPO KB associations] Gargano MA, Matentzoglu N, Coleman B, Addo-Lartey EB, et al. The Human Phenotype Ontology in 2024: phenotypes around the world. Nucleic Acids Res. 2024 Jan 5;52(D1):D1333-D1346. doi: 10.1093/nar/gkad1005. PMID: 37953324; PMCID: PMC10767975.|Congenital myopathy Scoping review|[Congenital Myopathy HPO KB associations] Gargano MA, Matentzoglu N, Coleman B, Addo-Lartey EB, et al. The Human Phenotype Ontology in 2024: phenotypes around the world. Nucleic Acids Res. 2024 Jan 5;52(D1):D1333-D1346. doi: 10.1093/nar/gkad1005. PMID: 37953324; PMCID: PMC10767975.
HP:0002460	Distal muscle weakness																											(PROMOT:2000001 some ICF:2048203604)|(PROMOT:2000001 some ICF:1789365017)|(PROMOT:2000005 some (SNOMED:12894003 OR SNOMED:84100007))				
HP:0002460	Distal muscle weakness																															[OPMD Scoping review 2026] Bélair N, Gagnon C, Duchesne E. What is known about muscle weakness, balance impairments and indoor mobility limitations in oculopharyngeal muscular dystrophy? A scoping review. J Neuromuscul Dis. 2025 Dec 30:22143602251397052. doi: 10.1177/22143602251397052. Epub ahead of print. PMID: 41467981.|[OPMD HPO KB associations] Gargano MA, Matentzoglu N, Coleman B, Addo-Lartey EB, et al. The Human Phenotype Ontology in 2024: phenotypes around the world. Nucleic Acids Res. 2024 Jan 5;52(D1):D1333-D1346. doi: 10.1093/nar/gkad1005. PMID: 37953324; PMCID: PMC10767975.|Congenital myasthenic syndrom Scoping review|[Congenital Myasthenic syndrom HPO KB associations] Gargano MA, Matentzoglu N, Coleman B, Addo-Lartey EB, et al. The Human Phenotype Ontology in 2024: phenotypes around the world. Nucleic Acids Res. 2024 Jan 5;52(D1):D1333-D1346. doi: 10.1093/nar/gkad1005. PMID: 37953324; PMCID: PMC10767975.|Congenital myopathy Scoping review|[Congenital Myopathy HPO KB associations] Gargano MA, Matentzoglu N, Coleman B, Addo-Lartey EB, et al. The Human Phenotype Ontology in 2024: phenotypes around the world. Nucleic Acids Res. 2024 Jan 5;52(D1):D1333-D1346. doi: 10.1093/nar/gkad1005. PMID: 37953324; PMCID: PMC10767975.
HP:0002483	Bulbar signs																											(PROMOT:2000001 some ICF:151046878)|(PROMOT:2000001 some ICF:1328675264)|(PROMOT:2000001 some ICF:1328675264)|(PROMOT:2000001 some ICF:1789365017)|(PROMOT:2000001 some ICF:712570723)|(PROMOT:2000001 some ICF:923782542)|(PROMOT:2000005 some SNOMED:84100007)				
HP:0002483	Bulbar signs																															Congenital myasthenic syndrom Scoping review|Congenital myopathy Scoping review|[Congenital Myopathy HPO KB associations] Gargano MA, Matentzoglu N, Coleman B, Addo-Lartey EB, et al. The Human Phenotype Ontology in 2024: phenotypes around the world. Nucleic Acids Res. 2024 Jan 5;52(D1):D1333-D1346. doi: 10.1093/nar/gkad1005. PMID: 37953324; PMCID: PMC10767975.
HP:0002505	Loss of ambulation																											(PROMOT:2000001 some ICF:1550548595)|(PROMOT:2000001 some ICF:1328466963)|(PROMOT:2000005 some (SNOMED:12894003 OR SNOMED:84100007))				
HP:0002505	Loss of ambulation																															Congenital myasthenic syndrom Scoping review|Congenital myopathy Scoping review|[Congenital Myopathy HPO KB associations] Gargano MA, Matentzoglu N, Coleman B, Addo-Lartey EB, et al. The Human Phenotype Ontology in 2024: phenotypes around the world. Nucleic Acids Res. 2024 Jan 5;52(D1):D1333-D1346. doi: 10.1093/nar/gkad1005. PMID: 37953324; PMCID: PMC10767975.
HP:0002515	Waddling gait																											(PROMOT:2000001 some ICF:1550548595)|(PROMOT:2000001 some ICF:1328466963)|(PROMOT:2000005 some SNOMED:84100007)				
HP:0002515	Waddling gait																															Congenital myasthenic syndrom Scoping review|[Congenital Myasthenic syndrom HPO KB associations] Gargano MA, Matentzoglu N, Coleman B, Addo-Lartey EB, et al. The Human Phenotype Ontology in 2024: phenotypes around the world. Nucleic Acids Res. 2024 Jan 5;52(D1):D1333-D1346. doi: 10.1093/nar/gkad1005. PMID: 37953324; PMCID: PMC10767975.|Congenital myopathy Scoping review|[Congenital Myopathy HPO KB associations] Gargano MA, Matentzoglu N, Coleman B, Addo-Lartey EB, et al. The Human Phenotype Ontology in 2024: phenotypes around the world. Nucleic Acids Res. 2024 Jan 5;52(D1):D1333-D1346. doi: 10.1093/nar/gkad1005. PMID: 37953324; PMCID: PMC10767975.
HP:0002522	Areflexia of lower limbs																															Congenital myasthenic syndrom Scoping review|Congenital myopathy Scoping review
HP:0002522	Areflexia of lower limbs 																											(PROMOT:2000001 some ICF:1434015402)|(PROMOT:2000005 some SNOMED:84100007)				
HP:0002540	Inability to walk																											(PROMOT:2000001 some ICF:1550548595)|(PROMOT:2000001 some ICF:1328466963)|(PROMOT:2000005 some (SNOMED:12894003 OR SNOMED:84100007))				
HP:0002540	Inability to walk																															Congenital myasthenic syndrom Scoping review|[Congenital Myasthenic syndrom HPO KB associations] Gargano MA, Matentzoglu N, Coleman B, Addo-Lartey EB, et al. The Human Phenotype Ontology in 2024: phenotypes around the world. Nucleic Acids Res. 2024 Jan 5;52(D1):D1333-D1346. doi: 10.1093/nar/gkad1005. PMID: 37953324; PMCID: PMC10767975.|Congenital myopathy Scoping review|[Congenital Myopathy HPO KB associations] Gargano MA, Matentzoglu N, Coleman B, Addo-Lartey EB, et al. The Human Phenotype Ontology in 2024: phenotypes around the world. Nucleic Acids Res. 2024 Jan 5;52(D1):D1333-D1346. doi: 10.1093/nar/gkad1005. PMID: 37953324; PMCID: PMC10767975.
HP:0002600	Hyporeflexia of lower limbs																															Congenital myasthenic syndrom Scoping review|Congenital myopathy Scoping review
HP:0002600	Hyporeflexia of lower limbs 																											(PROMOT:2000001 some ICF:1434015402)|(PROMOT:2000005 some SNOMED:84100007)				
HP:0002643	Neonatal respiratory distress																											(PROMOT:2000001 some ICF:1470583183)|(PROMOT:2000001 some ICF:744367503)|(PROMOT:2000005 some SNOMED:84100007)				
HP:0002643	Neonatal respiratory distress																															Congenital myasthenic syndrom Scoping review|[Congenital Myasthenic syndrom HPO KB associations] Gargano MA, Matentzoglu N, Coleman B, Addo-Lartey EB, et al. The Human Phenotype Ontology in 2024: phenotypes around the world. Nucleic Acids Res. 2024 Jan 5;52(D1):D1333-D1346. doi: 10.1093/nar/gkad1005. PMID: 37953324; PMCID: PMC10767975.|Congenital myopathy Scoping review|[Congenital Myopathy HPO KB associations] Gargano MA, Matentzoglu N, Coleman B, Addo-Lartey EB, et al. The Human Phenotype Ontology in 2024: phenotypes around the world. Nucleic Acids Res. 2024 Jan 5;52(D1):D1333-D1346. doi: 10.1093/nar/gkad1005. PMID: 37953324; PMCID: PMC10767975.
HP:0002650	Scoliosis																		[PROMOT note] [Present in EURO-NMD NMD-CDE] [has_scoliosis]				[PROMOT note] [EURO-NMD] Atalia A et al., EURO-NMD registry: federated FAIR infrastructure, innovative technologies and concepts of a patient-centred registry for rare neuromuscular disorders. Orphanet J Rare Dis. 2024 Feb 14;19(1):66. doi: 10.1186/s13023-024-03059-3. PMID: 38355534; PMCID: PMC10865673.		[PROMOT note] The PROMOT ontology added a comment to quote the CDM used as a source for this entity.		Class					
HP:0002650	Scoliosis																											(PROMOT:2000005 some SNOMED:84100007)				
HP:0002650	Scoliosis																															Congenital myasthenic syndrom Scoping review|[Congenital Myasthenic syndrom HPO KB associations] Gargano MA, Matentzoglu N, Coleman B, Addo-Lartey EB, et al. The Human Phenotype Ontology in 2024: phenotypes around the world. Nucleic Acids Res. 2024 Jan 5;52(D1):D1333-D1346. doi: 10.1093/nar/gkad1005. PMID: 37953324; PMCID: PMC10767975.|Congenital myopathy Scoping review|[Congenital Myopathy HPO KB associations] Gargano MA, Matentzoglu N, Coleman B, Addo-Lartey EB, et al. The Human Phenotype Ontology in 2024: phenotypes around the world. Nucleic Acids Res. 2024 Jan 5;52(D1):D1333-D1346. doi: 10.1093/nar/gkad1005. PMID: 37953324; PMCID: PMC10767975.
HP:0002705	High, narrow palate																											(PROMOT:2000005 some SNOMED:84100007)				
HP:0002705	High, narrow palate																															Congenital myopathy Scoping review|[Congenital Myopathy HPO KB associations] Gargano MA, Matentzoglu N, Coleman B, Addo-Lartey EB, et al. The Human Phenotype Ontology in 2024: phenotypes around the world. Nucleic Acids Res. 2024 Jan 5;52(D1):D1333-D1346. doi: 10.1093/nar/gkad1005. PMID: 37953324; PMCID: PMC10767975.
HP:0002747	Respiratory insufficiency due to muscle weakness																											(PROMOT:2000001 some ICF:1360101629)|(PROMOT:2000001 some ICF:446199613)|(PROMOT:2000005 some (SNOMED:12894003 OR SNOMED:84100007))				
HP:0002747	Respiratory insufficiency due to muscle weakness																															[OPMD Clinical Registry Form]|Congenital myasthenic syndrom Scoping review|[Congenital Myasthenic syndrom HPO KB associations] Gargano MA, Matentzoglu N, Coleman B, Addo-Lartey EB, et al. The Human Phenotype Ontology in 2024: phenotypes around the world. Nucleic Acids Res. 2024 Jan 5;52(D1):D1333-D1346. doi: 10.1093/nar/gkad1005. PMID: 37953324; PMCID: PMC10767975.|Congenital myopathy Scoping review|[Congenital Myopathy HPO KB associations] Gargano MA, Matentzoglu N, Coleman B, Addo-Lartey EB, et al. The Human Phenotype Ontology in 2024: phenotypes around the world. Nucleic Acids Res. 2024 Jan 5;52(D1):D1333-D1346. doi: 10.1093/nar/gkad1005. PMID: 37953324; PMCID: PMC10767975.
HP:0002751	Kyphoscoliosis																											(PROMOT:2000005 some SNOMED:84100007)				
HP:0002751	Kyphoscoliosis																															Congenital myasthenic syndrom Scoping review|Congenital myopathy Scoping review|[Congenital Myopathy HPO KB associations] Gargano MA, Matentzoglu N, Coleman B, Addo-Lartey EB, et al. The Human Phenotype Ontology in 2024: phenotypes around the world. Nucleic Acids Res. 2024 Jan 5;52(D1):D1333-D1346. doi: 10.1093/nar/gkad1005. PMID: 37953324; PMCID: PMC10767975.
HP:0002804	Arthrogryposis multiplex congenita																											(PROMOT:2000001 some ICF:1757783224)|(PROMOT:2000005 some SNOMED:84100007)				
HP:0002804	Arthrogryposis multiplex congenita																															[Congenital Myasthenic syndrom HPO KB associations] Gargano MA, Matentzoglu N, Coleman B, Addo-Lartey EB, et al. The Human Phenotype Ontology in 2024: phenotypes around the world. Nucleic Acids Res. 2024 Jan 5;52(D1):D1333-D1346. doi: 10.1093/nar/gkad1005. PMID: 37953324; PMCID: PMC10767975.|[Congenital Myopathy HPO KB associations] Gargano MA, Matentzoglu N, Coleman B, Addo-Lartey EB, et al. The Human Phenotype Ontology in 2024: phenotypes around the world. Nucleic Acids Res. 2024 Jan 5;52(D1):D1333-D1346. doi: 10.1093/nar/gkad1005. PMID: 37953324; PMCID: PMC10767975.
HP:0002808	Kyphosis																											(PROMOT:2000005 some SNOMED:84100007)				
HP:0002808	Kyphosis																															Congenital myopathy Scoping review|[Congenital Myopathy HPO KB associations] Gargano MA, Matentzoglu N, Coleman B, Addo-Lartey EB, et al. The Human Phenotype Ontology in 2024: phenotypes around the world. Nucleic Acids Res. 2024 Jan 5;52(D1):D1333-D1346. doi: 10.1093/nar/gkad1005. PMID: 37953324; PMCID: PMC10767975.
HP:0002828	Multiple joint contractures																											(PROMOT:2000001 some ICF:1757783224)|(PROMOT:2000005 some SNOMED:84100007)				
HP:0002828	Multiple joint contractures																															Congenital myasthenic syndrom Scoping review|Congenital myopathy Scoping review|[Congenital Myopathy HPO KB associations] Gargano MA, Matentzoglu N, Coleman B, Addo-Lartey EB, et al. The Human Phenotype Ontology in 2024: phenotypes around the world. Nucleic Acids Res. 2024 Jan 5;52(D1):D1333-D1346. doi: 10.1093/nar/gkad1005. PMID: 37953324; PMCID: PMC10767975.
HP:0002878	Respiratory failure																											(PROMOT:2000001 some ICF:1470583183)|(PROMOT:2000001 some ICF:744367503)|(PROMOT:2000005 some SNOMED:84100007)				
HP:0002878	Respiratory failure																															Congenital myasthenic syndrom Scoping review|[Congenital Myasthenic syndrom HPO KB associations] Gargano MA, Matentzoglu N, Coleman B, Addo-Lartey EB, et al. The Human Phenotype Ontology in 2024: phenotypes around the world. Nucleic Acids Res. 2024 Jan 5;52(D1):D1333-D1346. doi: 10.1093/nar/gkad1005. PMID: 37953324; PMCID: PMC10767975.|Congenital myopathy Scoping review|[Congenital Myopathy HPO KB associations] Gargano MA, Matentzoglu N, Coleman B, Addo-Lartey EB, et al. The Human Phenotype Ontology in 2024: phenotypes around the world. Nucleic Acids Res. 2024 Jan 5;52(D1):D1333-D1346. doi: 10.1093/nar/gkad1005. PMID: 37953324; PMCID: PMC10767975.
HP:0002882	Sudden episodic apnea																											(PROMOT:2000001 some ICF:1470583183)|(PROMOT:2000001 some ICF:744367503)|(PROMOT:2000005 some SNOMED:84100007)				
HP:0002882	Sudden episodic apnea																															[Congenital Myasthenic syndrom HPO KB associations] Gargano MA, Matentzoglu N, Coleman B, Addo-Lartey EB, et al. The Human Phenotype Ontology in 2024: phenotypes around the world. Nucleic Acids Res. 2024 Jan 5;52(D1):D1333-D1346. doi: 10.1093/nar/gkad1005. PMID: 37953324; PMCID: PMC10767975.|Congenital myopathy Scoping review
HP:0003202	Skeletal muscle atrophy																											(PROMOT:2000001 some ICF:2048203604)|(PROMOT:2000001 some ICF:1789365017)|(PROMOT:2000005 some SNOMED:84100007)				
HP:0003236	Elevated circulating creatine kinase concentration																											(PROMOT:2000005 some SNOMED:84100007)				
HP:0003236	Elevated circulating creatine kinase concentration																															[OPMD HPO KB associations] Gargano MA, Matentzoglu N, Coleman B, Addo-Lartey EB, et al. The Human Phenotype Ontology in 2024: phenotypes around the world. Nucleic Acids Res. 2024 Jan 5;52(D1):D1333-D1346. doi: 10.1093/nar/gkad1005. PMID: 37953324; PMCID: PMC10767975.|Congenital myasthenic syndrom Scoping review|[Congenital Myasthenic syndrom HPO KB associations] Gargano MA, Matentzoglu N, Coleman B, Addo-Lartey EB, et al. The Human Phenotype Ontology in 2024: phenotypes around the world. Nucleic Acids Res. 2024 Jan 5;52(D1):D1333-D1346. doi: 10.1093/nar/gkad1005. PMID: 37953324; PMCID: PMC10767975.|Congenital myopathy Scoping review|[Congenital Myopathy HPO KB associations] Gargano MA, Matentzoglu N, Coleman B, Addo-Lartey EB, et al. The Human Phenotype Ontology in 2024: phenotypes around the world. Nucleic Acids Res. 2024 Jan 5;52(D1):D1333-D1346. doi: 10.1093/nar/gkad1005. PMID: 37953324; PMCID: PMC10767975.
HP:0003306	Spinal rigidity																											(PROMOT:2000001 some ICF:248265067)|(PROMOT:2000001 some ICF:841397411)|(PROMOT:2000005 some SNOMED:84100007)				
HP:0003306	Spinal rigidity																															Congenital myopathy Scoping review|[Congenital Myopathy HPO KB associations] Gargano MA, Matentzoglu N, Coleman B, Addo-Lartey EB, et al. The Human Phenotype Ontology in 2024: phenotypes around the world. Nucleic Acids Res. 2024 Jan 5;52(D1):D1333-D1346. doi: 10.1093/nar/gkad1005. PMID: 37953324; PMCID: PMC10767975.
HP:0003307	Hyperlordosis																											(PROMOT:2000005 some SNOMED:84100007)				
HP:0003307	Hyperlordosis																															Congenital myasthenic syndrom Scoping review|[Congenital Myasthenic syndrom HPO KB associations] Gargano MA, Matentzoglu N, Coleman B, Addo-Lartey EB, et al. The Human Phenotype Ontology in 2024: phenotypes around the world. Nucleic Acids Res. 2024 Jan 5;52(D1):D1333-D1346. doi: 10.1093/nar/gkad1005. PMID: 37953324; PMCID: PMC10767975.|Congenital myopathy Scoping review|[Congenital Myopathy HPO KB associations] Gargano MA, Matentzoglu N, Coleman B, Addo-Lartey EB, et al. The Human Phenotype Ontology in 2024: phenotypes around the world. Nucleic Acids Res. 2024 Jan 5;52(D1):D1333-D1346. doi: 10.1093/nar/gkad1005. PMID: 37953324; PMCID: PMC10767975.
HP:0003323	Progressive muscle weakness																											(PROMOT:2000005 some (SNOMED:12894003 OR SNOMED:84100007))				
HP:0003323	Progressive muscle weakness																															[OPMD Scoping review 2026] Bélair N, Gagnon C, Duchesne E. What is known about muscle weakness, balance impairments and indoor mobility limitations in oculopharyngeal muscular dystrophy? A scoping review. J Neuromuscul Dis. 2025 Dec 30:22143602251397052. doi: 10.1177/22143602251397052. Epub ahead of print. PMID: 41467981.|Congenital myasthenic syndrom Scoping review|Congenital myopathy Scoping review|[Congenital Myopathy HPO KB associations] Gargano MA, Matentzoglu N, Coleman B, Addo-Lartey EB, et al. The Human Phenotype Ontology in 2024: phenotypes around the world. Nucleic Acids Res. 2024 Jan 5;52(D1):D1333-D1346. doi: 10.1093/nar/gkad1005. PMID: 37953324; PMCID: PMC10767975.
HP:0003325	Limb-girdle muscle weakness																											(PROMOT:2000001 some ICF:2048203604)|(PROMOT:2000001 some ICF:1789365017)|(PROMOT:2000005 some (SNOMED:12894003 OR SNOMED:84100007))				
HP:0003325	Limb-girdle muscle weakness																															[OPMD Scoping review 2026] Bélair N, Gagnon C, Duchesne E. What is known about muscle weakness, balance impairments and indoor mobility limitations in oculopharyngeal muscular dystrophy? A scoping review. J Neuromuscul Dis. 2025 Dec 30:22143602251397052. doi: 10.1177/22143602251397052. Epub ahead of print. PMID: 41467981.|[OPMD HPO KB associations] Gargano MA, Matentzoglu N, Coleman B, Addo-Lartey EB, et al. The Human Phenotype Ontology in 2024: phenotypes around the world. Nucleic Acids Res. 2024 Jan 5;52(D1):D1333-D1346. doi: 10.1093/nar/gkad1005. PMID: 37953324; PMCID: PMC10767975.|Congenital myasthenic syndrom Scoping review|[Congenital Myasthenic syndrom HPO KB associations] Gargano MA, Matentzoglu N, Coleman B, Addo-Lartey EB, et al. The Human Phenotype Ontology in 2024: phenotypes around the world. Nucleic Acids Res. 2024 Jan 5;52(D1):D1333-D1346. doi: 10.1093/nar/gkad1005. PMID: 37953324; PMCID: PMC10767975.|Congenital myopathy Scoping review|[Congenital Myopathy HPO KB associations] Gargano MA, Matentzoglu N, Coleman B, Addo-Lartey EB, et al. The Human Phenotype Ontology in 2024: phenotypes around the world. Nucleic Acids Res. 2024 Jan 5;52(D1):D1333-D1346. doi: 10.1093/nar/gkad1005. PMID: 37953324; PMCID: PMC10767975.
HP:0003326	Myalgia																											(PROMOT:2000001 some ICF:1065560247)|(PROMOT:2000001 some ICF:117147127)|(PROMOT:2000001 some ICF:1299345975)|(PROMOT:2000001 some ICF:1515853559)|(PROMOT:2000001 some ICF:299098423)|(PROMOT:2000001 some ICF:682314871)|(PROMOT:2000001 some ICF:893697482)|(PROMOT:2000005 some SNOMED:84100007)				
HP:0003326	Myalgia																															Congenital myasthenic syndrom Scoping review
HP:0003327	Axial muscle weakness																											(PROMOT:2000001 some ICF:2048203604)|(PROMOT:2000001 some ICF:1789365017)|(PROMOT:2000001 some ICF:556694745)|(PROMOT:2000005 some (SNOMED:12894003 OR SNOMED:84100007))				
HP:0003327	Axial muscle weakness																															[OPMD Scoping review 2026] Bélair N, Gagnon C, Duchesne E. What is known about muscle weakness, balance impairments and indoor mobility limitations in oculopharyngeal muscular dystrophy? A scoping review. J Neuromuscul Dis. 2025 Dec 30:22143602251397052. doi: 10.1177/22143602251397052. Epub ahead of print. PMID: 41467981.|[OPMD HPO KB associations] Gargano MA, Matentzoglu N, Coleman B, Addo-Lartey EB, et al. The Human Phenotype Ontology in 2024: phenotypes around the world. Nucleic Acids Res. 2024 Jan 5;52(D1):D1333-D1346. doi: 10.1093/nar/gkad1005. PMID: 37953324; PMCID: PMC10767975.|Congenital myasthenic syndrom Scoping review|[Congenital Myasthenic syndrom HPO KB associations] Gargano MA, Matentzoglu N, Coleman B, Addo-Lartey EB, et al. The Human Phenotype Ontology in 2024: phenotypes around the world. Nucleic Acids Res. 2024 Jan 5;52(D1):D1333-D1346. doi: 10.1093/nar/gkad1005. PMID: 37953324; PMCID: PMC10767975.|Congenital myopathy Scoping review|[Congenital Myopathy HPO KB associations] Gargano MA, Matentzoglu N, Coleman B, Addo-Lartey EB, et al. The Human Phenotype Ontology in 2024: phenotypes around the world. Nucleic Acids Res. 2024 Jan 5;52(D1):D1333-D1346. doi: 10.1093/nar/gkad1005. PMID: 37953324; PMCID: PMC10767975.
HP:0003391	Gowers sign																											(PROMOT:2000005 some SNOMED:84100007)				
HP:0003391	Gowers sign																															Congenital myasthenic syndrom Scoping review|[Congenital Myasthenic syndrom HPO KB associations] Gargano MA, Matentzoglu N, Coleman B, Addo-Lartey EB, et al. The Human Phenotype Ontology in 2024: phenotypes around the world. Nucleic Acids Res. 2024 Jan 5;52(D1):D1333-D1346. doi: 10.1093/nar/gkad1005. PMID: 37953324; PMCID: PMC10767975.|Congenital myopathy Scoping review|[Congenital Myopathy HPO KB associations] Gargano MA, Matentzoglu N, Coleman B, Addo-Lartey EB, et al. The Human Phenotype Ontology in 2024: phenotypes around the world. Nucleic Acids Res. 2024 Jan 5;52(D1):D1333-D1346. doi: 10.1093/nar/gkad1005. PMID: 37953324; PMCID: PMC10767975.
HP:0003392	First dorsal interossei muscle weakness																											(PROMOT:2000001 some ICF:2048203604)|(PROMOT:2000001 some PROMOT:0032067)|(PROMOT:2000005 some (SNOMED:12894003 OR SNOMED:84100007))				
HP:0003392	First dorsal interossei muscle weakness																															[OPMD Scoping review 2026] Bélair N, Gagnon C, Duchesne E. What is known about muscle weakness, balance impairments and indoor mobility limitations in oculopharyngeal muscular dystrophy? A scoping review. J Neuromuscul Dis. 2025 Dec 30:22143602251397052. doi: 10.1177/22143602251397052. Epub ahead of print. PMID: 41467981.|[OPMD Clinical Registry Form]|Congenital myasthenic syndrom Scoping review|Congenital myopathy Scoping review
HP:0003394	Muscle spasm																											(PROMOT:2000001 some ICF:1405368356)|(PROMOT:2000001 some ICF:621727843)|(PROMOT:2000005 some SNOMED:84100007)				
HP:0003394	Muscle spasm																															Congenital myasthenic syndrom Scoping review|[Congenital Myasthenic syndrom HPO KB associations] Gargano MA, Matentzoglu N, Coleman B, Addo-Lartey EB, et al. The Human Phenotype Ontology in 2024: phenotypes around the world. Nucleic Acids Res. 2024 Jan 5;52(D1):D1333-D1346. doi: 10.1093/nar/gkad1005. PMID: 37953324; PMCID: PMC10767975.
HP:0003398	Abnormal synaptic transmission at the neuromuscular junction 																											(PROMOT:2000001 some ICF:1789365017)				
HP:0003398	Abnormal synaptic transmission at the neuromuscular junction 																															Congenital myasthenic syndrom Scoping review|[Congenital Myasthenic syndrom HPO KB associations] Gargano MA, Matentzoglu N, Coleman B, Addo-Lartey EB, et al. The Human Phenotype Ontology in 2024: phenotypes around the world. Nucleic Acids Res. 2024 Jan 5;52(D1):D1333-D1346. doi: 10.1093/nar/gkad1005. PMID: 37953324; PMCID: PMC10767975.|Congenital myopathy Scoping review
HP:0003403	EMG: decremental response of compound muscle action potential to repetitive nerve stimulation  																											(PROMOT:2000001 some ICF:1789365017)|(PROMOT:2000005 some SNOMED:84100007)				
HP:0003403	EMG: decremental response of compound muscle action potential to repetitive nerve stimulation  																															Congenital myasthenic syndrom Scoping review|[Congenital Myasthenic syndrom HPO KB associations] Gargano MA, Matentzoglu N, Coleman B, Addo-Lartey EB, et al. The Human Phenotype Ontology in 2024: phenotypes around the world. Nucleic Acids Res. 2024 Jan 5;52(D1):D1333-D1346. doi: 10.1093/nar/gkad1005. PMID: 37953324; PMCID: PMC10767975.|Congenital myopathy Scoping review
HP:0003427	Thenar muscle weakness																											(PROMOT:2000001 some ICF:2048203604)|(PROMOT:2000001 some PROMOT:0032089)|(PROMOT:2000005 some SNOMED:84100007)				
HP:0003427	Thenar muscle weakness																															[OPMD Scoping review 2026] Bélair N, Gagnon C, Duchesne E. What is known about muscle weakness, balance impairments and indoor mobility limitations in oculopharyngeal muscular dystrophy? A scoping review. J Neuromuscul Dis. 2025 Dec 30:22143602251397052. doi: 10.1177/22143602251397052. Epub ahead of print. PMID: 41467981.|[OPMD Clinical Registry Form]|[OPMD Clinical Research Form]|Congenital myasthenic syndrom Scoping review|Congenital myopathy Scoping review
HP:0003445	EMG: neuropathic changes																											(PROMOT:2000001 some ICF:1789365017)|(PROMOT:2000005 some SNOMED:84100007)				
HP:0003445	EMG: neuropathic changes																															Congenital myasthenic syndrom Scoping review|Congenital myopathy Scoping review|[Congenital Myopathy HPO KB associations] Gargano MA, Matentzoglu N, Coleman B, Addo-Lartey EB, et al. The Human Phenotype Ontology in 2024: phenotypes around the world. Nucleic Acids Res. 2024 Jan 5;52(D1):D1333-D1346. doi: 10.1093/nar/gkad1005. PMID: 37953324; PMCID: PMC10767975.
HP:0003457	EMG abnormality																											(PROMOT:2000001 some ICF:1789365017)|(PROMOT:2000005 some SNOMED:84100007)				
HP:0003457	EMG abnormality																															Congenital myopathy Scoping review|[Congenital Myopathy HPO KB associations] Gargano MA, Matentzoglu N, Coleman B, Addo-Lartey EB, et al. The Human Phenotype Ontology in 2024: phenotypes around the world. Nucleic Acids Res. 2024 Jan 5;52(D1):D1333-D1346. doi: 10.1093/nar/gkad1005. PMID: 37953324; PMCID: PMC10767975.
HP:0003458	EMG: myopathic abnormalities																											(PROMOT:2000001 some ICF:1789365017)|(PROMOT:2000005 some SNOMED:84100007)				
HP:0003458	EMG: myopathic abnormalities																															[OPMD Medical Expert] https://orcid.org/0000-0003-2829-8470|Congenital myasthenic syndrom Scoping review|[Congenital Myasthenic syndrom HPO KB associations] Gargano MA, Matentzoglu N, Coleman B, Addo-Lartey EB, et al. The Human Phenotype Ontology in 2024: phenotypes around the world. Nucleic Acids Res. 2024 Jan 5;52(D1):D1333-D1346. doi: 10.1093/nar/gkad1005. PMID: 37953324; PMCID: PMC10767975.|Congenital myopathy Scoping review|[Congenital Myopathy HPO KB associations] Gargano MA, Matentzoglu N, Coleman B, Addo-Lartey EB, et al. The Human Phenotype Ontology in 2024: phenotypes around the world. Nucleic Acids Res. 2024 Jan 5;52(D1):D1333-D1346. doi: 10.1093/nar/gkad1005. PMID: 37953324; PMCID: PMC10767975.
HP:0003473	Fatigable weakness																											(PROMOT:2000001 some ICF:1521707777)|(PROMOT:2000001 some ICF:1674298945)|(PROMOT:2000001 some ICF:1789365017)|(PROMOT:2000005 some SNOMED:84100007)				
HP:0003473	Fatigable weakness																															Congenital myasthenic syndrom Scoping review|[Congenital Myasthenic syndrom HPO KB associations] Gargano MA, Matentzoglu N, Coleman B, Addo-Lartey EB, et al. The Human Phenotype Ontology in 2024: phenotypes around the world. Nucleic Acids Res. 2024 Jan 5;52(D1):D1333-D1346. doi: 10.1093/nar/gkad1005. PMID: 37953324; PMCID: PMC10767975.|Congenital myopathy Scoping review|[Congenital Myopathy HPO KB associations] Gargano MA, Matentzoglu N, Coleman B, Addo-Lartey EB, et al. The Human Phenotype Ontology in 2024: phenotypes around the world. Nucleic Acids Res. 2024 Jan 5;52(D1):D1333-D1346. doi: 10.1093/nar/gkad1005. PMID: 37953324; PMCID: PMC10767975.
HP:0003484	Upper limb muscle weakness																											(PROMOT:2000001 some ICF:2048203604)|(PROMOT:2000001 some ICF:1789365017)|(PROMOT:2000005 some (SNOMED:12894003 OR SNOMED:84100007))				
HP:0003484	Upper limb muscle weakness																															[OPMD Scoping review 2026] Bélair N, Gagnon C, Duchesne E. What is known about muscle weakness, balance impairments and indoor mobility limitations in oculopharyngeal muscular dystrophy? A scoping review. J Neuromuscul Dis. 2025 Dec 30:22143602251397052. doi: 10.1177/22143602251397052. Epub ahead of print. PMID: 41467981.|[OPMD Clinical Registry Form]|Congenital myasthenic syndrom Scoping review|[Congenital Myasthenic syndrom HPO KB associations] Gargano MA, Matentzoglu N, Coleman B, Addo-Lartey EB, et al. The Human Phenotype Ontology in 2024: phenotypes around the world. Nucleic Acids Res. 2024 Jan 5;52(D1):D1333-D1346. doi: 10.1093/nar/gkad1005. PMID: 37953324; PMCID: PMC10767975.|Congenital myopathy Scoping review
HP:0003547	Shoulder girdle muscle weakness																											(PROMOT:2000001 some ICF:2048203604)|(PROMOT:2000001 some PROMOT:0032087)|(PROMOT:2000005 some (SNOMED:12894003 OR SNOMED:84100007))				
HP:0003547	Shoulder girdle muscle weakness																															[OPMD Scoping review 2026] Bélair N, Gagnon C, Duchesne E. What is known about muscle weakness, balance impairments and indoor mobility limitations in oculopharyngeal muscular dystrophy? A scoping review. J Neuromuscul Dis. 2025 Dec 30:22143602251397052. doi: 10.1177/22143602251397052. Epub ahead of print. PMID: 41467981.|[OPMD Clinical Registry Form]|[OPMD Clinical Research Form]|Congenital myasthenic syndrom Scoping review|[Congenital Myasthenic syndrom HPO KB associations] Gargano MA, Matentzoglu N, Coleman B, Addo-Lartey EB, et al. The Human Phenotype Ontology in 2024: phenotypes around the world. Nucleic Acids Res. 2024 Jan 5;52(D1):D1333-D1346. doi: 10.1093/nar/gkad1005. PMID: 37953324; PMCID: PMC10767975.|Congenital myopathy Scoping review|[Congenital Myopathy HPO KB associations] Gargano MA, Matentzoglu N, Coleman B, Addo-Lartey EB, et al. The Human Phenotype Ontology in 2024: phenotypes around the world. Nucleic Acids Res. 2024 Jan 5;52(D1):D1333-D1346. doi: 10.1093/nar/gkad1005. PMID: 37953324; PMCID: PMC10767975.
HP:0003551	Difficulty climbing stairs																											(PROMOT:2000001 some ICF:1993770860)|(PROMOT:2000005 some (SNOMED:12894003 OR SNOMED:84100007))				
HP:0003551	Difficulty climbing stairs																															[OPMD Scoping review 2026] Bélair N, Gagnon C, Duchesne E. What is known about muscle weakness, balance impairments and indoor mobility limitations in oculopharyngeal muscular dystrophy? A scoping review. J Neuromuscul Dis. 2025 Dec 30:22143602251397052. doi: 10.1177/22143602251397052. Epub ahead of print. PMID: 41467981.|[OPMD Clinical Research Form]
HP:0003552	Muscle stiffness																											(PROMOT:2000001 some ICF:841397411)|(PROMOT:2000005 some SNOMED:84100007)				
HP:0003552	Muscle stiffness																															[Congenital Myopathy HPO KB associations] Gargano MA, Matentzoglu N, Coleman B, Addo-Lartey EB, et al. The Human Phenotype Ontology in 2024: phenotypes around the world. Nucleic Acids Res. 2024 Jan 5;52(D1):D1333-D1346. doi: 10.1093/nar/gkad1005. PMID: 37953324; PMCID: PMC10767975.
HP:0003577	Congenital onset																															[Congenital Myasthenic syndrom HPO KB associations] Gargano MA, Matentzoglu N, Coleman B, Addo-Lartey EB, et al. The Human Phenotype Ontology in 2024: phenotypes around the world. Nucleic Acids Res. 2024 Jan 5;52(D1):D1333-D1346. doi: 10.1093/nar/gkad1005. PMID: 37953324; PMCID: PMC10767975.|[Congenital Myopathy HPO KB associations] Gargano MA, Matentzoglu N, Coleman B, Addo-Lartey EB, et al. The Human Phenotype Ontology in 2024: phenotypes around the world. Nucleic Acids Res. 2024 Jan 5;52(D1):D1333-D1346. doi: 10.1093/nar/gkad1005. PMID: 37953324; PMCID: PMC10767975.
HP:0003577	Congenital onset 																	[PROMOT note] [Derived from RD-CDM] [6.2.5 Onset Category]	[PROMOT note] [Derived from EURO-NMD NMD-CDE] [age_at_onset]				[PROMOT note] [RD-CDM] Graefe, A.S.L., Hübner, M.R., Rehburg, F. et al. An ontology-based rare disease common data model harmonising international registries, FHIR, and Phenopackets. Sci Data 12, 234 (2025). https://doi.org/10.1038/s41597-025-04558-z|[PROMOT note] [EURO-NMD] Atalia A et al., EURO-NMD registry: federated FAIR infrastructure, innovative technologies and concepts of a patient-centred registry for rare neuromuscular disorders. Orphanet J Rare Dis. 2024 Feb 14;19(1):66. doi: 10.1186/s13023-024-03059-3. PMID: 38355534; PMCID: PMC10865673.		[PROMOT note] The PROMOT ontology added a comment to quote the CDMs used as a source for this entity.		Class					
HP:0003581	Adult onset 																	[PROMOT note] [Derived from RD-CDM] [6.2.5 Onset Category] 	[PROMOT note] [Derived from EURO-NMD NMD-CDE] [age_at_onset]				[PROMOT note] [EURO-NMD] Atalia A et al., EURO-NMD registry: federated FAIR infrastructure, innovative technologies and concepts of a patient-centred registry for rare neuromuscular disorders. Orphanet J Rare Dis. 2024 Feb 14;19(1):66. doi: 10.1186/s13023-024-03059-3. PMID: 38355534; PMCID: PMC10865673.		[PROMOT note] The PROMOT ontology added a comment to quote the CDM used as a source for this entity.		Class					
HP:0003584	Late onset																															[OPMD HPO KB associations] Gargano MA, Matentzoglu N, Coleman B, Addo-Lartey EB, et al. The Human Phenotype Ontology in 2024: phenotypes around the world. Nucleic Acids Res. 2024 Jan 5;52(D1):D1333-D1346. doi: 10.1093/nar/gkad1005. PMID: 37953324; PMCID: PMC10767975.
HP:0003584	Late onset 																	[PROMOT note] [Derived from RD-CDM] [6.2.5 Onset Category]					[PROMOT note] [RD-CDM] Graefe, A.S.L., Hübner, M.R., Rehburg, F. et al. An ontology-based rare disease common data model harmonising international registries, FHIR, and Phenopackets. Sci Data 12, 234 (2025). https://doi.org/10.1038/s41597-025-04558-z		[PROMOT note] The PROMOT ontology added a comment to quote the CDM used as a source for this entity.		Class					
HP:0003593	Infantile onset																															[Congenital Myasthenic syndrom HPO KB associations] Gargano MA, Matentzoglu N, Coleman B, Addo-Lartey EB, et al. The Human Phenotype Ontology in 2024: phenotypes around the world. Nucleic Acids Res. 2024 Jan 5;52(D1):D1333-D1346. doi: 10.1093/nar/gkad1005. PMID: 37953324; PMCID: PMC10767975.|[Congenital Myopathy HPO KB associations] Gargano MA, Matentzoglu N, Coleman B, Addo-Lartey EB, et al. The Human Phenotype Ontology in 2024: phenotypes around the world. Nucleic Acids Res. 2024 Jan 5;52(D1):D1333-D1346. doi: 10.1093/nar/gkad1005. PMID: 37953324; PMCID: PMC10767975.
HP:0003593	Infantile onset 																	[PROMOT note] [Derived from RD-CDM] [6.2.5 Onset Category]					[PROMOT note] [RD-CDM] Graefe, A.S.L., Hübner, M.R., Rehburg, F. et al. An ontology-based rare disease common data model harmonising international registries, FHIR, and Phenopackets. Sci Data 12, 234 (2025). https://doi.org/10.1038/s41597-025-04558-z		[PROMOT note] The PROMOT ontology added a comment to quote the CDM used as a source for this entity.		Class					
HP:0003596	Middle age onset 																	[PROMOT note] [Derived from RD-CDM] [6.2.5 Onset Category]					[PROMOT note] [RD-CDM] Graefe, A.S.L., Hübner, M.R., Rehburg, F. et al. An ontology-based rare disease common data model harmonising international registries, FHIR, and Phenopackets. Sci Data 12, 234 (2025). https://doi.org/10.1038/s41597-025-04558-z		[PROMOT note] The PROMOT ontology added a comment to quote the CDM used as a source for this entity.		Class					
HP:0003621	Juvenile onset																															[Congenital Myasthenic syndrom HPO KB associations] Gargano MA, Matentzoglu N, Coleman B, Addo-Lartey EB, et al. The Human Phenotype Ontology in 2024: phenotypes around the world. Nucleic Acids Res. 2024 Jan 5;52(D1):D1333-D1346. doi: 10.1093/nar/gkad1005. PMID: 37953324; PMCID: PMC10767975.
HP:0003621	Juvenile onset 																	[PROMOT note] [Derived from RD-CDM] [6.2.5 Onset Category]					[PROMOT note] [RD-CDM] Graefe, A.S.L., Hübner, M.R., Rehburg, F. et al. An ontology-based rare disease common data model harmonising international registries, FHIR, and Phenopackets. Sci Data 12, 234 (2025). https://doi.org/10.1038/s41597-025-04558-z		[PROMOT note] The PROMOT ontology added a comment to quote the CDM used as a source for this entity.		Class					
HP:0003623	Neonatal onset																															[Congenital Myasthenic syndrom HPO KB associations] Gargano MA, Matentzoglu N, Coleman B, Addo-Lartey EB, et al. The Human Phenotype Ontology in 2024: phenotypes around the world. Nucleic Acids Res. 2024 Jan 5;52(D1):D1333-D1346. doi: 10.1093/nar/gkad1005. PMID: 37953324; PMCID: PMC10767975.|[Congenital Myopathy HPO KB associations] Gargano MA, Matentzoglu N, Coleman B, Addo-Lartey EB, et al. The Human Phenotype Ontology in 2024: phenotypes around the world. Nucleic Acids Res. 2024 Jan 5;52(D1):D1333-D1346. doi: 10.1093/nar/gkad1005. PMID: 37953324; PMCID: PMC10767975.
HP:0003623	Neonatal onset 																	[PROMOT note] [Derived from RD-CDM] [6.2.5 Onset Category]	[PROMOT note] [Derived from EURO-NMD NMD-CDE] [age_at_onset]				[PROMOT note] [RD-CDM] Graefe, A.S.L., Hübner, M.R., Rehburg, F. et al. An ontology-based rare disease common data model harmonising international registries, FHIR, and Phenopackets. Sci Data 12, 234 (2025). https://doi.org/10.1038/s41597-025-04558-z|[PROMOT note] [EURO-NMD] Atalia A et al., EURO-NMD registry: federated FAIR infrastructure, innovative technologies and concepts of a patient-centred registry for rare neuromuscular disorders. Orphanet J Rare Dis. 2024 Feb 14;19(1):66. doi: 10.1186/s13023-024-03059-3. PMID: 38355534; PMCID: PMC10865673.		[PROMOT note] The PROMOT ontology added a comment to quote the CDMs used as a source for this entity.		Class					
HP:0003674	Onset																	[PROMOT note] [Derived from RD-CDM] [6.2.5 Onset Category]	[PROMOT note] [Derived from EURO-NMD NMD-CDE] [age_at_onset]				[PROMOT note] [RD-CDM] Graefe, A.S.L., Hübner, M.R., Rehburg, F. et al. An ontology-based rare disease common data model harmonising international registries, FHIR, and Phenopackets. Sci Data 12, 234 (2025). https://doi.org/10.1038/s41597-025-04558-z|[PROMOT note] [EURO-NMD] Atalia A et al., EURO-NMD registry: federated FAIR infrastructure, innovative technologies and concepts of a patient-centred registry for rare neuromuscular disorders. Orphanet J Rare Dis. 2024 Feb 14;19(1):66. doi: 10.1186/s13023-024-03059-3. PMID: 38355534; PMCID: PMC10865673.		[PROMOT note] The PROMOT ontology added a comment to quote the CDMs used as a source for this entity.		Class	HP:0012823|(RO:0000080 some HP:0000118)				
HP:0003676	Progressive																															[OPMD HPO KB associations] Gargano MA, Matentzoglu N, Coleman B, Addo-Lartey EB, et al. The Human Phenotype Ontology in 2024: phenotypes around the world. Nucleic Acids Res. 2024 Jan 5;52(D1):D1333-D1346. doi: 10.1093/nar/gkad1005. PMID: 37953324; PMCID: PMC10767975.
HP:0003679	Pace of progression																	[PROMOT note] [Derived from RD-CDM] [6.2.7 Modifiers]					[PROMOT note] [RD-CDM] Graefe, A.S.L., Hübner, M.R., Rehburg, F. et al. An ontology-based rare disease common data model harmonising international registries, FHIR, and Phenopackets. Sci Data 12, 234 (2025). https://doi.org/10.1038/s41597-025-04558-z		[PROMOT note] The PROMOT ontology added a comment to quote the CDM used as a source for this entity.		Class	HP:0012823|(RO:0000080 some HP:0000118)				
HP:0003690	Limb muscle weakness																		[PROMOT note] [Present in EURO-NMD NMD-CDE] [has_limb_weakness]				[PROMOT note] [EURO-NMD] Atalia A et al., EURO-NMD registry: federated FAIR infrastructure, innovative technologies and concepts of a patient-centred registry for rare neuromuscular disorders. Orphanet J Rare Dis. 2024 Feb 14;19(1):66. doi: 10.1186/s13023-024-03059-3. PMID: 38355534; PMCID: PMC10865673.		[PROMOT note] The PROMOT ontology added a comment to quote the CDM used as a source for this entity.		Class					
HP:0003690	Limb muscle weakness																											(PROMOT:2000001 some ICF:2048203604)|(PROMOT:2000001 some ICF:1789365017)|(PROMOT:2000005 some (SNOMED:12894003 OR SNOMED:84100007))				
HP:0003690	Limb muscle weakness																															[OPMD Scoping review 2026] Bélair N, Gagnon C, Duchesne E. What is known about muscle weakness, balance impairments and indoor mobility limitations in oculopharyngeal muscular dystrophy? A scoping review. J Neuromuscul Dis. 2025 Dec 30:22143602251397052. doi: 10.1177/22143602251397052. Epub ahead of print. PMID: 41467981.|[OPMD HPO KB associations] Gargano MA, Matentzoglu N, Coleman B, Addo-Lartey EB, et al. The Human Phenotype Ontology in 2024: phenotypes around the world. Nucleic Acids Res. 2024 Jan 5;52(D1):D1333-D1346. doi: 10.1093/nar/gkad1005. PMID: 37953324; PMCID: PMC10767975.|Congenital myasthenic syndrom Scoping review|[Congenital Myasthenic syndrom HPO KB associations] Gargano MA, Matentzoglu N, Coleman B, Addo-Lartey EB, et al. The Human Phenotype Ontology in 2024: phenotypes around the world. Nucleic Acids Res. 2024 Jan 5;52(D1):D1333-D1346. doi: 10.1093/nar/gkad1005. PMID: 37953324; PMCID: PMC10767975.|Congenital myopathy Scoping review|[Congenital Myopathy HPO KB associations] Gargano MA, Matentzoglu N, Coleman B, Addo-Lartey EB, et al. The Human Phenotype Ontology in 2024: phenotypes around the world. Nucleic Acids Res. 2024 Jan 5;52(D1):D1333-D1346. doi: 10.1093/nar/gkad1005. PMID: 37953324; PMCID: PMC10767975.
HP:0003691	Scapular winging																											(PROMOT:2000001 some ICF:2048203604)|(PROMOT:2000001 some PROMOT:0032051)|(PROMOT:2000001 some PROMOT:0032087)|(PROMOT:2000005 some SNOMED:84100007)				
HP:0003691	Scapular winging																															Congenital myopathy Scoping review|[Congenital Myopathy HPO KB associations] Gargano MA, Matentzoglu N, Coleman B, Addo-Lartey EB, et al. The Human Phenotype Ontology in 2024: phenotypes around the world. Nucleic Acids Res. 2024 Jan 5;52(D1):D1333-D1346. doi: 10.1093/nar/gkad1005. PMID: 37953324; PMCID: PMC10767975.
HP:0003694	Late-onset proximal muscle weakness																											(PROMOT:2000001 some ICF:2048203604)|(PROMOT:2000001 some ICF:1789365017)|(PROMOT:2000005 some (SNOMED:12894003 OR SNOMED:84100007))				
HP:0003694	Late-onset proximal muscle weakness																															Congenital myasthenic syndrom Scoping review|Congenital myopathy Scoping review
HP:0003701	Proximal muscle weakness																											(PROMOT:2000001 some ICF:2048203604)|(PROMOT:2000001 some ICF:1789365017)|(PROMOT:2000005 some (SNOMED:12894003 OR SNOMED:84100007))				
HP:0003701	Proximal muscle weakness																															[OPMD Scoping review 2026] Bélair N, Gagnon C, Duchesne E. What is known about muscle weakness, balance impairments and indoor mobility limitations in oculopharyngeal muscular dystrophy? A scoping review. J Neuromuscul Dis. 2025 Dec 30:22143602251397052. doi: 10.1177/22143602251397052. Epub ahead of print. PMID: 41467981.|[OPMD HPO KB associations] Gargano MA, Matentzoglu N, Coleman B, Addo-Lartey EB, et al. The Human Phenotype Ontology in 2024: phenotypes around the world. Nucleic Acids Res. 2024 Jan 5;52(D1):D1333-D1346. doi: 10.1093/nar/gkad1005. PMID: 37953324; PMCID: PMC10767975.|Congenital myasthenic syndrom Scoping review|[Congenital Myasthenic syndrom HPO KB associations] Gargano MA, Matentzoglu N, Coleman B, Addo-Lartey EB, et al. The Human Phenotype Ontology in 2024: phenotypes around the world. Nucleic Acids Res. 2024 Jan 5;52(D1):D1333-D1346. doi: 10.1093/nar/gkad1005. PMID: 37953324; PMCID: PMC10767975.|Congenital myopathy Scoping review|[Congenital Myopathy HPO KB associations] Gargano MA, Matentzoglu N, Coleman B, Addo-Lartey EB, et al. The Human Phenotype Ontology in 2024: phenotypes around the world. Nucleic Acids Res. 2024 Jan 5;52(D1):D1333-D1346. doi: 10.1093/nar/gkad1005. PMID: 37953324; PMCID: PMC10767975.
HP:0003722	Neck flexor weakness																											(PROMOT:2000001 some ICF:2048203604)|(PROMOT:2000001 some PROMOT:0032079)|(PROMOT:2000005 some SNOMED:84100007)				
HP:0003722	Neck flexor weakness																															[OPMD Scoping review 2026] Bélair N, Gagnon C, Duchesne E. What is known about muscle weakness, balance impairments and indoor mobility limitations in oculopharyngeal muscular dystrophy? A scoping review. J Neuromuscul Dis. 2025 Dec 30:22143602251397052. doi: 10.1177/22143602251397052. Epub ahead of print. PMID: 41467981.|Congenital myasthenic syndrom Scoping review|[Congenital Myasthenic syndrom HPO KB associations] Gargano MA, Matentzoglu N, Coleman B, Addo-Lartey EB, et al. The Human Phenotype Ontology in 2024: phenotypes around the world. Nucleic Acids Res. 2024 Jan 5;52(D1):D1333-D1346. doi: 10.1093/nar/gkad1005. PMID: 37953324; PMCID: PMC10767975.|Congenital myopathy Scoping review|[Congenital Myopathy HPO KB associations] Gargano MA, Matentzoglu N, Coleman B, Addo-Lartey EB, et al. The Human Phenotype Ontology in 2024: phenotypes around the world. Nucleic Acids Res. 2024 Jan 5;52(D1):D1333-D1346. doi: 10.1093/nar/gkad1005. PMID: 37953324; PMCID: PMC10767975.
HP:0003731	Quadriceps muscle weakness																											(PROMOT:2000001 some ICF:2048203604)|(PROMOT:2000001 some PROMOT:0032083)|(PROMOT:2000005 some (SNOMED:12894003 OR SNOMED:84100007))				
HP:0003731	Quadriceps muscle weakness																															[OPMD Scoping review 2026] Bélair N, Gagnon C, Duchesne E. What is known about muscle weakness, balance impairments and indoor mobility limitations in oculopharyngeal muscular dystrophy? A scoping review. J Neuromuscul Dis. 2025 Dec 30:22143602251397052. doi: 10.1177/22143602251397052. Epub ahead of print. PMID: 41467981.|[OPMD Clinical Registry Form]|Congenital myasthenic syndrom Scoping review|Congenital myopathy Scoping review
HP:0003749	Pelvic girdle muscle weakness																											(PROMOT:2000001 some ICF:2048203604)|(PROMOT:2000001 some PROMOT:0032080)|(PROMOT:2000005 some (SNOMED:12894003 OR SNOMED:84100007))				
HP:0003749	Pelvic girdle muscle weakness																															[OPMD Scoping review 2026] Bélair N, Gagnon C, Duchesne E. What is known about muscle weakness, balance impairments and indoor mobility limitations in oculopharyngeal muscular dystrophy? A scoping review. J Neuromuscul Dis. 2025 Dec 30:22143602251397052. doi: 10.1177/22143602251397052. Epub ahead of print. PMID: 41467981.|[OPMD Clinical Registry Form]|[OPMD Clinical Research Form]|Congenital myasthenic syndrom Scoping review|Congenital myopathy Scoping review|[Congenital Myopathy HPO KB associations] Gargano MA, Matentzoglu N, Coleman B, Addo-Lartey EB, et al. The Human Phenotype Ontology in 2024: phenotypes around the world. Nucleic Acids Res. 2024 Jan 5;52(D1):D1333-D1346. doi: 10.1093/nar/gkad1005. PMID: 37953324; PMCID: PMC10767975.
HP:0003810	Late-onset distal muscle weakness																											(PROMOT:2000001 some ICF:2048203604)|(PROMOT:2000001 some ICF:1789365017)|(PROMOT:2000005 some (SNOMED:12894003 OR SNOMED:84100007))				
HP:0003810	Late-onset distal muscle weakness																															Congenital myasthenic syndrom Scoping review|Congenital myopathy Scoping review|[Congenital Myopathy HPO KB associations] Gargano MA, Matentzoglu N, Coleman B, Addo-Lartey EB, et al. The Human Phenotype Ontology in 2024: phenotypes around the world. Nucleic Acids Res. 2024 Jan 5;52(D1):D1333-D1346. doi: 10.1093/nar/gkad1005. PMID: 37953324; PMCID: PMC10767975.
HP:0003811	Neonatal death																															[Congenital Myopathy HPO KB associations] Gargano MA, Matentzoglu N, Coleman B, Addo-Lartey EB, et al. The Human Phenotype Ontology in 2024: phenotypes around the world. Nucleic Acids Res. 2024 Jan 5;52(D1):D1333-D1346. doi: 10.1093/nar/gkad1005. PMID: 37953324; PMCID: PMC10767975.
HP:0003819	Death in childhood																															[Congenital Myopathy HPO KB associations] Gargano MA, Matentzoglu N, Coleman B, Addo-Lartey EB, et al. The Human Phenotype Ontology in 2024: phenotypes around the world. Nucleic Acids Res. 2024 Jan 5;52(D1):D1333-D1346. doi: 10.1093/nar/gkad1005. PMID: 37953324; PMCID: PMC10767975.
HP:0004322	Short stature																											(PROMOT:2000005 some SNOMED:84100007)				
HP:0004322	Short stature																															[Congenital Myopathy HPO KB associations] Gargano MA, Matentzoglu N, Coleman B, Addo-Lartey EB, et al. The Human Phenotype Ontology in 2024: phenotypes around the world. Nucleic Acids Res. 2024 Jan 5;52(D1):D1333-D1346. doi: 10.1093/nar/gkad1005. PMID: 37953324; PMCID: PMC10767975.
HP:0004325	Decreased body weight																											(PROMOT:2000001 some ICF:862066979)|(PROMOT:2000005 some (SNOMED:5880005 OR SNOMED:84100007))				
HP:0004325	Decreased body weight																															[Congenital Myopathy HPO KB associations] Gargano MA, Matentzoglu N, Coleman B, Addo-Lartey EB, et al. The Human Phenotype Ontology in 2024: phenotypes around the world. Nucleic Acids Res. 2024 Jan 5;52(D1):D1333-D1346. doi: 10.1093/nar/gkad1005. PMID: 37953324; PMCID: PMC10767975.
HP:0004347	Weakness of muscles of respiration																											(PROMOT:2000001 some ICF:1360101629)|(PROMOT:2000001 some ICF:1789365017)|(PROMOT:2000001 some ICF:446199613)|(PROMOT:2000005 some (SNOMED:12894003 OR SNOMED:84100007))				
HP:0004347	Weakness of muscles of respiration																															[OPMD Clinical Registry Form]|Congenital myasthenic syndrom Scoping review|Congenital myopathy Scoping review|[Congenital Myopathy HPO KB associations] Gargano MA, Matentzoglu N, Coleman B, Addo-Lartey EB, et al. The Human Phenotype Ontology in 2024: phenotypes around the world. Nucleic Acids Res. 2024 Jan 5;52(D1):D1333-D1346. doi: 10.1093/nar/gkad1005. PMID: 37953324; PMCID: PMC10767975.
HP:0004878	Intercostal muscle weakness																											(PROMOT:2000001 some ICF:2048203604)|(PROMOT:2000001 some ICF:556694745)|(PROMOT:2000001 some PROMOT:0032071)|(PROMOT:2000005 some SNOMED:84100007)				
HP:0004878	Intercostal muscle weakness																															[OPMD Scoping review 2026] Bélair N, Gagnon C, Duchesne E. What is known about muscle weakness, balance impairments and indoor mobility limitations in oculopharyngeal muscular dystrophy? A scoping review. J Neuromuscul Dis. 2025 Dec 30:22143602251397052. doi: 10.1177/22143602251397052. Epub ahead of print. PMID: 41467981.|Congenital myasthenic syndrom Scoping review|Congenital myopathy Scoping review|[Congenital Myopathy HPO KB associations] Gargano MA, Matentzoglu N, Coleman B, Addo-Lartey EB, et al. The Human Phenotype Ontology in 2024: phenotypes around the world. Nucleic Acids Res. 2024 Jan 5;52(D1):D1333-D1346. doi: 10.1093/nar/gkad1005. PMID: 37953324; PMCID: PMC10767975.
HP:0004885	Episodic respiratory distress																											(PROMOT:2000001 some ICF:1470583183)|(PROMOT:2000001 some ICF:744367503)|(PROMOT:2000005 some SNOMED:84100007)				
HP:0004885	Episodic respiratory distress																															Congenital myasthenic syndrom Scoping review|Congenital myopathy Scoping review
HP:0004887	Respiratory failure requiring assisted ventilation																											(PROMOT:2000001 some ICF:1470583183)|(PROMOT:2000001 some ICF:744367503)|(PROMOT:2000005 some SNOMED:84100007)				
HP:0004887	Respiratory failure requiring assisted ventilation																															Congenital myasthenic syndrom Scoping review|Congenital myopathy Scoping review|[Congenital Myopathy HPO KB associations] Gargano MA, Matentzoglu N, Coleman B, Addo-Lartey EB, et al. The Human Phenotype Ontology in 2024: phenotypes around the world. Nucleic Acids Res. 2024 Jan 5;52(D1):D1333-D1346. doi: 10.1093/nar/gkad1005. PMID: 37953324; PMCID: PMC10767975.
HP:0004889	Intermittent episodes of respiratory insufficiency due to muscle weakness																											(PROMOT:2000001 some ICF:1470583183)|(PROMOT:2000001 some ICF:744367503)|(PROMOT:2000005 some SNOMED:84100007)				
HP:0004889	Intermittent episodes of respiratory insufficiency due to muscle weakness																															Congenital myasthenic syndrom Scoping review|Congenital myopathy Scoping review|[Congenital Myopathy HPO KB associations] Gargano MA, Matentzoglu N, Coleman B, Addo-Lartey EB, et al. The Human Phenotype Ontology in 2024: phenotypes around the world. Nucleic Acids Res. 2024 Jan 5;52(D1):D1333-D1346. doi: 10.1093/nar/gkad1005. PMID: 37953324; PMCID: PMC10767975.
HP:0005216	Impaired mastication																											(PROMOT:2000001 some ICF:1328675264)|(PROMOT:2000001 some ICF:1389818830)|(PROMOT:2000001 some ICF:1789365017)|(PROMOT:2000005 some SNOMED:84100007)				
HP:0005216	Impaired mastication																															[OPMD Scoping review on dysphagia] Côté C, Gagnon C, Youssof S, et al. The requirement for a disease-specific patient-reported outcome measure of dysphagia in oculopharyngeal muscular dystrophy. Muscle Nerve. 2019;59:445–50. doi: 10.1002/mus.26405|Congenital myasthenic syndrom Scoping review|[Congenital Myasthenic syndrom HPO KB associations] Gargano MA, Matentzoglu N, Coleman B, Addo-Lartey EB, et al. The Human Phenotype Ontology in 2024: phenotypes around the world. Nucleic Acids Res. 2024 Jan 5;52(D1):D1333-D1346. doi: 10.1093/nar/gkad1005. PMID: 37953324; PMCID: PMC10767975.|Congenital myopathy Scoping review|[Congenital Myopathy HPO KB associations] Gargano MA, Matentzoglu N, Coleman B, Addo-Lartey EB, et al. The Human Phenotype Ontology in 2024: phenotypes around the world. Nucleic Acids Res. 2024 Jan 5;52(D1):D1333-D1346. doi: 10.1093/nar/gkad1005. PMID: 37953324; PMCID: PMC10767975.
HP:0005949	Apneic episodes in infancy																											(PROMOT:2000001 some ICF:1470583183)|(PROMOT:2000001 some ICF:744367503)|(PROMOT:2000005 some SNOMED:84100007)				
HP:0005949	Apneic episodes in infancy																															Congenital myasthenic syndrom Scoping review|Congenital myopathy Scoping review
HP:0007340	Lower limb muscle weakness																											(PROMOT:2000001 some ICF:2048203604)|(PROMOT:2000001 some ICF:1789365017)|(PROMOT:2000005 some (SNOMED:12894003 OR SNOMED:84100007))				
HP:0007340	Lower limb muscle weakness																															[OPMD Scoping review 2026] Bélair N, Gagnon C, Duchesne E. What is known about muscle weakness, balance impairments and indoor mobility limitations in oculopharyngeal muscular dystrophy? A scoping review. J Neuromuscul Dis. 2025 Dec 30:22143602251397052. doi: 10.1177/22143602251397052. Epub ahead of print. PMID: 41467981.|[OPMD Clinical Registry Form]|Congenital myasthenic syndrom Scoping review|[Congenital Myasthenic syndrom HPO KB associations] Gargano MA, Matentzoglu N, Coleman B, Addo-Lartey EB, et al. The Human Phenotype Ontology in 2024: phenotypes around the world. Nucleic Acids Res. 2024 Jan 5;52(D1):D1333-D1346. doi: 10.1093/nar/gkad1005. PMID: 37953324; PMCID: PMC10767975.|Congenital myopathy Scoping review
HP:0007695	Abnormal pupillary light reflex																											(PROMOT:2000005 some SNOMED:84100007)				
HP:0007695	Abnormal pupillary light reflex																															Congenital myasthenic syndrom Scoping review
HP:0007715	Weak extraocular muscles																											(PROMOT:2000001 some PROMOT:0032065)|(PROMOT:2000005 some SNOMED:84100007)				
HP:0007715	Weak extraocular muscles																															[OPMD Scoping review 2026] Bélair N, Gagnon C, Duchesne E. What is known about muscle weakness, balance impairments and indoor mobility limitations in oculopharyngeal muscular dystrophy? A scoping review. J Neuromuscul Dis. 2025 Dec 30:22143602251397052. doi: 10.1177/22143602251397052. Epub ahead of print. PMID: 41467981.|Congenital myasthenic syndrom Scoping review|Congenital myopathy Scoping review
HP:0007838	Progressive ptosis																											(PROMOT:2000001 some ICF:2021370201)|(PROMOT:2000001 some PROMOT:0032065)|(PROMOT:2000005 some SNOMED:84100007)				
HP:0007838	Progressive ptosis																															[OPMD HPO KB associations] Gargano MA, Matentzoglu N, Coleman B, Addo-Lartey EB, et al. The Human Phenotype Ontology in 2024: phenotypes around the world. Nucleic Acids Res. 2024 Jan 5;52(D1):D1333-D1346. doi: 10.1093/nar/gkad1005. PMID: 37953324; PMCID: PMC10767975.
HP:0007941	Limited extraocular movements																											(PROMOT:2000001 some ICF:1090716697)|(PROMOT:2000001 some PROMOT:0032065)|(PROMOT:2000005 some SNOMED:84100007)				
HP:0007941	Limited extraocular movements																															Congenital myasthenic syndrom Scoping review|[Congenital Myasthenic syndrom HPO KB associations] Gargano MA, Matentzoglu N, Coleman B, Addo-Lartey EB, et al. The Human Phenotype Ontology in 2024: phenotypes around the world. Nucleic Acids Res. 2024 Jan 5;52(D1):D1333-D1346. doi: 10.1093/nar/gkad1005. PMID: 37953324; PMCID: PMC10767975.|Congenital myopathy Scoping review
HP:0008180	Mildly elevated creatine kinase																											(PROMOT:2000005 some SNOMED:84100007)				
HP:0008180	Mildly elevated creatine kinase																															Congenital myasthenic syndrom Scoping review|[Congenital Myasthenic syndrom HPO KB associations] Gargano MA, Matentzoglu N, Coleman B, Addo-Lartey EB, et al. The Human Phenotype Ontology in 2024: phenotypes around the world. Nucleic Acids Res. 2024 Jan 5;52(D1):D1333-D1346. doi: 10.1093/nar/gkad1005. PMID: 37953324; PMCID: PMC10767975.|Congenital myopathy Scoping review|[Congenital Myopathy HPO KB associations] Gargano MA, Matentzoglu N, Coleman B, Addo-Lartey EB, et al. The Human Phenotype Ontology in 2024: phenotypes around the world. Nucleic Acids Res. 2024 Jan 5;52(D1):D1333-D1346. doi: 10.1093/nar/gkad1005. PMID: 37953324; PMCID: PMC10767975.
HP:0008872	Feeding difficulties in infancy																											(PROMOT:2000001 some ICF:1328675264)|(PROMOT:2000001 some ICF:553784299)|(PROMOT:2000001 some ICF:1174312718)|(PROMOT:2000001 some ICF:1389818830)|(PROMOT:2000001 some ICF:1806589582)|(PROMOT:2000001 some ICF:2089171534)|(PROMOT:2000001 some ICF:539470158)|(PROMOT:2000001 some ICF:923782542)|(PROMOT:2000005 some SNOMED:84100007)				
HP:0008872	Feeding difficulties in infancy																															Congenital myasthenic syndrom Scoping review|[Congenital Myasthenic syndrom HPO KB associations] Gargano MA, Matentzoglu N, Coleman B, Addo-Lartey EB, et al. The Human Phenotype Ontology in 2024: phenotypes around the world. Nucleic Acids Res. 2024 Jan 5;52(D1):D1333-D1346. doi: 10.1093/nar/gkad1005. PMID: 37953324; PMCID: PMC10767975.|Congenital myopathy Scoping review|[Congenital Myopathy HPO KB associations] Gargano MA, Matentzoglu N, Coleman B, Addo-Lartey EB, et al. The Human Phenotype Ontology in 2024: phenotypes around the world. Nucleic Acids Res. 2024 Jan 5;52(D1):D1333-D1346. doi: 10.1093/nar/gkad1005. PMID: 37953324; PMCID: PMC10767975.
HP:0008959	Distal upper limb muscle weakness																											(PROMOT:2000001 some ICF:2048203604)|(PROMOT:2000001 some ICF:1789365017)|(PROMOT:2000005 some (SNOMED:12894003 OR SNOMED:84100007))				
HP:0008959	Distal upper limb muscle weakness																															[OPMD Scoping review 2026] Bélair N, Gagnon C, Duchesne E. What is known about muscle weakness, balance impairments and indoor mobility limitations in oculopharyngeal muscular dystrophy? A scoping review. J Neuromuscul Dis. 2025 Dec 30:22143602251397052. doi: 10.1177/22143602251397052. Epub ahead of print. PMID: 41467981.|[OPMD Clinical Registry Form]|[OPMD Clinical Research Form]|Congenital myasthenic syndrom Scoping review|[Congenital Myasthenic syndrom HPO KB associations] Gargano MA, Matentzoglu N, Coleman B, Addo-Lartey EB, et al. The Human Phenotype Ontology in 2024: phenotypes around the world. Nucleic Acids Res. 2024 Jan 5;52(D1):D1333-D1346. doi: 10.1093/nar/gkad1005. PMID: 37953324; PMCID: PMC10767975.|Congenital myopathy Scoping review|[Congenital Myopathy HPO KB associations] Gargano MA, Matentzoglu N, Coleman B, Addo-Lartey EB, et al. The Human Phenotype Ontology in 2024: phenotypes around the world. Nucleic Acids Res. 2024 Jan 5;52(D1):D1333-D1346. doi: 10.1093/nar/gkad1005. PMID: 37953324; PMCID: PMC10767975.
HP:0008963	Tibialis muscle weakness																											(PROMOT:2000001 some ICF:2048203604)|(PROMOT:2000001 some PROMOT:0032074)|(PROMOT:2000005 some (SNOMED:12894003 OR SNOMED:84100007))				
HP:0008963	Tibialis muscle weakness																															[OPMD Scoping review 2026] Bélair N, Gagnon C, Duchesne E. What is known about muscle weakness, balance impairments and indoor mobility limitations in oculopharyngeal muscular dystrophy? A scoping review. J Neuromuscul Dis. 2025 Dec 30:22143602251397052. doi: 10.1177/22143602251397052. Epub ahead of print. PMID: 41467981.|[OPMD Clinical Registry Form]|Congenital myasthenic syndrom Scoping review|Congenital myopathy Scoping review
HP:0008988	Pelvic girdle muscle atrophy																											(PROMOT:2000001 some ICF:2048203604)|(PROMOT:2000001 some PROMOT:0032080)|(PROMOT:2000005 some SNOMED:84100007)				
HP:0008988	Pelvic girdle muscle atrophy																															[OPMD Clinical Research Form]
HP:0008994	Proximal muscle weakness in lower limbs																											(PROMOT:2000001 some ICF:2048203604)|(PROMOT:2000001 some ICF:1789365017)|(PROMOT:2000005 some (SNOMED:12894003 OR SNOMED:84100007))				
HP:0008994	Proximal muscle weakness in lower limbs																															[OPMD Scoping review 2026] Bélair N, Gagnon C, Duchesne E. What is known about muscle weakness, balance impairments and indoor mobility limitations in oculopharyngeal muscular dystrophy? A scoping review. J Neuromuscul Dis. 2025 Dec 30:22143602251397052. doi: 10.1177/22143602251397052. Epub ahead of print. PMID: 41467981.|[OPMD Clinical Registry Form]|Congenital myasthenic syndrom Scoping review|Congenital myopathy Scoping review
HP:0008997	Proximal muscle weakness in upper limbs																											(PROMOT:2000001 some ICF:2048203604)|(PROMOT:2000001 some ICF:1789365017)|(PROMOT:2000005 some (SNOMED:12894003 OR SNOMED:84100007))				
HP:0008997	Proximal muscle weakness in upper limbs																															[OPMD Scoping review 2026] Bélair N, Gagnon C, Duchesne E. What is known about muscle weakness, balance impairments and indoor mobility limitations in oculopharyngeal muscular dystrophy? A scoping review. J Neuromuscul Dis. 2025 Dec 30:22143602251397052. doi: 10.1177/22143602251397052. Epub ahead of print. PMID: 41467981.|[OPMD Clinical Registry Form]|[OPMD Clinical Research Form]|Congenital myasthenic syndrom Scoping review|[Congenital Myasthenic syndrom HPO KB associations] Gargano MA, Matentzoglu N, Coleman B, Addo-Lartey EB, et al. The Human Phenotype Ontology in 2024: phenotypes around the world. Nucleic Acids Res. 2024 Jan 5;52(D1):D1333-D1346. doi: 10.1093/nar/gkad1005. PMID: 37953324; PMCID: PMC10767975.|Congenital myopathy Scoping review
HP:0009005	Weakness of the intrinsic hand muscles																											(PROMOT:2000001 some ICF:2048203604)|(PROMOT:2000001 some PROMOT:0032073)|(PROMOT:2000005 some (SNOMED:12894003 OR SNOMED:84100007))				
HP:0009005	Weakness of the intrinsic hand muscles																															[OPMD Scoping review 2026] Bélair N, Gagnon C, Duchesne E. What is known about muscle weakness, balance impairments and indoor mobility limitations in oculopharyngeal muscular dystrophy? A scoping review. J Neuromuscul Dis. 2025 Dec 30:22143602251397052. doi: 10.1177/22143602251397052. Epub ahead of print. PMID: 41467981.|[OPMD Clinical Registry Form]|Congenital myasthenic syndrom Scoping review|[Congenital Myasthenic syndrom HPO KB associations] Gargano MA, Matentzoglu N, Coleman B, Addo-Lartey EB, et al. The Human Phenotype Ontology in 2024: phenotypes around the world. Nucleic Acids Res. 2024 Jan 5;52(D1):D1333-D1346. doi: 10.1093/nar/gkad1005. PMID: 37953324; PMCID: PMC10767975.|Congenital myopathy Scoping review|[Congenital Myopathy HPO KB associations] Gargano MA, Matentzoglu N, Coleman B, Addo-Lartey EB, et al. The Human Phenotype Ontology in 2024: phenotypes around the world. Nucleic Acids Res. 2024 Jan 5;52(D1):D1333-D1346. doi: 10.1093/nar/gkad1005. PMID: 37953324; PMCID: PMC10767975.
HP:0009023	Abdominal wall muscle weakness																											(PROMOT:2000001 some ICF:2048203604)|(PROMOT:2000001 some ICF:556694745)|(PROMOT:2000001 some PROMOT:0032060)|(PROMOT:2000005 some SNOMED:84100007)				
HP:0009023	Abdominal wall muscle weakness																															[OPMD Scoping review 2026] Bélair N, Gagnon C, Duchesne E. What is known about muscle weakness, balance impairments and indoor mobility limitations in oculopharyngeal muscular dystrophy? A scoping review. J Neuromuscul Dis. 2025 Dec 30:22143602251397052. doi: 10.1177/22143602251397052. Epub ahead of print. PMID: 41467981.|Congenital myasthenic syndrom Scoping review|Congenital myopathy Scoping review
HP:0009027	Foot dorsiflexor weakness																											(PROMOT:2000001 some ICF:2048203604)|(PROMOT:2000001 some PROMOT:0032068)|(PROMOT:2000005 some SNOMED:12894003)				
HP:0009027	Foot dorsiflexor weakness																															[OPMD Scoping review 2026] Bélair N, Gagnon C, Duchesne E. What is known about muscle weakness, balance impairments and indoor mobility limitations in oculopharyngeal muscular dystrophy? A scoping review. J Neuromuscul Dis. 2025 Dec 30:22143602251397052. doi: 10.1177/22143602251397052. Epub ahead of print. PMID: 41467981.|[OPMD Clinical Registry Form]|[OPMD Clinical Research Form]|Congenital myasthenic syndrom Scoping review|Congenital myopathy Scoping review|[Congenital Myopathy HPO KB associations] Gargano MA, Matentzoglu N, Coleman B, Addo-Lartey EB, et al. The Human Phenotype Ontology in 2024: phenotypes around the world. Nucleic Acids Res. 2024 Jan 5;52(D1):D1333-D1346. doi: 10.1093/nar/gkad1005. PMID: 37953324; PMCID: PMC10767975.
HP:0009028	Generalized weakness of limb muscles																											(PROMOT:2000001 some ICF:2048203604)|(PROMOT:2000001 some ICF:1789365017)|(PROMOT:2000005 some (SNOMED:12894003 OR SNOMED:84100007))				
HP:0009028	Generalized weakness of limb muscles																															Congenital myasthenic syndrom Scoping review|[Congenital Myasthenic syndrom HPO KB associations] Gargano MA, Matentzoglu N, Coleman B, Addo-Lartey EB, et al. The Human Phenotype Ontology in 2024: phenotypes around the world. Nucleic Acids Res. 2024 Jan 5;52(D1):D1333-D1346. doi: 10.1093/nar/gkad1005. PMID: 37953324; PMCID: PMC10767975.|Congenital myopathy Scoping review
HP:0009046	Difficulty running																											(PROMOT:2000001 some ICF:412494151)|(PROMOT:2000001 some ICF:1328466963)|(PROMOT:2000005 some SNOMED:84100007)				
HP:0009046	Difficulty running																															Congenital myasthenic syndrom Scoping review|Congenital myopathy Scoping review|[Congenital Myopathy HPO KB associations] Gargano MA, Matentzoglu N, Coleman B, Addo-Lartey EB, et al. The Human Phenotype Ontology in 2024: phenotypes around the world. Nucleic Acids Res. 2024 Jan 5;52(D1):D1333-D1346. doi: 10.1093/nar/gkad1005. PMID: 37953324; PMCID: PMC10767975.
HP:0009053	Distal lower limb muscle weakness																											(PROMOT:2000001 some ICF:2048203604)|(PROMOT:2000001 some ICF:1789365017)|(PROMOT:2000005 some (SNOMED:12894003 OR SNOMED:84100007))				
HP:0009053	Distal lower limb muscle weakness																															[OPMD Scoping review 2026] Bélair N, Gagnon C, Duchesne E. What is known about muscle weakness, balance impairments and indoor mobility limitations in oculopharyngeal muscular dystrophy? A scoping review. J Neuromuscul Dis. 2025 Dec 30:22143602251397052. doi: 10.1177/22143602251397052. Epub ahead of print. PMID: 41467981.|[OPMD Clinical Registry Form]|Congenital myasthenic syndrom Scoping review|[Congenital Myasthenic syndrom HPO KB associations] Gargano MA, Matentzoglu N, Coleman B, Addo-Lartey EB, et al. The Human Phenotype Ontology in 2024: phenotypes around the world. Nucleic Acids Res. 2024 Jan 5;52(D1):D1333-D1346. doi: 10.1093/nar/gkad1005. PMID: 37953324; PMCID: PMC10767975.|Congenital myopathy Scoping review
HP:0009063	Progressive distal muscle weakness																											(PROMOT:2000001 some ICF:2048203604)|(PROMOT:2000001 some ICF:1789365017)|(PROMOT:2000005 some (SNOMED:12894003 OR SNOMED:84100007))				
HP:0009063	Progressive distal muscle weakness																															[OPMD Scoping review 2026] Bélair N, Gagnon C, Duchesne E. What is known about muscle weakness, balance impairments and indoor mobility limitations in oculopharyngeal muscular dystrophy? A scoping review. J Neuromuscul Dis. 2025 Dec 30:22143602251397052. doi: 10.1177/22143602251397052. Epub ahead of print. PMID: 41467981.|Congenital myasthenic syndrom Scoping review|Congenital myopathy Scoping review|[Congenital Myopathy HPO KB associations] Gargano MA, Matentzoglu N, Coleman B, Addo-Lartey EB, et al. The Human Phenotype Ontology in 2024: phenotypes around the world. Nucleic Acids Res. 2024 Jan 5;52(D1):D1333-D1346. doi: 10.1093/nar/gkad1005. PMID: 37953324; PMCID: PMC10767975.
HP:0009073	Progressive proximal muscle weakness																											(PROMOT:2000001 some ICF:2048203604)|(PROMOT:2000001 some ICF:1789365017)|(PROMOT:2000005 some (SNOMED:12894003 OR SNOMED:84100007))				
HP:0009073	Progressive proximal muscle weakness																															[OPMD Scoping review 2026] Bélair N, Gagnon C, Duchesne E. What is known about muscle weakness, balance impairments and indoor mobility limitations in oculopharyngeal muscular dystrophy? A scoping review. J Neuromuscul Dis. 2025 Dec 30:22143602251397052. doi: 10.1177/22143602251397052. Epub ahead of print. PMID: 41467981.|Congenital myasthenic syndrom Scoping review|Congenital myopathy Scoping review|[Congenital Myopathy HPO KB associations] Gargano MA, Matentzoglu N, Coleman B, Addo-Lartey EB, et al. The Human Phenotype Ontology in 2024: phenotypes around the world. Nucleic Acids Res. 2024 Jan 5;52(D1):D1333-D1346. doi: 10.1093/nar/gkad1005. PMID: 37953324; PMCID: PMC10767975.
HP:0009077	Weakness of long finger extensor muscles																											(PROMOT:2000001 some ICF:2048203604)|(PROMOT:2000001 some PROMOT:0032064)|(PROMOT:2000005 some SNOMED:84100007)				
HP:0009077	Weakness of long finger extensor muscles																															[OPMD Scoping review 2026] Bélair N, Gagnon C, Duchesne E. What is known about muscle weakness, balance impairments and indoor mobility limitations in oculopharyngeal muscular dystrophy? A scoping review. J Neuromuscul Dis. 2025 Dec 30:22143602251397052. doi: 10.1177/22143602251397052. Epub ahead of print. PMID: 41467981.|[OPMD Clinical Registry Form]|Congenital myasthenic syndrom Scoping review|[Congenital Myasthenic syndrom HPO KB associations] Gargano MA, Matentzoglu N, Coleman B, Addo-Lartey EB, et al. The Human Phenotype Ontology in 2024: phenotypes around the world. Nucleic Acids Res. 2024 Jan 5;52(D1):D1333-D1346. doi: 10.1093/nar/gkad1005. PMID: 37953324; PMCID: PMC10767975.|Congenital myopathy Scoping review|[Congenital Myopathy HPO KB associations] Gargano MA, Matentzoglu N, Coleman B, Addo-Lartey EB, et al. The Human Phenotype Ontology in 2024: phenotypes around the world. Nucleic Acids Res. 2024 Jan 5;52(D1):D1333-D1346. doi: 10.1093/nar/gkad1005. PMID: 37953324; PMCID: PMC10767975.
HP:0011008	Temporal pattern																	[PROMOT note] [Derived from RD-CDM] [6.2.6 Temporal pattern]					[PROMOT note] [RD-CDM] Graefe, A.S.L., Hübner, M.R., Rehburg, F. et al. An ontology-based rare disease common data model harmonising international registries, FHIR, and Phenopackets. Sci Data 12, 234 (2025). https://doi.org/10.1038/s41597-025-04558-z		[PROMOT note] The PROMOT ontology added a comment to quote the CDM used as a source for this entity.		Class	HP:0012823|(RO:0000080 some HP:0000118)				
HP:0011420	Age of death																	[PROMOT note] [Derived from RD-CDM] [6.3.12 Family Member Deceased Age]	[PROMOT note] [Derived from EURO-NMD NMD-CDE]				[PROMOT note] [RD-CDM] Graefe, A.S.L., Hübner, M.R., Rehburg, F. et al. An ontology-based rare disease common data model harmonising international registries, FHIR, and Phenopackets. Sci Data 12, 234 (2025). https://doi.org/10.1038/s41597-025-04558-z|[PROMOT note] [EURO-NMD] Atalia A et al., EURO-NMD registry: federated FAIR infrastructure, innovative technologies and concepts of a patient-centred registry for rare neuromuscular disorders. Orphanet J Rare Dis. 2024 Feb 14;19(1):66. doi: 10.1186/s13023-024-03059-3. PMID: 38355534; PMCID: PMC10865673.	LOINC:92662-6	[PROMOT note] The PROMOT ontology added a comment to quote the CDMs used as a source for this entity. A crossref to the orignal RD-CDM element has also been added.		Class	SNOMED:363787002				
HP:0011420	Age of death																											(RO:0002350 some PROMOT:0010009)				
HP:0011460	Embryonal onset 																	[PROMOT note] [Derived from RD-CDM] [6.2.5 Onset Category]					[PROMOT note] [RD-CDM] Graefe, A.S.L., Hübner, M.R., Rehburg, F. et al. An ontology-based rare disease common data model harmonising international registries, FHIR, and Phenopackets. Sci Data 12, 234 (2025). https://doi.org/10.1038/s41597-025-04558-z		[PROMOT note] The PROMOT ontology added a comment to quote the CDM used as a source for this entity.		Class					
HP:0011461	Fetal onset 																	[PROMOT note] [Derived from RD-CDM] [6.2.5 Onset Category]					[PROMOT note] [RD-CDM] Graefe, A.S.L., Hübner, M.R., Rehburg, F. et al. An ontology-based rare disease common data model harmonising international registries, FHIR, and Phenopackets. Sci Data 12, 234 (2025). https://doi.org/10.1038/s41597-025-04558-z		[PROMOT note] The PROMOT ontology added a comment to quote the CDM used as a source for this entity.		Class					
HP:0011462	Young adult onset																															[Congenital Myopathy HPO KB associations] Gargano MA, Matentzoglu N, Coleman B, Addo-Lartey EB, et al. The Human Phenotype Ontology in 2024: phenotypes around the world. Nucleic Acids Res. 2024 Jan 5;52(D1):D1333-D1346. doi: 10.1093/nar/gkad1005. PMID: 37953324; PMCID: PMC10767975.
HP:0011462	Young adult onset 																	[PROMOT note] [Derived from RD-CDM] [6.2.5 Onset Category]					[PROMOT note] [RD-CDM] Graefe, A.S.L., Hübner, M.R., Rehburg, F. et al. An ontology-based rare disease common data model harmonising international registries, FHIR, and Phenopackets. Sci Data 12, 234 (2025). https://doi.org/10.1038/s41597-025-04558-z		[PROMOT note] The PROMOT ontology added a comment to quote the CDM used as a source for this entity.		Class					
HP:0011463	Childhood onset																															[Congenital Myasthenic syndrom HPO KB associations] Gargano MA, Matentzoglu N, Coleman B, Addo-Lartey EB, et al. The Human Phenotype Ontology in 2024: phenotypes around the world. Nucleic Acids Res. 2024 Jan 5;52(D1):D1333-D1346. doi: 10.1093/nar/gkad1005. PMID: 37953324; PMCID: PMC10767975.|[Congenital Myopathy HPO KB associations] Gargano MA, Matentzoglu N, Coleman B, Addo-Lartey EB, et al. The Human Phenotype Ontology in 2024: phenotypes around the world. Nucleic Acids Res. 2024 Jan 5;52(D1):D1333-D1346. doi: 10.1093/nar/gkad1005. PMID: 37953324; PMCID: PMC10767975.
HP:0011463	Childhood onset 																	[PROMOT note] [Derived from RD-CDM] [6.2.5 Onset Category]					[PROMOT note] [RD-CDM] Graefe, A.S.L., Hübner, M.R., Rehburg, F. et al. An ontology-based rare disease common data model harmonising international registries, FHIR, and Phenopackets. Sci Data 12, 234 (2025). https://doi.org/10.1038/s41597-025-04558-z		[PROMOT note] The PROMOT ontology added a comment to quote the CDM used as a source for this entity.		Class					
HP:0011470	Nasogastric tube feeding in infancy																											(PROMOT:2000001 some ICF:1328675264)|(PROMOT:2000001 some ICF:553784299)|(PROMOT:2000005 some SNOMED:84100007)				
HP:0011470	Nasogastric tube feeding in infancy																															Congenital myopathy Scoping review|[Congenital Myopathy HPO KB associations] Gargano MA, Matentzoglu N, Coleman B, Addo-Lartey EB, et al. The Human Phenotype Ontology in 2024: phenotypes around the world. Nucleic Acids Res. 2024 Jan 5;52(D1):D1333-D1346. doi: 10.1093/nar/gkad1005. PMID: 37953324; PMCID: PMC10767975.
HP:0011471	Gastrostomy tube feeding in infancy																											(PROMOT:2000001 some ICF:1328675264)|(PROMOT:2000001 some ICF:553784299)|(PROMOT:2000005 some SNOMED:84100007)				
HP:0011471	Gastrostomy tube feeding in infancy																															Congenital myopathy Scoping review|[Congenital Myopathy HPO KB associations] Gargano MA, Matentzoglu N, Coleman B, Addo-Lartey EB, et al. The Human Phenotype Ontology in 2024: phenotypes around the world. Nucleic Acids Res. 2024 Jan 5;52(D1):D1333-D1346. doi: 10.1093/nar/gkad1005. PMID: 37953324; PMCID: PMC10767975.
HP:0011727	Peroneal muscle weakness																											(PROMOT:2000001 some ICF:2048203604)|(PROMOT:2000001 some PROMOT:0032074)|(PROMOT:2000005 some SNOMED:84100007)				
HP:0011727	Peroneal muscle weakness																															[OPMD Scoping review 2026] Bélair N, Gagnon C, Duchesne E. What is known about muscle weakness, balance impairments and indoor mobility limitations in oculopharyngeal muscular dystrophy? A scoping review. J Neuromuscul Dis. 2025 Dec 30:22143602251397052. doi: 10.1177/22143602251397052. Epub ahead of print. PMID: 41467981.|[OPMD Clinical Registry Form]|Congenital myasthenic syndrom Scoping review|Congenital myopathy Scoping review
HP:0011968	Feeding difficulties																		[PROMOT note] [Present in EURO-NMD NMD-CDE] [has_feeding_difficulties]				[PROMOT note] [EURO-NMD] Atalia A et al., EURO-NMD registry: federated FAIR infrastructure, innovative technologies and concepts of a patient-centred registry for rare neuromuscular disorders. Orphanet J Rare Dis. 2024 Feb 14;19(1):66. doi: 10.1186/s13023-024-03059-3. PMID: 38355534; PMCID: PMC10865673.		[PROMOT note] The PROMOT ontology added a comment to quote the CDM used as a source for this entity.		Class					
HP:0011968	Feeding difficulties																											(PROMOT:2000001 some ICF:1328675264)|(PROMOT:2000001 some ICF:553784299)|(PROMOT:2000001 some ICF:1174312718)|(PROMOT:2000001 some ICF:1389818830)|(PROMOT:2000001 some ICF:1806589582)|(PROMOT:2000001 some ICF:2089171534)|(PROMOT:2000001 some ICF:539470158)|(PROMOT:2000001 some ICF:923782542)|(PROMOT:2000005 some SNOMED:84100007)				
HP:0011968	Feeding difficulties																															[OPMD HPO KB associations] Gargano MA, Matentzoglu N, Coleman B, Addo-Lartey EB, et al. The Human Phenotype Ontology in 2024: phenotypes around the world. Nucleic Acids Res. 2024 Jan 5;52(D1):D1333-D1346. doi: 10.1093/nar/gkad1005. PMID: 37953324; PMCID: PMC10767975.|[OPMD Clinical Research Form]|Congenital myasthenic syndrom Scoping review|[Congenital Myasthenic syndrom HPO KB associations] Gargano MA, Matentzoglu N, Coleman B, Addo-Lartey EB, et al. The Human Phenotype Ontology in 2024: phenotypes around the world. Nucleic Acids Res. 2024 Jan 5;52(D1):D1333-D1346. doi: 10.1093/nar/gkad1005. PMID: 37953324; PMCID: PMC10767975.|Congenital myopathy Scoping review|[Congenital Myopathy HPO KB associations] Gargano MA, Matentzoglu N, Coleman B, Addo-Lartey EB, et al. The Human Phenotype Ontology in 2024: phenotypes around the world. Nucleic Acids Res. 2024 Jan 5;52(D1):D1333-D1346. doi: 10.1093/nar/gkad1005. PMID: 37953324; PMCID: PMC10767975.
HP:0012378	Fatigue																											(PROMOT:2000001 some ICF:1864074583)|(PROMOT:2000005 some SNOMED:840297006)				
HP:0012378	Fatigue																															[OPMD Clinical Registry Form]|[OPMD HPO KB associations] Gargano MA, Matentzoglu N, Coleman B, Addo-Lartey EB, et al. The Human Phenotype Ontology in 2024: phenotypes around the world. Nucleic Acids Res. 2024 Jan 5;52(D1):D1333-D1346. doi: 10.1093/nar/gkad1005. PMID: 37953324; PMCID: PMC10767975.|[OPMD Clinical Research Form]
HP:0012473	Tongue atrophy																											(PROMOT:2000001 some ICF:1328675264)|(PROMOT:2000001 some ICF:553784299)|(PROMOT:2000001 some ICF:151046878)|(PROMOT:2000001 some PROMOT:0032093)|(PROMOT:2000005 some SNOMED:84100007)				
HP:0012473	Tongue atrophy																															[OPMD HPO KB associations] Gargano MA, Matentzoglu N, Coleman B, Addo-Lartey EB, et al. The Human Phenotype Ontology in 2024: phenotypes around the world. Nucleic Acids Res. 2024 Jan 5;52(D1):D1333-D1346. doi: 10.1093/nar/gkad1005. PMID: 37953324; PMCID: PMC10767975.
HP:0012497	Reduced maximal expiratory pressure																															[OPMD Medical Expert] https://orcid.org/0000-0003-2829-8470
HP:0012497	Reduced maximal expiratory pressure 																											(PROMOT:2000001 some ICF:1789365017)|(PROMOT:2000005 some (SNOMED:12894003 OR SNOMED:84100007))				
HP:0012515	Hip flexor weakness																											(PROMOT:2000001 some ICF:2048203604)|(PROMOT:2000001 some PROMOT:0032090)|(PROMOT:2000005 some (SNOMED:12894003 OR SNOMED:84100007))				
HP:0012515	Hip flexor weakness																															[OPMD Scoping review 2026] Bélair N, Gagnon C, Duchesne E. What is known about muscle weakness, balance impairments and indoor mobility limitations in oculopharyngeal muscular dystrophy? A scoping review. J Neuromuscul Dis. 2025 Dec 30:22143602251397052. doi: 10.1177/22143602251397052. Epub ahead of print. PMID: 41467981.|[OPMD Clinical Registry Form]|[OPMD Clinical Research Form]|Congenital myasthenic syndrom Scoping review|[Congenital Myasthenic syndrom HPO KB associations] Gargano MA, Matentzoglu N, Coleman B, Addo-Lartey EB, et al. The Human Phenotype Ontology in 2024: phenotypes around the world. Nucleic Acids Res. 2024 Jan 5;52(D1):D1333-D1346. doi: 10.1093/nar/gkad1005. PMID: 37953324; PMCID: PMC10767975.|Congenital myopathy Scoping review
HP:0012531	Pain																											(PROMOT:2000001 some ICF:1065560247)|(PROMOT:2000001 some ICF:117147127)|(PROMOT:2000001 some ICF:1299345975)|(PROMOT:2000001 some ICF:1515853559)|(PROMOT:2000001 some ICF:299098423)|(PROMOT:2000001 some ICF:454325322)|(PROMOT:2000001 some ICF:682314871)|(PROMOT:2000001 some ICF:893697482)|(PROMOT:2000005 some SNOMED:840297006)				
HP:0012531	Pain																															[OPMD Clinical Registry Form]|[OPMD HPO KB associations] Gargano MA, Matentzoglu N, Coleman B, Addo-Lartey EB, et al. The Human Phenotype Ontology in 2024: phenotypes around the world. Nucleic Acids Res. 2024 Jan 5;52(D1):D1333-D1346. doi: 10.1093/nar/gkad1005. PMID: 37953324; PMCID: PMC10767975.|[OPMD Clinical Research Form]|Congenital myasthenic syndrom Scoping review
HP:0012735	Cough 																											(PROMOT:2000001 some ICF:1083127119)|(PROMOT:2000005 some SNOMED:12894003)				
HP:0012735	Cough 																															[OPMD Clinical Research Form]
HP:0012768	Neonatal asphyxia																											(PROMOT:2000005 some SNOMED:84100007)				
HP:0012768	Neonatal asphyxia																															Congenital myopathy Scoping review
HP:0012823	Clinical modifier																	[PROMOT note] [Derived from RD-CDM] [6.2.1 Phenotypic Feature] 	[PROMOT note] [Derived from EURO-NMD NMD-CDE] 				[PROMOT note] [RD-CDM] Graefe, A.S.L., Hübner, M.R., Rehburg, F. et al. An ontology-based rare disease common data model harmonising international registries, FHIR, and Phenopackets. Sci Data 12, 234 (2025). https://doi.org/10.1038/s41597-025-04558-z|[PROMOT note] [EURO-NMD] Atalia A et al., EURO-NMD registry: federated FAIR infrastructure, innovative technologies and concepts of a patient-centred registry for rare neuromuscular disorders. Orphanet J Rare Dis. 2024 Feb 14;19(1):66. doi: 10.1186/s13023-024-03059-3. PMID: 38355534; PMCID: PMC10865673.		[PROMOT note] The PROMOT ontology added a comment to quote the CDM used as a source for this entity.		Class	BFO:0000019				
HP:0012824	Severity																	[PROMOT note] [Derived from RD-CDM] [6.2.7 Severity]					[PROMOT note] [RD-CDM] Graefe, A.S.L., Hübner, M.R., Rehburg, F. et al. An ontology-based rare disease common data model harmonising international registries, FHIR, and Phenopackets. Sci Data 12, 234 (2025). https://doi.org/10.1038/s41597-025-04558-z		[PROMOT note] The PROMOT ontology added a comment to quote the CDM used as a source for this entity.		Class	HP:0012823|(RO:0000080 some HP:0000118)				
HP:0012825	Mild																	[PROMOT note] [Derived from RD-CDM] [6.2.7 Severity]					[PROMOT note] [RD-CDM] Graefe, A.S.L., Hübner, M.R., Rehburg, F. et al. An ontology-based rare disease common data model harmonising international registries, FHIR, and Phenopackets. Sci Data 12, 234 (2025). https://doi.org/10.1038/s41597-025-04558-z		[PROMOT note] The PROMOT ontology added a comment to quote the CDM used as a source for this entity.		Class					
HP:0012826	Moderate																	[PROMOT note] [Derived from RD-CDM] [6.2.7 Severity]					[PROMOT note] [RD-CDM] Graefe, A.S.L., Hübner, M.R., Rehburg, F. et al. An ontology-based rare disease common data model harmonising international registries, FHIR, and Phenopackets. Sci Data 12, 234 (2025). https://doi.org/10.1038/s41597-025-04558-z		[PROMOT note] The PROMOT ontology added a comment to quote the CDM used as a source for this entity.		Class					
HP:0012827	Borderline																	[PROMOT note] [Derived from RD-CDM] [6.2.7 Severity]					[PROMOT note] [RD-CDM] Graefe, A.S.L., Hübner, M.R., Rehburg, F. et al. An ontology-based rare disease common data model harmonising international registries, FHIR, and Phenopackets. Sci Data 12, 234 (2025). https://doi.org/10.1038/s41597-025-04558-z		[PROMOT note] The PROMOT ontology added a comment to quote the CDM used as a source for this entity.		Class					
HP:0012828	Severe																	[PROMOT note] [Derived from RD-CDM] [6.2.7 Severity]					[PROMOT note] [RD-CDM] Graefe, A.S.L., Hübner, M.R., Rehburg, F. et al. An ontology-based rare disease common data model harmonising international registries, FHIR, and Phenopackets. Sci Data 12, 234 (2025). https://doi.org/10.1038/s41597-025-04558-z		[PROMOT note] The PROMOT ontology added a comment to quote the CDM used as a source for this entity.		Class					
HP:0012829	Profound																	[PROMOT note] [Derived from RD-CDM] [6.2.7 Severity]					[PROMOT note] [RD-CDM] Graefe, A.S.L., Hübner, M.R., Rehburg, F. et al. An ontology-based rare disease common data model harmonising international registries, FHIR, and Phenopackets. Sci Data 12, 234 (2025). https://doi.org/10.1038/s41597-025-04558-z		[PROMOT note] The PROMOT ontology added a comment to quote the CDM used as a source for this entity.		Class					
HP:0025156	Dependency on intravenous nutrition																											(PROMOT:2000001 some ICF:1328675264)|(PROMOT:2000001 some ICF:553784299)|(PROMOT:2000005 some SNOMED:84100007)				
HP:0025156	Dependency on intravenous nutrition																															Congenital myopathy Scoping review
HP:0025820	Offspring of consanguineous relationship 																	[PROMOT note] [Derived from RD-CDM] [6.3.4 Consanguinity]	[PROMOT note] [Derived from EURO-NMD NMD-CDE] [consanguinity]				[PROMOT note] [RD-CDM] Graefe, A.S.L., Hübner, M.R., Rehburg, F. et al. An ontology-based rare disease common data model harmonising international registries, FHIR, and Phenopackets. Sci Data 12, 234 (2025). https://doi.org/10.1038/s41597-025-04558-z|[PROMOT note] [EURO-NMD] Atalia A et al., EURO-NMD registry: federated FAIR infrastructure, innovative technologies and concepts of a patient-centred registry for rare neuromuscular disorders. Orphanet J Rare Dis. 2024 Feb 14;19(1):66. doi: 10.1186/s13023-024-03059-3. PMID: 38355534; PMCID: PMC10865673.	http://snomed.info/id/842009	[PROMOT note] The PROMOT ontology added a comment to quote the CDMs used as a source for this entity. A crossref to the orignal RD-CDM element has also been added.		Class	BFO:0000019|(RO:0000080 some NCIT:C16960)				
HP:0030000	EMG: repetitive nerve stimulation abnormality																											(PROMOT:2000001 some ICF:1789365017)|(PROMOT:2000005 some SNOMED:84100007)				
HP:0030000	EMG: repetitive nerve stimulation abnormality																															Congenital myasthenic syndrom Scoping review|Congenital myopathy Scoping review
HP:0030006	Single fiber EMG abnormality																											(PROMOT:2000001 some ICF:1789365017)|(PROMOT:2000005 some SNOMED:84100007)				
HP:0030006	Single fiber EMG abnormality																															Congenital myasthenic syndrom Scoping review
HP:0030192	Fatigable weakness of bulbar muscles 																											(PROMOT:2000001 some ICF:1328675264)|(PROMOT:2000001 some ICF:553784299)|(PROMOT:2000001 some ICF:151046878)|(PROMOT:2000001 some ICF:1521707777)|(PROMOT:2000001 some ICF:1789365017)|(PROMOT:2000001 some ICF:691689627)|(PROMOT:2000001 some ICF:712570723)|(PROMOT:2000001 some ICF:923782542)|(PROMOT:2000005 some SNOMED:84100007)				
HP:0030192	Fatigable weakness of bulbar muscles 																															Congenital myasthenic syndrom Scoping review|[Congenital Myasthenic syndrom HPO KB associations] Gargano MA, Matentzoglu N, Coleman B, Addo-Lartey EB, et al. The Human Phenotype Ontology in 2024: phenotypes around the world. Nucleic Acids Res. 2024 Jan 5;52(D1):D1333-D1346. doi: 10.1093/nar/gkad1005. PMID: 37953324; PMCID: PMC10767975.|Congenital myopathy Scoping review|[Congenital Myopathy HPO KB associations] Gargano MA, Matentzoglu N, Coleman B, Addo-Lartey EB, et al. The Human Phenotype Ontology in 2024: phenotypes around the world. Nucleic Acids Res. 2024 Jan 5;52(D1):D1333-D1346. doi: 10.1093/nar/gkad1005. PMID: 37953324; PMCID: PMC10767975.
HP:0030193	Fatigable weakness of chewing muscles																											(PROMOT:2000001 some ICF:1328675264)|(PROMOT:2000001 some ICF:1389818830)|(PROMOT:2000001 some ICF:1521707777)|(PROMOT:2000001 some ICF:1789365017)|(PROMOT:2000005 some SNOMED:84100007)				
HP:0030193	Fatigable weakness of chewing muscles																															Congenital myasthenic syndrom Scoping review|Congenital myopathy Scoping review
HP:0030194	Fatigable weakness of speech muscles 																											(PROMOT:2000001 some ICF:151046878)|(PROMOT:2000001 some ICF:1521707777)|(PROMOT:2000001 some ICF:1789365017)|(PROMOT:2000005 some SNOMED:84100007)				
HP:0030194	Fatigable weakness of speech muscles 																															Congenital myasthenic syndrom Scoping review|Congenital myopathy Scoping review
HP:0030195	Fatigable weakness of swallowing muscles 																											(PROMOT:2000001 some ICF:1328675264)|(PROMOT:2000001 some ICF:553784299)|(PROMOT:2000001 some ICF:1521707777)|(PROMOT:2000001 some ICF:1789365017)|(PROMOT:2000001 some ICF:923782542)|(PROMOT:2000005 some SNOMED:84100007)				
HP:0030195	Fatigable weakness of swallowing muscles 																															Congenital myasthenic syndrom Scoping review|Congenital myopathy Scoping review|[Congenital Myopathy HPO KB associations] Gargano MA, Matentzoglu N, Coleman B, Addo-Lartey EB, et al. The Human Phenotype Ontology in 2024: phenotypes around the world. Nucleic Acids Res. 2024 Jan 5;52(D1):D1333-D1346. doi: 10.1093/nar/gkad1005. PMID: 37953324; PMCID: PMC10767975.
HP:0030196	Fatigable weakness of respiratory muscles 																											(PROMOT:2000001 some ICF:1360101629)|(PROMOT:2000001 some ICF:1521707777)|(PROMOT:2000001 some ICF:1789365017)|(PROMOT:2000001 some ICF:446199613)|(PROMOT:2000005 some SNOMED:12894003)				
HP:0030196	Fatigable weakness of respiratory muscles 																															Congenital myasthenic syndrom Scoping review|[Congenital Myasthenic syndrom HPO KB associations] Gargano MA, Matentzoglu N, Coleman B, Addo-Lartey EB, et al. The Human Phenotype Ontology in 2024: phenotypes around the world. Nucleic Acids Res. 2024 Jan 5;52(D1):D1333-D1346. doi: 10.1093/nar/gkad1005. PMID: 37953324; PMCID: PMC10767975.|Congenital myopathy Scoping review|[Congenital Myopathy HPO KB associations] Gargano MA, Matentzoglu N, Coleman B, Addo-Lartey EB, et al. The Human Phenotype Ontology in 2024: phenotypes around the world. Nucleic Acids Res. 2024 Jan 5;52(D1):D1333-D1346. doi: 10.1093/nar/gkad1005. PMID: 37953324; PMCID: PMC10767975.
HP:0030197	Fatigable weakness of skeletal muscles																											(PROMOT:2000001 some ICF:2048203604)|(PROMOT:2000001 some ICF:1521707777)|(PROMOT:2000001 some ICF:1789365017)|(PROMOT:2000005 some SNOMED:12894003)				
HP:0030197	Fatigable weakness of skeletal muscles																															Congenital myasthenic syndrom Scoping review|[Congenital Myasthenic syndrom HPO KB associations] Gargano MA, Matentzoglu N, Coleman B, Addo-Lartey EB, et al. The Human Phenotype Ontology in 2024: phenotypes around the world. Nucleic Acids Res. 2024 Jan 5;52(D1):D1333-D1346. doi: 10.1093/nar/gkad1005. PMID: 37953324; PMCID: PMC10767975.|Congenital myopathy Scoping review
HP:0030198	Fatigable weakness of distal limb muscles																											(PROMOT:2000001 some ICF:2048203604)|(PROMOT:2000001 some ICF:1521707777)|(PROMOT:2000001 some ICF:1789365017)|(PROMOT:2000005 some SNOMED:12894003)				
HP:0030198	Fatigable weakness of distal limb muscles																															Congenital myasthenic syndrom Scoping review|Congenital myopathy Scoping review|[Congenital Myopathy HPO KB associations] Gargano MA, Matentzoglu N, Coleman B, Addo-Lartey EB, et al. The Human Phenotype Ontology in 2024: phenotypes around the world. Nucleic Acids Res. 2024 Jan 5;52(D1):D1333-D1346. doi: 10.1093/nar/gkad1005. PMID: 37953324; PMCID: PMC10767975.
HP:0030199	Fatigable weakness of neck muscles 																											(PROMOT:2000001 some ICF:2048203604)|(PROMOT:2000001 some PROMOT:0032043)|(PROMOT:2000001 some PROMOT:0032079)|(PROMOT:2000005 some SNOMED:12894003)				
HP:0030199	Fatigable weakness of neck muscles 																															Congenital myasthenic syndrom Scoping review|[Congenital Myasthenic syndrom HPO KB associations] Gargano MA, Matentzoglu N, Coleman B, Addo-Lartey EB, et al. The Human Phenotype Ontology in 2024: phenotypes around the world. Nucleic Acids Res. 2024 Jan 5;52(D1):D1333-D1346. doi: 10.1093/nar/gkad1005. PMID: 37953324; PMCID: PMC10767975.|Congenital myopathy Scoping review
HP:0030200	Fatiguable weakness of proximal limb muscles 																											(PROMOT:2000001 some ICF:2048203604)|(PROMOT:2000001 some ICF:1521707777)|(PROMOT:2000001 some ICF:1789365017)|(PROMOT:2000005 some SNOMED:12894003)				
HP:0030200	Fatiguable weakness of proximal limb muscles 																															Congenital myasthenic syndrom Scoping review|Congenital myopathy Scoping review|[Congenital Myopathy HPO KB associations] Gargano MA, Matentzoglu N, Coleman B, Addo-Lartey EB, et al. The Human Phenotype Ontology in 2024: phenotypes around the world. Nucleic Acids Res. 2024 Jan 5;52(D1):D1333-D1346. doi: 10.1093/nar/gkad1005. PMID: 37953324; PMCID: PMC10767975.
HP:0030202	Favorable response of weakness to acetylcholine esterase inhibitors																											(PROMOT:2000005 some SNOMED:84100007)				
HP:0030202	Favorable response of weakness to acetylcholine esterase inhibitors																															Congenital myasthenic syndrom Scoping review|[Congenital Myasthenic syndrom HPO KB associations] Gargano MA, Matentzoglu N, Coleman B, Addo-Lartey EB, et al. The Human Phenotype Ontology in 2024: phenotypes around the world. Nucleic Acids Res. 2024 Jan 5;52(D1):D1333-D1346. doi: 10.1093/nar/gkad1005. PMID: 37953324; PMCID: PMC10767975.
HP:0030203	Unfavorable response of muscle weakness to acetylcholine esterase inhibitors																											(PROMOT:2000005 some SNOMED:84100007)				
HP:0030203	Unfavorable response of muscle weakness to acetylcholine esterase inhibitors																															Congenital myasthenic syndrom Scoping review|[Congenital Myasthenic syndrom HPO KB associations] Gargano MA, Matentzoglu N, Coleman B, Addo-Lartey EB, et al. The Human Phenotype Ontology in 2024: phenotypes around the world. Nucleic Acids Res. 2024 Jan 5;52(D1):D1333-D1346. doi: 10.1093/nar/gkad1005. PMID: 37953324; PMCID: PMC10767975.
HP:0030205	Increased jitter at single fiber EMG																											(PROMOT:2000001 some ICF:1789365017)				
HP:0030205	Increased jitter at single fiber EMG																															Congenital myasthenic syndrom Scoping review|[Congenital Myasthenic syndrom HPO KB associations] Gargano MA, Matentzoglu N, Coleman B, Addo-Lartey EB, et al. The Human Phenotype Ontology in 2024: phenotypes around the world. Nucleic Acids Res. 2024 Jan 5;52(D1):D1333-D1346. doi: 10.1093/nar/gkad1005. PMID: 37953324; PMCID: PMC10767975.
HP:0030211	Slow pupillary light response																											(PROMOT:2000005 some SNOMED:84100007)				
HP:0030211	Slow pupillary light response																															Congenital myasthenic syndrom Scoping review|[Congenital Myasthenic syndrom HPO KB associations] Gargano MA, Matentzoglu N, Coleman B, Addo-Lartey EB, et al. The Human Phenotype Ontology in 2024: phenotypes around the world. Nucleic Acids Res. 2024 Jan 5;52(D1):D1333-D1346. doi: 10.1093/nar/gkad1005. PMID: 37953324; PMCID: PMC10767975.
HP:0030237	Hand muscle weakness																											(PROMOT:2000001 some ICF:2048203604)|(PROMOT:2000001 some PROMOT:0032070)|(PROMOT:2000005 some (SNOMED:12894003 OR SNOMED:84100007))				
HP:0030237	Hand muscle weakness																															[OPMD Scoping review 2026] Bélair N, Gagnon C, Duchesne E. What is known about muscle weakness, balance impairments and indoor mobility limitations in oculopharyngeal muscular dystrophy? A scoping review. J Neuromuscul Dis. 2025 Dec 30:22143602251397052. doi: 10.1177/22143602251397052. Epub ahead of print. PMID: 41467981.|[OPMD Clinical Registry Form]|[OPMD Clinical Research Form]|Congenital myasthenic syndrom Scoping review|[Congenital Myasthenic syndrom HPO KB associations] Gargano MA, Matentzoglu N, Coleman B, Addo-Lartey EB, et al. The Human Phenotype Ontology in 2024: phenotypes around the world. Nucleic Acids Res. 2024 Jan 5;52(D1):D1333-D1346. doi: 10.1093/nar/gkad1005. PMID: 37953324; PMCID: PMC10767975.|Congenital myopathy Scoping review
HP:0030319	Weakness of facial musculature																		[PROMOT note] [Present in EURO-NMD NMD-CDE] [has_facial_weakness]				[PROMOT note] [EURO-NMD] Atalia A et al., EURO-NMD registry: federated FAIR infrastructure, innovative technologies and concepts of a patient-centred registry for rare neuromuscular disorders. Orphanet J Rare Dis. 2024 Feb 14;19(1):66. doi: 10.1186/s13023-024-03059-3. PMID: 38355534; PMCID: PMC10865673.		[PROMOT note] The PROMOT ontology added a comment to quote the CDM used as a source for this entity.		Class					
HP:0030319	Weakness of facial musculature																											(PROMOT:2000001 some ICF:1328675264)|(PROMOT:2000001 some ICF:1580195090)|(PROMOT:2000001 some PROMOT:0032066)|(PROMOT:2000005 some SNOMED:84100007)				
HP:0030319	Weakness of facial musculature																															[OPMD Scoping review 2026] Bélair N, Gagnon C, Duchesne E. What is known about muscle weakness, balance impairments and indoor mobility limitations in oculopharyngeal muscular dystrophy? A scoping review. J Neuromuscul Dis. 2025 Dec 30:22143602251397052. doi: 10.1177/22143602251397052. Epub ahead of print. PMID: 41467981.|[OPMD Clinical Registry Form]|[OPMD HPO KB associations] Gargano MA, Matentzoglu N, Coleman B, Addo-Lartey EB, et al. The Human Phenotype Ontology in 2024: phenotypes around the world. Nucleic Acids Res. 2024 Jan 5;52(D1):D1333-D1346. doi: 10.1093/nar/gkad1005. PMID: 37953324; PMCID: PMC10767975.|Congenital myasthenic syndrom Scoping review|[Congenital Myasthenic syndrom HPO KB associations] Gargano MA, Matentzoglu N, Coleman B, Addo-Lartey EB, et al. The Human Phenotype Ontology in 2024: phenotypes around the world. Nucleic Acids Res. 2024 Jan 5;52(D1):D1333-D1346. doi: 10.1093/nar/gkad1005. PMID: 37953324; PMCID: PMC10767975.|Congenital myopathy Scoping review|[Congenital Myopathy HPO KB associations] Gargano MA, Matentzoglu N, Coleman B, Addo-Lartey EB, et al. The Human Phenotype Ontology in 2024: phenotypes around the world. Nucleic Acids Res. 2024 Jan 5;52(D1):D1333-D1346. doi: 10.1093/nar/gkad1005. PMID: 37953324; PMCID: PMC10767975.
HP:0030674	Antenatal onset 																		[PROMOT note] [Derived from EURO-NMD NMD-CDE] [age_at_onset]				[PROMOT note] [EURO-NMD] Atalia A et al., EURO-NMD registry: federated FAIR infrastructure, innovative technologies and concepts of a patient-centred registry for rare neuromuscular disorders. Orphanet J Rare Dis. 2024 Feb 14;19(1):66. doi: 10.1186/s13023-024-03059-3. PMID: 38355534; PMCID: PMC10865673.		[PROMOT note] The PROMOT ontology added a comment to quote the CDM used as a source for this entity.		Class					
HP:0030842	Choking episodes																											(PROMOT:2000001 some ICF:1328675264)|(PROMOT:2000005 some SNOMED:84100007)				
HP:0030842	Choking episodes																															[OPMD Scoping review on dysphagia] Côté C, Gagnon C, Youssof S, et al. The requirement for a disease-specific patient-reported outcome measure of dysphagia in oculopharyngeal muscular dystrophy. Muscle Nerve. 2019;59:445–50. doi: 10.1002/mus.26405
HP:0030872	Abnormal cardiac ventricular function																											(PROMOT:2000001 some ICF:1399000785)|(PROMOT:2000001 some ICF:1780196241)|(PROMOT:2000001 some ICF:2100545361)|(PROMOT:2000005 some SNOMED:84100007)				
HP:0030872	Abnormal cardiac ventricular function																															Congenital myopathy Scoping review
HP:0030884	Gastrojejunal tube feeding in infancy																											(PROMOT:2000001 some ICF:1328675264)|(PROMOT:2000001 some ICF:553784299)|(PROMOT:2000005 some SNOMED:84100007)				
HP:0030884	Gastrojejunal tube feeding in infancy																															Congenital myopathy Scoping review
HP:0031058	Impairment of activities of daily living																											(PROMOT:2000005 some SNOMED:840297006)				
HP:0031058	Impairment of activities of daily living																															[OPMD Clinical Registry Form]|Congenital myopathy Scoping review
HP:0031063	Impaired feeding ability																											(PROMOT:2000001 some ICF:1328675264)|(PROMOT:2000001 some ICF:553784299)|(PROMOT:2000005 some SNOMED:84100007)				
HP:0031063	Impaired feeding ability																															Congenital myopathy Scoping review
HP:0031108	Triceps weakness																											(PROMOT:2000001 some ICF:2048203604)|(PROMOT:2000001 some PROMOT:0032095)|(PROMOT:2000005 some SNOMED:84100007)				
HP:0031108	Triceps weakness																															[OPMD Scoping review 2026] Bélair N, Gagnon C, Duchesne E. What is known about muscle weakness, balance impairments and indoor mobility limitations in oculopharyngeal muscular dystrophy? A scoping review. J Neuromuscul Dis. 2025 Dec 30:22143602251397052. doi: 10.1177/22143602251397052. Epub ahead of print. PMID: 41467981.|[OPMD Clinical Registry Form]|Congenital myasthenic syndrom Scoping review|[Congenital Myasthenic syndrom HPO KB associations] Gargano MA, Matentzoglu N, Coleman B, Addo-Lartey EB, et al. The Human Phenotype Ontology in 2024: phenotypes around the world. Nucleic Acids Res. 2024 Jan 5;52(D1):D1333-D1346. doi: 10.1093/nar/gkad1005. PMID: 37953324; PMCID: PMC10767975.|Congenital myopathy Scoping review
HP:0031146	Impaired oral bolus formation																											(PROMOT:2000001 some ICF:1328675264)|(PROMOT:2000001 some ICF:553784299)|(PROMOT:2000001 some ICF:1174312718)|(PROMOT:2000001 some ICF:1789365017)|(PROMOT:2000005 some SNOMED:84100007)				
HP:0031146	Impaired oral bolus formation																															[OPMD Scoping review on dysphagia] Côté C, Gagnon C, Youssof S, et al. The requirement for a disease-specific patient-reported outcome measure of dysphagia in oculopharyngeal muscular dystrophy. Muscle Nerve. 2019;59:445–50. doi: 10.1002/mus.26405
HP:0031162	Impaired oropharyngeal swallow response																											(PROMOT:2000001 some ICF:1328675264)|(PROMOT:2000001 some ICF:553784299)|(PROMOT:2000001 some ICF:1041382491)|(PROMOT:2000001 some ICF:691689627)|(PROMOT:2000005 some SNOMED:84100007)				
HP:0031162	Impaired oropharyngeal swallow response																															[OPMD Scoping review on dysphagia] Côté C, Gagnon C, Youssof S, et al. The requirement for a disease-specific patient-reported outcome measure of dysphagia in oculopharyngeal muscular dystrophy. Muscle Nerve. 2019;59:445–50. doi: 10.1002/mus.26405
HP:0031177	Finger flexor weakness																											(PROMOT:2000001 some ICF:2048203604)|(PROMOT:2000001 some PROMOT:0032070)|(PROMOT:2000005 some (SNOMED:12894003 OR SNOMED:84100007))				
HP:0031177	Finger flexor weakness																															[OPMD Scoping review 2026] Bélair N, Gagnon C, Duchesne E. What is known about muscle weakness, balance impairments and indoor mobility limitations in oculopharyngeal muscular dystrophy? A scoping review. J Neuromuscul Dis. 2025 Dec 30:22143602251397052. doi: 10.1177/22143602251397052. Epub ahead of print. PMID: 41467981.|[OPMD Clinical Registry Form]|Congenital myasthenic syndrom Scoping review|Congenital myopathy Scoping review
HP:0031374	Ankle weakness																											(PROMOT:2000001 some ICF:2048203604)|(PROMOT:2000001 some PROMOT:0032074)|(PROMOT:2000005 some SNOMED:12894003)				
HP:0031374	Ankle weakness																															[OPMD Scoping review 2026] Bélair N, Gagnon C, Duchesne E. What is known about muscle weakness, balance impairments and indoor mobility limitations in oculopharyngeal muscular dystrophy? A scoping review. J Neuromuscul Dis. 2025 Dec 30:22143602251397052. doi: 10.1177/22143602251397052. Epub ahead of print. PMID: 41467981.|[OPMD Clinical Registry Form]|Congenital myasthenic syndrom Scoping review|[Congenital Myasthenic syndrom HPO KB associations] Gargano MA, Matentzoglu N, Coleman B, Addo-Lartey EB, et al. The Human Phenotype Ontology in 2024: phenotypes around the world. Nucleic Acids Res. 2024 Jan 5;52(D1):D1333-D1346. doi: 10.1093/nar/gkad1005. PMID: 37953324; PMCID: PMC10767975.|Congenital myopathy Scoping review
HP:0031826	Abnormal reflex																											(PROMOT:2000001 some ICF:1434015402)|(PROMOT:2000005 some SNOMED:84100007)				
HP:0031826	Abnormal reflex																															Congenital myasthenic syndrom Scoping review|Congenital myopathy Scoping review
HP:0031914	Fluctuating																	[PROMOT note] [Derived from RD-CDM] [6.2.6 Temporal pattern]					[PROMOT note] [RD-CDM] Graefe, A.S.L., Hübner, M.R., Rehburg, F. et al. An ontology-based rare disease common data model harmonising international registries, FHIR, and Phenopackets. Sci Data 12, 234 (2025). https://doi.org/10.1038/s41597-025-04558-z		[PROMOT note] The PROMOT ontology added a comment to quote the CDM used as a source for this entity.		Class					
HP:0031914	Fluctuating																															Congenital myasthenic syndrom Scoping review|Congenital myopathy Scoping review
HP:0031936	Delayed ability to walk 																											(PROMOT:2000001 some ICF:1550548595)|(PROMOT:2000005 some SNOMED:84100007)				
HP:0031936	Delayed ability to walk 																															Congenital myasthenic syndrom Scoping review|Congenital myopathy Scoping review|[Congenital Myopathy HPO KB associations] Gargano MA, Matentzoglu N, Coleman B, Addo-Lartey EB, et al. The Human Phenotype Ontology in 2024: phenotypes around the world. Nucleic Acids Res. 2024 Jan 5;52(D1):D1333-D1346. doi: 10.1093/nar/gkad1005. PMID: 37953324; PMCID: PMC10767975.
HP:0032043	Odynophagia																											(PROMOT:2000001 some ICF:1328675264)|(PROMOT:2000001 some ICF:553784299)|(PROMOT:2000001 some ICF:299098423)|(PROMOT:2000001 some ICF:923782542)|(PROMOT:2000005 some SNOMED:84100007)				
HP:0032043	Odynophagia																															[OPMD Scoping review on dysphagia] Côté C, Gagnon C, Youssof S, et al. The requirement for a disease-specific patient-reported outcome measure of dysphagia in oculopharyngeal muscular dystrophy. Muscle Nerve. 2019;59:445–50. doi: 10.1002/mus.26405
HP:0032319	Health status																	[PROMOT note] [Derived from RD-CDM] [6.3.13 Family Member Disease]					[PROMOT note] [RD-CDM] Graefe, A.S.L., Hübner, M.R., Rehburg, F. et al. An ontology-based rare disease common data model harmonising international registries, FHIR, and Phenopackets. Sci Data 12, 234 (2025). https://doi.org/10.1038/s41597-025-04558-z|EU-CDE	LOINC:75315-2			Class	BFO:0000019				
HP:0032341	Reduced forced vital capacity																											(PROMOT:2000001 some ICF:1360101629)|(PROMOT:2000001 some ICF:446199613)|(PROMOT:2000005 some (SNOMED:12894003 OR SNOMED:84100007))				
HP:0032341	Reduced forced vital capacity																															[OPMD Clinical Registry Form]|Congenital myasthenic syndrom Scoping review|Congenital myopathy Scoping review
HP:0032355	Decreased peak expiratory flow																											(PROMOT:2000001 some ICF:1789365017)|(PROMOT:2000001 some ICF:446199613)|(PROMOT:2000005 some SNOMED:12894003)				
HP:0032355	Decreased peak expiratory flow																															[OPMD Medical Expert] https://orcid.org/0000-0003-2829-8470
HP:0033235	Difficulty descending stairs																											(PROMOT:2000001 some ICF:1993770860)|(PROMOT:2000005 some (SNOMED:12894003 OR SNOMED:84100007))				
HP:0033235	Difficulty descending stairs																															[OPMD Scoping review 2026] Bélair N, Gagnon C, Duchesne E. What is known about muscle weakness, balance impairments and indoor mobility limitations in oculopharyngeal muscular dystrophy? A scoping review. J Neuromuscul Dis. 2025 Dec 30:22143602251397052. doi: 10.1177/22143602251397052. Epub ahead of print. PMID: 41467981.|[OPMD Clinical Research Form]
HP:0033416	Hip adductor weakness																											(PROMOT:2000001 some ICF:2048203604)|(PROMOT:2000001 some PROMOT:0032090)|(PROMOT:2000005 some (SNOMED:12894003 OR SNOMED:84100007))				
HP:0033416	Hip adductor weakness																															[OPMD Scoping review 2026] Bélair N, Gagnon C, Duchesne E. What is known about muscle weakness, balance impairments and indoor mobility limitations in oculopharyngeal muscular dystrophy? A scoping review. J Neuromuscul Dis. 2025 Dec 30:22143602251397052. doi: 10.1177/22143602251397052. Epub ahead of print. PMID: 41467981.|[OPMD Clinical Registry Form]|[OPMD Clinical Research Form]|Congenital myasthenic syndrom Scoping review|Congenital myopathy Scoping review
HP:0033454	Tube feeding																											(PROMOT:2000001 some ICF:1328675264)|(PROMOT:2000001 some ICF:553784299)|(PROMOT:2000005 some SNOMED:84100007)				
HP:0033454	Tube feeding																															[Congenital Myasthenic syndrom HPO KB associations] Gargano MA, Matentzoglu N, Coleman B, Addo-Lartey EB, et al. The Human Phenotype Ontology in 2024: phenotypes around the world. Nucleic Acids Res. 2024 Jan 5;52(D1):D1333-D1346. doi: 10.1093/nar/gkad1005. PMID: 37953324; PMCID: PMC10767975.|Congenital myopathy Scoping review|[Congenital Myopathy HPO KB associations] Gargano MA, Matentzoglu N, Coleman B, Addo-Lartey EB, et al. The Human Phenotype Ontology in 2024: phenotypes around the world. Nucleic Acids Res. 2024 Jan 5;52(D1):D1333-D1346. doi: 10.1093/nar/gkad1005. PMID: 37953324; PMCID: PMC10767975.
HP:0033466	Weak grip																											(PROMOT:2000001 some PROMOT:0032070)|(PROMOT:2000005 some (SNOMED:12894003 OR SNOMED:84100007))				
HP:0033466	Weak grip																															[OPMD Clinical Research Form]
HP:0033580	Compound motor action potential abnormality																											(PROMOT:2000005 some SNOMED:84100007)				
HP:0033580	Compound motor action potential abnormality																															Congenital myasthenic syndrom Scoping review
HP:0033666	Diminished physical functioning 																											(PROMOT:2000005 some SNOMED:840297006)				
HP:0033667	Diminished mental health																											(PROMOT:2000005 some (SNOMED:12894003 OR SNOMED:84100007))				
HP:0033667	Diminished mental health																															[OPMD Clinical Registry Form]
HP:0033695	Occupational disability																															[OPMD Clinical Registry Form]
HP:0033994	Dependency on parenteral nutrition																											(PROMOT:2000001 some ICF:1328675264)|(PROMOT:2000001 some ICF:553784299)|(PROMOT:2000005 some SNOMED:84100007)				
HP:0033994	Dependency on parenteral nutrition																															Congenital myopathy Scoping review
HP:0040081	Abnormal circulating creatine kinase concentration																											(PROMOT:2000005 some SNOMED:84100007)				
HP:0040081	Abnormal circulating creatine kinase concentration																															Congenital myasthenic syndrom Scoping review|Congenital myopathy Scoping review|[Congenital Myopathy HPO KB associations] Gargano MA, Matentzoglu N, Coleman B, Addo-Lartey EB, et al. The Human Phenotype Ontology in 2024: phenotypes around the world. Nucleic Acids Res. 2024 Jan 5;52(D1):D1333-D1346. doi: 10.1093/nar/gkad1005. PMID: 37953324; PMCID: PMC10767975.
HP:0040288	Nasogastric tube feeding																											(PROMOT:2000001 some ICF:1328675264)|(PROMOT:2000001 some ICF:553784299)|(PROMOT:2000005 some SNOMED:84100007)				
HP:0040288	Nasogastric tube feeding																															Congenital myopathy Scoping review|[Congenital Myopathy HPO KB associations] Gargano MA, Matentzoglu N, Coleman B, Addo-Lartey EB, et al. The Human Phenotype Ontology in 2024: phenotypes around the world. Nucleic Acids Res. 2024 Jan 5;52(D1):D1333-D1346. doi: 10.1093/nar/gkad1005. PMID: 37953324; PMCID: PMC10767975.
HP:0200136	Oral-pharyngeal dysphagia																											(PROMOT:2000001 some ICF:1328675264)|(PROMOT:2000001 some ICF:553784299)|(PROMOT:2000001 some ICF:923782542)|(PROMOT:2000005 some (SNOMED:840297006 OR SNOMED:12894003 OR SNOMED:84100007))				
HP:0200136	Oral-pharyngeal dysphagia																															[OPMD Scoping review on dysphagia] Côté C, Gagnon C, Youssof S, et al. The requirement for a disease-specific patient-reported outcome measure of dysphagia in oculopharyngeal muscular dystrophy. Muscle Nerve. 2019;59:445–50. doi: 10.1002/mus.26405|[OPMD Clinical Registry Form]|Congenital myasthenic syndrom Scoping review|Congenital myopathy Scoping review
HP:0410280	Pediatric onset 																		[PROMOT note] [Derived from EURO-NMD NMD-CDE] [age_at_onset]				[PROMOT note] [EURO-NMD] Atalia A et al., EURO-NMD registry: federated FAIR infrastructure, innovative technologies and concepts of a patient-centred registry for rare neuromuscular disorders. Orphanet J Rare Dis. 2024 Feb 14;19(1):66. doi: 10.1186/s13023-024-03059-3. PMID: 38355534; PMCID: PMC10865673.		[PROMOT note] The PROMOT ontology added a comment to quote the CDM used as a source for this entity.		Class					
HP:6000327	Thoracic cage flatness																											(PROMOT:2000005 some SNOMED:84100007)				
HP:6000327	Thoracic cage flatness																															Congenital myopathy Scoping review
HP:6001011	Wet voice																											(PROMOT:2000001 some ICF:151046878)|(PROMOT:2000001 some ICF:1846694084)|(PROMOT:2000005 some SNOMED:84100007)				
HP:6001011	Wet voice																															[OPMD Clinical Registry Form]
IAO:0000027	data item																  	[PROMOT note] [Derived from RD-CDM] [6.3.2 Value]					[PROMOT note] [RD-CDM] Graefe, A.S.L., Hübner, M.R., Rehburg, F. et al. An ontology-based rare disease common data model harmonising international registries, FHIR, and Phenopackets. Sci Data 12, 234 (2025). https://doi.org/10.1038/s41597-025-04558-z	NCIT:C25712	[PROMOT note] The PROMOT ontology added a comment to quote the CDM used as a source for this entity. A crossref to the orignal RD-CDM element from NCIT has also been added.		Class					
IAO:0000030	information content entity																										Class	BFO:0000031				
IAO:0020000	identifier																	[PROMOT note] [Derived from RD-CDM] [1.1 Pseudonym]					[PROMOT note] [RD-CDM] Graefe, A.S.L., Hübner, M.R., Rehburg, F. et al. An ontology-based rare disease common data model harmonising international registries, FHIR, and Phenopackets. Sci Data 12, 234 (2025). https://doi.org/10.1038/s41597-025-04558-z|EU-CDE	http://snomed.info/id/422549004	[PROMOT note] The PROMOT ontology added a comment to quote the CDM used as a source for this entity. A crossref to the orignal element has also been added.		Class					
ICF:1034220517	Alternative vocalization functions																											(PROMOT:2000006 some SNOMED:84100007)|(RO:0002331 some ICF:151046878)				
ICF:1041382491	Oral swallowing																											(PROMOT:2000006 some (SNOMED:840297006 OR SNOMED:12894003))|(RO:0002331 some ICF:1328675264)|(RO:0002331 some ICF:553784299)				
ICF:1065560247	Pain in stomach or abdomen																											(PROMOT:2000006 some SNOMED:84100007)				
ICF:1083127119	Functions of coughing																											(PROMOT:2000006 some SNOMED:12894003)				
ICF:1090716697	Functions of external muscles of the eye																											(PROMOT:2000006 some SNOMED:12894003)				
ICF:1109440237	Speed of speech																											(PROMOT:2000006 some SNOMED:84100007)|(RO:0002331 some ICF:151046878)				
ICF:117147127	Pain in chest																											(PROMOT:2000006 some SNOMED:84100007)				
ICF:1174312718	Manipulation of food in the mouth																											(PROMOT:2000006 some SNOMED:840297006)|(RO:0002331 some ICF:1328675264)				
ICF:1182439715	Cervical vertebral column 																											(RO:0000091 some HP:0002751)|(RO:0000091 some HP:0002808)|(RO:0000091 some HP:0003306)|(RO:0000091 some HP:0003307)				
ICF:1228414013	General tasks and demands																										Class	PROMOT:0120002				
ICF:1233939003	Muscles of hand																											(RO:0000091 some HP:0002460)|(RO:0000091 some HP:0003392)|(RO:0000091 some HP:0003427)|(RO:0000091 some HP:0003484)|(RO:0000091 some HP:0003690)|(RO:0000091 some HP:0003810)|(RO:0000091 some HP:0008959)|(RO:0000091 some HP:0009005)|(RO:0000091 some HP:0009028)|(RO:0000091 some HP:0009063)|(RO:0000091 some HP:0009077)|(RO:0000091 some HP:0030198)|(RO:0000091 some HP:0030237)|(RO:0000091 some HP:0031177)|(RO:0000091 some HP:0033466)|(RO:0002328 some ICF:1789365017)|(RO:0002328 some ICF:1521707777)				
ICF:1278239861	Muscles of ankle and foot																											(RO:0000091 some HP:0001761)|(RO:0000091 some HP:0002460)|(RO:0000091 some HP:0003690)|(RO:0000091 some HP:0003810)|(RO:0000091 some HP:0007340)|(RO:0000091 some HP:0009027)|(RO:0000091 some HP:0009028)|(RO:0000091 some HP:0009053)|(RO:0000091 some HP:0009063)|(RO:0000091 some HP:0030198)|(RO:0000091 some HP:0031374)|(RO:0002328 some ICF:1789365017)|(RO:0002328 some ICF:1521707777)				
ICF:1299345975	Pain in upper limb																											(PROMOT:2000006 some SNOMED:84100007)				
ICF:1328466963	Gait pattern functions																											(PROMOT:2000006 some SNOMED:12894003)|(RO:0002331 some ICF:1550548595)|(RO:0002331 some ICF:2048203604)|(RO:0002331 some ICF:412494151)				
ICF:1328675264	Eating																										Class	PROMOT:0110001				
ICF:1328675264	Eating																											(PROMOT:2000006 some SNOMED:840297006)|(PROMOT:2000006 some SNOMED:840297006)				
ICF:1334556216	Walking and Moving																										Class	PROMOT:0120002				
ICF:1360101629	Respiratory muscle functions																											(PROMOT:2000006 some SNOMED:12894003)				
ICF:1363559646	Mental functions																											(PROMOT:2000006 some SNOMED:84100007)				
ICF:1364393443	Thoracic vertebral column																											(RO:0000091 some HP:0002650)|(RO:0000091 some HP:0002751)|(RO:0000091 some HP:0003306)				
ICF:1389818830	Chewing																											(PROMOT:2000006 some SNOMED:840297006)|(RO:0002331 some ICF:1328675264)				
ICF:1399000785	Contraction force of ventricular muscles																											(PROMOT:2000006 some SNOMED:84100007)				
ICF:1401748164	Hip joint																											(RO:0000091 some HP:0001374)|(RO:0002328 some ICF:1748092144)				
ICF:1401748164	Hip joint (Body structure)					Articulation de la hanche (Structure anatomique)						Articulación de la cadera (Estructura corporal)															Class					
ICF:1405368356	Sensations related to muscles and movement functions																											(PROMOT:2000006 some SNOMED:84100007)				
ICF:1426641453	Melody of speech																											(PROMOT:2000006 some SNOMED:84100007)|(RO:0002331 some ICF:151046878)				
ICF:1434015402	Stretch motor reflex																											(PROMOT:2000006 some SNOMED:84100007)				
ICF:1436113794	Community, social and civic life																										Class	PROMOT:0120002				
ICF:1462755743	Standing																											(PROMOT:2000006 some SNOMED:12894003)				
ICF:1470583183	Functions of breathing through the mouth																											(PROMOT:2000006 some SNOMED:12894003)				
ICF:1474003417	Maintaining head position																											(PROMOT:2000006 some SNOMED:84100007)				
ICF:150502901	Changing basic body position																											(PROMOT:2000006 some SNOMED:84100007)				
ICF:151046878	Speaking																											(PROMOT:2000006 some SNOMED:84100007)				
ICF:1515853559	Pain in lower limb																											(PROMOT:2000006 some SNOMED:84100007)				
ICF:1521707777	Endurance of muscle groups 																											(PROMOT:2000006 some SNOMED:12894003)				
ICF:1525383756	Intellectual functions																											(PROMOT:2000006 some SNOMED:84100007)				
ICF:1528299701	Ligaments and fasciae of ankle and foot																											(RO:0000091 some HP:0001761)				
ICF:1535125568	Domestic life																										Class	PROMOT:0120002				
ICF:1550548595	Walking on different surfaces																											(PROMOT:2000006 some SNOMED:12894003)|(PROMOT:2000006 some SNOMED:12894003)				
ICF:1571232890	Intercostal muscles																											(RO:0000091 some HP:0003327)|(RO:0000091 some HP:0004878)|(RO:0000091 some PROMOT:0032019)|(RO:0002328 some ICF:556694745)|(RO:0002328 some ICF:1789365017)|(RO:0002328 some ICF:1521707777)				
ICF:1580195090	Digestive functions																											(PROMOT:2000006 some (SNOMED:840297006 OR SNOMED:12894003))				
ICF:1608009360	Self-care																										Class	PROMOT:0120002				
ICF:1626363729	Body structures																	[PROMOT note] [Derived from RD-CDM] [5.7 Body Site]					[PROMOT note] [RD-CDM] Graefe, A.S.L., Hübner, M.R., Rehburg, F. et al. An ontology-based rare disease common data model harmonising international registries, FHIR, and Phenopackets. Sci Data 12, 234 (2025). https://doi.org/10.1038/s41597-025-04558-z	http://snomed.info/id/123037004	[PROMOT note] The PROMOT ontology added a comment to quote the CDM used as a source for this entity. A crossref to the orignal element has also been added.		Class	BFO:0000028|(RO:0000086 some ICF:437219407)|(RO:0002331 some ICF:567313968)				
ICF:1650503157	Bones of ankle and foot																											(RO:0000091 some HP:0001761)				
ICF:1674298945	Endurance of all muscles of the body																											(PROMOT:2000006 some SNOMED:84100007)				
ICF:169456190	Joints of head and neck region																											(RO:0000091 some HP:0003306)|(RO:0002328 some ICF:248265067)				
ICF:1747603619	Lumbar vertebral column																											(RO:0000091 some HP:0002650)|(RO:0000091 some HP:0002751)|(RO:0000091 some HP:0002808)|(RO:0000091 some HP:0003306)|(RO:0000091 some HP:0003307)				
ICF:1748092144	Stability of a single joint																											(PROMOT:2000006 some SNOMED:84100007)				
ICF:1757783224	Mobility of several joints																											(PROMOT:2000006 some SNOMED:84100007)				
ICF:1780196241	Heart rhythm																											(PROMOT:2000006 some SNOMED:84100007)				
ICF:178625206	Thoracic cage																											(RO:0000091 some HP:0000767)|(RO:0000091 some HP:0000768)|(RO:0000091 some HP:0000774)|(RO:0000091 some HP:0000886)|(RO:0000091 some HP:0001547)|(RO:0000091 some HP:6000327)				
ICF:1789365017	Power of isolated muscles and muscle groups																											(PROMOT:2000006 some SNOMED:12894003)				
ICF:1794398084	Muscles of thigh																											(RO:0000091 some HP:0003690)|(RO:0000091 some HP:0003694)|(RO:0000091 some HP:0003701)|(RO:0000091 some HP:0003731)|(RO:0000091 some HP:0007340)|(RO:0000091 some HP:0008994)|(RO:0000091 some HP:0009028)|(RO:0000091 some HP:0009073)|(RO:0000091 some HP:0012515)|(RO:0000091 some HP:0030200)|(RO:0000091 some HP:0033416)|(RO:0002328 some ICF:1789365017)|(RO:0002328 some ICF:1521707777)				
ICF:1806589582	Biting																											(PROMOT:2000006 some SNOMED:84100007)|(RO:0002331 some ICF:1328675264)				
ICF:1828012543	Communication																										Class	PROMOT:0110001|PROMOT:0120002				
ICF:1831985718	Vestibular function of balance																											(PROMOT:2000006 some SNOMED:12894003)|(RO:0002331 some ICF:2048203604 )				
ICF:1834472768	Transportation of mucus																											(PROMOT:2000006 some SNOMED:84100007)				
ICF:1846694084	Quality of voice																											(PROMOT:2000006 some SNOMED:84100007)|(RO:0002331 some ICF:151046878)				
ICF:1851215071	Rolling over																											(PROMOT:2000006 some SNOMED:84100007)				
ICF:1864074583	Energy level																											(PROMOT:2000006 some SNOMED:84100007)				
ICF:1867012554	Muscles of upper arm																											(RO:0000091 some HP:0003484)|(RO:0000091 some HP:0003690)|(RO:0000091 some HP:0003694)|(RO:0000091 some HP:0003701)|(RO:0000091 some HP:0008997)|(RO:0000091 some HP:0009028)|(RO:0000091 some HP:0009073)|(RO:0000091 some HP:0030200)|(RO:0000091 some HP:0031108)|(RO:0002328 some ICF:1789365017)|(RO:0002328 some ICF:1521707777)				
ICF:1874889854	Muscles of head and neck region																											(RO:0000091 some HP:0000183)|(RO:0000091 some HP:0000467)|(RO:0000091 some HP:0000508)|(RO:0000091 some HP:0002015)|(RO:0000091 some HP:0002033)|(RO:0000091 some HP:0002058)|(RO:0000091 some HP:0002068)|(RO:0000091 some HP:0002483)|(RO:0000091 some HP:0003306)|(RO:0000091 some HP:0003722)|(RO:0000091 some HP:0005216)|(RO:0000091 some HP:0012473)|(RO:0000091 some HP:0030192)|(RO:0000091 some HP:0030193)|(RO:0000091 some HP:0030194)|(RO:0000091 some HP:0030195)|(RO:0000091 some HP:0030199)|(RO:0000091 some HP:0030319)|(RO:0000091 some HP:0031146)|(RO:0000091 some HP:0031162)|(RO:0000091 some HP:0200136)|(RO:0000091 some PROMOT:0032017)|(RO:0000091 some PROMOT:0032016)|(RO:0000091 some PROMOT:0032020)|(RO:0000091 some PROMOT:0032023)|(RO:0002328 some ICF:1789365017)|(RO:0002328 some ICF:1580195090)|(RO:0002328 some ICF:1521707777)|(RO:0002328 some ICF:1389818830)|(RO:0002328 some ICF:1174312718)|(RO:0002328 some ICF:1041382491)|(RO:0002328 some ICF:691689627)|(RO:0002328 some ICF:923782542)|(RO:0002328 some ICF:712570723)|(RO:0002328 some ICF:1806589582)|(RO:0002328 some ICF:2089171534)|(RO:0002328 some ICF:841397411)				
ICF:1896301954	Listening																											(PROMOT:2000006 some SNOMED:84100007)				
ICF:1919311435	Articulation functions																											(PROMOT:2000006 some SNOMED:84100007)|(RO:0002331 some ICF:151046878)				
ICF:1993770860	Going up and down stairs																											(PROMOT:2000006 some SNOMED:12894003)				
ICF:2011053685	Learning and applying knowledge																										Class	PROMOT:0110001|PROMOT:0120002				
ICF:2021370201	Functions of the eyelid																											(PROMOT:2000006 some SNOMED:12894003)				
ICF:2022689055	Visual acuity functions																											(PROMOT:2000006 some SNOMED:84100007)				
ICF:203515404	Pain (Body function)					Douleur (Fonction organique)						Dolor (Función corporal)															Class					
ICF:2048203604	Mobility																										Class	PROMOT:0110001				
ICF:2048203604	Mobility																											(PROMOT:2000006 some SNOMED:12894003)				
ICF:2052957777	Expression of spoken language																											(PROMOT:2000006 some SNOMED:84100007)|(RO:0002331 some ICF:151046878)				
ICF:2067741200	Testes and scrotum																											(RO:0000091 some HP:0000028)|(RO:0002328 some ICF:859818654)				
ICF:2069371821	Rhythm of speech																											(PROMOT:2000006 some SNOMED:84100007)|(RO:0002331 some ICF:151046878)				
ICF:2089171534	Sucking																											(PROMOT:2000006 some SNOMED:84100007)|(RO:0002331 some ICF:1328675264)|(RO:0002331 some ICF:553784299)				
ICF:2090906765	Thermoregulatory functions																											(PROMOT:2000006 some SNOMED:84100007)				
ICF:2100545361	Heart rate																											(PROMOT:2000006 some SNOMED:84100007)				
ICF:213697684	Fluency and rhythm of speech functions																											(PROMOT:2000006 some SNOMED:84100007)|(RO:0002331 some ICF:151046878)				
ICF:213893837	Bones																											(RO:0000091 some HP:0000767)|(RO:0000091 some HP:0000768)|(RO:0000091 some HP:0000774)|(RO:0000091 some HP:0000886)|(RO:0000091 some HP:0001547)|(RO:0000091 some HP:0004322)|(RO:0000091 some HP:6000327)				
ICF:242704590	Functions of expelling the contents of the stomach, oesophagus or pharynx 																											(PROMOT:2000006 some SNOMED:84100007)				
ICF:248265067	Mobility of joint functions																											(PROMOT:2000006 some SNOMED:84100007)				
ICF:260756767	Tone of all muscles of the body																											(PROMOT:2000006 some SNOMED:84100007)				
ICF:278512890	Muscles of shoulder region																											(RO:0000091 some HP:0003325)|(RO:0000091 some HP:0003484)|(RO:0000091 some HP:0003547)|(RO:0000091 some HP:0003690)|(RO:0000091 some HP:0003691)|(RO:0000091 some HP:0003694)|(RO:0000091 some HP:0003701)|(RO:0000091 some HP:0008997)|(RO:0000091 some HP:0009028)|(RO:0000091 some HP:0009073)|(RO:0000091 some HP:0030200)|(RO:0002328 some ICF:1789365017)|(RO:0002328 some ICF:1521707777)				
ICF:294830867	Muscles of forearm																											(RO:0000091 some HP:0002460)|(RO:0000091 some HP:0003484)|(RO:0000091 some HP:0003690)|(RO:0000091 some HP:0003810)|(RO:0000091 some HP:0008959)|(RO:0000091 some HP:0009028)|(RO:0000091 some HP:0009063)|(RO:0000091 some HP:0030198)|(RO:0002328 some ICF:1789365017)|(RO:0002328 some ICF:1521707777)				
ICF:299098423	Pain in head and neck																											(PROMOT:2000006 some SNOMED:84100007)				
ICF:338611549	Muscles of lower leg																											(RO:0000091 some HP:0002460)|(RO:0000091 some HP:0003690)|(RO:0000091 some HP:0003810)|(RO:0000091 some HP:0007340)|(RO:0000091 some HP:0008963)|(RO:0000091 some HP:0009028)|(RO:0000091 some HP:0009053)|(RO:0000091 some HP:0009063)|(RO:0000091 some HP:0011727)|(RO:0000091 some HP:0030198)|(RO:0002328 some ICF:1789365017)|(RO:0002328 some ICF:1521707777)				
ICF:374222990	Structure of palate																											(RO:0000091 some HP:0000218)|(RO:0000091 some HP:0002705)				
ICF:405925948	External ocular muscles																											(RO:0000091 some HP:0000486)|(RO:0000091 some HP:0000496)|(RO:0000091 some HP:0000508)|(RO:0000091 some HP:0000544)|(RO:0000091 some HP:0000597)|(RO:0000091 some HP:0000602)|(RO:0000091 some HP:0000651)|(RO:0000091 some HP:0007715)|(RO:0000091 some HP:0007838)|(RO:0000091 some HP:0007941)|(RO:0000091 some PROMOT:0032021)|(RO:0000091 some PROMOT:0032018)|(RO:0002328 some ICF:1789365017)|(RO:0002328 some ICF:1090716697)|(RO:0002328 some ICF:1521707777)|(RO:0002328 some ICF:2022689055)|(RO:0002328 some ICF:2021370201)				
ICF:409094401	Walking around obstacles																											(PROMOT:2000006 some SNOMED:12894003)				
ICF:412494151	Running 																											(PROMOT:2000006 some SNOMED:84100007)				
ICF:437219407	Anatomical localization																										Class	BFO:0000019|(RO:0000080 some FMA:62955)				
ICF:446199613	Respiration functions																											(PROMOT:2000006 some SNOMED:12894003)				
ICF:454325322	Pain in multiple body parts																											(PROMOT:2000006 some SNOMED:84100007)				
ICF:462923277	Joints																											(RO:0000091 some HP:0001387)|(RO:0000091 some HP:0002804)|(RO:0000091 some HP:0002828)|(RO:0002328 some ICF:1757783224)				
ICF:485719194	Maintaining a standing position																											(PROMOT:2000006 some SNOMED:12894003)				
ICF:495844982	Muscles of respiration																											(RO:0000091 some HP:0002093)|(RO:0000091 some HP:0002094)|(RO:0000091 some HP:0002098)|(RO:0000091 some HP:0002104)|(RO:0000091 some HP:0002643)|(RO:0000091 some HP:0002747)|(RO:0000091 some HP:0002878)|(RO:0000091 some HP:0002882)|(RO:0000091 some HP:0004347)|(RO:0000091 some HP:0004885)|(RO:0000091 some HP:0004887)|(RO:0000091 some HP:0004889)|(RO:0000091 some HP:0005949)|(RO:0000091 some HP:0012497)|(RO:0000091 some HP:0030196)|(RO:0000091 some HP:0032341)|(RO:0002328 some ICF:1360101629)|(RO:0002328 some ICF:1789365017)|(RO:0002328 some ICF:446199613)|(RO:0002328 some ICF:1521707777)|(RO:0002328 some ICF:744367503)				
ICF:524305529	Major life areas																										Class	PROMOT:0120002				
ICF:539470158	Salivation																											(PROMOT:2000006 some SNOMED:840297006)				
ICF:553784299	Drinking																										Class	PROMOT:0110001				
ICF:555410497	Walking short distances																											(PROMOT:2000006 some SNOMED:12894003)				
ICF:556694745	Power of muscles of the trunk																											(PROMOT:2000006 some SNOMED:84100007)				
ICF:567313968	Body functions																										Class	BFO:0000034				
ICF:576915490	Involuntary movement reaction functions																											(PROMOT:2000006 some SNOMED:12894003)|(RO:0002331 some ICF:2048203604 )				
ICF:58064740	Muscles of trunk																											(RO:0000091 some HP:0003306)|(RO:0000091 some HP:0003327)|(RO:0000091 some HP:0009023)|(RO:0000091 some PROMOT:0032019)|(RO:0002328 some ICF:1789365017)|(RO:0002328 some ICF:556694745)|(RO:0002328 some ICF:1521707777)|(RO:0002328 some ICF:841397411)				
ICF:608795582	Bones of face																											(RO:0000091 some HP:0000276)|(RO:0000091 some HP:0002058)				
ICF:621727843	Sensation of muscle spasm 																											(PROMOT:2000006 some SNOMED:84100007)				
ICF:623565657	Maintaining a sitting position																											(PROMOT:2000006 some SNOMED:12894003)				
ICF:634949825	Structure of brain																											(RO:0000091 some HP:0001249)|(RO:0002328 some ICF:1525383756)|(RO:0002328 some ICF:1363559646)				
ICF:644658903	Structures related to movement																											(RO:0000091 some HP:0002141)|(RO:0002328 some ICF:576915490)				
ICF:682314871	Pain in back																											(PROMOT:2000006 some SNOMED:84100007)				
ICF:68679181	Vestibular labyrinth																											(RO:0000091 some HP:0002141)|(RO:0002328 some ICF:1831985718)				
ICF:691689627	Pharyngeal swallowing																											(PROMOT:2000006 some (SNOMED:840297006 OR SNOMED:12894003))|(RO:0002331 some ICF:553784299)|(RO:0002331 some ICF:1328675264)				
ICF:712570723	Voice functions																											(PROMOT:2000006 some SNOMED:84100007)|(RO:0002331 some ICF:151046878)				
ICF:723417607	Structure of trunk 																											(RO:0000091 some HP:0000767)|(RO:0000091 some HP:0000768)|(RO:0000091 some HP:0000774)|(RO:0000091 some HP:0000886)|(RO:0000091 some HP:0001547)|(RO:0000091 some HP:6000327)				
ICF:744367503	Functions of the respiratory system																											(PROMOT:2000006 some (SNOMED:840297006 OR SNOMED:12894003))				
ICF:75971722	Reception of spoken language																											(PROMOT:2000006 some SNOMED:84100007)|(RO:0002331 some ICF:1896301954)				
ICF:793188683	Muscles of pelvic region																											(RO:0000091 some HP:0003325)|(RO:0000091 some HP:0003690)|(RO:0000091 some HP:0003694)|(RO:0000091 some HP:0003701)|(RO:0000091 some HP:0003749)|(RO:0000091 some HP:0007340)|(RO:0000091 some HP:0008988)|(RO:0000091 some HP:0008994)|(RO:0000091 some HP:0009028)|(RO:0000091 some HP:0009073)|(RO:0000091 some HP:0030200)|(RO:0002328 some ICF:1789365017)|(RO:0002328 some ICF:1521707777)				
ICF:834607195	Heart 																											(RO:0000091 some HP:0001627)|(RO:0000091 some HP:0001638)|(RO:0000091 some HP:0001713)|(RO:0000091 some HP:0030872)|(RO:0002328 some ICF:2100545361)|(RO:0002328 some ICF:1780196241)|(RO:0002328 some ICF:1399000785)				
ICF:834607195	Heart (Body structure)					Coeur (Structure anatomique)						Corazón (Estructura corporal)															Class					
ICF:841397411	Sensation of muscle stiffness																											(PROMOT:2000006 some SNOMED:84100007)				
ICF:855039967	Sitting																											(PROMOT:2000006 some SNOMED:12894003)				
ICF:859818654	Penis, testes and scrotum development																											(PROMOT:2000006 some SNOMED:84100007)				
ICF:862003070	Bones of cranium																											(RO:0000091 some HP:0000276)				
ICF:862066979	Weight maintenance functions																											(PROMOT:2000006 some SNOMED:5880005)				
ICF:870135798	Lungs																											(RO:0000091 some HP:0002093)|(RO:0000091 some HP:0002094)|(RO:0000091 some HP:0002098)|(RO:0000091 some HP:0002104)|(RO:0000091 some HP:0002643)|(RO:0000091 some HP:0002747)|(RO:0000091 some HP:0002878)|(RO:0000091 some HP:0002882)|(RO:0000091 some HP:0004347)|(RO:0000091 some HP:0004885)|(RO:0000091 some HP:0004887)|(RO:0000091 some HP:0004889)|(RO:0000091 some HP:0005949)|(RO:0000091 some HP:0032341)|(RO:0002328 some ICF:446199613)|(RO:0002328 some ICF:1470583183)				
ICF:893697482	Generalized pain																											(PROMOT:2000006 some SNOMED:84100007)				
ICF:902262669	Extra-articular ligaments, fasciae, extramuscular aponeuroses, retinacula, septa, bursae, unspecified																											(RO:0000091 some HP:0000767)|(RO:0000091 some HP:0000768)|(RO:0000091 some HP:0000774)|(RO:0000091 some HP:0000886)|(RO:0000091 some HP:0001547)|(RO:0000091 some HP:6000327)				
ICF:919003335	Crawling																											(PROMOT:2000006 some SNOMED:84100007)				
ICF:923782542	Swallowing																											(PROMOT:2000006 some (SNOMED:840297006 OR SNOMED:12894003))|(RO:0002331 some ICF:1328675264)|(RO:0002331 some ICF:553784299)				
ICF:982325691	Interpersonal interactions and relationships																										Class	PROMOT:0120002				
NCBITaxon:9606	Homo sapiens																										Class	NCIT:C14250|(RO:0000086 some NCIT:C25717)				
NCIT:C106551	Number of pregnancies																		[PROMOT note] [Derived from EURO-NMD NMD-CDE] [number_of_preg]				[PROMOT note] [EURO-NMD] Atalia A et al., EURO-NMD registry: federated FAIR infrastructure, innovative technologies and concepts of a patient-centred registry for rare neuromuscular disorders. Orphanet J Rare Dis. 2024 Feb 14;19(1):66. doi: 10.1186/s13023-024-03059-3. PMID: 38355534; PMCID: PMC10865673.				Class	SNOMED:160476009				
NCIT:C106551	Number of pregnancies																											(RO:0002350 some PROMOT:0010012)				
NCIT:C124436	Sex at birth																	[PROMOT note] [Derived from RD-CDM] [2.2 Sex at birth] & [6.3.7 Family Member Sex]	[PROMOT note] [Derived from EURO-NMD NMD-CDE] [sex_at_birth]				[PROMOT note] [RD-CDM] Graefe, A.S.L., Hübner, M.R., Rehburg, F. et al. An ontology-based rare disease common data model harmonising international registries, FHIR, and Phenopackets. Sci Data 12, 234 (2025). https://doi.org/10.1038/s41597-025-04558-z|[PROMOT note] [EURO-NMD] Atalia A et al., EURO-NMD registry: federated FAIR infrastructure, innovative technologies and concepts of a patient-centred registry for rare neuromuscular disorders. Orphanet J Rare Dis. 2024 Feb 14;19(1):66. doi: 10.1186/s13023-024-03059-3. PMID: 38355534; PMCID: PMC10865673.	http://snomed.info/id/281053000|LOINC:54123-5	[PROMOT note] The PROMOT ontology added a comment to quote the CDMs used as a source for this entity. A crossref to the orignal RD-CDM element from SNOMED and LOINC has also been added.		Class	SNOMED:363787002				
NCIT:C124436	Sex at birth																											(RO:0002350 some PROMOT:0010009)				
NCIT:C135383	Age at death																								[PROMOT note] The PROMOT ontology added a comment to quote the CDM used as a source for this entity.		Class	NCIT:C25150				
NCIT:C135383	Age at death																											(RO:0002350 some PROMOT:0010009)				
NCIT:C14250	organism																										Class	BFO:0000040				
NCIT:C156426	Year of death																	[PROMOT note] [Derived from RD-CDM] [3.2 Time of Death] 					[PROMOT note] [RD-CDM] Graefe, A.S.L., Hübner, M.R., Rehburg, F. et al. An ontology-based rare disease common data model harmonising international registries, FHIR, and Phenopackets. Sci Data 12, 234 (2025). https://doi.org/10.1038/s41597-025-04558-z		[PROMOT note] The PROMOT ontology added a comment to quote the CDM used as a source for this entity.		Class					
NCIT:C156426	Year of death																											(RO:0002350 some PROMOT:0010009)				
NCIT:C158277	Gender Identity																											(RO:0002350 some PROMOT:0010012)				
NCIT:C158277	Gender identity																	[PROMOT note] [Derived from RD-CDM] [2.4 Gender Identity] 					[PROMOT note] [RD-CDM] Graefe, A.S.L., Hübner, M.R., Rehburg, F. et al. An ontology-based rare disease common data model harmonising international registries, FHIR, and Phenopackets. Sci Data 12, 234 (2025). https://doi.org/10.1038/s41597-025-04558-z	http://snomed.info/id/263495000	[PROMOT note] The PROMOT ontology added a comment to quote the CDM used as a source for this entity. A crossref to the orignal element has also been added.		Class	SNOMED:302147001				
NCIT:C16960	patient																										Class	NCBITaxon:9606|(PROMOT:2000003 some SO:0001060)|(RO:0002200 some HP:0000118)|(PROMOT:2000004 exactly 1 IAO:0020000)				
NCIT:C178992	Date of resolution																	[PROMOT note] [Derived from RD-CDM] [6.2.4 Resolution Date] 					[PROMOT note] [RD-CDM] Graefe, A.S.L., Hübner, M.R., Rehburg, F. et al. An ontology-based rare disease common data model harmonising international registries, FHIR, and Phenopackets. Sci Data 12, 234 (2025). https://doi.org/10.1038/s41597-025-04558-z	HP:0034382	[PROMOT note] The PROMOT ontology added a comment to quote the CDM used as a source for this entity. A crossref to the orignal element has also been added.		Class	NCIT:C25164				
NCIT:C178992	Date of resolution																											(RO:0002350 some PROMOT:0010010)				
NCIT:C185193	Not Recorded																										Class	NCIT:C47944				
NCIT:C205466	Female Gender Identity																	[PROMOT note] [Derived from RD-CDM] [2.4 Gender Identity] 					[PROMOT note] [RD-CDM] Graefe, A.S.L., Hübner, M.R., Rehburg, F. et al. An ontology-based rare disease common data model harmonising international registries, FHIR, and Phenopackets. Sci Data 12, 234 (2025). https://doi.org/10.1038/s41597-025-04558-z	http://snomed.info/id/446141000124107	[PROMOT note] The PROMOT ontology added a comment to quote the CDM used as a source for this entity. A crossref to the orignal element has also been added.		Class					
NCIT:C205467	Male Gender Identity																	[PROMOT note] [Derived from RD-CDM] [2.4 Gender Identity] 					[PROMOT note] [RD-CDM] Graefe, A.S.L., Hübner, M.R., Rehburg, F. et al. An ontology-based rare disease common data model harmonising international registries, FHIR, and Phenopackets. Sci Data 12, 234 (2025). https://doi.org/10.1038/s41597-025-04558-z	http://snomed.info/id/446151000124109	[PROMOT note] The PROMOT ontology added a comment to quote the CDM used as a source for this entity. A crossref to the orignal element has also been added.		Class					
NCIT:C205468	Non-Binary Gender Identity																	[PROMOT note] [Derived from RD-CDM] [2.4 Gender Identity] 					[PROMOT note] [RD-CDM] Graefe, A.S.L., Hübner, M.R., Rehburg, F. et al. An ontology-based rare disease common data model harmonising international registries, FHIR, and Phenopackets. Sci Data 12, 234 (2025). https://doi.org/10.1038/s41597-025-04558-z	http://snomed.info/id/33791000087105	[PROMOT note] The PROMOT ontology added a comment to quote the CDM used as a source for this entity. A crossref to the orignal element has also been added.		Class					
NCIT:C205473	Assigned Male at Birth																	[PROMOT note] [Derived from RD-CDM] [2.2 Sex at birth] 	[PROMOT note] [Derived from EURO-NMD NMD-CDE] [sex_at_birth]				[PROMOT note] [RD-CDM] Graefe, A.S.L., Hübner, M.R., Rehburg, F. et al. An ontology-based rare disease common data model harmonising international registries, FHIR, and Phenopackets. Sci Data 12, 234 (2025). https://doi.org/10.1038/s41597-025-04558-z|[PROMOT note] [EURO-NMD] Atalia A et al., EURO-NMD registry: federated FAIR infrastructure, innovative technologies and concepts of a patient-centred registry for rare neuromuscular disorders. Orphanet J Rare Dis. 2024 Feb 14;19(1):66. doi: 10.1186/s13023-024-03059-3. PMID: 38355534; PMCID: PMC10865673.	http://snomed.info/id/248153007	[PROMOT note] The PROMOT ontology added a comment to quote the CDM used as a source for this entity. A crossref to the orignal element has also been added.		Class					
NCIT:C205474	Assigned Female at Birth																	[PROMOT note] [Derived from RD-CDM] [2.2 Sex at birth] 	[PROMOT note] [Derived from EURO-NMD NMD-CDE] [sex_at_birth]				[PROMOT note] [RD-CDM] Graefe, A.S.L., Hübner, M.R., Rehburg, F. et al. An ontology-based rare disease common data model harmonising international registries, FHIR, and Phenopackets. Sci Data 12, 234 (2025). https://doi.org/10.1038/s41597-025-04558-z|[PROMOT note] [EURO-NMD] Atalia A et al., EURO-NMD registry: federated FAIR infrastructure, innovative technologies and concepts of a patient-centred registry for rare neuromuscular disorders. Orphanet J Rare Dis. 2024 Feb 14;19(1):66. doi: 10.1186/s13023-024-03059-3. PMID: 38355534; PMCID: PMC10865673.	http://snomed.info/id/248152002	[PROMOT note] The PROMOT ontology added a comment to quote the CDMs used as a source for this entity. A crossref to the orignal RD-CDM element has also been added.		Class					
NCIT:C20587	Age Category																											(RO:0002350 some PROMOT:0010009)				
NCIT:C20587	Age Related Group																	[PROMOT note] [Derived from RD-CDM] [3.4 Age Category] 			HP:0003674		[PROMOT note] [RD-CDM] Graefe, A.S.L., Hübner, M.R., Rehburg, F. et al. An ontology-based rare disease common data model harmonising international registries, FHIR, and Phenopackets. Sci Data 12, 234 (2025). https://doi.org/10.1038/s41597-025-04558-z	http://snomed.info/id/105727008	[PROMOT note] The PROMOT ontology added a comment to quote the CDMs used as a source for this entity. A crossref to the orignal RD-CDM element has also been added.		Class	SNOMED:363787002				
NCIT:C210821	Year of diagnosis																	[PROMOT note] [Derived from RD-CDM] [5.6 Date of Diagnosis] 					[PROMOT note] [RD-CDM] Graefe, A.S.L., Hübner, M.R., Rehburg, F. et al. An ontology-based rare disease common data model harmonising international registries, FHIR, and Phenopackets. Sci Data 12, 234 (2025). https://doi.org/10.1038/s41597-025-04558-z		[PROMOT note] The PROMOT ontology added a comment to quote the CDM used as a source for this entity.		Class	NCIT:C25164				
NCIT:C210821	Year of diagnosis																											(RO:0002350 some PROMOT:0010012)				
NCIT:C25150	Age																	[PROMOT note] [Derived from RD-CDM] [6.3.8 Family Member Age] 					[PROMOT note] [RD-CDM] Graefe, A.S.L., Hübner, M.R., Rehburg, F. et al. An ontology-based rare disease common data model harmonising international registries, FHIR, and Phenopackets. Sci Data 12, 234 (2025). https://doi.org/10.1038/s41597-025-04558-z	LOINC:54141-7	[PROMOT note] The PROMOT ontology added a comment to quote the CDM used as a source for this entity. A crossref to the orignal RD-CDM element from LOINC has also been added.		Class	SNOMED:363787002				
NCIT:C25150	Age																											(RO:0002350 some PROMOT:0010009)				
NCIT:C25164	Date																										Class	SNOMED:363787002				
NCIT:C25626	Present																	[PROMOT note] [Derived from RD-CDM] [6.2.2 Status] 					[PROMOT note] [RD-CDM] Graefe, A.S.L., Hübner, M.R., Rehburg, F. et al. An ontology-based rare disease common data model harmonising international registries, FHIR, and Phenopackets. Sci Data 12, 234 (2025). https://doi.org/10.1038/s41597-025-04558-z|[PROMOT note] [EURO-NMD] Atalia A et al., EURO-NMD registry: federated FAIR infrastructure, innovative technologies and concepts of a patient-centred registry for rare neuromuscular disorders. Orphanet J Rare Dis. 2024 Feb 14;19(1):66. doi: 10.1186/s13023-024-03059-3. PMID: 38355534; PMCID: PMC10865673.	http://snomed.info/id/410605003	[PROMOT note] The PROMOT ontology added a comment to quote the CDM used as a source for this entity. A crossref to the orignal element has also been added.		Class	PROMOT:0031007				
NCIT:C25717	Vital status																	[PROMOT note] [Derived from RD-CDM] [3.1 Vital Status] & [6.3.10 Family Member Deceased]					[PROMOT note] [RD-CDM] Graefe, A.S.L., Hübner, M.R., Rehburg, F. et al. An ontology-based rare disease common data model harmonising international registries, FHIR, and Phenopackets. Sci Data 12, 234 (2025). https://doi.org/10.1038/s41597-025-04558-z	http://snomed.info/id/278844005|http://snomed.info/id/740604001	[PROMOT note] The PROMOT ontology added a comment to quote the CDM used as a source for this entity. A crossref to the orignal element has also been added.		Class	BFO:0000019|(RO:0000080 some NCIT:C14250)				
NCIT:C37987	Alive																	[PROMOT note] [Derived from RD-CDM] [3.1 Vital Status] & [6.3.10 Family Member Deceased]					[PROMOT note] [RD-CDM] Graefe, A.S.L., Hübner, M.R., Rehburg, F. et al. An ontology-based rare disease common data model harmonising international registries, FHIR, and Phenopackets. Sci Data 12, 234 (2025). https://doi.org/10.1038/s41597-025-04558-z	http://snomed.info/id/438949009	[PROMOT note] The PROMOT ontology added a comment to quote the CDM used as a source for this entity. A crossref to the orignal element has also been added.		Class					
NCIT:C45908	Intersex																	[PROMOT note] [Derived from RD-CDM] [2.2 Sex at birth] 					[PROMOT note] [RD-CDM] Graefe, A.S.L., Hübner, M.R., Rehburg, F. et al. An ontology-based rare disease common data model harmonising international registries, FHIR, and Phenopackets. Sci Data 12, 234 (2025). https://doi.org/10.1038/s41597-025-04558-z	http://snomed.info/id/32570691000036100	[PROMOT note] The PROMOT ontology added a comment to quote the CDM used as a source for this entity. A crossref to the orignal RD-CDM element has also been added.		Class					
NCIT:C47944	Uncertain																										Class	PROMOT:0031007				
NCIT:C48190	Absent																	[PROMOT note] [Derived from RD-CDM] [6.2.2 Status] 					[PROMOT note] [RD-CDM] Graefe, A.S.L., Hübner, M.R., Rehburg, F. et al. An ontology-based rare disease common data model harmonising international registries, FHIR, and Phenopackets. Sci Data 12, 234 (2025). https://doi.org/10.1038/s41597-025-04558-z|[PROMOT note] [EURO-NMD] Atalia A et al., EURO-NMD registry: federated FAIR infrastructure, innovative technologies and concepts of a patient-centred registry for rare neuromuscular disorders. Orphanet J Rare Dis. 2024 Feb 14;19(1):66. doi: 10.1186/s13023-024-03059-3. PMID: 38355534; PMCID: PMC10865673.	http://snomed.info/id/723511001	[PROMOT note] The PROMOT ontology added a comment to quote the CDM used as a source for this entity. A crossref to the orignal element has also been added.		Class	PROMOT:0031007				
NCIT:C49154	statement																										Class	IAO:0000030|(RO:0002351 some IAO:0000030)				
NCIT:C83164	Birth Year																	[PROMOT note] [Derived from RD-CDM] [2.1 Date of birth]					[PROMOT note] [RD-CDM] Graefe, A.S.L., Hübner, M.R., Rehburg, F. et al. An ontology-based rare disease common data model harmonising international registries, FHIR, and Phenopackets. Sci Data 12, 234 (2025). https://doi.org/10.1038/s41597-025-04558-z		[PROMOT note] The PROMOT ontology added a comment to quote the CDM used as a source for this entity.		Class	NCIT:C25164				
NCIT:C83164	Birth Year																											(RO:0002350 some PROMOT:0010009)				
NCIT:C90387	Found Dead																	[PROMOT note] [Derived from RD-CDM] [3.1 Vital Status] & [6.3.10 Family Member Deceased]					[PROMOT note] [RD-CDM] Graefe, A.S.L., Hübner, M.R., Rehburg, F. et al. An ontology-based rare disease common data model harmonising international registries, FHIR, and Phenopackets. Sci Data 12, 234 (2025). https://doi.org/10.1038/s41597-025-04558-z	http://snomed.info/id/419099009			Class					
NCIT:C93511	Assessment date																	[PROMOT note] [Derived from RD-CDM] [6.2.3 Determination Date] 	[PROMOT note] [Derived from EURO-NMD NMD-CDE] ?		http://snomed.info/id/439272007|http://snomed.info/id/704321009|http://snomed.info/id/363778006		[PROMOT note] [RD-CDM] Graefe, A.S.L., Hübner, M.R., Rehburg, F. et al. An ontology-based rare disease common data model harmonising international registries, FHIR, and Phenopackets. Sci Data 12, 234 (2025). https://doi.org/10.1038/s41597-025-04558-z|[PROMOT note] [EURO-NMD] Atalia A et al., EURO-NMD registry: federated FAIR infrastructure, innovative technologies and concepts of a patient-centred registry for rare neuromuscular disorders. Orphanet J Rare Dis. 2024 Feb 14;19(1):66. doi: 10.1186/s13023-024-03059-3. PMID: 38355534; PMCID: PMC10865673.		[PROMOT note] The PROMOT ontology added a comment to quote the CDMs used as a source for this entity. A SeeAlso comment to the orignal RD-CDM elements has also been added.		Class	NCIT:C25164				
NCIT:C93511	Assessment date																											(RO:0002350 some PROMOT:0010010)				
NCIT:C93579	Date of consent																	[PROMOT note] [Derived from RD-CDM] [7.2 Consent Date] 	[PROMOT note] [Derived from EURO-NMD NMD-CDE] [date_of_consent]				[PROMOT note] [RD-CDM] Graefe, A.S.L., Hübner, M.R., Rehburg, F. et al. An ontology-based rare disease common data model harmonising international registries, FHIR, and Phenopackets. Sci Data 12, 234 (2025). https://doi.org/10.1038/s41597-025-04558-z|[PROMOT note] [EURO-NMD] Atalia A et al., EURO-NMD registry: federated FAIR infrastructure, innovative technologies and concepts of a patient-centred registry for rare neuromuscular disorders. Orphanet J Rare Dis. 2024 Feb 14;19(1):66. doi: 10.1186/s13023-024-03059-3. PMID: 38355534; PMCID: PMC10865673.		[PROMOT note] The PROMOT ontology added a comment to quote the CDM. The original element is onsent.datetime from HL7 FHIR.		Class	NCIT:C25164				
NCIT:C93579	Date of consent																											(RO:0002350 some PROMOT:0010008)				
NCIT:C99800	Year of onset																	[PROMOT note] [Derived from RD-CDM] [5.4 Date of Onset]					[PROMOT note] [RD-CDM] Graefe, A.S.L., Hübner, M.R., Rehburg, F. et al. An ontology-based rare disease common data model harmonising international registries, FHIR, and Phenopackets. Sci Data 12, 234 (2025). https://doi.org/10.1038/s41597-025-04558-z		[PROMOT note] The PROMOT ontology added a comment to quote the CDM used as a source for this entity.		Class	NCIT:C25164				
NCIT:C99800	Year of onset																										Class	NCIT:C25164				
NCIT:C99800	Year of onset																											(RO:0002350 some PROMOT:0010010)				
ORDO:270	Oculopharyngeal muscular dystrophy																											(RO:0004003  some PROMOT:0000001)|(RO:0004029 some HP:0003458)|(RO:0004029 some HP:0012497)|(RO:0004029 some HP:0005216)|(RO:0004029 some HP:0030842)|(RO:0004029 some HP:0031146)|(RO:0004029 some HP:0032043)|(RO:0004029 some HP:0031162)|(RO:0004029 some HP:0012735)|(RO:0004029 some HP:0033466)|(RO:0004029 some HP:0008988)|(RO:0004029 some HP:0001260)|(RO:0004029 some HP:0001611)|(RO:0004029 some HP:0003236)|(RO:0004029 some HP:0007838)|(RO:0004029 some HP:0011968)|(RO:0004029 some HP:0012473)|(RO:0004029 some HP:0000467)|(RO:0004029 some HP:0002460)|(RO:0004029 some HP:0003325)|(RO:0004029 some HP:0003327)|(RO:0004029 some HP:0003690)|(RO:0004029 some HP:0003701)|(RO:0004029 some HP:0030319)|(RO:0004029 some HP:0000508)|(RO:0004029 some HP:0000602)|(RO:0004029 some HP:0001288)|(RO:0004029 some HP:0001618)|(RO:0004029 some HP:0012378)|(RO:0004029 some HP:0012531)|(RO:0004029 some HP:0002015)|(RO:0004029 some HP:0001324)|(RO:0004029 some HP:0003551)|(RO:0004029 some HP:0004878)|(RO:0004029 some HP:0007715)|(RO:0004029 some HP:0009023)|(RO:0004029 some HP:0009063)|(RO:0004029 some HP:0009073)|(RO:0004029 some HP:0033235)|(RO:0004029 some HP:0003722)|(RO:0004029 some HP:0003484)|(RO:0004029 some HP:0003323)|(RO:0004029 some HP:0002172)|(RO:0004029 some HP:0002317)|(RO:0004029 some HP:0000597)|(RO:0004029 some HP:0002141)|(RO:0004029 some HP:0003392)|(RO:0004029 some HP:0003427)|(RO:0004029 some HP:0003547)|(RO:0004029 some HP:0003731)|(RO:0004029 some HP:0003749)|(RO:0004029 some HP:0007340)|(RO:0004029 some HP:0008959)|(RO:0004029 some HP:0008963)|(RO:0004029 some HP:0008997)|(RO:0004029 some HP:0008994)|(RO:0004029 some HP:0009005)|(RO:0004029 some HP:0009027)|(RO:0004029 some HP:0009053)|(RO:0004029 some HP:0009077)|(RO:0004029 some HP:0011727)|(RO:0004029 some HP:0012515)|(RO:0004029 some HP:0030237)|(RO:0004029 some HP:0031108)|(RO:0004029 some HP:0031177)|(RO:0004029 some HP:0031374)|(RO:0004029 some HP:0033416)|(RO:0004029 some HP:0000183)|(RO:0004029 some HP:0000544)|(RO:0004029 some HP:0000651)|(RO:0004029 some HP:0002094)|(RO:0004029 some HP:0002098)|(RO:0004029 some HP:0033667)|(RO:0004029 some HP:6001011)|(RO:0004029 some HP:0002747)|(RO:0004029 some HP:0002093)|(RO:0004029 some HP:0001609)|(RO:0004029 some HP:0004347)|(RO:0004029 some HP:0032341)|(RO:0004029 some HP:0002068)|(RO:0004029 some HP:0200136)|(RO:0004029 some HP:0033666)|(RO:0004029 some HP:0031058)|(RO:0004029 some HP:0033695)|(RO:0004029 some PROMOT:0032022)|(RO:0004029 some PROMOT:0032013)|(RO:0004029 some PROMOT:0032014)|(RO:0004029 some PROMOT:0032004)|(RO:0004029 some PROMOT:0032017)|(RO:0004029 some PROMOT:0032016)|(RO:0004029 some PROMOT:0032023)|(RO:0004029 some HP:0032355)|(RO:0004029 some PROMOT:0032012)|(RO:0004029 some PROMOT:0032009)|(RO:0004029 some PROMOT:0032010)|(RO:0004029 some PROMOT:0032011)|(RO:0004029 some PROMOT:0032006)|(RO:0004029 some PROMOT:0032007)|(RO:0004029 some PROMOT:0032008)				
ORDO:377788	Disease																	[PROMOT note] [Derived from RD-CDM] [5.1 Disease]	[PROMOT note] [Present in EURO-NMD NMD-CDE] [disease_group]				[PROMOT note] [RD-CDM] Graefe, A.S.L., Hübner, M.R., Rehburg, F. et al. An ontology-based rare disease common data model harmonising international registries, FHIR, and Phenopackets. Sci Data 12, 234 (2025). https://doi.org/10.1038/s41597-025-04558-z|[PROMOT note] [EURO-NMD] Atalia A et al., EURO-NMD registry: federated FAIR infrastructure, innovative technologies and concepts of a patient-centred registry for rare neuromuscular disorders. Orphanet J Rare Dis. 2024 Feb 14;19(1):66. doi: 10.1186/s13023-024-03059-3. PMID: 38355534; PMCID: PMC10865673.	http://snomed.info/id/64572001	[PROMOT note] The PROMOT ontology added a comment to quote the CDMs used as a source for this entity. A crossref to the orignal RD-CDM element has also been added.		Class	PROMOT:0032001|(RO:0004029 some HP:0000118)|(RO:0004003 some SO:0001060)|(RO:0000086 some HP:0000005)				
ORDO:590	Congenital myasthenic syndrom																											(RO:0004003  some PROMOT:0000002)|(RO:0004029 some HP:0000218)|(RO:0004029 some HP:0000467)|(RO:0004029 some HP:0000496)|(RO:0004029 some HP:0000508)|(RO:0004029 some HP:0000544)|(RO:0004029 some HP:0000597)|(RO:0004029 some HP:0000602)|(RO:0004029 some HP:0000651)|(RO:0004029 some HP:0001249)|(RO:0004029 some HP:0001252)|(RO:0004029 some HP:0001265)|(RO:0004029 some HP:0001270)|(RO:0004029 some HP:0001284)|(RO:0004029 some HP:0001288)|(RO:0004029 some HP:0001315)|(RO:0004029 some HP:0001319)|(RO:0004029 some HP:0001324)|(RO:0004029 some HP:0001558)|(RO:0004029 some HP:0001609)|(RO:0004029 some HP:0001612)|(RO:0004029 some HP:0001618)|(RO:0004029 some HP:0002015)|(RO:0004029 some HP:0002033)|(RO:0004029 some HP:0002068)|(RO:0004029 some HP:0002093)|(RO:0004029 some HP:0002098)|(RO:0004029 some HP:0002104)|(RO:0004029 some HP:0002359)|(RO:0004029 some HP:0002460)|(RO:0004029 some HP:0002483)|(RO:0004029 some HP:0002505)|(RO:0004029 some HP:0002515)|(RO:0004029 some HP:0002522)|(RO:0004029 some HP:0002540)|(RO:0004029 some HP:0002600)|(RO:0004029 some HP:0002643)|(RO:0004029 some HP:0002650)|(RO:0004029 some HP:0002747)|(RO:0004029 some HP:0002804)|(RO:0004029 some HP:0002751)|(RO:0004029 some HP:0002828)|(RO:0004029 some HP:0002878)|(RO:0004029 some HP:0002882)|(RO:0004029 some HP:0003236)|(RO:0004029 some HP:0003307)|(RO:0004029 some HP:0003323)|(RO:0004029 some HP:0003325)|(RO:0004029 some HP:0003326)|(RO:0004029 some HP:0003327)|(RO:0004029 some HP:0003391)|(RO:0004029 some HP:0003392)|(RO:0004029 some HP:0003394)|(RO:0004029 some HP:0003398)|(RO:0004029 some HP:0003403)|(RO:0004029 some HP:0003427)|(RO:0004029 some HP:0003445)|(RO:0004029 some HP:0003458)|(RO:0004029 some HP:0003473)|(RO:0004029 some HP:0003484)|(RO:0004029 some HP:0003547)|(RO:0004029 some HP:0003690)|(RO:0004029 some HP:0003694)|(RO:0004029 some HP:0003701)|(RO:0004029 some HP:0003722)|(RO:0004029 some HP:0003731)|(RO:0004029 some HP:0003749)|(RO:0004029 some HP:0003810)|(RO:0004029 some HP:0004347)|(RO:0004029 some HP:0004878)|(RO:0004029 some HP:0004885)|(RO:0004029 some HP:0004887)|(RO:0004029 some HP:0004889)|(RO:0004029 some HP:0005216)|(RO:0004029 some HP:0005949)|(RO:0004029 some HP:0007340)|(RO:0004029 some HP:0007695)|(RO:0004029 some HP:0007715)|(RO:0004029 some HP:0007941)|(RO:0004029 some HP:0008180)|(RO:0004029 some HP:0008872)|(RO:0004029 some HP:0008959)|(RO:0004029 some HP:0008963)|(RO:0004029 some HP:0008994)|(RO:0004029 some HP:0008997)|(RO:0004029 some HP:0009005)|(RO:0004029 some HP:0009023)|(RO:0004029 some HP:0009027)|(RO:0004029 some HP:0009028)|(RO:0004029 some HP:0009046)|(RO:0004029 some HP:0009053)|(RO:0004029 some HP:0009063)|(RO:0004029 some HP:0009073)|(RO:0004029 some HP:0009077)|(RO:0004029 some HP:0011471)|(RO:0004029 some HP:0011727)|(RO:0004029 some HP:0011968)|(RO:0004029 some HP:0012515)|(RO:0004029 some HP:0012531)|(RO:0004029 some HP:0030000)|(RO:0004029 some HP:0030006)|(RO:0004029 some HP:0030192)|(RO:0004029 some HP:0030193)|(RO:0004029 some HP:0030194)|(RO:0004029 some HP:0030195)|(RO:0004029 some HP:0030196)|(RO:0004029 some HP:0030197)|(RO:0004029 some HP:0030198)|(RO:0004029 some HP:0030199)|(RO:0004029 some HP:0030200)|(RO:0004029 some HP:0030202)|(RO:0004029 some HP:0030203)|(RO:0004029 some HP:0030205)|(RO:0004029 some HP:0030211)|(RO:0004029 some HP:0030237)|(RO:0004029 some HP:0030319)|(RO:0004029 some HP:0031058)|(RO:0004029 some HP:0031108)|(RO:0004029 some HP:0031177)|(RO:0004029 some HP:0031374)|(RO:0004029 some HP:0031826)|(RO:0004029 some HP:0031936)|(RO:0004029 some HP:0032341)|(RO:0004029 some HP:0033416)|(RO:0004029 some HP:0033454)|(RO:0004029 some HP:0033580)|(RO:0004029 some HP:0033695)|(RO:0004029 some HP:0040081)|(RO:0004029 some HP:0200136)|(RO:0004029 some PROMOT:0032015)|(RO:0004029 some PROMOT:0032020)|(RO:0004029 some PROMOT:0032021)|(RO:0004029 some PROMOT:0032019)|(RO:0004029 some PROMOT:0032023)|(RO:0004029 some PROMOT:0032018)				
ORDO:97245	Congenital myopathy																										Class	PROMOT:0032001|(RO:0004029 some HP:0000118)|(RO:0004003 some SO:0001060)|(RO:0000086 some HP:0000005)				
ORDO:97245	Congenital myopathy																											(RO:0004003  Min 0 PROMOT:0000003)|(RO:0004029 some HP:0009023)|(RO:0004029 some HP:0001713)|(RO:0004029 some HP:0030872)|(RO:0004029 some HP:0040081)|(RO:0004029 some HP:0001627)|(RO:0004029 some HP:0031826)|(RO:0004029 some HP:0001547)|(RO:0004029 some HP:0003398)|(RO:0004029 some HP:0000496)|(RO:0004029 some HP:0031374)|(RO:0004029 some HP:0002104)|(RO:0004029 some HP:0005949)|(RO:0004029 some HP:0001284)|(RO:0004029 some HP:0002522)|(RO:0004029 some HP:0002804)|(RO:0004029 some HP:0003327)|(RO:0004029 some HP:0002483)|(RO:0004029 some HP:0001638)|(RO:0004029 some HP:0001374)|(RO:0004029 some HP:0000028)|(RO:0004029 some HP:0004325)|(RO:0004029 some HP:0001558)|(RO:0004029 some HP:0000886)|(RO:0004029 some HP:0031936)|(RO:0004029 some HP:0025156)|(RO:0004029 some HP:0033994)|(RO:0004029 some HP:0009046)|(RO:0004029 some HP:0009053)|(RO:0004029 some HP:0002460)|(RO:0004029 some HP:0008959)|(RO:0004029 some HP:0002015)|(RO:0004029 some HP:0001618)|(RO:0004029 some HP:0003236)|(RO:0004029 some HP:0030000)|(RO:0004029 some HP:0003457)|(RO:0004029 some HP:0003403)|(RO:0004029 some HP:0003458)|(RO:0004029 some HP:0003445)|(RO:0004029 some HP:0004885)|(RO:0004029 some HP:0000544)|(RO:0004029 some HP:0003473)|(RO:0004029 some PROMOT:0032019)|(RO:0004029 some HP:0030192)|(RO:0004029 some HP:0030193)|(RO:0004029 some HP:0030198)|(RO:0004029 some PROMOT:0032020)|(RO:0004029 some HP:0030199)|(RO:0004029 some HP:0030196)|(RO:0004029 some HP:0030197)|(RO:0004029 some HP:0030194)|(RO:0004029 some HP:0030195)|(RO:0004029 some PROMOT:0032021)|(RO:0004029 some HP:0030200)|(RO:0004029 some HP:0011968)|(RO:0004029 some HP:0008872)|(RO:0004029 some HP:0001989)|(RO:0004029 some HP:0031177)|(RO:0004029 some HP:0003392)|(RO:0004029 some HP:0009027)|(RO:0004029 some HP:0002359)|(RO:0004029 some HP:0001288)|(RO:0004029 some HP:0030884)|(RO:0004029 some HP:0011471)|(RO:0004029 some HP:0009028)|(RO:0004029 some HP:0003391)|(RO:0004029 some HP:0030237)|(RO:0004029 some HP:0000218)|(RO:0004029 some HP:0002705)|(RO:0004029 some HP:0033416)|(RO:0004029 some HP:0012515)|(RO:0004029 some HP:0001609)|(RO:0004029 some HP:0003307)|(RO:0004029 some HP:0001265)|(RO:0004029 some HP:0002600)|(RO:0004029 some HP:0001252)|(RO:0004029 some HP:0031063)|(RO:0004029 some HP:0005216)|(RO:0004029 some HP:0031058)|(RO:0004029 some HP:0002540)|(RO:0004029 some HP:0001249)|(RO:0004029 some HP:0004878)|(RO:0004029 some HP:0004889)|(RO:0004029 some HP:0001387)|(RO:0004029 some HP:0002751)|(RO:0004029 some HP:0002808)|(RO:0004029 some HP:0003810)|(RO:0004029 some HP:0003694)|(RO:0004029 some HP:0003690)|(RO:0004029 some HP:0003325)|(RO:0004029 some HP:0007941)|(RO:0004029 some HP:0000276)|(RO:0004029 some HP:0002505)|(RO:0004029 some HP:0007340)|(RO:0004029 some HP:0002047)|(RO:0004029 some HP:0008180)|(RO:0004029 some HP:0001270)|(RO:0004029 some HP:0002828)|(RO:0004029 some HP:0003552)|(RO:0004029 some HP:0001324)|(RO:0004029 some HP:0002058)|(RO:0004029 some HP:0000774)|(RO:0004029 some HP:0040288)|(RO:0004029 some HP:0011470)|(RO:0004029 some HP:0003722)|(RO:0004029 some HP:0000467)|(RO:0004029 some HP:0012768)|(RO:0004029 some HP:0001319)|(RO:0004029 some HP:0002643)|(RO:0004029 some HP:0002068)|(RO:0004029 some HP:0033695)|(RO:0004029 some HP:0000597)|(RO:0004029 some HP:0000602)|(RO:0004029 some HP:0200136)|(RO:0004029 some HP:0000768)|(RO:0004029 some HP:0000767)|(RO:0004029 some HP:0003749)|(RO:0004029 some HP:0011727)|(RO:0004029 some HP:0001761)|(RO:0004029 some HP:0002033)|(RO:0004029 some HP:0001622)|(RO:0004029 some HP:0009063)|(RO:0004029 some HP:0003323)|(RO:0004029 some HP:0009073)|(RO:0004029 some HP:0003701)|(RO:0004029 some HP:0008994)|(RO:0004029 some HP:0008997)|(RO:0004029 some HP:0000508)|(RO:0004029 some HP:0003731)|(RO:0004029 some HP:0032341)|(RO:0004029 some HP:0001315)|(RO:0004029 some HP:0002098)|(RO:0004029 some HP:0002878)|(RO:0004029 some HP:0004887)|(RO:0004029 some HP:0002093)|(RO:0004029 some HP:0002747)|(RO:0004029 some HP:0003691)|(RO:0004029 some HP:0002650)|(RO:0004029 some HP:0004322)|(RO:0004029 some HP:0003547)|(RO:0004029 some HP:0003202)|(RO:0004029 some HP:0003306)|(RO:0004029 some HP:0000486)|(RO:0004029 some HP:0002882)|(RO:0004029 some HP:0003427)|(RO:0004029 some HP:6000327)|(RO:0004029 some HP:0008963)|(RO:0004029 some HP:0031108)|(RO:0004029 some HP:0033454)|(RO:0004029 some HP:0003484)|(RO:0004029 some HP:0002515)|(RO:0004029 some HP:0007715)|(RO:0004029 some PROMOT:0032023)|(RO:0004029 some HP:0030319)|(RO:0004029 some HP:0009077)|(RO:0004029 some HP:0004347)|(RO:0004029 some HP:0009005)				
PROMOT:0000001	CMS related mutation																											(RO:0004013  some ORDO:590)				
PROMOT:0000001	CMS related variant		A sequence alteration that is causal germline mutation in Congenital Myasthenic Syndrom.																			https://orcid.org/0009-0000-5160-7927					Class	SO:0001060				
PROMOT:0000002	CMYO related mutation																											(RO:0004013  some ORDO:97245)				
PROMOT:0000002	CMYO related variant		A sequence alteration that is causal germline mutation in Congenital Myopathy.																			https://orcid.org/0009-0000-5160-7927					Class	SO:0001060				
PROMOT:0000003	OPMD related mutation																											(RO:0004013  some ORDO:270)				
PROMOT:0000003	OPMD related variant		A sequence alteration that is causal germline mutation in Oculopharyngeal Muscular Dystrophy.																			https://orcid.org/0009-0000-5160-7927					Class	SO:0001060				
PROMOT:0000004	CHRNE variant		A sequence alteration located within the CHRNE gene.			variant du gène CHRNE			Une altération génétique située au niveau du gène CHRNE.			mutación del gen CHRNE	reviewed by https://orcid.org/0000-0002-1500-0236		Una alteración genética localizada en el gen CHRNE.		reviewed by https://orcid.org/0000-0002-1500-0236			Translation process: Frist translated to spanish using Bing Translator then manually reviewed	NCIT:C198628	https://orcid.org/0009-0000-5160-7927					Class	PROMOT:0000001				
PROMOT:0000005	COLQ variant		A sequence alteration located within the COLQ gene.			variant du gène COLQ			Une altération génétique située au niveau du gène COLQ.			mutación del gen COLQ	reviewed by https://orcid.org/0000-0002-1500-0236		Una alteración genética localizada en el gen COLQ.		reviewed by https://orcid.org/0000-0002-1500-0236			Translation process: Frist translated to spanish using Bing Translator then manually reviewed	NCIT:C200235	https://orcid.org/0009-0000-5160-7927					Class	PROMOT:0000001				
PROMOT:0000006	DOK7 variant		A sequence alteration located within the DOK7 gene.			variant du gène DOK7			Une altération génétique située au niveau du gène DOK7.			mutación del gen DOK7	reviewed by https://orcid.org/0000-0002-1500-0236		Una alteración genética localizada en el gen DOK7.		reviewed by https://orcid.org/0000-0002-1500-0236			Translation process: Frist translated to spanish using Bing Translator then manually reviewed	NCIT:C216062	https://orcid.org/0009-0000-5160-7927					Class	PROMOT:0000001				
PROMOT:0000007	GFPT1 variant		A sequence alteration located within the GFPT1 gene.			variant du gène GFPT1			Une altération génétique située au niveau du gène GFPT1.			mutación del gen GFPT1	reviewed by https://orcid.org/0000-0002-1500-0236		Una alteración genética localizada en el gen GFPT1.		reviewed by https://orcid.org/0000-0002-1500-0236			Translation process: Frist translated to spanish using Bing Translator then manually reviewed	NCIT:C201657	https://orcid.org/0009-0000-5160-7927					Class	PROMOT:0000001				
PROMOT:0000008	GMPPB variant		A sequence alteration located within the GMPPB gene.			variant du gène GMPPB			Une altération génétique située au niveau du gène GMPPB.			mutación del gen GMPPB	reviewed by https://orcid.org/0000-0002-1500-0236		Una alteración genética localizada en el gen GMPPB.		reviewed by https://orcid.org/0000-0002-1500-0236			Translation process: Frist translated to spanish using Bing Translator then manually reviewed		https://orcid.org/0009-0000-5160-7927					Class	PROMOT:0000001				
PROMOT:0000009	RAPSN variant		A sequence alteration located within the RAPSN gene.			variant du gène RAPSN			Une altération génétique située au niveau du gène RAPSN.			mutación del gen RAPSN	reviewed by https://orcid.org/0000-0002-1500-0236		Una alteración genética localizada en el gen RAPSN.		reviewed by https://orcid.org/0000-0002-1500-0236			Translation process: Frist translated to spanish using Bing Translator then manually reviewed	NCIT:C177668	https://orcid.org/0009-0000-5160-7927					Class	PROMOT:0000001				
PROMOT:0000010	ACTA1 variant		A sequence alteration located within the ACTA1 gene.			variant du gène ACTA1			Une altération génétique située au niveau du gène ACTA1.			mutación del gen ACTA1	reviewed by https://orcid.org/0000-0002-1500-0236		Una alteración genética localizada en el gen ACTA1.		reviewed by https://orcid.org/0000-0002-1500-0236			Translation process: Frist translated to spanish using Bing Translator then manually reviewed	NCIT:C191893	https://orcid.org/0009-0000-5160-7927					Class	PROMOT:0000002				
PROMOT:0000011	MTM1 variant		A sequence alteration located within the MTM1 gene.			variant du gène NMTM1			Une altération génétique située au niveau du gène MTM1.			mutación del gen NMTM1	reviewed by https://orcid.org/0000-0002-1500-0236		Una alteración genética localizada en el gen MTM1.		reviewed by https://orcid.org/0000-0002-1500-0236			Translation process: Frist translated to spanish using Bing Translator then manually reviewed	NCIT:C203822	https://orcid.org/0009-0000-5160-7927					Class	PROMOT:0000002				
PROMOT:0000012	NEB variant		A sequence alteration located within the NEB gene.			variant du gène NEB			Une altération génétique située au niveau du gène NEB.			mutación del gen NEB	reviewed by https://orcid.org/0000-0002-1500-0236		Una alteración genética localizada en el gen NEB.		reviewed by https://orcid.org/0000-0002-1500-0236			Translation process: Frist translated to spanish using Bing Translator then manually reviewed	NCIT:C203906	https://orcid.org/0009-0000-5160-7927					Class	PROMOT:0000002				
PROMOT:0000013	RYR1 variant		A sequence alteration located within the RYR1 gene.			variant du gène RYR1			Une altération génétique située au niveau du gène RYR1.			mutación del gen RYR1	reviewed by https://orcid.org/0000-0002-1500-0236		Una alteración genética localizada en el gen RYR1.		reviewed by https://orcid.org/0000-0002-1500-0236			Translation process: Frist translated to spanish using Bing Translator then manually reviewed	NCIT:C150311	https://orcid.org/0009-0000-5160-7927					Class	PROMOT:0000002				
PROMOT:0000014	SELENON variant		A sequence alteration located within the SELENON gene.			variant du gène SELENON			Une altération génétique située au niveau du gène SELENON.			mutación del gen SELENON	reviewed by https://orcid.org/0000-0002-1500-0236		Una alteración genética localizada en el gen SELENON. 		reviewed by https://orcid.org/0000-0002-1500-0236			Translation process: Frist translated to spanish using Bing Translator then manually reviewed	NCIT:C205071	https://orcid.org/0009-0000-5160-7927					Class	PROMOT:0000002				
PROMOT:0000015	TTN variant		A sequence alteration located within the TTN gene.			variant du gène TTN			Une altération génétique située au niveau du gène TTN.			mutación del gen TTN	reviewed by https://orcid.org/0000-0002-1500-0236		Una alteración genética localizada en el gen TTN.		reviewed by https://orcid.org/0000-0002-1500-0236			Translation process: Frist translated to spanish using Bing Translator then manually reviewed	NCIT:C101756	https://orcid.org/0009-0000-5160-7927					Class	PROMOT:0000002				
PROMOT:0000016	PABPN1 variant		A sequence alteration located within the PABPN1 gene.			variant du gène PABPN1			Une altération génétique située au niveau du gène PABPN1.			mutación del gen PAPBN1	reviewed by https://orcid.org/0000-0002-1500-0236		Una alteración genética localizada en el gen PABPN1.		reviewed by https://orcid.org/0000-0002-1500-0236		[PROMOT note] [Derived from EURO-NMD NMD-CDE] 	Translation process: Frist translated to spanish using Bing Translator then manually reviewed	NCIT:C204162	https://orcid.org/0009-0000-5160-7927	[PROMOT note] [EURO-NMD] Atalia A et al., EURO-NMD registry: federated FAIR infrastructure, innovative technologies and concepts of a patient-centred registry for rare neuromuscular disorders. Orphanet J Rare Dis. 2024 Feb 14;19(1):66. doi: 10.1186/s13023-024-03059-3. PMID: 38355534; PMCID: PMC10865673.				Class	PROMOT:0000003				
PROMOT:0010001	age content entity		an information content entity where the information is an age.																			https://orcid.org/0009-0000-5160-7927					Class	IAO:0000030	NCIT:C25150			
PROMOT:0010002	date content entity		an information content entity where the information is a date.																			https://orcid.org/0009-0000-5160-7927					Class	IAO:0000030	(SNOMED:298059007 or SNOMED:399753006 or SNOMED:399423000 or SNOMED:432213005 or SNOMED:406543005 or SNOMED:439272007 or SNOMED:184099003 or NCIT:C178992 or NCIT:C93579 or NCIT:C93511)			
PROMOT:0010003	decimal content entity		an information content entity where the information is a decimal.																			https://orcid.org/0009-0000-5160-7927					Class	IAO:0000030	SNOMED:248326004			
PROMOT:0010004	duration content entity		an information content entity where the information is a duration.																			https://orcid.org/0009-0000-5160-7927					Class	IAO:0000030	SNOMED:224288002			
PROMOT:0010005	int content entity		an information content entity where the information is an int.																			https://orcid.org/0009-0000-5160-7927					Class	IAO:0000030	(IAO:0020000 or SNOMED:224118004 or NCIT:C106551 or NCIT:C25150)			
PROMOT:0010006	token content entity		an information content entity where the information is a token.																			https://orcid.org/0009-0000-5160-7927					Class	IAO:0000030	(SNOMED:184305005 or SNOMED:315354004 or SNOMED:398192003 or SNOMED:125680007 or SNOMED:184104002)			
PROMOT:0010007	year content entity		an information content entity where the information is a year.																			https://orcid.org/0009-0000-5160-7927					Class	IAO:0000030	(NCIT:C99800 or NCIT:C99800 or NCIT:C83164 or NCIT:C210821 or PROMOT:0010013 or PROMOT:0010014 or NCIT:C156426)			
PROMOT:0010008	statement about a consent		A statement regarding a consent to describe it.			énoncé concernant un consentement			Un énoncé au sujet d’un consentement qui apporte des informations à son sujet.			declaración sobre un consentimiento  	reviewed by https://orcid.org/0000-0002-1500-0236		Una declaración sobre un consentimiento que aporta información sobre él. 		definition by https://orcid.org/0000-0002-1500-0236					https://orcid.org/0009-0000-5160-7927					Class	NCIT:C49154 				
PROMOT:0010009	statement about a human		A statement that describes a human.			Énoncé concernant un être humain			Un énoncé au sujet d’un être humain qui apporte des informations à son sujet.			declaración sobre un ser humano	reviewed by https://orcid.org/0000-0002-1500-0236		Una declaración sobre un ser humano que aporta información sobre él.		definition by https://orcid.org/0000-0002-1500-0236					https://orcid.org/0009-0000-5160-7927					Class	NCIT:C49154 				
PROMOT:0010009	statement about a human																											(RO:0002351 exactly 1 NCBITaxon:9606)				
PROMOT:0010010	statement about a phenotype		A statement regarding a phenotype to state details about it.			énoncé concernant un phénotype			Un énoncé au sujet d’un phénotype qui apporte des informations à son sujet.			declaración sobre un fenotipo	reviewed by https://orcid.org/0000-0002-1500-0236		Una declaración sobre un fenotipo que aporta información sobre él. 		reviewed by https://orcid.org/0000-0002-1500-0236					https://orcid.org/0009-0000-5160-7927					Class	NCIT:C49154 				
PROMOT:0010010	statement about a phenotype																											(RO:0002351 exactly 1 HP:0000118)				
PROMOT:0010011	statement about a procedure		A statement regarding a procedure to describe it.			énoncé au sujet d’une procédure			Un énoncé au sujet d’un processus qui apporte des informations à son sujet.			declaración sobre un procedimiento	label by https://orcid.org/0000-0002-1500-0236		Una declaración sobre un procedimiento que aporta información sobre él. 		reviewed by https://orcid.org/0000-0002-1500-0236					https://orcid.org/0009-0000-5160-7927					Class	NCIT:C49154 				
PROMOT:0010012	statement about a patient		A statement regarding a patient to state details about them.			énoncé concernant un patient			Un énoncé au sujet d’un patient qui apporte des informations à son sujet.			declaración sobre un paciente	reviewed by https://orcid.org/0000-0002-1500-0236		Una declaración sobre un paciente que aporta información sobre él. 		reviewed by https://orcid.org/0000-0002-1500-0236					https://orcid.org/0009-0000-5160-7927					Class	PROMOT:0010009				
PROMOT:0010012	statement about a patient																											(RO:0002351 exactly 1 NCIT:C16960)				
PROMOT:0010013	Year of assessment		The year of the assessment of an entity, e.g. the year when a phenotype is assessed by medical evidence.			Année d’identification			L’année d’identification d’une entité, par exemple, l’année d’identification d’un phénotype via une procédure médicale.			Año de la evaluación	label by https://orcid.org/0000-0002-1500-0236		El año de la evaluación de una entidad, por ejemplo,  el año en el que se evalúa un fenotipo mediante pruebas médicas.		reviewed by https://orcid.org/0000-0002-1500-0236					https://orcid.org/0009-0000-5160-7927					Class	NCIT:C25164				
PROMOT:0010013	Year of assessment																											(RO:0002350 some PROMOT:0010010)				
PROMOT:0010014	Year of resolution		The year of the resolution of an abnormal disposition, e.g. the year when a phenotype ceases existing.			Année de disparition			L’année de la disparition d’une entité, par exemple, l’année de disparition d’un phénotype.			Año de la resolución	label by https://orcid.org/0000-0002-1500-0236		El año en que se resuelve una disposición anómala, por ejemplo, el año en que un fenotipo deja de existir.		reviewed by https://orcid.org/0000-0002-1500-0236	[PROMOT note] [Derived from RD-CDM] [6.2.4 Resolution Date] 				https://orcid.org/0009-0000-5160-7927	[PROMOT note] [RD-CDM] Graefe, A.S.L., Hübner, M.R., Rehburg, F. et al. An ontology-based rare disease common data model harmonising international registries, FHIR, and Phenopackets. Sci Data 12, 234 (2025). https://doi.org/10.1038/s41597-025-04558-z				Class	NCIT:C25164				
PROMOT:0010014	Year of resolution																											(RO:0002350 some PROMOT:0010010)				
PROMOT:0010015	Adulthood		Age category including people of 16 years old and above.	HP:0003581		âge adulte			Une tranche d’âge incluant les personnes de 16 ans et plus.			adultez	label by https://orcid.org/0000-0002-1500-0236		Categoría de edad que incluye a las personas de 16 años y más. 		reviewed by https://orcid.org/0000-0002-1500-0236	[PROMOT note] [Derived from RD-CDM] [3.4 Age Category] 			HP:0003581	https://orcid.org/0009-0000-5160-7927	[PROMOT note] [RD-CDM] Graefe, A.S.L., Hübner, M.R., Rehburg, F. et al. An ontology-based rare disease common data model harmonising international registries, FHIR, and Phenopackets. Sci Data 12, 234 (2025). https://doi.org/10.1038/s41597-025-04558-z	http://snomed.info/id/41847000		http://purl.obolibrary.org/obo/NCIT_C199314|http://purl.obolibrary.org/obo/NCIT_C17600	Class	NCIT:C20587				
PROMOT:0010016	Late adulthood		Age category including people of 60 years old and above.	HP:0003584		âge avancé			Une tranche d’âge incluant les personnes de 60 ans et plus.			adultez avanzada	label by https://orcid.org/0000-0002-1500-0236		Categoría de edad que incluye a las personas de 60 años y más. 		reviewed by https://orcid.org/0000-0002-1500-0236				HP:0003584	https://orcid.org/0009-0000-5160-7927				http://purl.obolibrary.org/obo/NCIT_C16268|http://purl.obolibrary.org/obo/NCIT_C18908	Class	PROMOT:0010015				
PROMOT:0010017	Middle adulthood		Age category including people between 40 and 59 years old (inclusive).	HP:0003596		âge moyen			Une tranche d’âge incluant les personnes de 40 à 59 ans inclus.			adultez media	label by https://orcid.org/0000-0002-1500-0236		Categoría de edad que incluye a las personas de 40 a 59 años incluidos. 		reviewed by https://orcid.org/0000-0002-1500-0236				HP:0003596	https://orcid.org/0009-0000-5160-7927				http://purl.obolibrary.org/obo/NCIT_C91108	Class	PROMOT:0010015				
PROMOT:0010018	Young adulthood		Age category including people between 16 and 39 years old (inclusive).	HP:0011462		jeune adulte			Une tranche d’âge incluant les personnes entre 16 et 39 ans inclus.			adultez joven	label by https://orcid.org/0000-0002-1500-0236		Categoría de edad que incluye a las personas de 16 a 39 años incluidos. 		reviewed by https://orcid.org/0000-0002-1500-0236				HP:0011462	https://orcid.org/0009-0000-5160-7927				http://purl.obolibrary.org/obo/NCIT_C91107|http://purl.obolibrary.org/obo/NCIT_C216187	Class	PROMOT:0010015				
PROMOT:0010019	Early young adulthood		Age category including people between 16 and 18 years old (inclusive).	HP:0025708		début de l’âge adulte			Une tranche d’âge incluant les personnes entre 16 et 18 ans inclus.			primera etapa de la adultez temprana	label by https://orcid.org/0000-0002-1500-0236		Categoría de edad que incluye a las personas de 16 a 18 años incluidos. 		reviewed by https://orcid.org/0000-0002-1500-0236	[PROMOT note] [Derived from RD-CDM] [3.4 Age Category] 			HP:0025708	https://orcid.org/0009-0000-5160-7927	[PROMOT note] [RD-CDM] Graefe, A.S.L., Hübner, M.R., Rehburg, F. et al. An ontology-based rare disease common data model harmonising international registries, FHIR, and Phenopackets. Sci Data 12, 234 (2025). https://doi.org/10.1038/s41597-025-04558-z	http://snomed.info/id/263659003		http://purl.obolibrary.org/obo/NCIT_C27954	Class	PROMOT:0010018				
PROMOT:0010020	Intermediate young adulthood		Age category including people between 19 and 24 years old (inclusive).	HP:0025709		âge intermédiaire			Une tranche d’âge incluant les personnes entre 19 et 24 ans inclus.			adultez temprana intermedia	label by https://orcid.org/0000-0002-1500-0236		Categoría de edad que incluye a las personas de 19 a 24 años incluidos. 		reviewed by https://orcid.org/0000-0002-1500-0236				HP:0025709	https://orcid.org/0009-0000-5160-7927					Class	PROMOT:0010018				
PROMOT:0010021	Late young adulthood		Age category including people between 25 and 39 years old (inclusive).	HP:0025710		fin du début de l’âge adulte			Une tranche d’âge incluant les personnes entre 25 et 39 ans inclus.			adultez temprana tardía	label by https://orcid.org/0000-0002-1500-0236		Categoría de edad que incluye a las personas de 25 a 39 años incluidos. 		reviewed by https://orcid.org/0000-0002-1500-0236				HP:0025710	https://orcid.org/0009-0000-5160-7927					Class	PROMOT:0010018				
PROMOT:0010022	Antenatal age		Age category prior to birth.	HP:0025710		Période anténatale			Une tranche d’âge inclus avant la naissance.													https://orcid.org/0009-0000-5160-7927					Class	NCIT:C20587				
PROMOT:0010023	Embryonal		Age category up to 8 weeks following fertilization, corresponding to 10 weeks of gestation (inclusive).	HP:0011460		Période embryonnaire			Une tranche d’âge jusqu’à 8 semaines après la conception, correspondant au maximum à 10 semaines de gestation.												HP:0011460	https://orcid.org/0009-0000-5160-7927				http://purl.obolibrary.org/obo/NCIT_C99135	Class	PROMOT:0010022				
PROMOT:0010024	Fetal		Age prior to birth but after 8 weeks of embryonic development (corresponding to a gestational age of 10 weeks).	HP:0011461		période foetale			Une catégorie regroupant les âges d’un fœtus à partir de 8 semaines après la conception (soit 10 semaines de gestation) jusqu’à la naissance.									[PROMOT note] [Derived from RD-CDM] [3.4 Age Category] 			HP:0011461	https://orcid.org/0009-0000-5160-7927	[PROMOT note] [RD-CDM] Graefe, A.S.L., Hübner, M.R., Rehburg, F. et al. An ontology-based rare disease common data model harmonising international registries, FHIR, and Phenopackets. Sci Data 12, 234 (2025). https://doi.org/10.1038/s41597-025-04558-z	http://snomed.info/id/303112003		http://purl.obolibrary.org/obo/NCIT_C89885	Class	PROMOT:0010022				
PROMOT:0010025	Late first trimester		Category prior to birth in the first trimester during the early fetal period, which is defined as 11 to 13 weeks of gestation (inclusive).	HP:0034199		âge vers la fin du premier trimestre de grossesse			Une catégorie d’âges regroupant les âges d’un fœtus à partir de 8 semaines après la conception (soit 10 semaines de gestation) jusqu’à la fin du premier trimestre de grossesse.												HP:0034199	https://orcid.org/0009-0000-5160-7927					Class	PROMOT:0010024				
PROMOT:0010026	Second trimester		Category prior to birth during the second trimester, which comprises the range of gestational ages from 14 to 27 weeks of gestation (inclusive).	HP:0034198		âge compris dans le second trimestre de grossesse			Une catégorie d’âges regroupant les âges d’un fœtus entre 14 et 27 semaines de grossesse (incluses), ce qui correspond au deuxième trimestre de grossesse.												HP:0034198	https://orcid.org/0009-0000-5160-7927					Class	PROMOT:0010024				
PROMOT:0010027	Third trimester		Category prior to birth during the third trimester, which is defined as 28 weeks and zero days (28+0) of gestation and beyond.	HP:0034197		âge compris dans le troisième trimestre de grossesse			Une catégorie regroupant les âges d’un fœtus à partir de 28 semaines de grossesse (incluse) jusqu’à la naissance, ce qui correspond au troisième trimestre de grossesse.												HP:0034197	https://orcid.org/0009-0000-5160-7927					Class	PROMOT:0010024				
PROMOT:0010028	Congenital		Age catefory corresponding to birth.	HP:0003577		âge correspondant à la naissance			Une catégorie d’âge correspondant à la naissance.												HP:0003577	https://orcid.org/0009-0000-5160-7927					Class	NCIT:C20587				
PROMOT:0010029	Neonatal age		Age within the first 28 days of life.	HP:0003623		âge néonatal			Une tranche d’âge comprenant les nouveaux-nés jusqu’à leur 28e jour.												HP:0003623	https://orcid.org/0009-0000-5160-7927				http://purl.obolibrary.org/obo/NCIT_C16731	Class	NCIT:C20587				
PROMOT:0010030	Pediatric age		Age category before adulthood, defined here as before the age of 16 years, but excluding neonatal or congenital onset. It includes people from the age of 28 days to 15 years old (included).	HP:0410280		âge pédiatrique			Une tranche d’âge située avant l’âge adulte, 												HP:0410280	https://orcid.org/0009-0000-5160-7927					Class	NCIT:C20587				
PROMOT:0010031	Childhood		Age category including people from 1 to 4 years old (inclusive).	HP:0011463		Âge compris dans l’enfance			Une tranche d’âge incluant les personnes de 1 à 4 ans inclus.			infancia		CANDIDATE	Un grupo de edad que incluye a las personas de 1 a 4 años incluidos. 	CANDIDATE	JP: Translated to spanish using Bing Translator	[PROMOT note] [Derived from RD-CDM] [3.4 Age Category] 			HP:0011463	https://orcid.org/0009-0000-5160-7927	[PROMOT note] [RD-CDM] Graefe, A.S.L., Hübner, M.R., Rehburg, F. et al. An ontology-based rare disease common data model harmonising international registries, FHIR, and Phenopackets. Sci Data 12, 234 (2025). https://doi.org/10.1038/s41597-025-04558-z	http://snomed.info/id/255398004		http://purl.obolibrary.org/obo/NCIT_C89345	Class	PROMOT:0010030				
PROMOT:0010032	Infantile age		Age category including people from 28 days to under 1 year old.	HP:0003593		âge infantile			Une tranche d’âge incluant les nourrissons de 28 jours à 1 an inclus.			edad infantil		CANDIDATE				[PROMOT note] [Derived from RD-CDM] [3.4 Age Category] 			HP:0003593	https://orcid.org/0009-0000-5160-7927	[PROMOT note] [RD-CDM] Graefe, A.S.L., Hübner, M.R., Rehburg, F. et al. An ontology-based rare disease common data model harmonising international registries, FHIR, and Phenopackets. Sci Data 12, 234 (2025). https://doi.org/10.1038/s41597-025-04558-z	http://snomed.info/id/3658006		http://purl.obolibrary.org/obo/NCIT_C49643|http://purl.obolibrary.org/obo/NCIT_C27956	Class	PROMOT:0010030				
PROMOT:0010033	Juvenile age		Age category including people between 5 and 15 years old (inclusive).	HP:0003621		âge juvénile			Une tranche d’âge incluant les personnes entre 5 et 15 ans inclus.			edad juvenil		CANDIDATE	Un grupo de edad que incluye a las personas de 5 a 15 años incluidos. 	CANDIDATE	JP: Translated to spanish using Bing Translator	[PROMOT note] [Derived from RD-CDM] [3.4 Age Category] 			HP:0003621	https://orcid.org/0009-0000-5160-7927	[PROMOT note] [RD-CDM] Graefe, A.S.L., Hübner, M.R., Rehburg, F. et al. An ontology-based rare disease common data model harmonising international registries, FHIR, and Phenopackets. Sci Data 12, 234 (2025). https://doi.org/10.1038/s41597-025-04558-z	http://snomed.info/id/713153009		http://purl.obolibrary.org/obo/NCIT_C85405	Class	PROMOT:0010030				
PROMOT:0010034	Perimenopausal age		Age category including people undergoing perimenopause, i.e. the period of life shortly before the occurence of the menopause.	HP:6000314		âge périménopausal			Une tranche d’âge contenant tous les âges associés à la périménopause.			edad perimenopáusica 		CANDIDATE							HP:6000314	https://orcid.org/0009-0000-5160-7927					Class	NCIT:C20587				
PROMOT:0010035	Postmenopausal age		Age category including people undergoing postmenopause, i.e. the period of life after the occurrence of the menopause.	HP:6000315		âge postménopausal			Une tranche d’âge contenant tous les âges associés à la postménopause.			edad posmenopáusica 		CANDIDATE							HP:6000315	https://orcid.org/0009-0000-5160-7927					Class	NCIT:C20587				
PROMOT:0010036	Puerpural age		Age category including ages refering to childbirth or period after immediately following.	HP:4000040		âge puerpéral			Une tranche d’âge contenant tous les âges qui se rapportent aux nouveaux-nés au moment de l’accouchement ou à la période juste après.			edad puerperal 		CANDIDATE							HP:4000040	https://orcid.org/0009-0000-5160-7927					Class	NCIT:C20587				
PROMOT:0010037	Patient sex at birth unknown		Physical sexual characteristiscs at birth that are unknown.			sexe à la naissance inconnu			Un ensemble de caractéristiques sexuelles à la naissance qui est inconnu.			sexo al nacer desconocido		CANDIDATE				[PROMOT note] [Derived from RD-CDM] [2.2 Sex at birth] 	[PROMOT note] [Derived from EURO-NMD NMD-CDE] [sex_at_birth]	[PROMOT note] A crossref to the orignal RD-CDM element has been added.		https://orcid.org/0009-0000-5160-7927	[PROMOT note] [RD-CDM] Graefe, A.S.L., Hübner, M.R., Rehburg, F. et al. An ontology-based rare disease common data model harmonising international registries, FHIR, and Phenopackets. Sci Data 12, 234 (2025). https://doi.org/10.1038/s41597-025-04558-z|[PROMOT note] [EURO-NMD] Atalia A et al., EURO-NMD registry: federated FAIR infrastructure, innovative technologies and concepts of a patient-centred registry for rare neuromuscular disorders. Orphanet J Rare Dis. 2024 Feb 14;19(1):66. doi: 10.1186/s13023-024-03059-3. PMID: 38355534; PMCID: PMC10865673.	http://snomed.info/id/184115007			Class	NCIT:C124436				
PROMOT:0010038	Sex at birth not recorded		Physical sexual characteristiscs at birth that are not recorded.			Sexe à la naissance non renseigné			Un ensemble de caractéristiques sexuelles à la naissance non renseigné.									[PROMOT note] [Derived from RD-CDM] [2.2 Sex at birth] 		[PROMOT note] A crossref to the orignal RD-CDM element has been added.		https://orcid.org/0009-0000-5160-7927	[PROMOT note] [RD-CDM] Graefe, A.S.L., Hübner, M.R., Rehburg, F. et al. An ontology-based rare disease common data model harmonising international registries, FHIR, and Phenopackets. Sci Data 12, 234 (2025). https://doi.org/10.1038/s41597-025-04558-z	http://snomed.info/id/1220561009			Class	PROMOT:0010037				
PROMOT:0010039	Gender identity unknown		Gender identity of a person that is unknown.			Identité de genre inconnue			Une identité de genre inconnue.									[PROMOT note] [Derived from RD-CDM] [2.4 Gender Identity] 		[PROMOT note] A crossref to the orignal RD-CDM element has been added.		https://orcid.org/0009-0000-5160-7927	[PROMOT note] [RD-CDM] Graefe, A.S.L., Hübner, M.R., Rehburg, F. et al. An ontology-based rare disease common data model harmonising international registries, FHIR, and Phenopackets. Sci Data 12, 234 (2025). https://doi.org/10.1038/s41597-025-04558-z	http://snomed.info/id/394743007			Class	NCIT:C158277 				
PROMOT:0010040	Gender identity not recorded		Gender identity of a person that is unknown because unrecorded.			Identité de genre non renseignée			Une identité de genre non renseignée.									[PROMOT note] [Derived from RD-CDM] [2.4 Gender Identity] 		[PROMOT note] A crossref to the orignal RD-CDM element has been added.		https://orcid.org/0009-0000-5160-7927	[PROMOT note] [RD-CDM] Graefe, A.S.L., Hübner, M.R., Rehburg, F. et al. An ontology-based rare disease common data model harmonising international registries, FHIR, and Phenopackets. Sci Data 12, 234 (2025). https://doi.org/10.1038/s41597-025-04558-z	http://snomed.info/id/1220561009			Class	PROMOT:0010039				
PROMOT:0010041	Consent status		A status of the consent of a person.			Status du consentement			Le status d’un consentement, qu’il soit accepté, refusé ou autre.			estado del consentimiento 		CANDIDATE				[PROMOT note] [Derived from RD-CDM] [7.1 Consent Status] 	[PROMOT note] [Derived from EURO-NMD NMD-CDE] 	[PROMOT note] A crossref to the orignal RD-CDM element has been added.		https://orcid.org/0009-0000-5160-7927	[PROMOT note] [RD-CDM] Graefe, A.S.L., Hübner, M.R., Rehburg, F. et al. An ontology-based rare disease common data model harmonising international registries, FHIR, and Phenopackets. Sci Data 12, 234 (2025). https://doi.org/10.1038/s41597-025-04558-z|[PROMOT note] [EURO-NMD] Atalia A et al., EURO-NMD registry: federated FAIR infrastructure, innovative technologies and concepts of a patient-centred registry for rare neuromuscular disorders. Orphanet J Rare Dis. 2024 Feb 14;19(1):66. doi: 10.1186/s13023-024-03059-3. PMID: 38355534; PMCID: PMC10865673.	http://snomed.info/id/309370004			Class	SNOMED:363787002				
PROMOT:0010041	Consent status																											(RO:0002350 some PROMOT:0010008)				
PROMOT:0010042	Pending		A status of a consent that is waiting to be defined.			En attente			Le statut d’un consentement qui est en attente de définition.									[PROMOT note] [Derived from RD-CDM] [7.1 Consent Status] 				https://orcid.org/0009-0000-5160-7927	[PROMOT note] [RD-CDM] Graefe, A.S.L., Hübner, M.R., Rehburg, F. et al. An ontology-based rare disease common data model harmonising international registries, FHIR, and Phenopackets. Sci Data 12, 234 (2025). https://doi.org/10.1038/s41597-025-04558-z				Class	PROMOT:0010041				
PROMOT:0010043	Proposed		A status of a consent that has been proposed to a person for them to decide.			Proposé			Le statut d’un consentement qui a été proposé à une personne pour son accord ou son refus.									[PROMOT note] [Derived from RD-CDM] [7.1 Consent Status] 				https://orcid.org/0009-0000-5160-7927	[PROMOT note] [RD-CDM] Graefe, A.S.L., Hübner, M.R., Rehburg, F. et al. An ontology-based rare disease common data model harmonising international registries, FHIR, and Phenopackets. Sci Data 12, 234 (2025). https://doi.org/10.1038/s41597-025-04558-z				Class	PROMOT:0010041				
PROMOT:0010044	Active		A status of a consent that has been approved by the concerned person.			Actif			Le statut d’un consentement qui a été accepté par la personne concernée.									[PROMOT note] [Derived from RD-CDM] [7.1 Consent Status] 	[PROMOT note] [Derived from EURO-NMD NMD-CDE] 			https://orcid.org/0009-0000-5160-7927	[PROMOT note] [RD-CDM] Graefe, A.S.L., Hübner, M.R., Rehburg, F. et al. An ontology-based rare disease common data model harmonising international registries, FHIR, and Phenopackets. Sci Data 12, 234 (2025). https://doi.org/10.1038/s41597-025-04558-z|[PROMOT note] [EURO-NMD] Atalia A et al., EURO-NMD registry: federated FAIR infrastructure, innovative technologies and concepts of a patient-centred registry for rare neuromuscular disorders. Orphanet J Rare Dis. 2024 Feb 14;19(1):66. doi: 10.1186/s13023-024-03059-3. PMID: 38355534; PMCID: PMC10865673.				Class	PROMOT:0010041				
PROMOT:0010045	Rejected		A status of a consent that has been rejected by the concerned person.			Rejeté			Le statut d’un consentement qui a été refusé par la personne concernée.									[PROMOT note] [Derived from RD-CDM] [7.1 Consent Status] 	[PROMOT note] [Derived from EURO-NMD NMD-CDE] 			https://orcid.org/0009-0000-5160-7927	[PROMOT note] [RD-CDM] Graefe, A.S.L., Hübner, M.R., Rehburg, F. et al. An ontology-based rare disease common data model harmonising international registries, FHIR, and Phenopackets. Sci Data 12, 234 (2025). https://doi.org/10.1038/s41597-025-04558-z|[PROMOT note] [EURO-NMD] Atalia A et al., EURO-NMD registry: federated FAIR infrastructure, innovative technologies and concepts of a patient-centred registry for rare neuromuscular disorders. Orphanet J Rare Dis. 2024 Feb 14;19(1):66. doi: 10.1186/s13023-024-03059-3. PMID: 38355534; PMCID: PMC10865673.				Class	PROMOT:0010041				
PROMOT:0010046	Inactive		A status of a consent that is inactive.			Inactif			Le statut d’un consentement qui est inactif.									[PROMOT note] [Derived from RD-CDM] [7.1 Consent Status] 				https://orcid.org/0009-0000-5160-7927	[PROMOT note] [RD-CDM] Graefe, A.S.L., Hübner, M.R., Rehburg, F. et al. An ontology-based rare disease common data model harmonising international registries, FHIR, and Phenopackets. Sci Data 12, 234 (2025). https://doi.org/10.1038/s41597-025-04558-z	http://snomed.info/id/73425007			Class	PROMOT:0010041				
PROMOT:0010047	Entered in Error		A status of a consent that has been entered by error.			Entré par erreur			Le statut d’un consentement qui a été entré par erreur.									[PROMOT note] [Derived from RD-CDM] [7.1 Consent Status] 				https://orcid.org/0009-0000-5160-7927	[PROMOT note] [RD-CDM] Graefe, A.S.L., Hübner, M.R., Rehburg, F. et al. An ontology-based rare disease common data model harmonising international registries, FHIR, and Phenopackets. Sci Data 12, 234 (2025). https://doi.org/10.1038/s41597-025-04558-z	http://snomed.info/id/723510000			Class	PROMOT:0010041				
PROMOT:0010048	Consent type		The type of consent given by a person that precises the details of what is consented																			https://orcid.org/0009-0000-5160-7927					Class	SNOMED:363787002				
PROMOT:0010048	Consent type																											(RO:0002350 some PROMOT:0010008)				
PROMOT:0010049	Agreement to be contacted for research purpose		An agreement given by a patient to be contacted by research teams for research purposes.			Accord pour être contacté à des fins de recherche			L’accord donné par un patient pour être contacté à des fins de recherche.			Acuerdo para ser contactado con fines de investigación		CANDIDATE				[PROMOT note] [Derived from RD-CDM] [7.4 Agreement to be contacted for research purposes] 	[PROMOT note] [Derived from EURO-NMD NMD-CDE] [has_consent_be_contacted]	[PROMOT note] The PROMOT ontology added a comment to quote the CDM. The original element is consent_contact_research from RD-CDM.		https://orcid.org/0009-0000-5160-7927	[PROMOT note] [RD-CDM] Graefe, A.S.L., Hübner, M.R., Rehburg, F. et al. An ontology-based rare disease common data model harmonising international registries, FHIR, and Phenopackets. Sci Data 12, 234 (2025). https://doi.org/10.1038/s41597-025-04558-z|[PROMOT note] [EURO-NMD] Atalia A et al., EURO-NMD registry: federated FAIR infrastructure, innovative technologies and concepts of a patient-centred registry for rare neuromuscular disorders. Orphanet J Rare Dis. 2024 Feb 14;19(1):66. doi: 10.1186/s13023-024-03059-3. PMID: 38355534; PMCID: PMC10865673.				Class	PROMOT:0010048				
PROMOT:0010050	Consent to the reuse of data		A consent given by a person to the reuse of their data.			Consentement à la réutilisation des données			Un consentement donné par une personne à ce que les données la concernant soient utlilisées à d’autres fins que celles initialement prévues.			Consentimiento para la reutilización de datos		CANDIDATE				[PROMOT note] [Derived from RD-CDM] [7.5 Consent to the reuse of data] 		[PROMOT note] The PROMOT ontology added a comment to quote the CDM. The original element is consent_contact_research from RD-CDM.		https://orcid.org/0009-0000-5160-7927	[PROMOT note] [RD-CDM] Graefe, A.S.L., Hübner, M.R., Rehburg, F. et al. An ontology-based rare disease common data model harmonising international registries, FHIR, and Phenopackets. Sci Data 12, 234 (2025). https://doi.org/10.1038/s41597-025-04558-z				Class	PROMOT:0010048				
PROMOT:0010051	Unrecorded handedness		An handedness that is unrecorded.			manualité non renseignée			manualité inconnue en raison de l’absence de renseignement à son sujet.													https://orcid.org/0009-0000-5160-7927					Class	SNOMED:709880000				
PROMOT:0010052	Risk of fall assessed		A patient with phenotypes that allow to assess the patient undergo a risk of fall. (quality?)			Patient à risque de chute			Patient ayant des caractéristiques permettant d’affirmer qu’il risque de faire des chutes.													https://orcid.org/0009-0000-5160-7927					Class	SNOMED:363787002				
PROMOT:0010052	Risk of fall assessed																											(RO:0002350 some PROMOT:0010012)				
PROMOT:0020001	Phenotypically related body structure		A body structure related to a phenotype such that the body structure is the location of the phenotype.			Structure anatomique liée à un phénotype			Une structure anatomique qui est la localisation d’un phénotype.			estructura corporal relacionada con un fenotipo 	reviewed by https://orcid.org/0000-0002-1500-0236		Una estructura corporal relacionada con un fenotipo, de tal manera que la estructura corporal es la ubicación del fenotipo.		definition by https://orcid.org/0000-0002-1500-0236					https://orcid.org/0000-0002-3336-2476, https://orcid.org/0009-0000-5160-7927					Class	ICF:1626363729|(RO:0000091 some HP:0000118)	(ICF:1626363729 and (RO:0000091 some HP:0000118))			
PROMOT:0020002	Phenotypically related anatomical entity		An anatomical entity related to a phenotype such that the anatomical entity is the location of the phenotype. In other words, the phenotype is a disposition of the anatomical entity.			Entité anatomique liée à un phénotype			Une entité anatomique qui peut avoir pour disposition un phénotype. L’entité anatomique est la localisation du phénotype.			entidad anatómica relacionada con un fenotipo 	Frist translated to spanish using Bing Translator then reviewed by https://orcid.org/0000-0002-1500-0236		Una entidad anatómica relacionada con un fenotipo, de tal manera que la entidad anatómica es la ubicación del fenotipo. En otras palabras, el fenotipo es una disposición de la entidad anatómica.		definition by https://orcid.org/0000-0002-1500-0236					https://orcid.org/0000-0002-3336-2476, https://orcid.org/0009-0000-5160-7927					Class	FMA:62955|(RO:0000091 some HP:0000118)	(FMA:62955 and (RO:0000091 some HP:0000118))			
PROMOT:0020003	Body structure related anatomical entity		An anatomical entity that is located in a body structure.			Entité anatomique liée à une structure anatomique			Une entité anatomique qui est localisée dans une structure anatomique.													https://orcid.org/0009-0000-5160-7927					Class	FMA:62955|(RO:0001025 some ICF:1626363729)	(FMA:62955 and (RO:0001025 some ICF:1626363729))			
PROMOT:0020004	Body function related anatomical entity		An anatomical entity that is involved in a body function.			Entité anatomique impliquée dans une fonction organique.			Une entité anatomique qui est impliquée dans une fonction organique.													https://orcid.org/0009-0000-5160-7927					Class	FMA:62955|(RO:0002328 some ICF:567313968)	(FMA:62955 and (RO:0002328 some ICF:567313968))			
PROMOT:0031001	unkown vital status		A vital status that is unkown.			état vital inconnu			Un état vital inconnu.			estado vital desconocido		CANDIDATE				[PROMOT note] [Derived from RD-CDM] [3.1 Vital Status] & [6.3.10 Family Member Deceased]				https://orcid.org/0009-0000-5160-7927	[PROMOT note] [RD-CDM] Graefe, A.S.L., Hübner, M.R., Rehburg, F. et al. An ontology-based rare disease common data model harmonising international registries, FHIR, and Phenopackets. Sci Data 12, 234 (2025). https://doi.org/10.1038/s41597-025-04558-z				Class	NCIT:C25717				
PROMOT:0031002	unrecorded vital status		A vital status that is unkown because unrecorded.			état vital non renseigné			Un état vital inconnu en raison de l’absence de renseignement à son sujet.									[PROMOT note] [Derived from RD-CDM] [3.1 Vital Status]				https://orcid.org/0009-0000-5160-7927	[PROMOT note] [RD-CDM] Graefe, A.S.L., Hübner, M.R., Rehburg, F. et al. An ontology-based rare disease common data model harmonising international registries, FHIR, and Phenopackets. Sci Data 12, 234 (2025). https://doi.org/10.1038/s41597-025-04558-z				Class	PROMOT:0031001				
PROMOT:0031003	lost in follow up		A recorded vital status because of the patient being lost in follow up.			perdu·e de vue			Un état vital non renseigné en raison de la perte de vue de la personne.									[PROMOT note] [Derived from RD-CDM] [3.1 Vital Status]				https://orcid.org/0009-0000-5160-7927	[PROMOT note] [RD-CDM] Graefe, A.S.L., Hübner, M.R., Rehburg, F. et al. An ontology-based rare disease common data model harmonising international registries, FHIR, and Phenopackets. Sci Data 12, 234 (2025). https://doi.org/10.1038/s41597-025-04558-z	399307001			Class	PROMOT:0031002				
PROMOT:0031004	opt out		A recorded vital status because of the patient being opted out from the study.			retiré·e			Un état vital non renseigné en raison du retrait du patient de l’étude.									[PROMOT note] [Derived from RD-CDM] [3.1 Vital Status]				https://orcid.org/0009-0000-5160-7927	[PROMOT note] [RD-CDM] Graefe, A.S.L., Hübner, M.R., Rehburg, F. et al. An ontology-based rare disease common data model harmonising international registries, FHIR, and Phenopackets. Sci Data 12, 234 (2025). https://doi.org/10.1038/s41597-025-04558-z	185924006			Class	PROMOT:0031002				
PROMOT:0031005	variant origin unknown		A variant origin that is unknown.			Origine du variant inconnue			Une transmission inconnue.													https://orcid.org/0009-0000-5160-7927					Class	SO:0001762				
PROMOT:0031006	variant origin unrecorded		A variant origin that is unknown because unrecorded.			Origine du variant non renseignée			Une transmission inconnue en raison de l’absence de renseignement à son sujet.													https://orcid.org/0009-0000-5160-7927					Class	PROMOT:0031005				
PROMOT:0031007	presence qualifier		A qualifier for stating the presence, absence or uncertainty of a entity instance (e.g. a phenotype instance).			Qualité qualifiant l’existance d’une entité			Un qualité qui statue de la présence, de l’absence ou de l’incertitude de l’existence d’un phénotype.									[PROMOT note] [Derived from RD-CDM] [6.2.2 Status] 				https://orcid.org/0009-0000-5160-7927	[PROMOT note] [RD-CDM] Graefe, A.S.L., Hübner, M.R., Rehburg, F. et al. An ontology-based rare disease common data model harmonising international registries, FHIR, and Phenopackets. Sci Data 12, 234 (2025). https://doi.org/10.1038/s41597-025-04558-z|[PROMOT note] [EURO-NMD] Atalia A et al., EURO-NMD registry: federated FAIR infrastructure, innovative technologies and concepts of a patient-centred registry for rare neuromuscular disorders. Orphanet J Rare Dis. 2024 Feb 14;19(1):66. doi: 10.1186/s13023-024-03059-3. PMID: 38355534; PMCID: PMC10865673.	http://snomed.info/id/363778006	[PROMOT note] The PROMOT ontology added a comment to quote the CDM used as a source for this entity. A crossref to the orignal element has also been added.		Class	BFO:0000019|(RO:0000080 some HP:0000118)				
PROMOT:0032001	abnormal disposition		A disposition that differs from a norm, such as a disease or a phenotypic abnormality.			disposition anormale			Une disposition qui dévie d’une norme, comme une maladie ou une anormalité phénotypique.			disposición anómala 	reviewed by https://orcid.org/0000-0002-1500-0236		Una disposición que difiere de la norma, como una enfermedad o una anomalía fenotípica.		definition by https://orcid.org/0000-0002-1500-0236					https://orcid.org/0009-0000-5160-7927					Class	BFO:0000016				
PROMOT:0032002	Activity related body function		A body function that is involved in an activity. The boby function is needed in order to fullfill the activity.			Fonction organique liée à une activité			Une fonction organique qui est impliquée dans une activité. Elle est nécessaire pour que l’activité ait lieu.			función corporal relacionada con una actividad	reviewed by https://orcid.org/0000-0002-1500-0236		Una función corporal que participa en una actividad. Es necesaria para que la actividad tenga lugar.		definition by https://orcid.org/0000-0002-1500-0236					https://orcid.org/0009-0000-5160-7927					Class	ICF:567313968|(RO:0002331 some PROMOT:0110001)	(ICF:567313968 and (RO:0002331 some PROMOT:0110001))			
PROMOT:0032003	Activity related phenotype		A phenotype that affects an activity.			Phénotype lié à une activité			Un phénotype qui affecte une activité.													https://orcid.org/0000-0002-3336-2476, https://orcid.org/0009-0000-5160-7927					Class	HP:0000118|(PROMOT:2000001 some PROMOT:0110001)	(HP:0000118 and (PROMOT:2000001 some PROMOT:0110001))			
PROMOT:0032004	Anhedonia while eating		A loss of enjoyment of mealtime due to difficulties while eating.	Medical experts	https://orcid.org/0000-0003-2829-8470	Anhédonie légère corrélée au fait de manger		translated from English by https://orcid.org/0009-0000-5160-7927 reviewed by https://orcid.org/0000-0003-2829-847 	Perte de la satisfaction ou du plaisir à manger due à des difficultés pour manger.		translated from English by https://orcid.org/0009-0000-5160-7927 reviewed by https://orcid.org/0000-0003-2829-847 	Anhedonia cuando se come		CANDIDATE	Pérdida de la satisfacción o del placer de comer debida a las dificultades para comer.	CANDIDATE	Translated from French using Reverso.					https://orcid.org/0009-0000-5160-7927					Class	HP:0012154				
PROMOT:0032004	Anhedonia while eating																											(PROMOT:2000001 some ICF:1328675264)|(PROMOT:2000005 some SNOMED:84100007)				
PROMOT:0032004	Anhedonia while eating																															[OPMD Scoping review on dysphagia] Côté C, Gagnon C, Youssof S, et al. The requirement for a disease-specific patient-reported outcome measure of dysphagia in oculopharyngeal muscular dystrophy. Muscle Nerve. 2019;59:445–50. doi: 10.1002/mus.26405
PROMOT:0032005	Body function related phenotype		A phenotype that affects a body function.			Phénotype lié à une fonction organique			Un phénotype qui affecte une fonction organique.													https://orcid.org/0000-0002-3336-2476, https://orcid.org/0009-0000-5160-7927					Class	HP:0000118|(PROMOT:2000001 some ICF:567313968)	(HP:0000118 and (PROMOT:2000001 some ICF:567313968))			
PROMOT:0032006	Choking on foods		Incidents in which a piece of food get stuck in the upper airway and provoke choking.		https://orcid.org/0000-0003-2829-8470	Fausse route causée par de la nourriture	CANDIDATE															https://orcid.org/0009-0000-5160-7927					Class	HP:0030842				
PROMOT:0032006	Choking on foods																															[OPMD Scoping review on dysphagia] Côté C, Gagnon C, Youssof S, et al. The requirement for a disease-specific patient-reported outcome measure of dysphagia in oculopharyngeal muscular dystrophy. Muscle Nerve. 2019;59:445–50. doi: 10.1002/mus.26405
PROMOT:0032006	Fatigue while eating																											(PROMOT:2000001 some ICF:1328675264)|(PROMOT:2000001 some ICF:1328675264)|(PROMOT:2000005 some SNOMED:840297006)				
PROMOT:0032007	Choking on liquids		Incidents in which liquids provoke choking.		https://orcid.org/0000-0003-2829-8470	Fausse route causée par un liquide	CANDIDATE															https://orcid.org/0009-0000-5160-7927					Class	HP:0030842				
PROMOT:0032007	Choking on liquids																											(PROMOT:2000001 some ICF:553784299)|(PROMOT:2000005 some (SNOMED:12894003 OR SNOMED:84100007))				
PROMOT:0032007	Choking on liquids																															[OPMD Scoping review on dysphagia] Côté C, Gagnon C, Youssof S, et al. The requirement for a disease-specific patient-reported outcome measure of dysphagia in oculopharyngeal muscular dystrophy. Muscle Nerve. 2019;59:445–50. doi: 10.1002/mus.26405
PROMOT:0032008	Choking on saliva		Incidents in which saliva provoke choking.		https://orcid.org/0000-0003-2829-8470	Fausse route causée par de la salive	CANDIDATE															https://orcid.org/0009-0000-5160-7927					Class	PROMOT:0032007				
PROMOT:0032008	Choking on saliva																															[OPMD Scoping review on dysphagia] Côté C, Gagnon C, Youssof S, et al. The requirement for a disease-specific patient-reported outcome measure of dysphagia in oculopharyngeal muscular dystrophy. Muscle Nerve. 2019;59:445–50. doi: 10.1002/mus.26405
PROMOT:0032008	Difficulty changing basic position																											(PROMOT:2000005 some (SNOMED:12894003 OR SNOMED:84100007))				
PROMOT:0032009	Coughing on foods		Incidents in which a piece of food get stuck in the upper airway and provoke coughing.		https://orcid.org/0000-0003-2829-8470	Quinte de toux causée par de la nourriture	CANDIDATE															https://orcid.org/0009-0000-5160-7927					Class	HP:0030842				
PROMOT:0032009	Coughing on foods																											(PROMOT:2000001 some ICF:1328675264)				
PROMOT:0032009	Coughing on foods																															[OPMD Scoping review on dysphagia] Côté C, Gagnon C, Youssof S, et al. The requirement for a disease-specific patient-reported outcome measure of dysphagia in oculopharyngeal muscular dystrophy. Muscle Nerve. 2019;59:445–50. doi: 10.1002/mus.26405
PROMOT:0032010	Coughing on liquids		Incidents in which liquids provoke coughing.		https://orcid.org/0000-0003-2829-8470	Quinte de toux causée par un liquide	CANDIDATE															https://orcid.org/0009-0000-5160-7927					Class	HP:0030842				
PROMOT:0032010	Coughing on liquids																											(PROMOT:2000001 some ICF:553784299)				
PROMOT:0032010	Coughing on liquids																															[OPMD Scoping review on dysphagia] Côté C, Gagnon C, Youssof S, et al. The requirement for a disease-specific patient-reported outcome measure of dysphagia in oculopharyngeal muscular dystrophy. Muscle Nerve. 2019;59:445–50. doi: 10.1002/mus.26405
PROMOT:0032011	Coughing on saliva		Incidents in which saliva provoke coughing.		https://orcid.org/0000-0003-2829-8470	Quinte de toux causée par de la salive	CANDIDATE															https://orcid.org/0009-0000-5160-7927					Class	PROMOT:0032010				
PROMOT:0032011	Coughing on saliva																															[OPMD Scoping review on dysphagia] Côté C, Gagnon C, Youssof S, et al. The requirement for a disease-specific patient-reported outcome measure of dysphagia in oculopharyngeal muscular dystrophy. Muscle Nerve. 2019;59:445–50. doi: 10.1002/mus.26405
PROMOT:0032012	Decreased walking speed		A walking speed that is below the lower limit of normal according to what is expected.		https://orcid.org/0000-0003-2829-8470	Diminution de la vitesse de marche	CANDIDATE															https://orcid.org/0009-0000-5160-7927					Class	HP:0001288				
PROMOT:0032012	Decreased walking speed																											(PROMOT:2000001 some ICF:1550548595)|(PROMOT:2000005 some SNOMED:84100007)				
PROMOT:0032012	Decreased walking speed																															[OPMD Clinical Registry Form]
PROMOT:0032013	Difficulty changing basic position		A difficulty to change basic position, i.e. a difficulty getting into and out of a body position and moving from one location to another, such as getting up out of a chair to lie down on a bed, and getting into and out of positions of sitting, standing, kneeling or squatting. This is distinct from the difficulty of transferring oneself.	ICF:150502901		Difficulté à passer d’une position de base à une autre			Difficulté à prendre et quitter une position et/ou à passer d'un endroit à un autre, comme se lever d'un fauteuil pour se coucher sur un lit, et comme prendre et quitter les positions assise, debout, à genoux ou accroupie. Cette difficulté est distincte de la difficulté à se transférrer.		ICF:150502901 	Dificultad para cambiar las posturas corporales básicas			Dificultad para adoptar o abandonar una postura, pasar de un lugar a otro, como levantarse de una silla para tumbarse en una cama, y adoptar o abandonar posiciones determinadas, como arrodillarse o sentarse en cuclillas. Es distinta de la dificultad para transferir el propio cuerpo.		ICF:150502901 					https://orcid.org/0009-0000-5160-7927					Class	HP:0100022 				
PROMOT:0032013	Difficulty changing basic position																											(PROMOT:2000001 some ICF:150502901)|(PROMOT:2000005 some SNOMED:84100007)				
PROMOT:0032013	Difficulty changing basic position																															[OPMD Scoping review 2026] Bélair N, Gagnon C, Duchesne E. What is known about muscle weakness, balance impairments and indoor mobility limitations in oculopharyngeal muscular dystrophy? A scoping review. J Neuromuscul Dis. 2025 Dec 30:22143602251397052. doi: 10.1177/22143602251397052. Epub ahead of print. PMID: 41467981.
PROMOT:0032014	Difficulty walking short distance		A difficulty to walk for less than a kilometre, such as walking around rooms or hallways, within a building or for short distances outside. This is distinct from the difficulty of moving around.	ICF:555410497		Difficulté à marcher sur de courtes distances			Difficulté à avancer à pied, sur une distance de moins d'un kilomètre, comme marcher dans sa chambre ou dans le couloir, dans un bâtiment ou sur de courtes distances à l'extérieur. 		ICF:555410497	Dificultad para andar distancias cortas			Dificultad para andar menos de un kilómetro, como caminar por habitaciones y pasillos, dentro de un edificio o pequeñas distancias en el exterior. Es distinta de la dificultad para desplazarse por el entorno 		ICF:555410497					https://orcid.org/0009-0000-5160-7927					Class	HP:0001288				
PROMOT:0032014	Difficulty walking short distance																											(PROMOT:2000001 some ICF:555410497)|(PROMOT:2000005 some SNOMED:12894003)				
PROMOT:0032014	Difficulty walking short distance																															[OPMD Scoping review 2026] Bélair N, Gagnon C, Duchesne E. What is known about muscle weakness, balance impairments and indoor mobility limitations in oculopharyngeal muscular dystrophy? A scoping review. J Neuromuscul Dis. 2025 Dec 30:22143602251397052. doi: 10.1177/22143602251397052. Epub ahead of print. PMID: 41467981.
PROMOT:0032015	Double compound motor action potential abnormality		Two abnormal findings in a compound motor action potential measurement in EMG. 	HP:0033580	[PROMOT project] Mansoore Gholizade (definition reviewer)	Double anomalie du potentiel d’action global du muscle (PAM)	CANDIDATE		Deux anomalies dans l’EMG mesurant le potentiel d’action global d’un muscle (PAM), aussi appelé potentiel d’action musculaire composé.	CANDIDATE	translated from English by https://orcid.org/0009-0000-5160-7927	Doble anomalía del potencial de acción motora compuesta		CANDIDATE	Dos hallazgos anormales en una medición de potencial de acción motora compuesta en EMG. 	CANDIDATE						https://orcid.org/0009-0000-5160-7927					Class	HP:0033580				
PROMOT:0032015	Double compound motor action potential abnormality																											(PROMOT:2000005 some SNOMED:84100007)				
PROMOT:0032015	Double compound motor action potential abnormality																															Congenital myasthenic syndrom Scoping review
PROMOT:0032016	Dysphagia for liquid		Difficulty in swallowing liquid food. This is distinct from hydrophobia.	Medical experts	https://orcid.org/0000-0003-2829-8470	Dysphagie avec de la nourriture liquide			Difficulté à avaler des aliments liquides, disctincte de l’hydrophobie.		translated from English by https://orcid.org/0009-0000-5160-7927 reviewed by https://orcid.org/0000-0003-2829-847 	Disfagia con líquidos		CANDIDATE	Dificultad para tragar comida líquida. Es distinta de la hidrofobia.	CANDIDATE						https://orcid.org/0009-0000-5160-7927					Class	HP:0002015				
PROMOT:0032016	Dysphagia for liquid																											(PROMOT:2000001 some ICF:553784299)|(PROMOT:2000001 some ICF:923782542)				
PROMOT:0032016	Dysphagia for liquid																															[OPMD Clinical Registry Form]|[OPMD Scoping review on dysphagia] Côté C, Gagnon C, Youssof S, et al. The requirement for a disease-specific patient-reported outcome measure of dysphagia in oculopharyngeal muscular dystrophy. Muscle Nerve. 2019;59:445–50. doi: 10.1002/mus.26405
PROMOT:0032017	Dysphagia for solid		Difficulty in swallowing solid food.	Medical experts	https://orcid.org/0000-0003-2829-8470	Dysphagie avec de la nourriture solide			Difficulté à avaler de la nourriture solide.		translated from English by https://orcid.org/0009-0000-5160-7927 reviewed by https://orcid.org/0000-0003-2829-847 	Disfagia con sólidos		CANDIDATE	Dificultad para tragar alimentos sólidos.	CANDIDATE						https://orcid.org/0009-0000-5160-7927					Class	HP:0002015				
PROMOT:0032017	Dysphagia for solid																											(PROMOT:2000001 some ICF:1328675264)|(PROMOT:2000001 some ICF:923782542)|(PROMOT:2000005 some SNOMED:12894003)|(PROMOT:2000005 some SNOMED:12894003)				
PROMOT:0032017	Dysphagia for solid																															[OPMD Clinical Registry Form]|[OPMD Scoping review on dysphagia] Côté C, Gagnon C, Youssof S, et al. The requirement for a disease-specific patient-reported outcome measure of dysphagia in oculopharyngeal muscular dystrophy. Muscle Nerve. 2019;59:445–50. doi: 10.1002/mus.26405
PROMOT:0032018	Fatigable ptosis																															Congenital myasthenic syndrom Scoping review
PROMOT:0032018	Fatigable ptosis 		A type of ptosis that occurs after the external ocular muscle group is used and lessens if the muscle group has some rest. That is, there is a ptosis apparition with repetitive external ocular muscle actions 	Medical experts	https://orcid.org/0000-0003-2829-8470	Fatigabilité des muscles extra-occulaires provoquant une ptose	CANDIDATE		Une fatigabilité des muscles extra-occulaires qui provoque une ptose	CANDIDATE												https://orcid.org/0009-0000-5160-7927					Class	HP:0000508				
PROMOT:0032018	Fatigable ptosis 																											(PROMOT:2000001 some ICF:2021370201)|(PROMOT:2000001 some PROMOT:0032029)|(PROMOT:2000001 some PROMOT:0032065)|(PROMOT:2000005 some SNOMED:840297006)|(PROMOT:2000005 some (SNOMED:12894003 OR SNOMED:84100007))				
PROMOT:0032019	Fatigable weakness of axial muscles		A type of weakness of the axial muscles (i.e., of the muscles of the head and neck, vertebral column, and intercostal muscles) that occurs after a muscle group is used and lessens if the muscle group has some rest. That is, there is diminution of the strength of the axial muscles with repetitive muscle actions.	HP:0003473	[PROMOT project] Mansoore Gholizade (definition reviewer)	Fatigabilité des muscles axiaux		translated from English by https://orcid.org/0009-0000-5160-7927 reviewed by https://orcid.org/0000-0003-2829-847 	Une faiblesse des muscles axiaux, c.à.d. des muscles de la tête et du cou, de la colonne vertébrale et des côtes, qui se manifeste quand un groupe musculaire axial est sollicité et qui diminue après que le groupe en question a été mis au repos. En résumé, il s’agit d’une diminution de la force des muscles axiaux à la suite d’une sollicitation répêtée.		translated from English by https://orcid.org/0009-0000-5160-7927 reviewed by https://orcid.org/0000-0003-2829-847 	Debilidad fatigable muscular axial		CANDIDATE	Una debilidad del músculo axiales, es decir, los músculos de la cabeza y el cuello, la columna vertebral y las costillas, que se manifiesta cuando un grupo muscular axial está bajo presión y que disminuye después de que el grupo en cuestión ha sido puesto en reposo. En resumen, se trata de una disminución de la fuerza del músculo axiales como resultado de una carga repetida.	CANDIDATE	Translated from French using Reverso.					https://orcid.org/0009-0000-5160-7927					Class	HP:0030197				
PROMOT:0032019	Fatigable weakness of axial muscles																											(PROMOT:2000001 some ICF:2048203604)|(PROMOT:2000001 some ICF:1521707777)|(PROMOT:2000001 some ICF:1789365017)|(PROMOT:2000005 some SNOMED:840297006)				
PROMOT:0032019	Fatigable weakness of axial muscles																															Congenital myasthenic syndrom Scoping review|Congenital myopathy Scoping review
PROMOT:0032020	Fatigable weakness of facial musculature		A type of weakness of the facial musculature (i.e. one or more muscles innervated by the seventh cranial nerve) that occurs after a muscle group is used and lessens if the muscle group has some rest. That is, there is diminution of the strength of the facial musculature with repetitive muscle actions.	HP:0003473	[PROMOT project] Mansoore Gholizade (definition reviewer)	Fatigabilité de la musculature faciale		translated from English by https://orcid.org/0009-0000-5160-7927 reviewed by https://orcid.org/0000-0003-2829-847 	Une faiblesse de la musculature faciale, c.à.d. d’un ou plusieurs muscles inervés par le septième nerf cranial, qui se manifeste quand un groupe musculaire facial est sollicité et qui diminue après que le groupe en question a été mis au repos. En résumé, il s’agit d’une diminution de la force des muscles faciaux à la suite d’une sollicitation répêtée.		translated from English by https://orcid.org/0009-0000-5160-7927 reviewed by https://orcid.org/0000-0003-2829-847 	Debilidad fatigable de la musculatura facial 		CANDIDATE	Una debilidad de la musculatura facial, es decir, uno o varios músculos que están inerbidos por el séptimo nervio craneal, que se manifiesta cuando un grupo muscular facial está bajo presión y que disminuye después de que el grupo en cuestión ha sido puesto en reposo. En resumen, se trata de una disminución de la fuerza del músculo faciales como resultado de una carga repetida.	CANDIDATE	Translated from French using Reverso.					https://orcid.org/0009-0000-5160-7927					Class	HP:0003473				
PROMOT:0032020	Fatigable weakness of facial musculature																											(PROMOT:2000001 some ICF:1328675264)|(PROMOT:2000001 some PROMOT:0032030)|(PROMOT:2000001 some PROMOT:0032066)|(PROMOT:2000005 some SNOMED:840297006)				
PROMOT:0032020	Fatigable weakness of facial musculature																															Congenital myasthenic syndrom Scoping review|Congenital myopathy Scoping review
PROMOT:0032021	Fatigable weakness of the ocular muscles		A type of weakness of the ocular muscles that occurs after a muscle group is used and lessens if the muscle group has some rest. That is, there is diminution of the strength of the ocular muscles with repetitive muscle actions.	HP:0003473	[PROMOT project] Mansoore Gholizade (definition reviewer)	Fatigabilité des muscles occulaires		translated from English by https://orcid.org/0009-0000-5160-7927 reviewed by https://orcid.org/0000-0003-2829-847 	Une faiblesse des muscles occulaires qui se manifeste quand un groupe musculaire occulaire est sollicité et qui diminue après que le groupe en question a été mis au repos. En résumé, il s’agit d’une diminution de la force des muscles occulaires à la suite d’une sollicitation répêtée.		translated from English by https://orcid.org/0009-0000-5160-7927 reviewed by https://orcid.org/0000-0003-2829-847 	Debilidad fatigable del músculo oculares		CANDIDATE	Una debilidad del músculo oculares que se manifiesta cuando un grupo muscular ocular está bajo presión y que disminuye después de que el grupo en cuestión ha sido puesto en reposo. En resumen, se trata de una disminución de la fuerza del músculo oculares como resultado de una carga repetida.	CANDIDATE	Translated from French using Reverso.					https://orcid.org/0009-0000-5160-7927					Class	HP:0003473				
PROMOT:0032021	Fatigable weakness of the ocular muscles																											(PROMOT:2000001 some PROMOT:0032029)|(PROMOT:2000001 some PROMOT:0032065)|(PROMOT:2000005 some SNOMED:840297006)				
PROMOT:0032021	Fatigable weakness of the ocular muscles																															Congenital myasthenic syndrom Scoping review|Congenital myopathy Scoping review
PROMOT:0032022	Choking on liquids																											(PROMOT:2000005 some SNOMED:840297006)				
PROMOT:0032022	Fatigue while eating		A fatigue that occurs when one is eating. It is due to weakness or fatiguable weakness of chewing muscles.	Medical experts	https://orcid.org/0000-0003-2829-8470	Fatigue corrélée au fait de manger		translated from English by https://orcid.org/0009-0000-5160-7927 reviewed by https://orcid.org/0000-0003-2829-847 	Fatigue qui survient au moment de manger du fait de la faiblesse musculaire ou de la fatigabilité des muscles impliqués dans la mastication.		translated from English by https://orcid.org/0009-0000-5160-7927 reviewed by https://orcid.org/0000-0003-2829-847 	Fatiga cuando se come		CANDIDATE	Fatiga que se produce al momento de comer debida a la debilidad muscular o a la fatiga del músculo involucrados en la masticación.	CANDIDATE						https://orcid.org/0009-0000-5160-7927					Class	HP:0012378				
PROMOT:0032022	Fatigue while eating																															[OPMD Scoping review on dysphagia] Côté C, Gagnon C, Youssof S, et al. The requirement for a disease-specific patient-reported outcome measure of dysphagia in oculopharyngeal muscular dystrophy. Muscle Nerve. 2019;59:445–50. doi: 10.1002/mus.26405
PROMOT:0032023	Weakness of chewing muscles		A lack of strength in the muscles involved in chewing.	HP:0001324	[PROMOT project] Mansoore Gholizade (definition reviewer)	Faiblesse musculaire des muscles de la mastication		translated from English by https://orcid.org/0009-0000-5160-7927 reviewed by https://orcid.org/0000-0003-2829-847 	Une faiblesse musculaire des muscles impliqués dans la mastication.		translated from English by https://orcid.org/0009-0000-5160-7927 reviewed by https://orcid.org/0000-0003-2829-847 	Debilidad de músculos masticatorios		CANDIDATE	Debilidad muscular del músculo involucrados en la masticación.	CANDIDATE	Translated from French using Reverso.					https://orcid.org/0009-0000-5160-7927					Class	HP:0001324				
PROMOT:0032023	Weakness of chewing muscles																											(PROMOT:2000001 some ICF:1328675264)|(PROMOT:2000001 some ICF:1389818830)|(PROMOT:2000001 some ICF:1789365017)|(PROMOT:2000005 some SNOMED:840297006)|(PROMOT:2000005 some SNOMED:84100007)				
PROMOT:0032023	Weakness of chewing muscles																															Congenital myasthenic syndrom Scoping review|Congenital myopathy Scoping review
PROMOT:0032024	Endurance of abdominal muscle		Functions related to sustaining contraction of an abdominal muscle for the required period of time.			Endurance d’un muscle abdominal	CANDIDATE		Fonctions relatives au maintien d'une contraction musculaire d’un muscle abdominal pour la période de temps requise.	CANDIDATE		Resistencia del músculo abdominal		CANDIDATE	Funciones relacionadas con el mantenimiento de la contracción del músculo abdominal durante un determinado periodo de tiempo.	CANDIDATE						https://orcid.org/0009-0000-5160-7927					Class	PROMOT:0032042				
PROMOT:0032025	Endurance of arm muscle		Functions related to sustaining contraction of an arm muscle for the required period of time.			Endurance d’un muscle du bras	CANDIDATE		Fonctions relatives au maintien d'une contraction musculaire d’un muscle du bras pour la période de temps requise.	CANDIDATE		Resistencia del músculo del brazo		CANDIDATE	Funciones relacionadas con el mantenimiento de la contracción del músculo del brazo durante un determinado periodo de tiempo.	CANDIDATE						https://orcid.org/0009-0000-5160-7927					Class	ICF:1302007745				
PROMOT:0032025	Endurance of arm muscle																											(PROMOT:2000006 some SNOMED:12894003)|(RO:0002331 some ICF:2048203604)				
PROMOT:0032026	Endurance of buccinator		Functions related to sustaining buccinator contraction for the required period of time.			Endurance du muscle buccinateur	CANDIDATE		Fonctions relatives au maintien d'une contraction musculaire du muscle buccinateur pour la période de temps requise.	CANDIDATE		Resistencia del músculo buccinador		CANDIDATE	Funciones relacionadas con el mantenimiento de la contracción del músculo buccinador durante un determinado periodo de tiempo.	CANDIDATE						https://orcid.org/0009-0000-5160-7927					Class	PROMOT:0032030				
PROMOT:0032026	Endurance of buccinator																											(PROMOT:2000006 some SNOMED:12894003)|(RO:0002331 some ICF:1328675264)				
PROMOT:0032027	Endurance of diaphragm		Functions related to sustaining diaphragm contraction for the required period of time.			Endurance du diaphragme	CANDIDATE		Fonctions relatives au maintien d'une contraction musculaire du diaphragme pour la période de temps requise.	CANDIDATE		Resistencia del diafragma		CANDIDATE	Funciones relacionadas con el mantenimiento de la contracción del diafragma durante un determinado periodo de tiempo.	CANDIDATE						https://orcid.org/0009-0000-5160-7927					Class	PROMOT:0032042				
PROMOT:0032027	Endurance of diaphragm																											(PROMOT:2000006 some SNOMED:12894003)				
PROMOT:0032028	Endurance of extensor digitorum		Functions related to sustaining muscle contraction of an extensor digitorum for the required period of time.			Endurance d’un muscle extenseur des doigts de la main	CANDIDATE		Fonctions relatives au maintien d'une contraction du muscle extenseur des doigts de la main pour la période de temps requise.	CANDIDATE		Resistencia del músculo extensor de los dedos de la mano		CANDIDATE	Funciones relacionadas con el mantenimiento de la contracción del músculo extensor de los dedos de la mano durante un determinado periodo de tiempo.	CANDIDATE						https://orcid.org/0009-0000-5160-7927					Class	PROMOT:0032033				
PROMOT:0032028	Endurance of extensor digitorum																											(PROMOT:2000006 some SNOMED:12894003)				
PROMOT:0032029	Endurance of extra-ocular muscle		Functions related to sustaining contraction of an extra-ocular muscle for the required period of time.			Endurance d’un muscle extra-oculaire	CANDIDATE		Fonctions relatives au maintien d'une contraction musculaire d’un muscle extra-oculaire pour la période de temps requise.	CANDIDATE		Resistencia del músculo extraocular		CANDIDATE	Funciones relacionadas con el mantenimiento de la contracción del músculo extraoculares durante un determinado periodo de tiempo.	CANDIDATE						https://orcid.org/0009-0000-5160-7927					Class	PROMOT:0032030				
PROMOT:0032029	Endurance of extra-ocular muscle																											(PROMOT:2000006 some SNOMED:12894003)				
PROMOT:0032030	Endurance of facial muscle		Functions related to sustaining contraction of a facial muscle for the required period of time.			Endurance d’un muscle du visage	CANDIDATE		Fonctions relatives au maintien d'une contraction musculaire d’un muscle du visage pour la période de temps requise.	CANDIDATE		Resistencia del músculo facial		CANDIDATE	Funciones relacionadas con el mantenimiento de la contracción del músculo faciales durante un determinado periodo de tiempo.	CANDIDATE						https://orcid.org/0009-0000-5160-7927					Class	ICF:1302007745				
PROMOT:0032030	Endurance of facial muscle																											(PROMOT:2000006 some SNOMED:12894003)|(RO:0002331 some ICF:1328675264)				
PROMOT:0032031	Endurance of first dorsal interosseous of hand		Functions related to sustaining muscle contraction of a first dorsal interosseous of hand for the required period of time.			Endurance du premier muscle dorsal interosseux de la main	CANDIDATE		Fonctions relatives au maintien d'une contraction du premier muscle dorsal interosseux de la main pour la période de temps requise.	CANDIDATE		Resistencia del primer músculo dorsal interóseo de la mano		CANDIDATE	Funciones relacionadas con el mantenimiento de la contracción del primer músculo dorsal interóseo de la mano durante un determinado periodo de tiempo.	CANDIDATE						https://orcid.org/0009-0000-5160-7927					Class	PROMOT:0032037				
PROMOT:0032031	Endurance of first dorsal interosseous of hand																											(PROMOT:2000006 some SNOMED:12894003)				
PROMOT:0032032	Endurance of foot muscle		Functions related to sustaining muscle contraction of a foot muscle for the required period of time.			Endurance d’un muscle du pied	CANDIDATE		Fonctions relatives au maintien d'une contraction musculaire d'un muscle du pied pour la période de temps requise.	CANDIDATE		Resistencia del músculo del pie		CANDIDATE	Funciones relacionadas con el mantenimiento de la contracción del músculo del pie durante un determinado periodo de tiempo.	CANDIDATE						https://orcid.org/0009-0000-5160-7927					Class	ICF:1302007745				
PROMOT:0032032	Endurance of foot muscle																											(PROMOT:2000006 some SNOMED:12894003)|(RO:0002331 some ICF:2048203604)				
PROMOT:0032033	Endurance of forearm muscle		Functions related to sustaining forearm muscle contraction for the required period of time.			Endurance d’un muscle de l’avant bras	CANDIDATE		Fonctions relatives au maintien d'une contraction musculaire d'un muscle de l’avant-bras pour la période de temps requise.	CANDIDATE		Resistencia del músculo del antebrazo		CANDIDATE	Funciones relacionadas con el mantenimiento de la contracción del músculo del antebrazo durante un determinado periodo de tiempo.	CANDIDATE						https://orcid.org/0009-0000-5160-7927					Class	ICF:1302007745				
PROMOT:0032033	Endurance of forearm muscle																											(PROMOT:2000006 some SNOMED:12894003)|(RO:0002331 some ICF:2048203604)				
PROMOT:0032034	Endurance of hand muscle		Functions related to sustaining muscle contraction of a hand muscle for the required period of time.			Endurance d’un muscle de la main	CANDIDATE		Fonctions relatives au maintien d'une contraction musculaire d'un muscle de la main pour la période de temps requise.	CANDIDATE		Resistencia del músculo de la mano		CANDIDATE	Funciones relacionadas con el mantenimiento de la contracción del músculo de la mano durante un determinado periodo de tiempo.	CANDIDATE						https://orcid.org/0009-0000-5160-7927					Class	ICF:1302007745				
PROMOT:0032034	Endurance of hand muscle																											(PROMOT:2000006 some SNOMED:12894003)|(RO:0002331 some ICF:2048203604)				
PROMOT:0032035	Endurance of intercostal muscle		Functions related to sustaining contraction of an intercostal muscle for the required period of time.			Endurance d’un muscle intercostal	CANDIDATE		Fonctions relatives au maintien d'une contraction musculaire d’un muscle intercostal pour la période de temps requise.	CANDIDATE		Resistencia del músculo intercostal		CANDIDATE	Funciones relacionadas con el mantenimiento de la contracción del músculo intercostal durante un determinado periodo de tiempo.	CANDIDATE						https://orcid.org/0009-0000-5160-7927					Class	PROMOT:0032042				
PROMOT:0032035	Endurance of intercostal muscle																											(PROMOT:2000006 some SNOMED:12894003)|(RO:0002331 some ICF:2048203604)				
PROMOT:0032036	Endurance of a set of intercostal muscles		Functions related to sustaining contraction of a group of intercostal muscles for the required period of time.			Endurance des muscles intercostaux	CANDIDATE		Fonctions relatives au maintien d'une contraction musculaire d'un groupe de muscles intercostaux pour la période de temps requise.	CANDIDATE		Resistencia de los músculos intercostales		CANDIDATE	Funciones relacionadas con el mantenimiento de la contracción de los músculos intercostales durante un determinado periodo de tiempo.	CANDIDATE						https://orcid.org/0009-0000-5160-7927					Class	ICF:1521707777				
PROMOT:0032036	Endurance of a set of intercostal muscles																											(PROMOT:2000006 some SNOMED:12894003)				
PROMOT:0032037	Endurance of intrinsic muscle of hand		Functions related to sustaining contraction of an intrinsic muscle of hand for the required period of time.			Endurance d’un muscle intrinsèque de la main	CANDIDATE		Fonctions relatives au maintien d'une contraction du muscle intrinsèque de la main pour la période de temps requise.	CANDIDATE		Resistencia del músculo intrínseco de la mano		CANDIDATE	Funciones relacionadas con el mantenimiento de la contracción del músculo intrínseco de la mano durante un determinado periodo de tiempo.	CANDIDATE						https://orcid.org/0009-0000-5160-7927					Class	PROMOT:0032034				
PROMOT:0032037	Endurance of intrinsic muscle of hand																											(PROMOT:2000006 some SNOMED:12894003)				
PROMOT:0032038	Endurance of leg muscle		Functions related to sustaining muscle contraction of a leg muscle for the required period of time.			Endurance d’un muscle de la jambe	CANDIDATE		Fonctions relatives au maintien d'une contraction musculaire d'un muscle de la jambe pour la période de temps requise.	CANDIDATE		Resistencia del músculo de las piernas		CANDIDATE	Funciones relacionadas con el mantenimiento de la contracción del músculo de las pierna durante un determinado periodo de tiempo.	CANDIDATE						https://orcid.org/0009-0000-5160-7927					Class	ICF:1302007745				
PROMOT:0032038	Endurance of leg muscle																											(PROMOT:2000006 some SNOMED:12894003)|(RO:0002331 some ICF:2048203604)				
PROMOT:0032039	Endurance of masseter		Functions related to sustaining masseter contraction for the required period of time.			Endurance d'un muscle masséter	CANDIDATE		Fonctions relatives au maintien d'une contraction musculaire du muscle masséter pour la période de temps requise.	CANDIDATE		Resistencia del músculo de la mandíbula		CANDIDATE	Funciones relacionadas con el mantenimiento de la contracción del músculo de la mandíbula durante un determinado periodo de tiempo.	CANDIDATE						https://orcid.org/0009-0000-5160-7927					Class	PROMOT:0032030				
PROMOT:0032039	Endurance of masseter																											(PROMOT:2000006 some SNOMED:12894003)|(RO:0002331 some ICF:1328675264)				
PROMOT:0032040	Endurance of a set of masticatory muscles		Functions related to sustaining contraction of a group of masticatory muscles for the required period of time.			Endurance des muscles masticatoires	CANDIDATE		Fonctions relatives au maintien d'une contraction musculaire d'un groupe de muscles masticatoires pour la période de temps requise.	CANDIDATE		Resistencia de los músculos masticatorios		CANDIDATE	Funciones relacionadas con el mantenimiento de la contracción de los músculos masticatorios durante un determinado periodo de tiempo.	CANDIDATE						https://orcid.org/0009-0000-5160-7927					Class	ICF:1521707777				
PROMOT:0032040	Endurance of a set of masticatory muscles																											(PROMOT:2000006 some SNOMED:12894003)|(RO:0002331 some ICF:1328675264)				
PROMOT:0032041	Endurance of muscle of pharynx		Functions related to sustaining contraction of a muscle of pharynx for the required period of time.			Endurance d’un muscle du pharynx	CANDIDATE		Fonctions relatives au maintien d'une contraction musculaire d’un muscle du pharynx pour la période de temps requise.	CANDIDATE		Resistencia de un músculo de la faringe		CANDIDATE	Funciones relacionadas con el mantenimiento de la contracción de un músculo de la faringe durante un determinado periodo de tiempo.	CANDIDATE						https://orcid.org/0009-0000-5160-7927					Class	PROMOT:0032043				
PROMOT:0032041	Endurance of muscle of pharynx																											(PROMOT:2000006 some SNOMED:12894003)|(RO:0002331 some ICF:1328675264)|(RO:0002331 some ICF:553784299)|(RO:0002331 some ICF:151046878)				
PROMOT:0032042	Endurance of muscle of trunk		Functions related to sustaining contraction of a trunk muscle for the required period of time.			Endurance d’un muscle du tronc	CANDIDATE		Fonctions relatives au maintien d'une contraction musculaire d'un muscle du tronc pour la période de temps requise.	CANDIDATE		Resistencia del músculo del tronco		CANDIDATE	Funciones relacionadas con el mantenimiento de la contracción del músculo del tronco durante un determinado periodo de tiempo.	CANDIDATE						https://orcid.org/0009-0000-5160-7927					Class	ICF:1302007745				
PROMOT:0032042	Endurance of muscle of trunk																											(PROMOT:2000006 some SNOMED:12894003)|(RO:0002331 some ICF:2048203604)				
PROMOT:0032043	Endurance of neck muscle		Functions related to sustaining muscle contraction of a neck muscle for the required period of time.			Endurance d’un muscle du cou	CANDIDATE		Fonctions relatives au maintien d'une contraction musculaire d'un muscle du cou pour la période de temps requise.	CANDIDATE		Resistencia del músculo del cuello		CANDIDATE	Funciones relacionadas con el mantenimiento de la contracción del músculo del cuello durante un determinado periodo de tiempo.	CANDIDATE						https://orcid.org/0009-0000-5160-7927					Class	ICF:1302007745				
PROMOT:0032043	Endurance of neck muscle																											(PROMOT:2000006 some SNOMED:12894003)|(RO:0002331 some ICF:2048203604)				
PROMOT:0032044	Endurance of pelvic gridle muscle		Functions related to sustaining muscle contraction of a pelvic gridle muscle for the required period of time.			Endurance d’un muscle de la ceinture pelvienne	CANDIDATE		Fonctions relatives au maintien d'une contraction musculaire d'un muscle de la ceinture pelvienne pour la période de temps requise.	CANDIDATE		Resistencia del músculo de la pelvis/de la cintura pélvica		CANDIDATE	Funciones relacionadas con el mantenimiento de la contracción del músculo de la pelvis/de la cintura pélvica durante un determinado periodo de tiempo.	CANDIDATE						https://orcid.org/0009-0000-5160-7927					Class	ICF:1302007745				
PROMOT:0032044	Endurance of pelvic gridle muscle																											(PROMOT:2000006 some SNOMED:12894003)|(RO:0002331 some ICF:2048203604)				
PROMOT:0032045	Endurance of a set of pharyngeal muscles		Functions related to sustaining muscle contraction of a group of pharyngeal muscles for the required period of time.			Endurance des muscles pharyngeaux	CANDIDATE		Fonctions relatives au maintien d'une contraction musculaire d'un groupe de muscles pharyngeaux pour la période de temps requise.	CANDIDATE		Resistencia de los músculos faríngeos		CANDIDATE	Funciones relacionadas con el mantenimiento de la contracción de los músculos faríngeos durante un determinado periodo de tiempo.	CANDIDATE						https://orcid.org/0009-0000-5160-7927					Class	ICF:1521707777				
PROMOT:0032045	Endurance of a set of pharyngeal muscles																											(PROMOT:2000006 some SNOMED:12894003)|(RO:0002331 some ICF:1328675264)|(RO:0002331 some ICF:553784299)|(RO:0002331 some ICF:151046878)				
PROMOT:0032046	Endurance of pterygoid muscle		Functions related to sustaining contraction of pterygoid muscle for the required period of time.			Endurance d'un muscle ptérygoïdien	CANDIDATE		Fonctions relatives au maintien d'une contraction musculaire du muscle ptérygoïdien pour la période de temps requise.	CANDIDATE		Resistencia del músculo pterigoideo		CANDIDATE	Funciones relacionadas con el mantenimiento de la contracción del músculo pterigoideo durante un determinado periodo de tiempo.	CANDIDATE						https://orcid.org/0009-0000-5160-7927					Class	PROMOT:0032030				
PROMOT:0032046	Endurance of pterygoid muscle																											(PROMOT:2000006 some SNOMED:12894003)|(RO:0002331 some ICF:1328675264)				
PROMOT:0032047	Endurance of quatriceps femoris		Functions related to sustaining contraction of a quatriceps femoris for the required period of time.			Endurance d'un muscle quadriceps fémoral	CANDIDATE		Fonctions relatives au maintien d'une contraction du muscle quadriceps fémoral pour la période de temps requise.	CANDIDATE		Resistencia del músculo cuádriceps femoral		CANDIDATE	Funciones relacionadas con el mantenimiento de la contracción del músculo cuádriceps femoral durante un determinado periodo de tiempo.	CANDIDATE						https://orcid.org/0009-0000-5160-7927					Class	ICF:1302007745				
PROMOT:0032047	Endurance of quatriceps femoris																											(PROMOT:2000006 some SNOMED:12894003)				
PROMOT:0032048	Endurance of rhomboid major		Functions related to sustaining rhomboid major contraction for the required period of time.			Endurance d'un muscle grand rhomboïde	CANDIDATE		Fonctions relatives au maintien d'une contraction musculaire du muscle grand rhomboïde pour la période de temps requise.	CANDIDATE		Resistencia del músculo romboides mayor		CANDIDATE	Funciones relacionadas con el mantenimiento de la contracción del músculo romboides mayor durante un determinado periodo de tiempo.	CANDIDATE						https://orcid.org/0009-0000-5160-7927					Class	PROMOT:0032051				
PROMOT:0032048	Endurance of rhomboid major																											(PROMOT:2000006 some SNOMED:12894003)|(RO:0002331 some ICF:2048203604)				
PROMOT:0032049	Endurance of rhomboid minor		Functions related to sustaining rhomboid minor contraction for the required period of time.			Endurance d'un muscle petit rhomboïde	CANDIDATE		Fonctions relatives au maintien d'une contraction musculaire du muscle petit rhomboïde pour la période de temps requise.	CANDIDATE		Resistencia del músculo romboides menor		CANDIDATE	Funciones relacionadas con el mantenimiento de la contracción del músculo romboides menor durante un determinado periodo de tiempo..	CANDIDATE						https://orcid.org/0009-0000-5160-7927					Class	PROMOT:0032051				
PROMOT:0032049	Endurance of rhomboid minor																											(PROMOT:2000006 some SNOMED:12894003)|(RO:0002331 some ICF:2048203604)				
PROMOT:0032050	Endurance of serratus anterior		Functions related to sustaining serratus anterior contraction for the required period of time.			Endurance d'un muscle dentelé antérieur	CANDIDATE		Fonctions relatives au maintien d'une contraction musculaire du muscle dentelé antérieur pour la période de temps requise.	CANDIDATE		Resistencia del serrato anterior		CANDIDATE	Funciones relacionadas con el mantenimiento de la contracción del serrato anterior durante un determinado periodo de tiempo.	CANDIDATE						https://orcid.org/0009-0000-5160-7927					Class	PROMOT:0032051				
PROMOT:0032050	Endurance of serratus anterior																											(PROMOT:2000006 some SNOMED:12894003)|(RO:0002331 some ICF:2048203604)				
PROMOT:0032051	Endurance of shoulder muscle		Functions related to sustaining muscle contraction of a shoulder muscle for the required period of time.			Endurance d’un muscle de l’épaule	CANDIDATE		Fonctions relatives au maintien d'une contraction musculaire d'un muscle de l’épaule pour la période de temps requise.	CANDIDATE		Resistencia del músculo del hombro		CANDIDATE	Funciones relacionadas con el mantenimiento de la contracción del músculo del hombro durante un determinado periodo de tiempo.	CANDIDATE						https://orcid.org/0009-0000-5160-7927					Class	ICF:1302007745				
PROMOT:0032051	Endurance of shoulder muscle																											(PROMOT:2000006 some SNOMED:12894003)|(RO:0002331 some ICF:2048203604)				
PROMOT:0032052	Endurance of temporalis		Functions related to sustaining temporalis contraction for the required period of time.			Endurance d'un muscle temporal	CANDIDATE		Fonctions relatives au maintien d'une contraction musculaire du muscle temporal pour la période de temps requise.	CANDIDATE		Resistencia del músculo temporal		CANDIDATE	Funciones relacionadas con el mantenimiento de la contracción del músculo temporal durante un determinado periodo de tiempo.	CANDIDATE						https://orcid.org/0009-0000-5160-7927					Class	ICF:1302007745				
PROMOT:0032052	Endurance of temporalis																											(PROMOT:2000006 some SNOMED:12894003)|(RO:0002331 some ICF:1328675264)				
PROMOT:0032053	Endurance of thenar muscle		Functions related to sustaining contraction of a thenar muscle for the required period of time.			Endurance de l’éminence thénar	CANDIDATE		Fonctions relatives au maintien d'une contraction musculaire d’un muscle de l’éminence thénar pour la période de temps requise.	CANDIDATE		Resistencia del músculo de la eminencia tenar		CANDIDATE	Funciones relacionadas con el mantenimiento de la contracción del músculo de la eminencia tenar durante un determinado periodo de tiempo.	CANDIDATE						https://orcid.org/0009-0000-5160-7927					Class	PROMOT:0032037				
PROMOT:0032053	Endurance of thenar muscle																											(PROMOT:2000006 some SNOMED:12894003)				
PROMOT:0032054	Endurance of thigh musculature		Functions related to sustaining contraction of the thigh musculature for the required period of time.			Endurance des muscles de la cuisse	CANDIDATE		Fonctions relatives au maintien d'une contraction musculaire d'un muscle de la cuisse pour la période de temps requise.	CANDIDATE		Resistencia del músculo del muslo		CANDIDATE	Funciones relacionadas con el mantenimiento de la contracción del músculo del muslo durante un determinado periodo de tiempo.	CANDIDATE						https://orcid.org/0009-0000-5160-7927					Class	ICF:1521707777				
PROMOT:0032054	Endurance of thigh musculature																											(PROMOT:2000006 some SNOMED:12894003)|(RO:0002331 some ICF:2048203604)				
PROMOT:0032055	Endurance of tibialis anterior		Functions related to sustaining muscle contraction of a tibialis anterior for the required period of time.			Endurance d'un muscle tibial antérieur	CANDIDATE		Fonctions relatives au maintien d'une contraction du muscle tibial antérieur pour la période de temps requise.	CANDIDATE		Resistencia del músculo tibial anterior		CANDIDATE	Funciones relacionadas con el mantenimiento de la contracción del músculo tibial anterior durante un determinado periodo de tiempo.	CANDIDATE						https://orcid.org/0009-0000-5160-7927					Class	PROMOT:0032038				
PROMOT:0032055	Endurance of tibialis anterior																											(PROMOT:2000006 some SNOMED:12894003)				
PROMOT:0032056	Endurance of tibialis posterior		Functions related to sustaining muscle contraction of a tibialis posterior for the required period of time.			Endurance d'un muscle tibial postérieur	CANDIDATE		Fonctions relatives au maintien d'une contraction du muscle tibial postérieur pour la période de temps requise.	CANDIDATE		Resistencia del músculo tibial posterior		CANDIDATE	Funciones relacionadas con el mantenimiento de la contracción del músculo tibial posterior durante un determinado periodo de tiempo.	CANDIDATE						https://orcid.org/0009-0000-5160-7927					Class	PROMOT:0032038				
PROMOT:0032056	Endurance of tibialis posterior																											(PROMOT:2000006 some SNOMED:12894003)				
PROMOT:0032057	Endurance of tongue muscle		Functions related to sustaining contraction of tongue muscle for the required period of time.			Endurance du muscle de la langue	CANDIDATE		Fonctions relatives au maintien d'une contraction musculaire du muscle de la langue pour la période de temps requise.	CANDIDATE		Resistencia del músculo de la lengua		CANDIDATE	Funciones relacionadas con el mantenimiento de la contracción del músculo de la lengua durante un determinado periodo de tiempo.	CANDIDATE						https://orcid.org/0009-0000-5160-7927					Class	PROMOT:0032030				
PROMOT:0032057	Endurance of tongue muscle																											(PROMOT:2000006 some SNOMED:12894003)|(RO:0002331 some ICF:1328675264)				
PROMOT:0032058	Endurance of trapezius		Functions related to sustaining trapezius contraction for the required period of time.			Endurance du trapèze	CANDIDATE		Fonctions relatives au maintien d'une contraction musculaire du trapèze pour la période de temps requise.	CANDIDATE		Resistencia del trapecio		CANDIDATE	Funciones relacionadas con el mantenimiento de la contracción del trapecio durante un determinado periodo de tiempo.	CANDIDATE						https://orcid.org/0009-0000-5160-7927					Class	PROMOT:0032051				
PROMOT:0032058	Endurance of trapezius																											(PROMOT:2000006 some SNOMED:12894003)|(RO:0002331 some ICF:2048203604)				
PROMOT:0032059	Endurance of triceps brachii		Functions related to the force generated by the contraction of a triceps brachii.			Endurance d'un muscle triceps brachial	CANDIDATE		Fonctions relatives au maintien d'une contraction du muscle triceps brachial pour la période de temps requise.	CANDIDATE		Resistencia del músculo tríceps braquial		CANDIDATE	Funciones relacionadas con el mantenimiento de la contracción del músculo tríceps braquial durante un determinado periodo de tiempo.	CANDIDATE						https://orcid.org/0009-0000-5160-7927					Class	PROMOT:0032025				
PROMOT:0032059	Endurance of triceps brachii																											(PROMOT:2000006 some SNOMED:12894003)				
PROMOT:0032060	Power of abdominal muscle		Functions related to the force generated by the contraction of an abdominal muscle.			Puissance d’un muscle abdominal	CANDIDATE		Fonctions relatives à la force générée par la contraction d'un muscle abdominaux.	CANDIDATE		Fuerza del músculo abdominal		CANDIDATE	Funciones relacionadas con la fuerza generada por la contracción del músculo abdominales.	CANDIDATE						https://orcid.org/0009-0000-5160-7927					Class	PROMOT:0032078				
PROMOT:0032060	Power of abdominal muscle																											(PROMOT:2000006 some SNOMED:12894003)|(RO:0002331 some ICF:2048203604)				
PROMOT:0032061	Power of arm muscle		Functions related to the force generated by the contraction of an arm muscle.			Puissance d’un muscle du bras	CANDIDATE		Fonctions relatives à la force générée par la contraction d'un muscle du bras.	CANDIDATE		Fuerza del brazo		CANDIDATE	Funciones relacionadas con la fuerza generada por la contracción del músculo del brazo.	CANDIDATE						https://orcid.org/0009-0000-5160-7927					Class	ICF:1789365017				
PROMOT:0032061	Power of arm muscle																											(PROMOT:2000006 some SNOMED:12894003)|(RO:0002331 some ICF:2048203604)				
PROMOT:0032062	Power of buccinator		Functions related to the force generated by the contraction of a buccinator.			Puissance d'un muscle buccinateur	CANDIDATE		Fonctions relatives à la force générée par la contraction du muscle buccinateur.	CANDIDATE		Fuerza del músculo buccinador		CANDIDATE	Funciones relacionadas con la fuerza generada por la contracción del músculo buccinador.	CANDIDATE						https://orcid.org/0009-0000-5160-7927					Class	PROMOT:0032066				
PROMOT:0032062	Power of buccinator																											(PROMOT:2000006 some SNOMED:12894003)|(RO:0002331 some ICF:1328675264)				
PROMOT:0032063	Power of diaphragm		Functions related to the force generated by the contraction of the diaphragm.			Puissance du diaphragme	CANDIDATE		Fonctions relatives à la force générée par la contraction du diaphragm.	CANDIDATE		Fuerza del diafragma		CANDIDATE	Funciones relacionadas con la fuerza generada por la contracción del diafragma.	CANDIDATE						https://orcid.org/0009-0000-5160-7927					Class	PROMOT:0032078				
PROMOT:0032063	Power of diaphragm																											(PROMOT:2000006 some SNOMED:12894003)				
PROMOT:0032064	Power of extensor digitorum		Functions related to the force generated by the contraction of an extensor digitorum.			Puissance d'un muscle extenseur des doigts de la main	CANDIDATE		Fonctions relatives à la force générée par la contraction du muscle extenseur des doigts de la main.	CANDIDATE		Fuerza del músculo extensor de los dedos de la mano		CANDIDATE	Funciones relacionadas con la fuerza generada por la contracción del músculo extensor de los dedos de la mano.	CANDIDATE						https://orcid.org/0009-0000-5160-7927					Class	PROMOT:0032069				
PROMOT:0032064	Power of extensor digitorum																											(PROMOT:2000006 some SNOMED:12894003)|(RO:0002331 some ICF:2048203604)				
PROMOT:0032065	Power of extra-ocular muscle		Functions related to the force generated by the contraction of an extra-ocular muscle.			Puissance d’un muscle extra-oculaires	CANDIDATE		Fonctions relatives à la force générée par la contraction d'un muscle extra-oculaire.	CANDIDATE		Fuerza del músculo extraocular		CANDIDATE	Funciones relacionadas con la fuerza generada por la contracción del músculo extraoculares.	CANDIDATE						https://orcid.org/0009-0000-5160-7927					Class	PROMOT:0032066				
PROMOT:0032065	Power of extra-ocular muscle																											(PROMOT:2000006 some SNOMED:12894003)				
PROMOT:0032066	Power of facial muscle		Functions related to the force generated by the contraction of a muscle of the face.			Puissance d’un muscle du visage	CANDIDATE		Fonctions relatives à la force générée par la contraction d'un muscle du visage.	CANDIDATE		Fuerza del músculo facial		CANDIDATE	Funciones relacionadas con la fuerza generada por la contracción del músculo faciales.	CANDIDATE						https://orcid.org/0009-0000-5160-7927					Class	ICF:1789365017				
PROMOT:0032066	Power of facial muscle																											(PROMOT:2000006 some SNOMED:12894003)|(RO:0002331 some ICF:1328675264)				
PROMOT:0032067	Power of first dorsal interosseous of hand		Functions related to the force generated by the contraction of a first dorsal interosseous of hand.			Puissance du premier muscle dorsal interosseux de la main	CANDIDATE		Fonctions relatives à la force générée par la contraction du premier muscle dorsal interosseux de la main.	CANDIDATE		Fuerza del primer músculo dorsal interóseo de la mano		CANDIDATE	Funciones relacionadas con la fuerza generada por la contracción del primer músculo dorsal interóseo de la mano.	CANDIDATE						https://orcid.org/0009-0000-5160-7927					Class	PROMOT:0032073				
PROMOT:0032067	Power of first dorsal interosseous of hand																											(PROMOT:2000006 some SNOMED:12894003)|(RO:0002331 some ICF:2048203604)				
PROMOT:0032068	Power of foot muscle		Functions related to the force generated by the contraction of a foot muscle.			Puissance d’un muscle du pied	CANDIDATE		Fonctions relatives à la force générée par la contraction d'un muscle du pied.	CANDIDATE		Fuerza del pie		CANDIDATE	Funciones relacionadas con la fuerza generada por la contracción del pie.	CANDIDATE						https://orcid.org/0009-0000-5160-7927					Class	ICF:1789365017				
PROMOT:0032068	Power of foot muscle																											(PROMOT:2000006 some SNOMED:12894003)|(RO:0002331 some ICF:2048203604)				
PROMOT:0032069	Power of forearm muscle		Functions related to the force generated by the contraction of a forearm muscle.			Puissance d’un muscle de l’avant bras	CANDIDATE		Fonctions relatives à la force générée par la contraction d'un muscle de l’avant bras.	CANDIDATE		Fuerza del músculo del antebrazo		CANDIDATE	Funciones relacionadas con la fuerza generada por la contracción del músculo del antebrazo.	CANDIDATE						https://orcid.org/0009-0000-5160-7927					Class	ICF:1789365017				
PROMOT:0032069	Power of forearm muscle																											(PROMOT:2000006 some SNOMED:12894003)|(RO:0002331 some ICF:2048203604)				
PROMOT:0032070	Power of hand muscle		Functions related to the force generated by the contraction of a hand muscle.			Puissance d’un muscle de la main	CANDIDATE		Fonctions relatives à la force générée par la contraction d'un muscle de la main.	CANDIDATE		Fuerza del músculo de la mano		CANDIDATE	Funciones relacionadas con la fuerza generada por la contracción del músculo de la mano.	CANDIDATE						https://orcid.org/0009-0000-5160-7927					Class	ICF:1789365017				
PROMOT:0032070	Power of hand muscle																											(PROMOT:2000006 some SNOMED:12894003)|(RO:0002331 some ICF:2048203604)				
PROMOT:0032071	Power of intercostal muscle		Functions related to the force generated by the contraction of an intercostal muscle.			Puissance d’un muscle intercostal	CANDIDATE		Fonctions relatives à la force générée par la contraction d’un muscle intercostal.	CANDIDATE		Fuerza del músculo intercostal		CANDIDATE	Funciones relacionadas con la fuerza generada por la contracción del músculo intercostal.	CANDIDATE						https://orcid.org/0009-0000-5160-7927					Class	PROMOT:0032078				
PROMOT:0032071	Power of intercostal muscle																											(PROMOT:2000006 some SNOMED:12894003)|(RO:0002331 some ICF:2048203604)				
PROMOT:0032072	Power of a set of intercostal muscles		Functions related to the force generated by the contraction of a group of intercostal muscles.			Puissance des muscles intercostaux	CANDIDATE		Fonctions relatives à la force générée par la contraction d'un groupe de muscles intercostaux.	CANDIDATE		Fuerza del los músculos intercostales		CANDIDATE	Funciones relacionadas con la fuerza generada por la contracción de los músculos intercostales.	CANDIDATE						https://orcid.org/0009-0000-5160-7927					Class	ICF:1789365017				
PROMOT:0032072	Power of a set of intercostal muscles																											(PROMOT:2000006 some SNOMED:12894003)				
PROMOT:0032073	Power of intrinsic muscle of hand		Functions related to the force generated by the contraction of an intrinsic muscle of hand.			Puissance d'un muscle intrinsèque de la main	CANDIDATE		Fonctions relatives à la force générée par la contraction du muscle intrinsèque de la main.	CANDIDATE		Fuerza del músculo intrínseco de la mano		CANDIDATE	Funciones relacionadas con la fuerza generada por la contracción del músculo intrínseco de la mano.	CANDIDATE						https://orcid.org/0009-0000-5160-7927					Class	PROMOT:0032070				
PROMOT:0032073	Power of intrinsic muscle of hand																											(PROMOT:2000006 some SNOMED:12894003)|(RO:0002331 some ICF:2048203604)				
PROMOT:0032074	Power of leg muscle		Functions related to the force generated by the contraction of a leg muscle.			Puissance d’un muscle de la jambe	CANDIDATE		Fonctions relatives à la force générée par la contraction d'un muscle de la jambe.	CANDIDATE		Fuerza del músculo de las piernas		CANDIDATE	Funciones relacionadas con la fuerza generada por la contracción del músculo de las piernas.	CANDIDATE						https://orcid.org/0009-0000-5160-7927					Class	ICF:1789365017				
PROMOT:0032074	Power of leg muscle																											(PROMOT:2000006 some SNOMED:12894003)|(RO:0002331 some ICF:2048203604)				
PROMOT:0032075	Power of masseter		Functions related to the force generated by the contraction of a masseter.			Puissance d'un muscle masséter 	CANDIDATE		Fonctions relatives à la force générée par la contraction du muscle masséter.	CANDIDATE		Fuerza del músculo de la mandíbula		CANDIDATE	Funciones relacionadas con la fuerza generada por la contracción del músculo de la mandíbula.	CANDIDATE						https://orcid.org/0009-0000-5160-7927					Class	PROMOT:0032066				
PROMOT:0032075	Power of masseter																											(PROMOT:2000006 some SNOMED:12894003)|(RO:0002331 some ICF:1328675264)				
PROMOT:0032076	Power of a set of masticatory muscles		Functions related to the force generated by the contraction of a group of masticatory muscles.			Puissance des muscles masticatoires	CANDIDATE		Fonctions relatives à la force générée par la contraction d'un groupe de muscles masticatoires.	CANDIDATE		Fuerza del músculo masticatorios		CANDIDATE	Funciones relacionadas con la fuerza generada por la contracción de los músculos masticatorios.	CANDIDATE						https://orcid.org/0009-0000-5160-7927					Class	ICF:1789365017				
PROMOT:0032076	Power of a set of masticatory muscles																											(PROMOT:2000006 some SNOMED:12894003)|(RO:0002331 some ICF:1328675264)				
PROMOT:0032077	Power of muscle of pharynx		Functions related to the force generated by the contraction of a muscle of pharynx.			Puissance d’un muscle du pharynx	CANDIDATE		Fonctions relatives à la force générée par la contraction d’un muscle du pharynx.	CANDIDATE		Fuerza de un músculo de la faringe		CANDIDATE	Funciones relacionadas con la fuerza generada por la contracción de un músculo de la faringe.	CANDIDATE						https://orcid.org/0009-0000-5160-7927					Class	PROMOT:0032079				
PROMOT:0032077	Power of muscle of pharynx																											(PROMOT:2000006 some SNOMED:12894003)|(RO:0002331 some ICF:1328675264)|(RO:0002331 some ICF:553784299)|(RO:0002331 some ICF:151046878)				
PROMOT:0032078	Power of muscle of trunk		Functions related to the force generated by the contraction of a trunk muscle.			Puissance d’un muscle du tronc	CANDIDATE		Fonctions relatives à la force générée par la contraction d'un muscle du tronc.	CANDIDATE		Fuerza del músculo del tronco		CANDIDATE	Funciones relacionadas con la fuerza generada por la contracción del músculo del tronco.	CANDIDATE						https://orcid.org/0009-0000-5160-7927					Class	ICF:1789365017				
PROMOT:0032078	Power of muscle of trunk																											(PROMOT:2000006 some SNOMED:12894003)				
PROMOT:0032079	Power of neck muscle		Functions related to the force generated by the contraction of a neck muscle.			Puissance d’un muscle du cou	CANDIDATE		Fonctions relatives à la force générée par la contraction d'un muscle du cou.	CANDIDATE		Fuerza del músculo del cuello		CANDIDATE	Funciones relacionadas con la fuerza generada por la contracción del músculo del cuello. 	CANDIDATE						https://orcid.org/0009-0000-5160-7927					Class	ICF:1789365017				
PROMOT:0032079	Power of neck muscle																											(PROMOT:2000006 some SNOMED:12894003)|(RO:0002331 some ICF:2048203604)				
PROMOT:0032080	Power of pelvic gridle muscle		Functions related to the force generated by the contraction of a pelvic girdle muscle.			Puissance d’un muscle de la ceinture pelvienne	CANDIDATE		Fonctions relatives à la force générée par la contraction d'un muscle de la ceinture pelvienne.	CANDIDATE		Fuerza del músculo de la cintura pélvica		CANDIDATE	Funciones relacionadas con la fuerza generada por la contracción del músculo de la cintura pélvica.	CANDIDATE						https://orcid.org/0009-0000-5160-7927					Class	ICF:1789365017				
PROMOT:0032080	Power of pelvic gridle muscle																											(PROMOT:2000006 some SNOMED:12894003)|(RO:0002331 some ICF:2048203604)				
PROMOT:0032081	Power of a set of pharyngeal muscles		Functions related to the force generated by the contraction of a group of pharyngeal muscles.			Puissance des muscles du pharynx	CANDIDATE		Fonctions relatives à la force générée par la contraction d'un groupe de muscles du pharynx.	CANDIDATE		Fuerza de los músculos de la faringe		CANDIDATE	Funciones relacionadas con la fuerza generada por la contracción de los músculos de la faringe.	CANDIDATE						https://orcid.org/0009-0000-5160-7927					Class	ICF:1789365017				
PROMOT:0032081	Power of a set of pharyngeal muscles																											(PROMOT:2000006 some SNOMED:12894003)|(RO:0002331 some ICF:1328675264)|(RO:0002331 some ICF:553784299)|(RO:0002331 some ICF:151046878)				
PROMOT:0032082	Power of pterygoid muscle		Functions related to the force generated by the contraction of a pterygoid muscle.			Puissance d'un muscle ptérygoïdien	CANDIDATE		Fonctions relatives à la force générée par la contraction du muscle ptérygoïdien.	CANDIDATE		Fuerza del músculo pterigoideo		CANDIDATE	Funciones relacionadas con la fuerza generada por la contracción del músculo pterigoideo.	CANDIDATE						https://orcid.org/0009-0000-5160-7927					Class	PROMOT:0032066				
PROMOT:0032082	Power of pterygoid muscle																											(PROMOT:2000006 some SNOMED:12894003)|(RO:0002331 some ICF:1328675264)				
PROMOT:0032083	Power of quatriceps femoris		Functions related to the force generated by the contraction of a quadriceps femoris.			Puissance d'un muscle quadriceps fémoral	CANDIDATE		Fonctions relatives à la force générée par la contraction du muscle quadriceps femoral.	CANDIDATE		Fuerza del músculo cuádriceps femoral		CANDIDATE	Funciones relacionadas con la fuerza generada por la contracción del músculo cuádriceps femoral.	CANDIDATE						https://orcid.org/0009-0000-5160-7927					Class	ICF:1789365017				
PROMOT:0032083	Power of quatriceps femoris																											(PROMOT:2000006 some SNOMED:12894003)|(RO:0002331 some ICF:2048203604)				
PROMOT:0032084	Power of rhomboid major		Functions related to the force generated by the contraction of a rhomboid major.			Puissance d'un muscle grand rhomboïde	CANDIDATE		Fonctions relatives à la force générée par la contraction du muscle grand rhomboïde.	CANDIDATE		Fuerza del músculo romboides mayor  		CANDIDATE	Funciones relacionadas con la fuerza generada por la contracción del músculo romboides mayor.	CANDIDATE						https://orcid.org/0009-0000-5160-7927					Class	PROMOT:0032087				
PROMOT:0032084	Power of rhomboid major																											(PROMOT:2000006 some SNOMED:12894003)|(RO:0002331 some ICF:2048203604)				
PROMOT:0032085	Power of rhomboid minor		Functions related to the force generated by the contraction of a rhomboid minor.			Puissance d'un muscle petit rhomboïde	CANDIDATE		Fonctions relatives à la force générée par la contraction du muscle petit rhomboïde.	CANDIDATE		Fuerza del músculo romboides menor		CANDIDATE	Funciones relacionadas con la fuerza generada por la contracción del músculo romboides menor.	CANDIDATE						https://orcid.org/0009-0000-5160-7927					Class	PROMOT:0032087				
PROMOT:0032085	Power of rhomboid minor																											(PROMOT:2000006 some SNOMED:12894003)|(RO:0002331 some ICF:2048203604)				
PROMOT:0032086	Power of serratus anterior		Functions related to the force generated by the contraction of a serratus anterior.			Puissance d'un muscle dentelé antérieur	CANDIDATE		Fonctions relatives à la force générée par la contraction du muscle dentelé antérieur.	CANDIDATE		Fuerza del serrato anterior		CANDIDATE	Funciones relacionadas con la fuerza generada por la contracción del serrato anterior.	CANDIDATE						https://orcid.org/0009-0000-5160-7927					Class	PROMOT:0032087				
PROMOT:0032086	Power of serratus anterior																											(PROMOT:2000006 some SNOMED:12894003)|(RO:0002331 some ICF:2048203604)				
PROMOT:0032087	Power of shoulder muscle		Functions related to the force generated by the contraction of a shoulder muscle.			Puissance d’un muscle de l’épaule	CANDIDATE		Fonctions relatives à la force générée par la contraction d'un muscle de l’épaule.	CANDIDATE		Fuerza del hombro		CANDIDATE	Funciones relacionadas con la fuerza generada por la contracción del músculo del hombro.	CANDIDATE						https://orcid.org/0009-0000-5160-7927					Class	ICF:1789365017				
PROMOT:0032087	Power of shoulder muscle																											(PROMOT:2000006 some SNOMED:12894003)|(RO:0002331 some ICF:2048203604)				
PROMOT:0032088	Power of temporalis		Functions related to the force generated by the contraction of a temporalis.			Puissance d'un muscle temporal	CANDIDATE		Fonctions relatives à la force générée par la contraction du muscle temporal.	CANDIDATE		Fuerza del músculo temporal		CANDIDATE	Funciones relacionadas con la fuerza generada por la contracción del músculo temporal.	CANDIDATE						https://orcid.org/0009-0000-5160-7927					Class	ICF:1789365017				
PROMOT:0032088	Power of temporalis																											(PROMOT:2000006 some SNOMED:12894003)|(RO:0002331 some ICF:1328675264)				
PROMOT:0032089	Power of thenar muscle		Functions related to the force generated by the contraction of a thenar muscle.			Puissance d’un muscle de l’éminence thénar	CANDIDATE		Fonctions relatives à la force générée par la contraction d’un muscle de l’éminence thénar.	CANDIDATE		Fuerza del músculo de la eminencia tenar		CANDIDATE	Funciones relacionadas con la fuerza generada por la contracción del músculo de la eminencia tenar.	CANDIDATE						https://orcid.org/0009-0000-5160-7927					Class	PROMOT:0032073				
PROMOT:0032089	Power of thenar muscle																											(PROMOT:2000006 some SNOMED:12894003)|(RO:0002331 some ICF:2048203604)				
PROMOT:0032090	Power of thigh musculature		Functions related to the force generated by the contraction of the thigh musculature.			Puissance musculaire de la cuisse	CANDIDATE		Fonctions relatives à la force générée par la contraction d'un muscle de la cuisse.	CANDIDATE		Fuerza del muslo		CANDIDATE	Funciones relacionadas con la fuerza generada por la contracción de músculos del muslo.	CANDIDATE						https://orcid.org/0009-0000-5160-7927					Class	ICF:1789365017				
PROMOT:0032090	Power of thigh musculature																											(PROMOT:2000006 some SNOMED:12894003)|(RO:0002331 some ICF:2048203604)				
PROMOT:0032091	Power of tibialis anterior		Functions related to the force generated by the contraction of a tibialis anterior.			Puissance d'un muscle tibial antérieur	CANDIDATE		Fonctions relatives à la force générée par la contraction du muscle tibial antérieur.	CANDIDATE		Fuerza del músculo tibial anterior		CANDIDATE	Funciones relacionadas con la fuerza generada por la contracción del músculo tibial anterior.	CANDIDATE						https://orcid.org/0009-0000-5160-7927					Class	PROMOT:0032074				
PROMOT:0032091	Power of tibialis anterior																											(PROMOT:2000006 some SNOMED:12894003)|(RO:0002331 some ICF:2048203604)				
PROMOT:0032092	Power of tibialis posterior		Functions related to the force generated by the contraction of a tibialis posterior.			Puissance d'un muscle tibial postérieur	CANDIDATE		Fonctions relatives à la force générée par la contraction du muscle tibial postérieur.	CANDIDATE		Fuerza del músculo tibial posterior		CANDIDATE	Funciones relacionadas con la fuerza generada por la contracción del músculo tibial posterior.	CANDIDATE						https://orcid.org/0009-0000-5160-7927					Class	PROMOT:0032074				
PROMOT:0032092	Power of tibialis posterior																											(PROMOT:2000006 some SNOMED:12894003)|(RO:0002331 some ICF:2048203604)				
PROMOT:0032093	Power of tongue muscle		Functions related to the force generated by the contraction of the tongue muscle.			Puissance d'un muscle de la langue	CANDIDATE		Fonctions relatives à la force générée par la contraction du muscle de la langue.	CANDIDATE		Fuerza del músculo de la lengua		CANDIDATE	Funciones relacionadas con la fuerza generada por la contracción del músculo de la lengua.	CANDIDATE						https://orcid.org/0009-0000-5160-7927					Class	PROMOT:0032066				
PROMOT:0032093	Power of tongue muscle																											(PROMOT:2000006 some SNOMED:12894003)|(RO:0002331 some ICF:1328675264)				
PROMOT:0032094	Power of trapezius		Functions related to the force generated by the contraction of a trapezius.			Puissance d’un muscle trapèze	CANDIDATE		Fonctions relatives à la force générée par la contraction du trapèze.	CANDIDATE		Fuerza del trapecio		CANDIDATE	Funciones relacionadas con la fuerza generada por la contracción del trapecio.	CANDIDATE						https://orcid.org/0009-0000-5160-7927					Class	PROMOT:0032087				
PROMOT:0032094	Power of trapezius																											(PROMOT:2000006 some SNOMED:12894003)|(RO:0002331 some ICF:2048203604)				
PROMOT:0032095	Power of triceps brachii		Functions related to the force generated by the contraction of a triceps brachii.			Puissance d'un muscle triceps brachial	CANDIDATE		Fonctions relatives à la force générée par la contraction du muscle triceps brachial.	CANDIDATE		Fuerza del músculo tríceps braquial		CANDIDATE	Funciones relacionadas con la fuerza generada por la contracción del músculo tríceps braquial. 	CANDIDATE						https://orcid.org/0009-0000-5160-7927					Class	PROMOT:0032061				
PROMOT:0032095	Power of triceps brachii																											(PROMOT:2000006 some SNOMED:12894003)|(RO:0002331 some ICF:2048203604)				
PROMOT:0100001	Activity related procedure		A procedure that can measure an activity.			Procédure liée à une activité			Une procédure qui évalue une activité.													https://orcid.org/0009-0000-5160-7927					Class	SNOMED:128927009|(PROMOT:2000002 some PROMOT:0110001)	(SNOMED:128927009 and (PROMOT:2000002 some PROMOT:0110001))			
PROMOT:0100002	Body function related procedure		A procedure that can measure a body function.			Procédure liée à une fonction organique			Une procédure qui évalue une fonction organique.													https://orcid.org/0009-0000-5160-7927					Class	SNOMED:128927009|(PROMOT:2000002 some ICF:567313968)	(SNOMED:128927009 and (PROMOT:2000002 some ICF:567313968))			
PROMOT:0100003	Phenotypically related procedure		A procedure that can assess a phenotype.			Procédure liée à un phénotype			Une procédure qui évalue un phénotype.			Procedimiento relacionado con un fenotipo	label by https://orcid.org/0000-0002-1500-0236		Un procedimiento que evalua un fenotipo.		definition by https://orcid.org/0000-0002-1500-0236					https://orcid.org/0009-0000-5160-7927					Class	SNOMED:128927009|(PROMOT:2000002 some HP:0000118)	(SNOMED:128927009 and (PROMOT:2000002 some HP:0000118))			
PROMOT:0110001	Activity		An activity is the execution of a task or action by an individual. Activity limitations are difficulties an individual may have in executing activities. 	International Classification of Functioning, Disability and Health (ICF)		Activité			Une activité signifie l'exécution d'une tâche ou le fait pour une personne de faire quelque chose. Les limitations d'activité désignent les difficultés qu'une personne peut rencontrer pour mener une activité.		Classification internationale du fonctionnement, du handicap et de la santé 	Actividad 			Actividad es la realización de una tarea o acción por parte de una persona. Las limitaciones en la actividad son dificultades que una persona puede tener para realizar una tarea o acción.		Clasificación Internacional del Funcionamiento, de la Discapacidad y de la Salud				http://id.who.int/icd/entity/1394728112	https://orcid.org/0009-0000-5160-7927					Class	BFO:0000015				
PROMOT:0120002	Participation		A participation is an involvement in a life situation. Participation restrictions are problems an individual may experience in involvement in life situations 	International Classification of Functioning, Disability and Health (ICF)		Participation			La participation signifie le fait de prendre part à une situation de la vie réelle. Les restrictions de participation désignent les problèmes qu'une personne peut rencontrer pour participer à une situation réelle. 		Classification internationale du fonctionnement, du handicap et de la santé 	Participación 			Participación es involucrarse en una situación de la vida cotidiana. Las restricciones en la participación son problemas que una persona puede experimentar al involucrarse en situaciones de la vida cotidiana.		Clasificación Internacional del Funcionamiento, de la Discapacidad y de la Salud				http://id.who.int/icd/entity/1394728112	https://orcid.org/0009-0000-5160-7927					Class	BFO:0000015				
PROMOT:1000001	found in		An annotation property that indicates the source that supports the need to integrate the class in the ontology.			est trouvé avec			Une annotation qui indique la source justifiant la présence de la classe dans le modèle.			encontrado gracias a		CANDIDATE	La anotación indica la fuente que justifica la presencia de la clase en el modelo. 	CANDIDATE	JP: Translated to spanish using Bing Translator					https://orcid.org/0009-0000-5160-7927					Annotation property				xsd:string	
PROMOT:2000001	affects		A relation between two entity where the first entity affects the state of the second entity.			affecte			Une relation entre deux entités où l’existence de la première affecte l’état de la seconde.													https://orcid.org/0009-0000-5160-7927		BIOLINK:affects|SIO:001158			Object property			HP:0000118		
PROMOT:2000002	assesses		A relation between an evaluation procedure and the entity assessed by the procedure that could be a patient or a phenotype. The evaluation procedure could be, for instance, a performance test, a patient reported questionnaire or a scale (non restrictive).			évalue			Une relation entre une procédure d’évaluation et une entité, telle qu’un patient ou un phénotype, où la procédure évalue l’entité. La procédure peut par exemple évaluer un patient au moyen d’un test encadré par un ou une professionnelle de santé ou d’un questionnaire autorapporté.			evalúa 		CANDIDATE	Una relación entre un procedimiento y un paciente donde el procedimiento evalúa al paciente mediante, por ejemplo, una prueba, un cuestionario o una escala. 	CANDIDATE	JP: Translated to spanish using Bing Translator					https://orcid.org/0009-0000-5160-7927					Object property			SNOMED:128927009		
PROMOT:2000003	has genetic mutation		A relation between an organism and a specific gene mutation that exists in the genome of that organism.			est porteur de la mutation			Une relation entre un organisme et une mutation génétique présente dans le génome de cet organisme.													https://orcid.org/0009-0000-5160-7927		VO:0001039			Object property			NCIT:C14250	SO:0001060	
PROMOT:2000004	has identifier		A relation between an entity and its identifier where the identifier allows to indentify the first entity.			a pour identifiant			Une relation entre une entité et son identifiant, où l’identifiant sert à identifier la première entité.													https://orcid.org/0009-0000-5160-7927					Object property				IAO:0020000	
PROMOT:2000005	is assessed by		A relation between an entity and the evaluation procedure that assesses the entity.			est évalué par			Une relation entre une entité et une procédure d’évaluation, où la procédure sert à évaluer la première entité.																		Object property					
PROMOT:2000006	is measured by		A relation between an entity and the evaluation procedure that measures the entity.			est mesuré par			Une relation entre une entité et une procédure d’évaluation, où la procédure sert à mesurer la première entité.																		Object property					
PROMOT:2000007	is related to		A relation between two organisms where the two organisms share a biological bond. 			est lié à			Une relation entre deux organismes où les organismes partagent un lien de parenté biologique.													https://orcid.org/0009-0000-5160-7927		SIO:000709 			Object property					
PROMOT:2000008	is used by		A relation between an assistive device and a patient, where the patient uses the device in order to accomplish something, such as a task or an activity (e.g. moving, reading).			est utilisé par			Une relation entre un appareil et un patient où le patient utilise l’appareil pour effectuer une action ou une activité, comme, par exemple, pour se déplacer ou pour lire.			es utilizado por 		CANDIDATE	Una relación entre un dispositivo y un paciente donde el paciente utiliza el dispositivo para moverse, realizar una acción o una actividad. 	CANDIDATE	JP: Translated to spanish using Bing Translator					https://orcid.org/0009-0000-5160-7927					Object property				NCIT:C16960	
PROMOT:2000009	measures		A relation between an evaluation procedure and the entity measured by the procedure, such as a structure, a function, an activity or a participation.			mesure			Une relation entre une procédure d’évaluation et l’entité qu’elle mesure, comme, par exemple, une structure organique, une fonction biologique ou une activité ou une participation.													https://orcid.org/0009-0000-5160-7927		SCDO:1000194			Object property			SNOMED:128927009		
PROMOT:3000001	has age for value		A data property to link an entity to the datype int to describe an age.																			https://orcid.org/0009-0000-5160-7927					Data property			PROMOT:0010001	xsd:int	
PROMOT:3000002	has date for value		A data property to link an entity to the datype date to describe a date with the format YYYY-MM-DD.																			https://orcid.org/0009-0000-5160-7927					Data property			PROMOT:0010002	xsd:date	
PROMOT:3000003	has decimal for value		A data property to link an entity to the datype decimal.																			https://orcid.org/0009-0000-5160-7927					Data property			PROMOT:0010003	xsd:decimal	
PROMOT:3000004	has duration for value		A data property to link an entity to the datype duration.																			https://orcid.org/0009-0000-5160-7927					Data property			PROMOT:0010004	xsd:duration	
PROMOT:3000005	has int for value		A data property to link an entity to the datype int.																			https://orcid.org/0009-0000-5160-7927					Data property			PROMOT:0010005	xsd:int	
PROMOT:3000006	has token for value		A data property to link an entity to the datype token.																			https://orcid.org/0009-0000-5160-7927					Data property			PROMOT:0010006	xsd:token	
PROMOT:3000007	has year for value		A data property to link an entity to the datype gYear to describe a year whit the format YYYY.																			https://orcid.org/0009-0000-5160-7927					Data property			PROMOT:0010007	xsd:gYear 	
RO:0000080	quality of																										Object property					
RO:0000086	has quality																										Object property					
RO:0000091	has disposition																										Object property					
RO:0001025	located in																										Object property					
RO:0002200	has phenotype																										Object property					
RO:0002234	has output																										Object property					
RO:0002328	functionally related to																										Object property					
RO:0002331	involved in																										Object property					
RO:0002350	member of																										Object property					
RO:0002351	has member																										Object property					
RO:0002614	is evidence with support from																										Object property					
RO:0004003	has material basis in germline mutation in																										Object property					
RO:0004013	is causal germline mutation in																										Object property			SO:0001060		
RO:0004029	disease has feature																										Object property					
SNOMED:11286003	Twin sibling																	[PROMOT note] [Derived from RD-CDM] [6.3.5 Family Member Relationship]					[PROMOT note] [RD-CDM] Graefe, A.S.L., Hübner, M.R., Rehburg, F. et al. An ontology-based rare disease common data model harmonising international registries, FHIR, and Phenopackets. Sci Data 12, 234 (2025). https://doi.org/10.1038/s41597-025-04558-z		[PROMOT note] The PROMOT ontology added a comment to quote the CDM used as a source for this entity.		Class					
SNOMED:113160008	Natural son																	[PROMOT note] [Derived from RD-CDM] [6.3.5 Family Member Relationship]	[PROMOT note] [Derived from EURO-NMD NMD-CDE] [which_affected_family]				[PROMOT note] [RD-CDM] Graefe, A.S.L., Hübner, M.R., Rehburg, F. et al. An ontology-based rare disease common data model harmonising international registries, FHIR, and Phenopackets. Sci Data 12, 234 (2025). https://doi.org/10.1038/s41597-025-04558-z|[PROMOT note] [EURO-NMD] Atalia A et al., EURO-NMD registry: federated FAIR infrastructure, innovative technologies and concepts of a patient-centred registry for rare neuromuscular disorders. Orphanet J Rare Dis. 2024 Feb 14;19(1):66. doi: 10.1186/s13023-024-03059-3. PMID: 38355534; PMCID: PMC10865673.		[PROMOT note] The PROMOT ontology added a comment to quote the CDMs used as a source for this entity.		Class	SNOMED:75226009				
SNOMED:1153637007	Body height																		[PROMOT note] [Derived from EURO-NMD NMD-CDE] [body_height_cm]	[PROMOT note] [Present in OPMD research clinical form]			[PROMOT note] [EURO-NMD] Atalia A et al., EURO-NMD registry: federated FAIR infrastructure, innovative technologies and concepts of a patient-centred registry for rare neuromuscular disorders. Orphanet J Rare Dis. 2024 Feb 14;19(1):66. doi: 10.1186/s13023-024-03059-3. PMID: 38355534; PMCID: PMC10865673.		[PROMOT note] The PROMOT ontology added a comment to quote the CDM used as a source for this entity.		Class	SNOMED:248326004				
SNOMED:1153637007	Body height																											(RO:0002350 some PROMOT:0010012)				
SNOMED:125678001	First degree blood relative																										Class	SNOMED:125679009				
SNOMED:125679009	Blood relative																	[PROMOT note] [Derived from RD-CDM] [6.3.5 Family Member Relationship]	[PROMOT note] [Derived from EURO-NMD NMD-CDE] [which_affected_family]				[PROMOT note] [RD-CDM] Graefe, A.S.L., Hübner, M.R., Rehburg, F. et al. An ontology-based rare disease common data model harmonising international registries, FHIR, and Phenopackets. Sci Data 12, 234 (2025). https://doi.org/10.1038/s41597-025-04558-z|[PROMOT note] [EURO-NMD] Atalia A et al., EURO-NMD registry: federated FAIR infrastructure, innovative technologies and concepts of a patient-centred registry for rare neuromuscular disorders. Orphanet J Rare Dis. 2024 Feb 14;19(1):66. doi: 10.1186/s13023-024-03059-3. PMID: 38355534; PMCID: PMC10865673.	http://snomed.info/id/444018008	[PROMOT note] The PROMOT ontology added a comment to quote the CDM used as a source for this entity. A crossref to the orignal RD-CDM element from SNOMED has also been added.		Class	NCBITaxon:9606|(PROMOT:2000007 some NCIT:C16960)|(RO:0000086 some HP:0032319)				
SNOMED:125680007	Marital status																			[PROMOT note] [Present in OPMD research clinical form]							Class	SNOMED:302147001				
SNOMED:125680007	Marital status																											(RO:0002350 some PROMOT:0010012)				
SNOMED:128927009	Procedure by method																	[PROMOT note] [Derived from RD-CDM] [6.3.4 Procedure]					[PROMOT note] [RD-CDM] Graefe, A.S.L., Hübner, M.R., Rehburg, F. et al. An ontology-based rare disease common data model harmonising international registries, FHIR, and Phenopackets. Sci Data 12, 234 (2025). https://doi.org/10.1038/s41597-025-04558-z	NCIT:C60819|http://snomed.info/id/122869004	[PROMOT note] The PROMOT ontology added a comment to quote the CDM used as a source for this entity. A crossref to the orignal RD-CDM element from SNOMED has also been added.		Class	BFO:0000015|(PROMOT:2000002 some NCIT:C16960)|(RO:0002234 some IAO:0000027)				
SNOMED:128927009	Procedure by method																											(RO:0002350 some PROMOT:0010011)				
SNOMED:12894003	Functional assessment																										Class	SNOMED:315306007				
SNOMED:13646006	Natural parent																										Class	SNOMED:125678001				
SNOMED:17945006	Natural grandmother																	[PROMOT note] [Derived from RD-CDM] [6.3.5 Family Member Relationship] 	[PROMOT note] [Derived from EURO-NMD NMD-CDE] [which_affected_family]				[PROMOT note] [RD-CDM] Graefe, A.S.L., Hübner, M.R., Rehburg, F. et al. An ontology-based rare disease common data model harmonising international registries, FHIR, and Phenopackets. Sci Data 12, 234 (2025). https://doi.org/10.1038/s41597-025-04558-z|[PROMOT note] [EURO-NMD] Atalia A et al., EURO-NMD registry: federated FAIR infrastructure, innovative technologies and concepts of a patient-centred registry for rare neuromuscular disorders. Orphanet J Rare Dis. 2024 Feb 14;19(1):66. doi: 10.1186/s13023-024-03059-3. PMID: 38355534; PMCID: PMC10865673.		[PROMOT note] The PROMOT ontology added a comment to quote the CDMs used as a source for this entity.		Class	SNOMED:78272007				
SNOMED:184099003	Date of Birth																	[PROMOT note] [Derived from RD-CDM] [2.1 Date of birth] & [6.3.9 Family Member Date of Birth]	[PROMOT note] [Derived from EURO-NMD NMD-CDE] [date_of_birth]				[PROMOT note] [RD-CDM] Graefe, A.S.L., Hübner, M.R., Rehburg, F. et al. An ontology-based rare disease common data model harmonising international registries, FHIR, and Phenopackets. Sci Data 12, 234 (2025). https://doi.org/10.1038/s41597-025-04558-z|[PROMOT note] [EURO-NMD] Atalia A et al., EURO-NMD registry: federated FAIR infrastructure, innovative technologies and concepts of a patient-centred registry for rare neuromuscular disorders. Orphanet J Rare Dis. 2024 Feb 14;19(1):66. doi: 10.1186/s13023-024-03059-3. PMID: 38355534; PMCID: PMC10865673.	LOINC:54124-3	[PROMOT note] The PROMOT ontology added a comment to quote the CDMs used as a source for this entity. A crossref to the orignal RD-CDM element from SNOMED and LOINC has also been added.		Class	SNOMED:302147001				
SNOMED:184099003	Date of Birth																											(RO:0002350 some PROMOT:0010009)				
SNOMED:184104002	Patient occupation																			[PROMOT note] [Present in OPMD research clinical form]							Class					
SNOMED:184104002	Patient occupation																											(RO:0002350 some PROMOT:0010012)				
SNOMED:184305005	Cause of death																	[PROMOT note] [Derived from RD-CDM] [3.3 Cause of Death] & [6.3.11 Family Member Cause of Death]					[PROMOT note] [RD-CDM] Graefe, A.S.L., Hübner, M.R., Rehburg, F. et al. An ontology-based rare disease common data model harmonising international registries, FHIR, and Phenopackets. Sci Data 12, 234 (2025). https://doi.org/10.1038/s41597-025-04558-z	LOINC:54112-8	[PROMOT note] The PROMOT ontology added a comment to quote the CDM used as a source for this entity.		Class					
SNOMED:184305005	Cause of death																											(RO:0002350 some PROMOT:0010009)				
SNOMED:21093007	Half sibling																										Class	SNOMED:125679009				
SNOMED:224118004	NB of offspring																		[PROMOT note] [Derived from EURO-NMD NMD-CDE] [number_of_child]				[PROMOT note] [EURO-NMD] Atalia A et al., EURO-NMD registry: federated FAIR infrastructure, innovative technologies and concepts of a patient-centred registry for rare neuromuscular disorders. Orphanet J Rare Dis. 2024 Feb 14;19(1):66. doi: 10.1186/s13023-024-03059-3. PMID: 38355534; PMCID: PMC10865673.		[PROMOT note] The PROMOT ontology added a comment to quote the CDM used as a source for this entity.		Class					
SNOMED:224118004	Number of offspring																											(RO:0002350 some PROMOT:0010012)				
SNOMED:224288002	Duration of formal education																			[PROMOT note] [Present in OPMD research clinical form]							Class					
SNOMED:224288002	Duration of formal education																											(RO:0002350 some PROMOT:0010012)				
SNOMED:224899006	Walking aid																	[PROMOT note] related impairment: Gait disturbance HP:0001288	[PROMOT note] [Derived from EURO-NMD NMD-CDE] [ambulatory_status]				[PROMOT note] [EURO-NMD] Atalia A et al., EURO-NMD registry: federated FAIR infrastructure, innovative technologies and concepts of a patient-centred registry for rare neuromuscular disorders. Orphanet J Rare Dis. 2024 Feb 14;19(1):66. doi: 10.1186/s13023-024-03059-3. PMID: 38355534; PMCID: PMC10865673.				Class	SNOMED:360296002				
SNOMED:2272004	Half-sister																	[PROMOT note] [Derived from RD-CDM] [6.3.5 Family Member Relationship]					[PROMOT note] [RD-CDM] Graefe, A.S.L., Hübner, M.R., Rehburg, F. et al. An ontology-based rare disease common data model harmonising international registries, FHIR, and Phenopackets. Sci Data 12, 234 (2025). https://doi.org/10.1038/s41597-025-04558-z		[PROMOT note] The PROMOT ontology added a comment to quote the CDM used as a source for this entity.		Class	SNOMED:21093007				
SNOMED:23088002	Ambidextrous																			[PROMOT note] [Present in OPMD research clinical form]							Class	SNOMED:364940007				
SNOMED:257192006	Aid to vision																										Class	BFO:0000030|(PROMOT:2000008 some NCIT:C16960)				
SNOMED:266731002	Walking frame																										Class	SNOMED:224899006				
SNOMED:27113001	Body weight																		[PROMOT note] [Derived from EURO-NMD NMD-CDE] [body_weight_kg]				[PROMOT note] [EURO-NMD] Atalia A et al., EURO-NMD registry: federated FAIR infrastructure, innovative technologies and concepts of a patient-centred registry for rare neuromuscular disorders. Orphanet J Rare Dis. 2024 Feb 14;19(1):66. doi: 10.1186/s13023-024-03059-3. PMID: 38355534; PMCID: PMC10865673.		[PROMOT note] The PROMOT ontology added a comment to quote the CDM used as a source for this entity.		Class	SNOMED:248326004				
SNOMED:27113001	Body weight																											(RO:0002350 some PROMOT:0010012)				
SNOMED:298059007	Date of onset																	[PROMOT note] [Derived from RD-CDM] [5.4 Date of Onset]	[PROMOT note] [Derived from EURO-NMD NMD-CDE] [date_for_age_at_onset]				[PROMOT note] [RD-CDM] Graefe, A.S.L., Hübner, M.R., Rehburg, F. et al. An ontology-based rare disease common data model harmonising international registries, FHIR, and Phenopackets. Sci Data 12, 234 (2025). https://doi.org/10.1038/s41597-025-04558-z|[PROMOT note] [EURO-NMD] Atalia A et al., EURO-NMD registry: federated FAIR infrastructure, innovative technologies and concepts of a patient-centred registry for rare neuromuscular disorders. Orphanet J Rare Dis. 2024 Feb 14;19(1):66. doi: 10.1186/s13023-024-03059-3. PMID: 38355534; PMCID: PMC10865673.		[PROMOT note] The PROMOT ontology added a comment to quote the CDM used as a source for this entity.		Class	NCIT:C25164				
SNOMED:298059007	Date of onset																											(RO:0002350 some PROMOT:0010010)				
SNOMED:315306007	Examination by method																										Class	SNOMED:128927009				
SNOMED:315354004	Country of Birth																	[PROMOT note] [Derived from RD-CDM] [2.5 Country of Birth]					[PROMOT note] [RD-CDM] Graefe, A.S.L., Hübner, M.R., Rehburg, F. et al. An ontology-based rare disease common data model harmonising international registries, FHIR, and Phenopackets. Sci Data 12, 234 (2025). https://doi.org/10.1038/s41597-025-04558-z	http://snomed.info/id/370159000	[PROMOT note] The PROMOT ontology added a comment to quote the CDMs used as a source for this entity. A crossref to the orignal RD-CDM element has also been added.		Class					
SNOMED:315354004	Country of Birth																											(RO:0002350 some PROMOT:0010012)				
SNOMED:360296002	Assitive equipment																										Class	BFO:0000030|(PROMOT:2000008 some NCIT:C16960)				
SNOMED:363787002	Observable entity																										Class	IAO:0000030				
SNOMED:364940007	Handedness finding																			[PROMOT note] [Present in OPMD research clinical form]							Class	IAO:0000030				
SNOMED:364940007	Handedness finding																											(RO:0002350 some PROMOT:0010012)				
SNOMED:398192003	Co-morbid conditions																		[PROMOT note] [Derived from EURO-NMD NMD-CDE] [diagnosis_rd_2_orpha]				[PROMOT note] [EURO-NMD] Atalia A et al., EURO-NMD registry: federated FAIR infrastructure, innovative technologies and concepts of a patient-centred registry for rare neuromuscular disorders. Orphanet J Rare Dis. 2024 Feb 14;19(1):66. doi: 10.1186/s13023-024-03059-3. PMID: 38355534; PMCID: PMC10865673.		[PROMOT note] The PROMOT ontology added a comment to quote the CDM used as a source for this entity.		Class	IAO:0000030				
SNOMED:398192003	Co-morbid conditions																											(RO:0002350 some PROMOT:0010012)				
SNOMED:399423000	Date of admission																	[PROMOT note] [Derived from RD-CDM] [1.2 Date of Admission]	[PROMOT note] [Derived from EURO-NMD NMD-CDE] [date_of_first_contact]				[PROMOT note] [RD-CDM] Graefe, A.S.L., Hübner, M.R., Rehburg, F. et al. An ontology-based rare disease common data model harmonising international registries, FHIR, and Phenopackets. Sci Data 12, 234 (2025). https://doi.org/10.1038/s41597-025-04558-z|[PROMOT note] [EURO-NMD] Atalia A et al., EURO-NMD registry: federated FAIR infrastructure, innovative technologies and concepts of a patient-centred registry for rare neuromuscular disorders. Orphanet J Rare Dis. 2024 Feb 14;19(1):66. doi: 10.1186/s13023-024-03059-3. PMID: 38355534; PMCID: PMC10865673.		[PROMOT note] The PROMOT ontology added a comment to quote the CDMs used as a source for this entity.		Class	NCIT:C25164				
SNOMED:399423000	Date of admission																											(RO:0002350 some PROMOT:0010012)				
SNOMED:399753006	Date of death																	[PROMOT note] [Derived from RD-CDM] [3.2 Time of Death]	[PROMOT note] [Derived from EURO-NMD NMD-CDE] [eodc_date_of_death]				[PROMOT note] [RD-CDM] Graefe, A.S.L., Hübner, M.R., Rehburg, F. et al. An ontology-based rare disease common data model harmonising international registries, FHIR, and Phenopackets. Sci Data 12, 234 (2025). https://doi.org/10.1038/s41597-025-04558-z|[PROMOT note] [EURO-NMD] Atalia A et al., EURO-NMD registry: federated FAIR infrastructure, innovative technologies and concepts of a patient-centred registry for rare neuromuscular disorders. Orphanet J Rare Dis. 2024 Feb 14;19(1):66. doi: 10.1186/s13023-024-03059-3. PMID: 38355534; PMCID: PMC10865673.	http://snomed.info/id/398299004	[PROMOT note] The PROMOT ontology added a comment to quote the CDMs used as a source for this entity. A crossref to the orignal RD-CDM element has also been added.		Class	NCIT:C25164				
SNOMED:399753006	Date of death																											(RO:0002350 some PROMOT:0010009)				
SNOMED:406543005	Date of visit																		[PROMOT note] [Derived from EURO-NMD NMD-CDE] [date_of_visit]				[PROMOT note] [EURO-NMD] Atalia A et al., EURO-NMD registry: federated FAIR infrastructure, innovative technologies and concepts of a patient-centred registry for rare neuromuscular disorders. Orphanet J Rare Dis. 2024 Feb 14;19(1):66. doi: 10.1186/s13023-024-03059-3. PMID: 38355534; PMCID: PMC10865673.		[PROMOT note] The PROMOT ontology added a comment to quote the CDM used as a source for this entity.		Class	NCIT:C25164				
SNOMED:406543005	Date of visit																											(RO:0002350 some PROMOT:0010012)				
SNOMED:420480000	Ptosis crutch																										Class	SNOMED:257192006				
SNOMED:423493009	Age at diagnosis																	[PROMOT note] [Derived from RD-CDM] [5.5 Age at Diagnosis]	[PROMOT note] [Derived from EURO-NMD NMD-CDE] [age_at_diagnosis]	[PROMOT note] [Present in OPMD research clinical form]			[PROMOT note] [RD-CDM] Graefe, A.S.L., Hübner, M.R., Rehburg, F. et al. An ontology-based rare disease common data model harmonising international registries, FHIR, and Phenopackets. Sci Data 12, 234 (2025). https://doi.org/10.1038/s41597-025-04558-z|[PROMOT note] [EURO-NMD] Atalia A et al., EURO-NMD registry: federated FAIR infrastructure, innovative technologies and concepts of a patient-centred registry for rare neuromuscular disorders. Orphanet J Rare Dis. 2024 Feb 14;19(1):66. doi: 10.1186/s13023-024-03059-3. PMID: 38355534; PMCID: PMC10865673.		[PROMOT note] The PROMOT ontology added a comment to quote the CDMs used as a source for this entity.		Class	NCIT:C25150				
SNOMED:423493009	Age at diagnosis 																											(RO:0002350 some PROMOT:0010012)				
SNOMED:424850005	Age at first symptom																	[PROMOT note] [Derived from RD-CDM] [5.3 Age at Onset]	[PROMOT note] [Derived from EURO-NMD NMD-CDE] [age_at_onset]				[PROMOT note] [RD-CDM] Graefe, A.S.L., Hübner, M.R., Rehburg, F. et al. An ontology-based rare disease common data model harmonising international registries, FHIR, and Phenopackets. Sci Data 12, 234 (2025). https://doi.org/10.1038/s41597-025-04558-z|[PROMOT note] [EURO-NMD] Atalia A et al., EURO-NMD registry: federated FAIR infrastructure, innovative technologies and concepts of a patient-centred registry for rare neuromuscular disorders. Orphanet J Rare Dis. 2024 Feb 14;19(1):66. doi: 10.1186/s13023-024-03059-3. PMID: 38355534; PMCID: PMC10865673.		[PROMOT note] The PROMOT ontology added a comment to quote the CDMs used as a source for this entity.		Class	NCIT:C25150				
SNOMED:424850005	Age at first symptom																											(RO:0002350 some PROMOT:0010012)				
SNOMED:432213005	Date of diagnosis																	[PROMOT note] [Derived from RD-CDM] [5.6 Date of Diagnosis]	[PROMOT note] [Derived from EURO-NMD NMD-CDE] [date_for_age_at_diagnosis]				[PROMOT note] [RD-CDM] Graefe, A.S.L., Hübner, M.R., Rehburg, F. et al. An ontology-based rare disease common data model harmonising international registries, FHIR, and Phenopackets. Sci Data 12, 234 (2025). https://doi.org/10.1038/s41597-025-04558-z|[PROMOT note] [EURO-NMD] Atalia A et al., EURO-NMD registry: federated FAIR infrastructure, innovative technologies and concepts of a patient-centred registry for rare neuromuscular disorders. Orphanet J Rare Dis. 2024 Feb 14;19(1):66. doi: 10.1186/s13023-024-03059-3. PMID: 38355534; PMCID: PMC10865673.		[PROMOT note] The PROMOT ontology added a comment to quote the CDM used as a source for this entity.		Class	NCIT:C25164				
SNOMED:432213005	Date of diagnosis																											(RO:0002350 some PROMOT:0010012)				
SNOMED:439272007	Date of procedure																	[PROMOT note] [Derived from RD-CDM] [6.3.3 Time Observed]					[PROMOT note] [RD-CDM] Graefe, A.S.L., Hübner, M.R., Rehburg, F. et al. An ontology-based rare disease common data model harmonising international registries, FHIR, and Phenopackets. Sci Data 12, 234 (2025). https://doi.org/10.1038/s41597-025-04558-z	NCIT:C82577	[PROMOT note] The PROMOT ontology added a comment to quote the CDM used as a source for this entity. A crossref to the orignal RD-CDM element from NCIT has also been added.		Class	NCIT:C25164				
SNOMED:439272007	Date of procedure																											(RO:0002350 some PROMOT:0010011)				
SNOMED:45929001	Half-brother																	[PROMOT note] [Derived from RD-CDM] [6.3.5 Family Member Relationship]					[PROMOT note] [RD-CDM] Graefe, A.S.L., Hübner, M.R., Rehburg, F. et al. An ontology-based rare disease common data model harmonising international registries, FHIR, and Phenopackets. Sci Data 12, 234 (2025). https://doi.org/10.1038/s41597-025-04558-z		[PROMOT note] The PROMOT ontology added a comment to quote the CDM used as a source for this entity.		Class	SNOMED:21093007				
SNOMED:46669005	Right handed																			[PROMOT note] [Present in OPMD research clinical form]							Class	SNOMED:364940007				
SNOMED:50121007	Eye glasses																										Class	SNOMED:257192006				
SNOMED:5880005	Physical examination procedure																										Class	SNOMED:128927009				
SNOMED:58938008	Wheelchair																		[PROMOT note] [Derived from EURO-NMD NMD-CDE] [ambulatory_status]				[PROMOT note] [EURO-NMD] Atalia A et al., EURO-NMD registry: federated FAIR infrastructure, innovative technologies and concepts of a patient-centred registry for rare neuromuscular disorders. Orphanet J Rare Dis. 2024 Feb 14;19(1):66. doi: 10.1186/s13023-024-03059-3. PMID: 38355534; PMCID: PMC10865673.		[PROMOT note] The PROMOT ontology added a comment to quote the CDM used as a source for this entity.		Class	SNOMED:360296002				
SNOMED:60614009	Natural brother																	[PROMOT note] [Derived from RD-CDM] [6.3.5 Family Member Relationship]	[PROMOT note] [Derived from EURO-NMD NMD-CDE] [which_affected_family]				[PROMOT note] [RD-CDM] Graefe, A.S.L., Hübner, M.R., Rehburg, F. et al. An ontology-based rare disease common data model harmonising international registries, FHIR, and Phenopackets. Sci Data 12, 234 (2025). https://doi.org/10.1038/s41597-025-04558-z|[PROMOT note] [EURO-NMD] Atalia A et al., EURO-NMD registry: federated FAIR infrastructure, innovative technologies and concepts of a patient-centred registry for rare neuromuscular disorders. Orphanet J Rare Dis. 2024 Feb 14;19(1):66. doi: 10.1186/s13023-024-03059-3. PMID: 38355534; PMCID: PMC10865673.		[PROMOT note] The PROMOT ontology added a comment to quote the CDMs used as a source for this entity.		Class	SNOMED:82101005				
SNOMED:60621009	Body mass index																			[PROMOT note] [Present in OPMD research clinical form]							Class	SNOMED:248326004				
SNOMED:60621009	Body mass index																											(RO:0002350 some PROMOT:0010012)				
SNOMED:62296006	Natural grandfather																	[PROMOT note] [Derived from RD-CDM] [6.3.5 Family Member Relationship] 	[PROMOT note] [Derived from EURO-NMD NMD-CDE] [which_affected_family]				[PROMOT note] [RD-CDM] Graefe, A.S.L., Hübner, M.R., Rehburg, F. et al. An ontology-based rare disease common data model harmonising international registries, FHIR, and Phenopackets. Sci Data 12, 234 (2025). https://doi.org/10.1038/s41597-025-04558-z|[PROMOT note] [EURO-NMD] Atalia A et al., EURO-NMD registry: federated FAIR infrastructure, innovative technologies and concepts of a patient-centred registry for rare neuromuscular disorders. Orphanet J Rare Dis. 2024 Feb 14;19(1):66. doi: 10.1186/s13023-024-03059-3. PMID: 38355534; PMCID: PMC10865673.		[PROMOT note] The PROMOT ontology added a comment to quote the CDMs used as a source for this entity.		Class	SNOMED:78272007				
SNOMED:65656005	Natural mother																	[PROMOT note] [Derived from RD-CDM] [6.3.5 Family Member Relationship]	[PROMOT note] [Derived from EURO-NMD NMD-CDE] [which_affected_family]				[PROMOT note] [RD-CDM] Graefe, A.S.L., Hübner, M.R., Rehburg, F. et al. An ontology-based rare disease common data model harmonising international registries, FHIR, and Phenopackets. Sci Data 12, 234 (2025). https://doi.org/10.1038/s41597-025-04558-z|[PROMOT note] [EURO-NMD] Atalia A et al., EURO-NMD registry: federated FAIR infrastructure, innovative technologies and concepts of a patient-centred registry for rare neuromuscular disorders. Orphanet J Rare Dis. 2024 Feb 14;19(1):66. doi: 10.1186/s13023-024-03059-3. PMID: 38355534; PMCID: PMC10865673.		[PROMOT note] The PROMOT ontology added a comment to quote the CDMs used as a source for this entity.		Class	SNOMED:13646006				
SNOMED:73678001	Natural sister																	[PROMOT note] [Derived from RD-CDM] [6.3.5 Family Member Relationship]	[PROMOT note] [Derived from EURO-NMD NMD-CDE] [which_affected_family]				[PROMOT note] [RD-CDM] Graefe, A.S.L., Hübner, M.R., Rehburg, F. et al. An ontology-based rare disease common data model harmonising international registries, FHIR, and Phenopackets. Sci Data 12, 234 (2025). https://doi.org/10.1038/s41597-025-04558-z|[PROMOT note] [EURO-NMD] Atalia A et al., EURO-NMD registry: federated FAIR infrastructure, innovative technologies and concepts of a patient-centred registry for rare neuromuscular disorders. Orphanet J Rare Dis. 2024 Feb 14;19(1):66. doi: 10.1186/s13023-024-03059-3. PMID: 38355534; PMCID: PMC10865673.		[PROMOT note] The PROMOT ontology added a comment to quote the CDMs used as a source for this entity.		Class	SNOMED:82101005				
SNOMED:75226009	Natural child																										Class	SNOMED:125678001				
SNOMED:78272007	Natural grandparent																										Class	SNOMED:125679009				
SNOMED:82101005	Natural sibling																										Class	SNOMED:125678001				
SNOMED:83420006	Natural daughter																	[PROMOT note] [Derived from RD-CDM] [6.3.5 Family Member Relationship]	[PROMOT note] [Derived from EURO-NMD NMD-CDE] [which_affected_family]				[PROMOT note] [RD-CDM] Graefe, A.S.L., Hübner, M.R., Rehburg, F. et al. An ontology-based rare disease common data model harmonising international registries, FHIR, and Phenopackets. Sci Data 12, 234 (2025). https://doi.org/10.1038/s41597-025-04558-z|[PROMOT note] [EURO-NMD] Atalia A et al., EURO-NMD registry: federated FAIR infrastructure, innovative technologies and concepts of a patient-centred registry for rare neuromuscular disorders. Orphanet J Rare Dis. 2024 Feb 14;19(1):66. doi: 10.1186/s13023-024-03059-3. PMID: 38355534; PMCID: PMC10865673.		[PROMOT note] The PROMOT ontology added a comment to quote the CDMs used as a source for this entity.		Class	SNOMED:75226009				
SNOMED:840297006	Assessment of patient reported outcome measures																										Class	SNOMED:315306007				
SNOMED:84100007	History taking																										Class	SNOMED:128927009				
SNOMED:87405001	Cane																										Class	SNOMED:224899006				
SNOMED:87683000	Left handed																			[PROMOT note] [Present in OPMD research clinical form]							Class	SNOMED:364940007				
SNOMED:9947008	Natural father																	[PROMOT note] [Derived from RD-CDM] [6.3.5 Family Member Relationship] 	[PROMOT note] [Derived from EURO-NMD NMD-CDE] [which_affected_family]				[PROMOT note] [RD-CDM] Graefe, A.S.L., Hübner, M.R., Rehburg, F. et al. An ontology-based rare disease common data model harmonising international registries, FHIR, and Phenopackets. Sci Data 12, 234 (2025). https://doi.org/10.1038/s41597-025-04558-z|[PROMOT note] [EURO-NMD] Atalia A et al., EURO-NMD registry: federated FAIR infrastructure, innovative technologies and concepts of a patient-centred registry for rare neuromuscular disorders. Orphanet J Rare Dis. 2024 Feb 14;19(1):66. doi: 10.1186/s13023-024-03059-3. PMID: 38355534; PMCID: PMC10865673.		[PROMOT note] The PROMOT ontology added a comment to quote the CDMs used as a source for this entity.		Class	SNOMED:13646006				
SO:0001060	sequence_variant																	[PROMOT note] [Derived from RD-CDM] [6.1.1 Genomic Diagnosis] & [6.1.10 Gene]	[PROMOT note] [Derived from EURO-NMD NMD-CDE] [gendia_listpref]	SO suggested by Rachel Thompson			[PROMOT note] [RD-CDM] Graefe, A.S.L., Hübner, M.R., Rehburg, F. et al. An ontology-based rare disease common data model harmonising international registries, FHIR, and Phenopackets. Sci Data 12, 234 (2025). https://doi.org/10.1038/s41597-025-04558-z|[PROMOT note] [EURO-NMD] Atalia A et al., EURO-NMD registry: federated FAIR infrastructure, innovative technologies and concepts of a patient-centred registry for rare neuromuscular disorders. Orphanet J Rare Dis. 2024 Feb 14;19(1):66. doi: 10.1186/s13023-024-03059-3. PMID: 38355534; PMCID: PMC10865673.|EU-CDE	GENO:0000492|NCIT:C18093|http://snomed.info/id/55446002|http://snomed.info/id/106221001|LOINC:48018-6	[PROMOT note] The PROMOT ontology added a comment to quote the CDMs used as a source for this entity. A crossref to the orignal RD-CDM element has also been added (SNOMED:106221001).		Class	BFO:0000002|(RO:0000086 some SO:0001762)|(RO:0004013 some ORDO:377788)				
SO:0001762	variant_origin																										Class	BFO:0000019|(RO:0000080 some SO:0001060)				
http://id.who.int/icd/entity/1019379329	Structure of upper extremity					Structure du membre supérieur		[PROMOT note] Source for official translation: https://icd.who.int/browse/2026-01/icf/fr > Info > Fichier du tableur				Estructura de la extremidad superior	[PROMOT note] Source for official translation: https://icd.who.int/browse/2026-01/icf/es > Información > Archivo de hoja de cálculo											https://data.esante.gouv.fr/terminologies/icf#99223	[PROMOT note] The PROMOT ontology added a crossref to the LIRMM version of the ICF (CIF-ASIP 2020). It also added the official French and Spanish translation for labels.							
http://id.who.int/icd/entity/1034220517	Alternative vocalization functions					Autres fonctions de vocalisation		[PROMOT note] Source for official translation: https://icd.who.int/browse/2026-01/icf/fr > Info > Fichier du tableur				Funciones alternativas de vocalización	[PROMOT note] Source for official translation: https://icd.who.int/browse/2026-01/icf/es > Información > Archivo de hoja de cálculo											https://data.esante.gouv.fr/terminologies/icf#45682	[PROMOT note] The PROMOT ontology added a crossref to the LIRMM version of the ICF (CIF-ASIP 2020). It also added the official French and Spanish translation for labels.							
http://id.who.int/icd/entity/1041382491	Oral swallowing					Déglutition orale		[PROMOT note] Source for official translation: https://icd.who.int/browse/2026-01/icf/fr > Info > Fichier du tableur				Deglución oral	[PROMOT note] Source for official translation: https://icd.who.int/browse/2026-01/icf/es > Información > Archivo de hoja de cálculo											https://data.esante.gouv.fr/terminologies/icf#65084	[PROMOT note] The PROMOT ontology added a crossref to the LIRMM version of the ICF (CIF-ASIP 2020). It also added the official French and Spanish translation for labels.							
http://id.who.int/icd/entity/1065560247	Pain in stomach or abdomen					Douleur à l'estomac ou dans l'abdomen		[PROMOT note] Source for official translation: https://icd.who.int/browse/2026-01/icf/fr > Info > Fichier du tableur				Dolor en el estómago o en el abdomen	[PROMOT note] Source for official translation: https://icd.who.int/browse/2026-01/icf/es > Información > Archivo de hoja de cálculo											https://data.esante.gouv.fr/terminologies/icf#74415	[PROMOT note] The PROMOT ontology added a crossref to the LIRMM version of the ICF (CIF-ASIP 2020). It also added the official French and Spanish translation for labels.							
http://id.who.int/icd/entity/1083127119	Functions of coughing					Fonctions de toux		[PROMOT note] Source for official translation: https://icd.who.int/browse/2026-01/icf/fr > Info > Fichier du tableur				funciones de toser	[PROMOT note] Source for official translation: https://icd.who.int/browse/2026-01/icf/es > Información > Archivo de hoja de cálculo											https://data.esante.gouv.fr/terminologies/icf#32287	[PROMOT note] The PROMOT ontology added a crossref to the LIRMM version of the ICF (CIF-ASIP 2020). It also added the official French and Spanish translation for labels.							
http://id.who.int/icd/entity/1090716697	Functions of external muscles of the eye					Fonctions des muscles externes de l'œil		[PROMOT note] Source for official translation: https://icd.who.int/browse/2026-01/icf/fr > Info > Fichier du tableur				Funciones de los músculos externos del ojo	[PROMOT note] Source for official translation: https://icd.who.int/browse/2026-01/icf/es > Información > Archivo de hoja de cálculo											https://data.esante.gouv.fr/terminologies/icf#70460	[PROMOT note] The PROMOT ontology added a crossref to the LIRMM version of the ICF (CIF-ASIP 2020). It also added the official French and Spanish translation for labels.							
http://id.who.int/icd/entity/1104062484	Pubertal functions					Fonctions liées à la puberté		[PROMOT note] Source for official translation: https://icd.who.int/browse/2026-01/icf/fr > Info > Fichier du tableur				Funciones puberales	[PROMOT note] Source for official translation: https://icd.who.int/browse/2026-01/icf/es > Información > Archivo de hoja de cálculo											https://data.esante.gouv.fr/terminologies/icf#25814	[PROMOT note] The PROMOT ontology added a crossref to the LIRMM version of the ICF (CIF-ASIP 2020). It also added the official French and Spanish translation for labels.							
http://id.who.int/icd/entity/1108927576	Structure of shoulder region					Structure de la région des épaules		[PROMOT note] Source for official translation: https://icd.who.int/browse/2026-01/icf/fr > Info > Fichier du tableur				Estructura de la región del hombro	[PROMOT note] Source for official translation: https://icd.who.int/browse/2026-01/icf/es > Información > Archivo de hoja de cálculo											https://data.esante.gouv.fr/terminologies/icf#41776	[PROMOT note] The PROMOT ontology added a crossref to the LIRMM version of the ICF (CIF-ASIP 2020). It also added the official French and Spanish translation for labels.							
http://id.who.int/icd/entity/1109440237	Speed of speech					Vitesse de la parole		[PROMOT note] Source for official translation: https://icd.who.int/browse/2026-01/icf/fr > Info > Fichier du tableur				Velocidad del habla	[PROMOT note] Source for official translation: https://icd.who.int/browse/2026-01/icf/es > Información > Archivo de hoja de cálculo											https://data.esante.gouv.fr/terminologies/icf#63222	[PROMOT note] The PROMOT ontology added a crossref to the LIRMM version of the ICF (CIF-ASIP 2020). It also added the official French and Spanish translation for labels.							
http://id.who.int/icd/entity/1131514421	Maintaining body position					Garder la position du corps		[PROMOT note] Source for official translation: https://icd.who.int/browse/2026-01/icf/fr > Info > Fichier du tableur				Mantener la posición del cuerpo	[PROMOT note] Source for official translation: https://icd.who.int/browse/2026-01/icf/es > Información > Archivo de hoja de cálculo											https://data.esante.gouv.fr/terminologies/icf#77792	[PROMOT note] The PROMOT ontology added a crossref to the LIRMM version of the ICF (CIF-ASIP 2020). It also added the official French and Spanish translation for labels.							
http://id.who.int/icd/entity/1134562249	Functions of the joints and bones					Fonctions des articulations et des os		[PROMOT note] Source for official translation: https://icd.who.int/browse/2026-01/icf/fr > Info > Fichier du tableur				Funciones de las articulaciones y los huesos	[PROMOT note] Source for official translation: https://icd.who.int/browse/2026-01/icf/es > Información > Archivo de hoja de cálculo											https://data.esante.gouv.fr/terminologies/icf#17533	[PROMOT note] The PROMOT ontology added a crossref to the LIRMM version of the ICF (CIF-ASIP 2020). It also added the official French and Spanish translation for labels.							
http://id.who.int/icd/entity/1164313611	Muscle functions					Fonctions musculaires		[PROMOT note] Source for official translation: https://icd.who.int/browse/2026-01/icf/fr > Info > Fichier du tableur				Funciones musculares	[PROMOT note] Source for official translation: https://icd.who.int/browse/2026-01/icf/es > Información > Archivo de hoja de cálculo											https://data.esante.gouv.fr/terminologies/icf#41219	[PROMOT note] The PROMOT ontology added a crossref to the LIRMM version of the ICF (CIF-ASIP 2020). It also added the official French and Spanish translation for labels.							
http://id.who.int/icd/entity/117147127	Pain in chest					Douleur dans la poitrine		[PROMOT note] Source for official translation: https://icd.who.int/browse/2026-01/icf/fr > Info > Fichier du tableur				Dolor en el pecho	[PROMOT note] Source for official translation: https://icd.who.int/browse/2026-01/icf/es > Información > Archivo de hoja de cálculo											https://data.esante.gouv.fr/terminologies/icf#41527	[PROMOT note] The PROMOT ontology added a crossref to the LIRMM version of the ICF (CIF-ASIP 2020). It also added the official French and Spanish translation for labels.							
http://id.who.int/icd/entity/1174312718	Manipulation of food in the mouth					Travailler les aliments dans la bouche		[PROMOT note] Source for official translation: https://icd.who.int/browse/2026-01/icf/fr > Info > Fichier du tableur				Manipulación de la comida en la boca	[PROMOT note] Source for official translation: https://icd.who.int/browse/2026-01/icf/es > Información > Archivo de hoja de cálculo											https://data.esante.gouv.fr/terminologies/icf#14753	[PROMOT note] The PROMOT ontology added a crossref to the LIRMM version of the ICF (CIF-ASIP 2020). It also added the official French and Spanish translation for labels.							
http://id.who.int/icd/entity/1182439715	Cervical vertebral column					Colonne cervicale		[PROMOT note] Source for official translation: https://icd.who.int/browse/2026-01/icf/fr > Info > Fichier du tableur				Columna vertebral cervical	[PROMOT note] Source for official translation: https://icd.who.int/browse/2026-01/icf/es > Información > Archivo de hoja de cálculo											https://data.esante.gouv.fr/terminologies/icf#99004	[PROMOT note] The PROMOT ontology added a crossref to the LIRMM version of the ICF (CIF-ASIP 2020). It also added the official French and Spanish translation for labels.							
http://id.who.int/icd/entity/1228414013	General tasks and demands					Tâches et exigences générales		[PROMOT note] Source for official translation: https://icd.who.int/browse/2026-01/icf/fr > Info > Fichier du tableur				Tareas y demandas generales	[PROMOT note] Source for official translation: https://icd.who.int/browse/2026-01/icf/es > Información > Archivo de hoja de cálculo											https://data.esante.gouv.fr/terminologies/icf#47635	[PROMOT note] The PROMOT ontology added a crossref to the LIRMM version of the ICF (CIF-ASIP 2020). It also added the official French and Spanish translation for labels.							
http://id.who.int/icd/entity/1233939003	Muscles of hand					Muscles de la main		[PROMOT note] Source for official translation: https://icd.who.int/browse/2026-01/icf/fr > Info > Fichier du tableur				Músculos de la mano	[PROMOT note] Source for official translation: https://icd.who.int/browse/2026-01/icf/es > Información > Archivo de hoja de cálculo											https://data.esante.gouv.fr/terminologies/icf#3451	[PROMOT note] The PROMOT ontology added a crossref to the LIRMM version of the ICF (CIF-ASIP 2020). It also added the official French and Spanish translation for labels.							
http://id.who.int/icd/entity/1255154286	Hearing and vestibular functions					Fonctions de l'audition et fonctions vestibulaires		[PROMOT note] Source for official translation: https://icd.who.int/browse/2026-01/icf/fr > Info > Fichier du tableur				Funciones auditivas y vestibulares	[PROMOT note] Source for official translation: https://icd.who.int/browse/2026-01/icf/es > Información > Archivo de hoja de cálculo											https://data.esante.gouv.fr/terminologies/icf#24170	[PROMOT note] The PROMOT ontology added a crossref to the LIRMM version of the ICF (CIF-ASIP 2020). It also added the official French and Spanish translation for labels.							
http://id.who.int/icd/entity/1264948861	Stability of joint functions					Fonctions relatives à la stabilité des articulations		[PROMOT note] Source for official translation: https://icd.who.int/browse/2026-01/icf/fr > Info > Fichier du tableur				Funciones relacionadas con la estabilidad de las articulaciones	[PROMOT note] Source for official translation: https://icd.who.int/browse/2026-01/icf/es > Información > Archivo de hoja de cálculo											https://data.esante.gouv.fr/terminologies/icf#11758	[PROMOT note] The PROMOT ontology added a crossref to the LIRMM version of the ICF (CIF-ASIP 2020). It also added the official French and Spanish translation for labels.							
http://id.who.int/icd/entity/1266389839	Changing and maintaining body position					Changer et maintenir la position du corps		[PROMOT note] Source for official translation: https://icd.who.int/browse/2026-01/icf/fr > Info > Fichier du tableur				Cambiar y mantener la posición del cuerpo	[PROMOT note] Source for official translation: https://icd.who.int/browse/2026-01/icf/es > Información > Archivo de hoja de cálculo											https://data.esante.gouv.fr/terminologies/icf#54638	[PROMOT note] The PROMOT ontology added a crossref to the LIRMM version of the ICF (CIF-ASIP 2020). It also added the official French and Spanish translation for labels.							
http://id.who.int/icd/entity/1278239861	Muscles of ankle and foot					Muscles de la cheville et du pied		[PROMOT note] Source for official translation: https://icd.who.int/browse/2026-01/icf/fr > Info > Fichier du tableur				Músculos del tobillo y del pie	[PROMOT note] Source for official translation: https://icd.who.int/browse/2026-01/icf/es > Información > Archivo de hoja de cálculo											https://data.esante.gouv.fr/terminologies/icf#23289	[PROMOT note] The PROMOT ontology added a crossref to the LIRMM version of the ICF (CIF-ASIP 2020). It also added the official French and Spanish translation for labels.							
http://id.who.int/icd/entity/1299345975	Pain in upper limb					Douleur au membre supérieur		[PROMOT note] Source for official translation: https://icd.who.int/browse/2026-01/icf/fr > Info > Fichier du tableur				Dolor en una extremidad superior	[PROMOT note] Source for official translation: https://icd.who.int/browse/2026-01/icf/es > Información > Archivo de hoja de cálculo											https://data.esante.gouv.fr/terminologies/icf#23587	[PROMOT note] The PROMOT ontology added a crossref to the LIRMM version of the ICF (CIF-ASIP 2020). It also added the official French and Spanish translation for labels.							
http://id.who.int/icd/entity/1302007745	Endurance of isolated muscles					Endurance de muscles isolés		[PROMOT note] Source for official translation: https://icd.who.int/browse/2026-01/icf/fr > Info > Fichier du tableur				Resistencia de músculos aislados	[PROMOT note] Source for official translation: https://icd.who.int/browse/2026-01/icf/es > Información > Archivo de hoja de cálculo											https://data.esante.gouv.fr/terminologies/icf#32210	[PROMOT note] The PROMOT ontology added a crossref to the LIRMM version of the ICF (CIF-ASIP 2020). It also added the official French and Spanish translation for labels.							
http://id.who.int/icd/entity/1328466963	Gait pattern functions					Fonctions relatives au type de démarche		[PROMOT note] Source for official translation: https://icd.who.int/browse/2026-01/icf/fr > Info > Fichier du tableur				Funciones relacionadas con el patrón de la marcha	[PROMOT note] Source for official translation: https://icd.who.int/browse/2026-01/icf/es > Información > Archivo de hoja de cálculo											https://data.esante.gouv.fr/terminologies/icf#49260	[PROMOT note] The PROMOT ontology added a crossref to the LIRMM version of the ICF (CIF-ASIP 2020). It also added the official French and Spanish translation for labels.							
http://id.who.int/icd/entity/1328675264	Eating					Manger		[PROMOT note] Source for official translation: https://icd.who.int/browse/2026-01/icf/fr > Info > Fichier du tableur				Comer	[PROMOT note] Source for official translation: https://icd.who.int/browse/2026-01/icf/es > Información > Archivo de hoja de cálculo											https://data.esante.gouv.fr/terminologies/icf#40724	[PROMOT note] The PROMOT ontology added a crossref to the LIRMM version of the ICF (CIF-ASIP 2020). It also added the official French and Spanish translation for labels.							
http://id.who.int/icd/entity/1334556216	Walking and moving					Marcher et se déplacer		[PROMOT note] Source for official translation: https://icd.who.int/browse/2026-01/icf/fr > Info > Fichier du tableur				Andar y moverse	[PROMOT note] Source for official translation: https://icd.who.int/browse/2026-01/icf/es > Información > Archivo de hoja de cálculo											https://data.esante.gouv.fr/terminologies/icf#35548	[PROMOT note] The PROMOT ontology added a crossref to the LIRMM version of the ICF (CIF-ASIP 2020). It also added the official French and Spanish translation for labels.							
http://id.who.int/icd/entity/134464731	Specific mental functions					Fonctions mentales spécifiques		[PROMOT note] Source for official translation: https://icd.who.int/browse/2026-01/icf/fr > Info > Fichier du tableur				Funciones mentales específicas	[PROMOT note] Source for official translation: https://icd.who.int/browse/2026-01/icf/es > Información > Archivo de hoja de cálculo											https://data.esante.gouv.fr/terminologies/icf#17028	[PROMOT note] The PROMOT ontology added a crossref to the LIRMM version of the ICF (CIF-ASIP 2020). It also added the official French and Spanish translation for labels.							
http://id.who.int/icd/entity/1360101629	Respiratory muscle functions					Fonctions des muscles respiratoires		[PROMOT note] Source for official translation: https://icd.who.int/browse/2026-01/icf/fr > Info > Fichier du tableur				Funciones de los músculos respiratorios	[PROMOT note] Source for official translation: https://icd.who.int/browse/2026-01/icf/es > Información > Archivo de hoja de cálculo											https://data.esante.gouv.fr/terminologies/icf#33585	[PROMOT note] The PROMOT ontology added a crossref to the LIRMM version of the ICF (CIF-ASIP 2020). It also added the official French and Spanish translation for labels.							
http://id.who.int/icd/entity/1363559646	Mental functions					Fonctions mentales		[PROMOT note] Source for official translation: https://icd.who.int/browse/2026-01/icf/fr > Info > Fichier du tableur				Funciones mentales	[PROMOT note] Source for official translation: https://icd.who.int/browse/2026-01/icf/es > Información > Archivo de hoja de cálculo											https://data.esante.gouv.fr/terminologies/icf#51531	[PROMOT note] The PROMOT ontology added a crossref to the LIRMM version of the ICF (CIF-ASIP 2020). It also added the official French and Spanish translation for labels.							
http://id.who.int/icd/entity/1364393443	Thoracic vertebral column					Colonne thoracique		[PROMOT note] Source for official translation: https://icd.who.int/browse/2026-01/icf/fr > Info > Fichier du tableur				Columna vertebral torácica	[PROMOT note] Source for official translation: https://icd.who.int/browse/2026-01/icf/es > Información > Archivo de hoja de cálculo											https://data.esante.gouv.fr/terminologies/icf#76265	[PROMOT note] The PROMOT ontology added a crossref to the LIRMM version of the ICF (CIF-ASIP 2020). It also added the official French and Spanish translation for labels.							
http://id.who.int/icd/entity/1389818830	Chewing					Mastiquer		[PROMOT note] Source for official translation: https://icd.who.int/browse/2026-01/icf/fr > Info > Fichier du tableur				Masticación	[PROMOT note] Source for official translation: https://icd.who.int/browse/2026-01/icf/es > Información > Archivo de hoja de cálculo											https://data.esante.gouv.fr/terminologies/icf#32259	[PROMOT note] The PROMOT ontology added a crossref to the LIRMM version of the ICF (CIF-ASIP 2020). It also added the official French and Spanish translation for labels.							
http://id.who.int/icd/entity/1398348540	Looking after one's health					Prendre soin de sa santé		[PROMOT note] Source for official translation: https://icd.who.int/browse/2026-01/icf/fr > Info > Fichier du tableur				Cuidado de la propia salud	[PROMOT note] Source for official translation: https://icd.who.int/browse/2026-01/icf/es > Información > Archivo de hoja de cálculo											https://data.esante.gouv.fr/terminologies/icf#80977	[PROMOT note] The PROMOT ontology added a crossref to the LIRMM version of the ICF (CIF-ASIP 2020). It also added the official French and Spanish translation for labels.							
http://id.who.int/icd/entity/1399000785	Contraction force of ventricular muscles					Force de contraction des muscles ventriculaires		[PROMOT note] Source for official translation: https://icd.who.int/browse/2026-01/icf/fr > Info > Fichier du tableur				Fuerza de contracción de los músculos ventriculares	[PROMOT note] Source for official translation: https://icd.who.int/browse/2026-01/icf/es > Información > Archivo de hoja de cálculo											https://data.esante.gouv.fr/terminologies/icf#62553	[PROMOT note] The PROMOT ontology added a crossref to the LIRMM version of the ICF (CIF-ASIP 2020). It also added the official French and Spanish translation for labels.							
http://id.who.int/icd/entity/1401748164	Hip joint					Articulation de la hanche		[PROMOT note] Source for official translation: https://icd.who.int/browse/2026-01/icf/fr > Info > Fichier du tableur				Articulación de la cadera	[PROMOT note] Source for official translation: https://icd.who.int/browse/2026-01/icf/es > Información > Archivo de hoja de cálculo											https://data.esante.gouv.fr/terminologies/icf#23251	[PROMOT note] The PROMOT ontology added a crossref to the LIRMM version of the ICF (CIF-ASIP 2020). It also added the official French and Spanish translation for labels.							
http://id.who.int/icd/entity/1405368356	Sensations related to muscles and movement functions					Sensations relatives aux fonctions des muscles et aux fonctions motrices.		[PROMOT note] Source for official translation: https://icd.who.int/browse/2026-01/icf/fr > Info > Fichier du tableur				Sensaciones relacionadas con los músculos y las funciones del movimiento	[PROMOT note] Source for official translation: https://icd.who.int/browse/2026-01/icf/es > Información > Archivo de hoja de cálculo											https://data.esante.gouv.fr/terminologies/icf#5101	[PROMOT note] The PROMOT ontology added a crossref to the LIRMM version of the ICF (CIF-ASIP 2020). It also added the official French and Spanish translation for labels.							
http://id.who.int/icd/entity/1419635799	Structures of the nervous system					Structures du système nerveux		[PROMOT note] Source for official translation: https://icd.who.int/browse/2026-01/icf/fr > Info > Fichier du tableur				Capítulo 1 estructuras del sistema nervioso	[PROMOT note] Source for official translation: https://icd.who.int/browse/2026-01/icf/es > Información > Archivo de hoja de cálculo											https://data.esante.gouv.fr/terminologies/icf#97309	[PROMOT note] The PROMOT ontology added a crossref to the LIRMM version of the ICF (CIF-ASIP 2020). It also added the official French and Spanish translation for labels.							
http://id.who.int/icd/entity/142318995	Structure of hand					Structure de la main		[PROMOT note] Source for official translation: https://icd.who.int/browse/2026-01/icf/fr > Info > Fichier du tableur				Estructura de la mano	[PROMOT note] Source for official translation: https://icd.who.int/browse/2026-01/icf/es > Información > Archivo de hoja de cálculo											https://data.esante.gouv.fr/terminologies/icf#70070	[PROMOT note] The PROMOT ontology added a crossref to the LIRMM version of the ICF (CIF-ASIP 2020). It also added the official French and Spanish translation for labels.							
http://id.who.int/icd/entity/1426641453	Melody of speech					Mélodie de la parole		[PROMOT note] Source for official translation: https://icd.who.int/browse/2026-01/icf/fr > Info > Fichier du tableur				Melodía del habla	[PROMOT note] Source for official translation: https://icd.who.int/browse/2026-01/icf/es > Información > Archivo de hoja de cálculo											https://data.esante.gouv.fr/terminologies/icf#50484	[PROMOT note] The PROMOT ontology added a crossref to the LIRMM version of the ICF (CIF-ASIP 2020). It also added the official French and Spanish translation for labels.							
http://id.who.int/icd/entity/1434015402	Stretch motor reflex					Réflexe moteur d'étirement		[PROMOT note] Source for official translation: https://icd.who.int/browse/2026-01/icf/fr > Info > Fichier du tableur				Reflejo de extensión motora	[PROMOT note] Source for official translation: https://icd.who.int/browse/2026-01/icf/es > Información > Archivo de hoja de cálculo											https://data.esante.gouv.fr/terminologies/icf#39307	[PROMOT note] The PROMOT ontology added a crossref to the LIRMM version of the ICF (CIF-ASIP 2020). It also added the official French and Spanish translation for labels.							
http://id.who.int/icd/entity/1436113794	Community, social and civic life					Vie communautaire, sociale et civique		[PROMOT note] Source for official translation: https://icd.who.int/browse/2026-01/icf/fr > Info > Fichier du tableur				Vida comunitaria, social y cívica	[PROMOT note] Source for official translation: https://icd.who.int/browse/2026-01/icf/es > Información > Archivo de hoja de cálculo											https://data.esante.gouv.fr/terminologies/icf#3130	[PROMOT note] The PROMOT ontology added a crossref to the LIRMM version of the ICF (CIF-ASIP 2020). It also added the official French and Spanish translation for labels.							
http://id.who.int/icd/entity/1438965984	Additional musculoskeletal structures related to movement					Structures supplémentaires de l'appareil locomoteur liées au mouvement		[PROMOT note] Source for official translation: https://icd.who.int/browse/2026-01/icf/fr > Info > Fichier du tableur				Estructuras musculoesqueléticas adicionales relacionadas con el movimiento	[PROMOT note] Source for official translation: https://icd.who.int/browse/2026-01/icf/es > Información > Archivo de hoja de cálculo											https://data.esante.gouv.fr/terminologies/icf#55321	[PROMOT note] The PROMOT ontology added a crossref to the LIRMM version of the ICF (CIF-ASIP 2020). It also added the official French and Spanish translation for labels.							
http://id.who.int/icd/entity/1452836727	Household tasks					Tâches domestiques		[PROMOT note] Source for official translation: https://icd.who.int/browse/2026-01/icf/fr > Info > Fichier du tableur				Tareas del hogar	[PROMOT note] Source for official translation: https://icd.who.int/browse/2026-01/icf/es > Información > Archivo de hoja de cálculo											https://data.esante.gouv.fr/terminologies/icf#11323	[PROMOT note] The PROMOT ontology added a crossref to the LIRMM version of the ICF (CIF-ASIP 2020). It also added the official French and Spanish translation for labels.							
http://id.who.int/icd/entity/1462755743	Standing					Se mettre debout		[PROMOT note] Source for official translation: https://icd.who.int/browse/2026-01/icf/fr > Info > Fichier du tableur				Ponerse de pie	[PROMOT note] Source for official translation: https://icd.who.int/browse/2026-01/icf/es > Información > Archivo de hoja de cálculo											https://data.esante.gouv.fr/terminologies/icf#818	[PROMOT note] The PROMOT ontology added a crossref to the LIRMM version of the ICF (CIF-ASIP 2020). It also added the official French and Spanish translation for labels.							
http://id.who.int/icd/entity/1470583183	Functions of breathing through the mouth					Fonctions liées à la respiration par la bouche		[PROMOT note] Source for official translation: https://icd.who.int/browse/2026-01/icf/fr > Info > Fichier du tableur				Funciones de la respiración a través de la boca	[PROMOT note] Source for official translation: https://icd.who.int/browse/2026-01/icf/es > Información > Archivo de hoja de cálculo											https://data.esante.gouv.fr/terminologies/icf#4049	[PROMOT note] The PROMOT ontology added a crossref to the LIRMM version of the ICF (CIF-ASIP 2020). It also added the official French and Spanish translation for labels.							
http://id.who.int/icd/entity/1474003417	Maintaining head position					Maintenir la position de la tête		[PROMOT note] Source for official translation: https://icd.who.int/browse/2026-01/icf/fr > Info > Fichier du tableur				Mantener la posición de la cabeza	[PROMOT note] Source for official translation: https://icd.who.int/browse/2026-01/icf/es > Información > Archivo de hoja de cálculo											https://data.esante.gouv.fr/terminologies/icf#74539	[PROMOT note] The PROMOT ontology added a crossref to the LIRMM version of the ICF (CIF-ASIP 2020). It also added the official French and Spanish translation for labels.							
http://id.who.int/icd/entity/150502901	Changing basic body position					Changer la position corporelle de base		[PROMOT note] Source for official translation: https://icd.who.int/browse/2026-01/icf/fr > Info > Fichier du tableur				Cambiar las posturas corporales básicas	[PROMOT note] Source for official translation: https://icd.who.int/browse/2026-01/icf/es > Información > Archivo de hoja de cálculo											https://data.esante.gouv.fr/terminologies/icf#82751	[PROMOT note] The PROMOT ontology added a crossref to the LIRMM version of the ICF (CIF-ASIP 2020). It also added the official French and Spanish translation for labels.							
http://id.who.int/icd/entity/151046878	Speaking					Parler		[PROMOT note] Source for official translation: https://icd.who.int/browse/2026-01/icf/fr > Info > Fichier du tableur				Hablar	[PROMOT note] Source for official translation: https://icd.who.int/browse/2026-01/icf/es > Información > Archivo de hoja de cálculo											https://data.esante.gouv.fr/terminologies/icf#44403	[PROMOT note] The PROMOT ontology added a crossref to the LIRMM version of the ICF (CIF-ASIP 2020). It also added the official French and Spanish translation for labels.							
http://id.who.int/icd/entity/1515853559	Pain in lower limb					Douleur au membre inférieur		[PROMOT note] Source for official translation: https://icd.who.int/browse/2026-01/icf/fr > Info > Fichier du tableur				Dolor en una extremidad inferior	[PROMOT note] Source for official translation: https://icd.who.int/browse/2026-01/icf/es > Información > Archivo de hoja de cálculo											https://data.esante.gouv.fr/terminologies/icf#81894	[PROMOT note] The PROMOT ontology added a crossref to the LIRMM version of the ICF (CIF-ASIP 2020). It also added the official French and Spanish translation for labels.							
http://id.who.int/icd/entity/1521707777	Endurance of muscle groups					Endurance des groupes de muscles		[PROMOT note] Source for official translation: https://icd.who.int/browse/2026-01/icf/fr > Info > Fichier du tableur				Resistencia de grupos de músculos	[PROMOT note] Source for official translation: https://icd.who.int/browse/2026-01/icf/es > Información > Archivo de hoja de cálculo											https://data.esante.gouv.fr/terminologies/icf#5731	[PROMOT note] The PROMOT ontology added a crossref to the LIRMM version of the ICF (CIF-ASIP 2020). It also added the official French and Spanish translation for labels.							
http://id.who.int/icd/entity/1525383756	Intellectual functions					Fonctions intellectuelles		[PROMOT note] Source for official translation: https://icd.who.int/browse/2026-01/icf/fr > Info > Fichier du tableur				Funciones intelectuales	[PROMOT note] Source for official translation: https://icd.who.int/browse/2026-01/icf/es > Información > Archivo de hoja de cálculo											https://data.esante.gouv.fr/terminologies/icf#13932	[PROMOT note] The PROMOT ontology added a crossref to the LIRMM version of the ICF (CIF-ASIP 2020). It also added the official French and Spanish translation for labels.							
http://id.who.int/icd/entity/1528299701	Ligaments and fasciae of ankle and foot					Ligaments et fascia de la cheville et du pied		[PROMOT note] Source for official translation: https://icd.who.int/browse/2026-01/icf/fr > Info > Fichier du tableur				Ligamentos y fascias del tobillo y del pie	[PROMOT note] Source for official translation: https://icd.who.int/browse/2026-01/icf/es > Información > Archivo de hoja de cálculo											https://data.esante.gouv.fr/terminologies/icf#76128	[PROMOT note] The PROMOT ontology added a crossref to the LIRMM version of the ICF (CIF-ASIP 2020). It also added the official French and Spanish translation for labels.							
http://id.who.int/icd/entity/1535125568	Domestic life					Vie domestique		[PROMOT note] Source for official translation: https://icd.who.int/browse/2026-01/icf/fr > Info > Fichier du tableur				Vida doméstica	[PROMOT note] Source for official translation: https://icd.who.int/browse/2026-01/icf/es > Información > Archivo de hoja de cálculo											https://data.esante.gouv.fr/terminologies/icf#99403	[PROMOT note] The PROMOT ontology added a crossref to the LIRMM version of the ICF (CIF-ASIP 2020). It also added the official French and Spanish translation for labels.							
http://id.who.int/icd/entity/1550548595	Walking					Marcher		[PROMOT note] Source for official translation: https://icd.who.int/browse/2026-01/icf/fr > Info > Fichier du tableur				Andar	[PROMOT note] Source for official translation: https://icd.who.int/browse/2026-01/icf/es > Información > Archivo de hoja de cálculo											https://data.esante.gouv.fr/terminologies/icf#68663	[PROMOT note] The PROMOT ontology added a crossref to the LIRMM version of the ICF (CIF-ASIP 2020). It also added the official French and Spanish translation for labels.							
http://id.who.int/icd/entity/1571232890	Intercostal muscles					Muscles intercostaux		[PROMOT note] Source for official translation: https://icd.who.int/browse/2026-01/icf/fr > Info > Fichier du tableur				Músculos intercostales	[PROMOT note] Source for official translation: https://icd.who.int/browse/2026-01/icf/es > Información > Archivo de hoja de cálculo											https://data.esante.gouv.fr/terminologies/icf#75024	[PROMOT note] The PROMOT ontology added a crossref to the LIRMM version of the ICF (CIF-ASIP 2020). It also added the official French and Spanish translation for labels.							
http://id.who.int/icd/entity/1580195090	Digestive functions					Fonctions digestives		[PROMOT note] Source for official translation: https://icd.who.int/browse/2026-01/icf/fr > Info > Fichier du tableur				Funciones relacionadas con la digestión	[PROMOT note] Source for official translation: https://icd.who.int/browse/2026-01/icf/es > Información > Archivo de hoja de cálculo											https://data.esante.gouv.fr/terminologies/icf#19042	[PROMOT note] The PROMOT ontology added a crossref to the LIRMM version of the ICF (CIF-ASIP 2020). It also added the official French and Spanish translation for labels.							
http://id.who.int/icd/entity/1607952955	Vestibular functions					Fonctions vestibulaires		[PROMOT note] Source for official translation: https://icd.who.int/browse/2026-01/icf/fr > Info > Fichier du tableur				Función vestibular	[PROMOT note] Source for official translation: https://icd.who.int/browse/2026-01/icf/es > Información > Archivo de hoja de cálculo											https://data.esante.gouv.fr/terminologies/icf#63033	[PROMOT note] The PROMOT ontology added a crossref to the LIRMM version of the ICF (CIF-ASIP 2020). It also added the official French and Spanish translation for labels.							
http://id.who.int/icd/entity/1608009360	Self-care					Entretien personnel		[PROMOT note] Source for official translation: https://icd.who.int/browse/2026-01/icf/fr > Info > Fichier du tableur				Autocuidado	[PROMOT note] Source for official translation: https://icd.who.int/browse/2026-01/icf/es > Información > Archivo de hoja de cálculo											https://data.esante.gouv.fr/terminologies/icf#45666	[PROMOT note] The PROMOT ontology added a crossref to the LIRMM version of the ICF (CIF-ASIP 2020). It also added the official French and Spanish translation for labels.							
http://id.who.int/icd/entity/161488596	Neuromusculoskeletal and movement-related functions					Fonctions de l'appareil locomoteur et liées au mouvement		[PROMOT note] Source for official translation: https://icd.who.int/browse/2026-01/icf/fr > Info > Fichier du tableur				Funciones neuromusculoesqueléticas y relacionadas con el movimiento	[PROMOT note] Source for official translation: https://icd.who.int/browse/2026-01/icf/es > Información > Archivo de hoja de cálculo											https://data.esante.gouv.fr/terminologies/icf#11501	[PROMOT note] The PROMOT ontology added a crossref to the LIRMM version of the ICF (CIF-ASIP 2020). It also added the official French and Spanish translation for labels.							
http://id.who.int/icd/entity/1626363729	Body structures					Structures anatomiques		[PROMOT note] Source for official translation: https://icd.who.int/browse/2026-01/icf/fr > Info > Fichier du tableur				Estructuras corporales	[PROMOT note] Source for official translation: https://icd.who.int/browse/2026-01/icf/es > Información > Archivo de hoja de cálculo																			
http://id.who.int/icd/entity/1650503157	Bones of ankle and foot					Os de la cheville et du pied		[PROMOT note] Source for official translation: https://icd.who.int/browse/2026-01/icf/fr > Info > Fichier du tableur				Huesos del tobillo y del pie	[PROMOT note] Source for official translation: https://icd.who.int/browse/2026-01/icf/es > Información > Archivo de hoja de cálculo											https://data.esante.gouv.fr/terminologies/icf#56126	[PROMOT note] The PROMOT ontology added a crossref to the LIRMM version of the ICF (CIF-ASIP 2020). It also added the official French and Spanish translation for labels.							
http://id.who.int/icd/entity/1674298945	Endurance of all muscles of the body					Endurance de tous les muscles du corps		[PROMOT note] Source for official translation: https://icd.who.int/browse/2026-01/icf/fr > Info > Fichier du tableur				Resistencia de todos los músculos del cuerpo	[PROMOT note] Source for official translation: https://icd.who.int/browse/2026-01/icf/es > Información > Archivo de hoja de cálculo											https://data.esante.gouv.fr/terminologies/icf#90457	[PROMOT note] The PROMOT ontology added a crossref to the LIRMM version of the ICF (CIF-ASIP 2020). It also added the official French and Spanish translation for labels.							
http://id.who.int/icd/entity/1682107878	Additional functions of the respiratory system					Fonctions additionnelles du système respiratoire		[PROMOT note] Source for official translation: https://icd.who.int/browse/2026-01/icf/fr > Info > Fichier du tableur				Funciones respiratorias adicionales	[PROMOT note] Source for official translation: https://icd.who.int/browse/2026-01/icf/es > Información > Archivo de hoja de cálculo											https://data.esante.gouv.fr/terminologies/icf#55344	[PROMOT note] The PROMOT ontology added a crossref to the LIRMM version of the ICF (CIF-ASIP 2020). It also added the official French and Spanish translation for labels.							
http://id.who.int/icd/entity/169456190	Joints of head and neck region					Articulations de la région de la tête et du cou		[PROMOT note] Source for official translation: https://icd.who.int/browse/2026-01/icf/fr > Info > Fichier du tableur				Articulaciones de la cabeza y de la región del cuello	[PROMOT note] Source for official translation: https://icd.who.int/browse/2026-01/icf/es > Información > Archivo de hoja de cálculo											https://data.esante.gouv.fr/terminologies/icf#89690	[PROMOT note] The PROMOT ontology added a crossref to the LIRMM version of the ICF (CIF-ASIP 2020). It also added the official French and Spanish translation for labels.							
http://id.who.int/icd/entity/1747603619	Lumbar vertebral column					Colonne lombaire		[PROMOT note] Source for official translation: https://icd.who.int/browse/2026-01/icf/fr > Info > Fichier du tableur				Columna vertebral lumbar	[PROMOT note] Source for official translation: https://icd.who.int/browse/2026-01/icf/es > Información > Archivo de hoja de cálculo											https://data.esante.gouv.fr/terminologies/icf#76282	[PROMOT note] The PROMOT ontology added a crossref to the LIRMM version of the ICF (CIF-ASIP 2020). It also added the official French and Spanish translation for labels.							
http://id.who.int/icd/entity/1748092144	Stability of a single joint					Stabilité d'une seule articulation		[PROMOT note] Source for official translation: https://icd.who.int/browse/2026-01/icf/fr > Info > Fichier du tableur				Estabilidad de una sola articulación	[PROMOT note] Source for official translation: https://icd.who.int/browse/2026-01/icf/es > Información > Archivo de hoja de cálculo											https://data.esante.gouv.fr/terminologies/icf#69811	[PROMOT note] The PROMOT ontology added a crossref to the LIRMM version of the ICF (CIF-ASIP 2020). It also added the official French and Spanish translation for labels.							
http://id.who.int/icd/entity/1754034822	Structure of mouth					Structure de la bouche		[PROMOT note] Source for official translation: https://icd.who.int/browse/2026-01/icf/fr > Info > Fichier du tableur				Estructura de la boca	[PROMOT note] Source for official translation: https://icd.who.int/browse/2026-01/icf/es > Información > Archivo de hoja de cálculo											https://data.esante.gouv.fr/terminologies/icf#47856	[PROMOT note] The PROMOT ontology added a crossref to the LIRMM version of the ICF (CIF-ASIP 2020). It also added the official French and Spanish translation for labels.							
http://id.who.int/icd/entity/1757783224	Mobility of several joints					Mobilité de plusieurs articulations		[PROMOT note] Source for official translation: https://icd.who.int/browse/2026-01/icf/fr > Info > Fichier du tableur				Movilidad de varias articulaciones	[PROMOT note] Source for official translation: https://icd.who.int/browse/2026-01/icf/es > Información > Archivo de hoja de cálculo											https://data.esante.gouv.fr/terminologies/icf#69553	[PROMOT note] The PROMOT ontology added a crossref to the LIRMM version of the ICF (CIF-ASIP 2020). It also added the official French and Spanish translation for labels.							
http://id.who.int/icd/entity/1777008610	Motor reflex functions					Fonctions relatives aux réflexes moteurs		[PROMOT note] Source for official translation: https://icd.who.int/browse/2026-01/icf/fr > Info > Fichier du tableur				Funciones relacionadas con los reflejos motores	[PROMOT note] Source for official translation: https://icd.who.int/browse/2026-01/icf/es > Información > Archivo de hoja de cálculo											https://data.esante.gouv.fr/terminologies/icf#38976	[PROMOT note] The PROMOT ontology added a crossref to the LIRMM version of the ICF (CIF-ASIP 2020). It also added the official French and Spanish translation for labels.							
http://id.who.int/icd/entity/1780196241	Heart rhythm					Rythme cardiaque		[PROMOT note] Source for official translation: https://icd.who.int/browse/2026-01/icf/fr > Info > Fichier du tableur				Ritmo cardíaco	[PROMOT note] Source for official translation: https://icd.who.int/browse/2026-01/icf/es > Información > Archivo de hoja de cálculo											https://data.esante.gouv.fr/terminologies/icf#65208	[PROMOT note] The PROMOT ontology added a crossref to the LIRMM version of the ICF (CIF-ASIP 2020). It also added the official French and Spanish translation for labels.							
http://id.who.int/icd/entity/178625206	Thoracic cage					Cage thoracique		[PROMOT note] Source for official translation: https://icd.who.int/browse/2026-01/icf/fr > Info > Fichier du tableur				Caja torácica	[PROMOT note] Source for official translation: https://icd.who.int/browse/2026-01/icf/es > Información > Archivo de hoja de cálculo											https://data.esante.gouv.fr/terminologies/icf#75766	[PROMOT note] The PROMOT ontology added a crossref to the LIRMM version of the ICF (CIF-ASIP 2020). It also added the official French and Spanish translation for labels.							
http://id.who.int/icd/entity/1789365017	Power of isolated muscles and muscle groups					Puissance des muscles isolés et des groupes de muscles		[PROMOT note] Source for official translation: https://icd.who.int/browse/2026-01/icf/fr > Info > Fichier du tableur				Fuerza de músculos aislados o de grupos de músculos	[PROMOT note] Source for official translation: https://icd.who.int/browse/2026-01/icf/es > Información > Archivo de hoja de cálculo											https://data.esante.gouv.fr/terminologies/icf#23154	[PROMOT note] The PROMOT ontology added a crossref to the LIRMM version of the ICF (CIF-ASIP 2020). It also added the official French and Spanish translation for labels.							
http://id.who.int/icd/entity/1794398084	Muscles of thigh					Muscles de la cuisse		[PROMOT note] Source for official translation: https://icd.who.int/browse/2026-01/icf/fr > Info > Fichier du tableur				Músculos del muslo	[PROMOT note] Source for official translation: https://icd.who.int/browse/2026-01/icf/es > Información > Archivo de hoja de cálculo											https://data.esante.gouv.fr/terminologies/icf#92170	[PROMOT note] The PROMOT ontology added a crossref to the LIRMM version of the ICF (CIF-ASIP 2020). It also added the official French and Spanish translation for labels.							
http://id.who.int/icd/entity/1806589582	Biting					Mordre		[PROMOT note] Source for official translation: https://icd.who.int/browse/2026-01/icf/fr > Info > Fichier du tableur				Morder	[PROMOT note] Source for official translation: https://icd.who.int/browse/2026-01/icf/es > Información > Archivo de hoja de cálculo											https://data.esante.gouv.fr/terminologies/icf#740	[PROMOT note] The PROMOT ontology added a crossref to the LIRMM version of the ICF (CIF-ASIP 2020). It also added the official French and Spanish translation for labels.							
http://id.who.int/icd/entity/1811133755	Mental functions of language					Fonctions mentales du langage		[PROMOT note] Source for official translation: https://icd.who.int/browse/2026-01/icf/fr > Info > Fichier du tableur				Funciones mentales del lenguaje	[PROMOT note] Source for official translation: https://icd.who.int/browse/2026-01/icf/es > Información > Archivo de hoja de cálculo											https://data.esante.gouv.fr/terminologies/icf#29639	[PROMOT note] The PROMOT ontology added a crossref to the LIRMM version of the ICF (CIF-ASIP 2020). It also added the official French and Spanish translation for labels.							
http://id.who.int/icd/entity/1819639191	Reception of language					Réception du langage		[PROMOT note] Source for official translation: https://icd.who.int/browse/2026-01/icf/fr > Info > Fichier du tableur				Recepción de lenguaje	[PROMOT note] Source for official translation: https://icd.who.int/browse/2026-01/icf/es > Información > Archivo de hoja de cálculo											https://data.esante.gouv.fr/terminologies/icf#66239	[PROMOT note] The PROMOT ontology added a crossref to the LIRMM version of the ICF (CIF-ASIP 2020). It also added the official French and Spanish translation for labels.							
http://id.who.int/icd/entity/1828012543	Communication					Communication		[PROMOT note] Source for official translation: https://icd.who.int/browse/2026-01/icf/fr > Info > Fichier du tableur				Comunicación	[PROMOT note] Source for official translation: https://icd.who.int/browse/2026-01/icf/es > Información > Archivo de hoja de cálculo											https://data.esante.gouv.fr/terminologies/icf#45994	[PROMOT note] The PROMOT ontology added a crossref to the LIRMM version of the ICF (CIF-ASIP 2020). It also added the official French and Spanish translation for labels.							
http://id.who.int/icd/entity/1831985718	Vestibular function of balance					Fonction vestibulaire de l'équilibre		[PROMOT note] Source for official translation: https://icd.who.int/browse/2026-01/icf/fr > Info > Fichier du tableur				Función vestibular relacionada con el equilibrio	[PROMOT note] Source for official translation: https://icd.who.int/browse/2026-01/icf/es > Información > Archivo de hoja de cálculo											https://data.esante.gouv.fr/terminologies/icf#39060	[PROMOT note] The PROMOT ontology added a crossref to the LIRMM version of the ICF (CIF-ASIP 2020). It also added the official French and Spanish translation for labels.							
http://id.who.int/icd/entity/1834472768	Transportation of mucus					Transport du mucus		[PROMOT note] Source for official translation: https://icd.who.int/browse/2026-01/icf/fr > Info > Fichier du tableur				Trasportación de moco	[PROMOT note] Source for official translation: https://icd.who.int/browse/2026-01/icf/es > Información > Archivo de hoja de cálculo											https://data.esante.gouv.fr/terminologies/icf#18009	[PROMOT note] The PROMOT ontology added a crossref to the LIRMM version of the ICF (CIF-ASIP 2020). It also added the official French and Spanish translation for labels.							
http://id.who.int/icd/entity/1839310222	Muscle tone functions					Fonctions relatives au tonus musculaire		[PROMOT note] Source for official translation: https://icd.who.int/browse/2026-01/icf/fr > Info > Fichier du tableur				Funciones relacionadas con el tono muscular	[PROMOT note] Source for official translation: https://icd.who.int/browse/2026-01/icf/es > Información > Archivo de hoja de cálculo											https://data.esante.gouv.fr/terminologies/icf#26422	[PROMOT note] The PROMOT ontology added a crossref to the LIRMM version of the ICF (CIF-ASIP 2020). It also added the official French and Spanish translation for labels.							
http://id.who.int/icd/entity/1843740951	The eye, ear and related structures					Oeil, oreille et structures annexes		[PROMOT note] Source for official translation: https://icd.who.int/browse/2026-01/icf/fr > Info > Fichier du tableur				Capítulo 2 el ojo, el oído y estructuras relacionadas	[PROMOT note] Source for official translation: https://icd.who.int/browse/2026-01/icf/es > Información > Archivo de hoja de cálculo											https://data.esante.gouv.fr/terminologies/icf#16189	[PROMOT note] The PROMOT ontology added a crossref to the LIRMM version of the ICF (CIF-ASIP 2020). It also added the official French and Spanish translation for labels.							
http://id.who.int/icd/entity/1846694084	Quality of voice					Qualité de la voix		[PROMOT note] Source for official translation: https://icd.who.int/browse/2026-01/icf/fr > Info > Fichier du tableur				Calidad de la voz	[PROMOT note] Source for official translation: https://icd.who.int/browse/2026-01/icf/es > Información > Archivo de hoja de cálculo											https://data.esante.gouv.fr/terminologies/icf#19739	[PROMOT note] The PROMOT ontology added a crossref to the LIRMM version of the ICF (CIF-ASIP 2020). It also added the official French and Spanish translation for labels.							
http://id.who.int/icd/entity/184992399	Functions related to mucus					Fonctions liées au mucus		[PROMOT note] Source for official translation: https://icd.who.int/browse/2026-01/icf/fr > Info > Fichier du tableur				Funciones relacionadas con el moco	[PROMOT note] Source for official translation: https://icd.who.int/browse/2026-01/icf/es > Información > Archivo de hoja de cálculo											https://data.esante.gouv.fr/terminologies/icf#13285	[PROMOT note] The PROMOT ontology added a crossref to the LIRMM version of the ICF (CIF-ASIP 2020). It also added the official French and Spanish translation for labels.							
http://id.who.int/icd/entity/1851215071	Rolling over					Se tourner en roulant		[PROMOT note] Source for official translation: https://icd.who.int/browse/2026-01/icf/fr > Info > Fichier du tableur				Rodar	[PROMOT note] Source for official translation: https://icd.who.int/browse/2026-01/icf/es > Información > Archivo de hoja de cálculo											https://data.esante.gouv.fr/terminologies/icf#39576	[PROMOT note] The PROMOT ontology added a crossref to the LIRMM version of the ICF (CIF-ASIP 2020). It also added the official French and Spanish translation for labels.							
http://id.who.int/icd/entity/1864074583	Energy level					Niveau d'énergie		[PROMOT note] Source for official translation: https://icd.who.int/browse/2026-01/icf/fr > Info > Fichier du tableur				Nivel de energía	[PROMOT note] Source for official translation: https://icd.who.int/browse/2026-01/icf/es > Información > Archivo de hoja de cálculo											https://data.esante.gouv.fr/terminologies/icf#1160	[PROMOT note] The PROMOT ontology added a crossref to the LIRMM version of the ICF (CIF-ASIP 2020). It also added the official French and Spanish translation for labels.							
http://id.who.int/icd/entity/1867012554	Muscles of upper arm					Muscles du bras		[PROMOT note] Source for official translation: https://icd.who.int/browse/2026-01/icf/fr > Info > Fichier du tableur				Músculos del brazo	[PROMOT note] Source for official translation: https://icd.who.int/browse/2026-01/icf/es > Información > Archivo de hoja de cálculo											https://data.esante.gouv.fr/terminologies/icf#2717	[PROMOT note] The PROMOT ontology added a crossref to the LIRMM version of the ICF (CIF-ASIP 2020). It also added the official French and Spanish translation for labels.							
http://id.who.int/icd/entity/1873256446	Community life					Vie communautaire		[PROMOT note] Source for official translation: https://icd.who.int/browse/2026-01/icf/fr > Info > Fichier du tableur				Vida comunitaria	[PROMOT note] Source for official translation: https://icd.who.int/browse/2026-01/icf/es > Información > Archivo de hoja de cálculo											https://data.esante.gouv.fr/terminologies/icf#96120	[PROMOT note] The PROMOT ontology added a crossref to the LIRMM version of the ICF (CIF-ASIP 2020). It also added the official French and Spanish translation for labels.							
http://id.who.int/icd/entity/1874889854	Muscles of head and neck region					Muscles de la région de la tête et du cou		[PROMOT note] Source for official translation: https://icd.who.int/browse/2026-01/icf/fr > Info > Fichier du tableur				Músculos de la cabeza y de la región del cuello	[PROMOT note] Source for official translation: https://icd.who.int/browse/2026-01/icf/es > Información > Archivo de hoja de cálculo											https://data.esante.gouv.fr/terminologies/icf#51652	[PROMOT note] The PROMOT ontology added a crossref to the LIRMM version of the ICF (CIF-ASIP 2020). It also added the official French and Spanish translation for labels.							
http://id.who.int/icd/entity/1896301954	Listening					Écouter		[PROMOT note] Source for official translation: https://icd.who.int/browse/2026-01/icf/fr > Info > Fichier du tableur				Escuchar	[PROMOT note] Source for official translation: https://icd.who.int/browse/2026-01/icf/es > Información > Archivo de hoja de cálculo											https://data.esante.gouv.fr/terminologies/icf#75505	[PROMOT note] The PROMOT ontology added a crossref to the LIRMM version of the ICF (CIF-ASIP 2020). It also added the official French and Spanish translation for labels.							
http://id.who.int/icd/entity/1916167881	Sensory functions and pain					Fonctions sensorielles et douleur		[PROMOT note] Source for official translation: https://icd.who.int/browse/2026-01/icf/fr > Info > Fichier du tableur				Funciones sensoriales y dolor	[PROMOT note] Source for official translation: https://icd.who.int/browse/2026-01/icf/es > Información > Archivo de hoja de cálculo											https://data.esante.gouv.fr/terminologies/icf#92046	[PROMOT note] The PROMOT ontology added a crossref to the LIRMM version of the ICF (CIF-ASIP 2020). It also added the official French and Spanish translation for labels.							
http://id.who.int/icd/entity/1919311435	Articulation functions					Fonctions d'articulation		[PROMOT note] Source for official translation: https://icd.who.int/browse/2026-01/icf/fr > Info > Fichier du tableur				Funciones de articulación	[PROMOT note] Source for official translation: https://icd.who.int/browse/2026-01/icf/es > Información > Archivo de hoja de cálculo											https://data.esante.gouv.fr/terminologies/icf#8975	[PROMOT note] The PROMOT ontology added a crossref to the LIRMM version of the ICF (CIF-ASIP 2020). It also added the official French and Spanish translation for labels.							
http://id.who.int/icd/entity/1929433903	Structure of lower extremity					Structure du membre inférieur		[PROMOT note] Source for official translation: https://icd.who.int/browse/2026-01/icf/fr > Info > Fichier du tableur				Estructura de la extremidad inferior	[PROMOT note] Source for official translation: https://icd.who.int/browse/2026-01/icf/es > Información > Archivo de hoja de cálculo											https://data.esante.gouv.fr/terminologies/icf#65852	[PROMOT note] The PROMOT ontology added a crossref to the LIRMM version of the ICF (CIF-ASIP 2020). It also added the official French and Spanish translation for labels.							
http://id.who.int/icd/entity/1976873960	Functions related to the digestive system					Fonctions relatives au système digestif		[PROMOT note] Source for official translation: https://icd.who.int/browse/2026-01/icf/fr > Info > Fichier du tableur				Funciones relacionadas con el sistema digestivo	[PROMOT note] Source for official translation: https://icd.who.int/browse/2026-01/icf/es > Información > Archivo de hoja de cálculo											https://data.esante.gouv.fr/terminologies/icf#26440	[PROMOT note] The PROMOT ontology added a crossref to the LIRMM version of the ICF (CIF-ASIP 2020). It also added the official French and Spanish translation for labels.							
http://id.who.int/icd/entity/1993770860	Going up and down stairs					Monter et descendre des escaliers		[PROMOT note] Source for official translation: https://icd.who.int/browse/2026-01/icf/fr > Info > Fichier du tableur				Subir y bajar escaleras	[PROMOT note] Source for official translation: https://icd.who.int/browse/2026-01/icf/es > Información > Archivo de hoja de cálculo																			
http://id.who.int/icd/entity/2011053685	Learning and applying knowledge					Apprentissage et application des connaissances		[PROMOT note] Source for official translation: https://icd.who.int/browse/2026-01/icf/fr > Info > Fichier du tableur				Aprendizaje y aplicación del conocimiento	[PROMOT note] Source for official translation: https://icd.who.int/browse/2026-01/icf/es > Información > Archivo de hoja de cálculo											https://data.esante.gouv.fr/terminologies/icf#57702	[PROMOT note] The PROMOT ontology added a crossref to the LIRMM version of the ICF (CIF-ASIP 2020). It also added the official French and Spanish translation for labels.							
http://id.who.int/icd/entity/2021370201	Functions of the eyelid					Fonctions de la paupière		[PROMOT note] Source for official translation: https://icd.who.int/browse/2026-01/icf/fr > Info > Fichier du tableur				Funciones del párpado	[PROMOT note] Source for official translation: https://icd.who.int/browse/2026-01/icf/es > Información > Archivo de hoja de cálculo											https://data.esante.gouv.fr/terminologies/icf#72832	[PROMOT note] The PROMOT ontology added a crossref to the LIRMM version of the ICF (CIF-ASIP 2020). It also added the official French and Spanish translation for labels.							
http://id.who.int/icd/entity/2022689055	Visual acuity functions					Fonctions d'acuité visuelle		[PROMOT note] Source for official translation: https://icd.who.int/browse/2026-01/icf/fr > Info > Fichier du tableur				Funciones de la agudeza visual	[PROMOT note] Source for official translation: https://icd.who.int/browse/2026-01/icf/es > Información > Archivo de hoja de cálculo											https://data.esante.gouv.fr/terminologies/icf#40663	[PROMOT note] The PROMOT ontology added a crossref to the LIRMM version of the ICF (CIF-ASIP 2020). It also added the official French and Spanish translation for labels.							
http://id.who.int/icd/entity/2031311308	Functions of structures adjoining the eye					Fonctions des annexes de l'œil		[PROMOT note] Source for official translation: https://icd.who.int/browse/2026-01/icf/fr > Info > Fichier du tableur				Funciones de las estructuras adyacentes al ojo	[PROMOT note] Source for official translation: https://icd.who.int/browse/2026-01/icf/es > Información > Archivo de hoja de cálculo											https://data.esante.gouv.fr/terminologies/icf#79775	[PROMOT note] The PROMOT ontology added a crossref to the LIRMM version of the ICF (CIF-ASIP 2020). It also added the official French and Spanish translation for labels.							
http://id.who.int/icd/entity/203515404	Pain					Douleur		[PROMOT note] Source for official translation: https://icd.who.int/browse/2026-01/icf/fr > Info > Fichier du tableur				Dolor	[PROMOT note] Source for official translation: https://icd.who.int/browse/2026-01/icf/es > Información > Archivo de hoja de cálculo											https://data.esante.gouv.fr/terminologies/icf#59282	[PROMOT note] The PROMOT ontology added a crossref to the LIRMM version of the ICF (CIF-ASIP 2020). It also added the official French and Spanish translation for labels.							
http://id.who.int/icd/entity/2048203604	Mobility					Mobilité		[PROMOT note] Source for official translation: https://icd.who.int/browse/2026-01/icf/fr > Info > Fichier du tableur				Movilidad	[PROMOT note] Source for official translation: https://icd.who.int/browse/2026-01/icf/es > Información > Archivo de hoja de cálculo											https://data.esante.gouv.fr/terminologies/icf#37089	[PROMOT note] The PROMOT ontology added a crossref to the LIRMM version of the ICF (CIF-ASIP 2020). It also added the official French and Spanish translation for labels.							
http://id.who.int/icd/entity/2052957777	Expression of spoken language					Expression du langage parlé		[PROMOT note] Source for official translation: https://icd.who.int/browse/2026-01/icf/fr > Info > Fichier du tableur				Expresión de lenguaje oral	[PROMOT note] Source for official translation: https://icd.who.int/browse/2026-01/icf/es > Información > Archivo de hoja de cálculo											https://data.esante.gouv.fr/terminologies/icf#53990	[PROMOT note] The PROMOT ontology added a crossref to the LIRMM version of the ICF (CIF-ASIP 2020). It also added the official French and Spanish translation for labels.							
http://id.who.int/icd/entity/2060264919	Structures involved in voice and speech					Structures liées à la voix et à la parole		[PROMOT note] Source for official translation: https://icd.who.int/browse/2026-01/icf/fr > Info > Fichier du tableur				Capítulo 3 estructuras involucradas en la voz y el habla	[PROMOT note] Source for official translation: https://icd.who.int/browse/2026-01/icf/es > Información > Archivo de hoja de cálculo											https://data.esante.gouv.fr/terminologies/icf#10599	[PROMOT note] The PROMOT ontology added a crossref to the LIRMM version of the ICF (CIF-ASIP 2020). It also added the official French and Spanish translation for labels.							
http://id.who.int/icd/entity/2067741200	Testes and scrotum					Testicules et scrotum		[PROMOT note] Source for official translation: https://icd.who.int/browse/2026-01/icf/fr > Info > Fichier du tableur				Testículos	[PROMOT note] Source for official translation: https://icd.who.int/browse/2026-01/icf/es > Información > Archivo de hoja de cálculo											https://data.esante.gouv.fr/terminologies/icf#11004	[PROMOT note] The PROMOT ontology added a crossref to the LIRMM version of the ICF (CIF-ASIP 2020). It also added the official French and Spanish translation for labels.							
http://id.who.int/icd/entity/2069371821	Rhythm of speech					Rythme de la parole		[PROMOT note] Source for official translation: https://icd.who.int/browse/2026-01/icf/fr > Info > Fichier du tableur				Ritmo del habla	[PROMOT note] Source for official translation: https://icd.who.int/browse/2026-01/icf/es > Información > Archivo de hoja de cálculo											https://data.esante.gouv.fr/terminologies/icf#90666	[PROMOT note] The PROMOT ontology added a crossref to the LIRMM version of the ICF (CIF-ASIP 2020). It also added the official French and Spanish translation for labels.							
http://id.who.int/icd/entity/2069698903	Expression of language					Expression du langage		[PROMOT note] Source for official translation: https://icd.who.int/browse/2026-01/icf/fr > Info > Fichier du tableur				Expresión de lenguaje	[PROMOT note] Source for official translation: https://icd.who.int/browse/2026-01/icf/es > Información > Archivo de hoja de cálculo											https://data.esante.gouv.fr/terminologies/icf#65982	[PROMOT note] The PROMOT ontology added a crossref to the LIRMM version of the ICF (CIF-ASIP 2020). It also added the official French and Spanish translation for labels.							
http://id.who.int/icd/entity/2089171534	Sucking					Sucer		[PROMOT note] Source for official translation: https://icd.who.int/browse/2026-01/icf/fr > Info > Fichier du tableur				Succión	[PROMOT note] Source for official translation: https://icd.who.int/browse/2026-01/icf/es > Información > Archivo de hoja de cálculo											https://data.esante.gouv.fr/terminologies/icf#90592	[PROMOT note] The PROMOT ontology added a crossref to the LIRMM version of the ICF (CIF-ASIP 2020). It also added the official French and Spanish translation for labels.							
http://id.who.int/icd/entity/2090906765	Thermoregulatory functions					Fonctions thermorégulatrices		[PROMOT note] Source for official translation: https://icd.who.int/browse/2026-01/icf/fr > Info > Fichier du tableur				Funciones termorreguladoras	[PROMOT note] Source for official translation: https://icd.who.int/browse/2026-01/icf/es > Información > Archivo de hoja de cálculo											https://data.esante.gouv.fr/terminologies/icf#43547	[PROMOT note] The PROMOT ontology added a crossref to the LIRMM version of the ICF (CIF-ASIP 2020). It also added the official French and Spanish translation for labels.							
http://id.who.int/icd/entity/2100545361	Heart rate					Fréquence cardiaque		[PROMOT note] Source for official translation: https://icd.who.int/browse/2026-01/icf/fr > Info > Fichier du tableur				Frecuencia cardiaca	[PROMOT note] Source for official translation: https://icd.who.int/browse/2026-01/icf/es > Información > Archivo de hoja de cálculo											https://data.esante.gouv.fr/terminologies/icf#55991	[PROMOT note] The PROMOT ontology added a crossref to the LIRMM version of the ICF (CIF-ASIP 2020). It also added the official French and Spanish translation for labels.							
http://id.who.int/icd/entity/213697684	Fluency and rhythm of speech functions					Fonctions de fluidité et de rythme de la parole		[PROMOT note] Source for official translation: https://icd.who.int/browse/2026-01/icf/fr > Info > Fichier du tableur				Funciones relacionadas con la fluidez y el ritmo del habla	[PROMOT note] Source for official translation: https://icd.who.int/browse/2026-01/icf/es > Información > Archivo de hoja de cálculo											https://data.esante.gouv.fr/terminologies/icf#94401	[PROMOT note] The PROMOT ontology added a crossref to the LIRMM version of the ICF (CIF-ASIP 2020). It also added the official French and Spanish translation for labels.							
http://id.who.int/icd/entity/213893837	Bones					Os		[PROMOT note] Source for official translation: https://icd.who.int/browse/2026-01/icf/fr > Info > Fichier du tableur				Huesos	[PROMOT note] Source for official translation: https://icd.who.int/browse/2026-01/icf/es > Información > Archivo de hoja de cálculo											https://data.esante.gouv.fr/terminologies/icf#7260	[PROMOT note] The PROMOT ontology added a crossref to the LIRMM version of the ICF (CIF-ASIP 2020). It also added the official French and Spanish translation for labels.							
http://id.who.int/icd/entity/222589883	Heart functions					Fonctions du cœur		[PROMOT note] Source for official translation: https://icd.who.int/browse/2026-01/icf/fr > Info > Fichier du tableur				Funciones del corazón	[PROMOT note] Source for official translation: https://icd.who.int/browse/2026-01/icf/es > Información > Archivo de hoja de cálculo											https://data.esante.gouv.fr/terminologies/icf#55041	[PROMOT note] The PROMOT ontology added a crossref to the LIRMM version of the ICF (CIF-ASIP 2020). It also added the official French and Spanish translation for labels.							
http://id.who.int/icd/entity/232409592	Structure of pelvic region					Structure de la région pelvienne		[PROMOT note] Source for official translation: https://icd.who.int/browse/2026-01/icf/fr > Info > Fichier du tableur				Estructura de la región pélvica	[PROMOT note] Source for official translation: https://icd.who.int/browse/2026-01/icf/es > Información > Archivo de hoja de cálculo											https://data.esante.gouv.fr/terminologies/icf#60886	[PROMOT note] The PROMOT ontology added a crossref to the LIRMM version of the ICF (CIF-ASIP 2020). It also added the official French and Spanish translation for labels.							
http://id.who.int/icd/entity/242704590	Functions of expelling the contents of the stomach, oesophagus or pharynx					Fonctions d'expulsion des contenus de l'estomac, de l'œsophage et du pharynx		[PROMOT note] Source for official translation: https://icd.who.int/browse/2026-01/icf/fr > Info > Fichier du tableur				Regurgitación y vómito	[PROMOT note] Source for official translation: https://icd.who.int/browse/2026-01/icf/es > Información > Archivo de hoja de cálculo											https://data.esante.gouv.fr/terminologies/icf#68771	[PROMOT note] The PROMOT ontology added a crossref to the LIRMM version of the ICF (CIF-ASIP 2020). It also added the official French and Spanish translation for labels.							
http://id.who.int/icd/entity/246722870	Structures around eye					Structures entourant l'œil		[PROMOT note] Source for official translation: https://icd.who.int/browse/2026-01/icf/fr > Info > Fichier du tableur				Estructuras periféricas oculares	[PROMOT note] Source for official translation: https://icd.who.int/browse/2026-01/icf/es > Información > Archivo de hoja de cálculo											https://data.esante.gouv.fr/terminologies/icf#52807	[PROMOT note] The PROMOT ontology added a crossref to the LIRMM version of the ICF (CIF-ASIP 2020). It also added the official French and Spanish translation for labels.							
http://id.who.int/icd/entity/248265067	Mobility of joint functions					Fonctions relatives à la mobilité des articulations		[PROMOT note] Source for official translation: https://icd.who.int/browse/2026-01/icf/fr > Info > Fichier du tableur				Funciones relacionadas con la movilidad articular	[PROMOT note] Source for official translation: https://icd.who.int/browse/2026-01/icf/es > Información > Archivo de hoja de cálculo											https://data.esante.gouv.fr/terminologies/icf#87098	[PROMOT note] The PROMOT ontology added a crossref to the LIRMM version of the ICF (CIF-ASIP 2020). It also added the official French and Spanish translation for labels.							
http://id.who.int/icd/entity/249425252	Structure of lower leg					Structure de la jambe		[PROMOT note] Source for official translation: https://icd.who.int/browse/2026-01/icf/fr > Info > Fichier du tableur				Estructura de la pierna	[PROMOT note] Source for official translation: https://icd.who.int/browse/2026-01/icf/es > Información > Archivo de hoja de cálculo											https://data.esante.gouv.fr/terminologies/icf#53270	[PROMOT note] The PROMOT ontology added a crossref to the LIRMM version of the ICF (CIF-ASIP 2020). It also added the official French and Spanish translation for labels.							
http://id.who.int/icd/entity/260756767	Tone of all muscles of the body					Tonus de tous les muscles du corps		[PROMOT note] Source for official translation: https://icd.who.int/browse/2026-01/icf/fr > Info > Fichier du tableur				Tono de todos los músculos del cuerpo	[PROMOT note] Source for official translation: https://icd.who.int/browse/2026-01/icf/es > Información > Archivo de hoja de cálculo											https://data.esante.gouv.fr/terminologies/icf#40861	[PROMOT note] The PROMOT ontology added a crossref to the LIRMM version of the ICF (CIF-ASIP 2020). It also added the official French and Spanish translation for labels.							
http://id.who.int/icd/entity/274570113	Muscle power functions					Fonctions relatives à la puissance musculaire		[PROMOT note] Source for official translation: https://icd.who.int/browse/2026-01/icf/fr > Info > Fichier du tableur				Funciones relacionadas con la fuerza muscular	[PROMOT note] Source for official translation: https://icd.who.int/browse/2026-01/icf/es > Información > Archivo de hoja de cálculo											https://data.esante.gouv.fr/terminologies/icf#35923	[PROMOT note] The PROMOT ontology added a crossref to the LIRMM version of the ICF (CIF-ASIP 2020). It also added the official French and Spanish translation for labels.							
http://id.who.int/icd/entity/278512890	Muscles of shoulder region					Muscles de la région des épaules		[PROMOT note] Source for official translation: https://icd.who.int/browse/2026-01/icf/fr > Info > Fichier du tableur				Músculos de la región del hombro	[PROMOT note] Source for official translation: https://icd.who.int/browse/2026-01/icf/es > Información > Archivo de hoja de cálculo											https://data.esante.gouv.fr/terminologies/icf#75122	[PROMOT note] The PROMOT ontology added a crossref to the LIRMM version of the ICF (CIF-ASIP 2020). It also added the official French and Spanish translation for labels.							
http://id.who.int/icd/entity/294830867	Muscles of forearm					Muscles de l'avant-bras		[PROMOT note] Source for official translation: https://icd.who.int/browse/2026-01/icf/fr > Info > Fichier du tableur				Músculos del antebrazo	[PROMOT note] Source for official translation: https://icd.who.int/browse/2026-01/icf/es > Información > Archivo de hoja de cálculo											https://data.esante.gouv.fr/terminologies/icf#44569	[PROMOT note] The PROMOT ontology added a crossref to the LIRMM version of the ICF (CIF-ASIP 2020). It also added the official French and Spanish translation for labels.							
http://id.who.int/icd/entity/299098423	Pain in head and neck					Douleur à la tête et au cou		[PROMOT note] Source for official translation: https://icd.who.int/browse/2026-01/icf/fr > Info > Fichier du tableur				Dolor en la cabeza y el cuello	[PROMOT note] Source for official translation: https://icd.who.int/browse/2026-01/icf/es > Información > Archivo de hoja de cálculo											https://data.esante.gouv.fr/terminologies/icf#55346	[PROMOT note] The PROMOT ontology added a crossref to the LIRMM version of the ICF (CIF-ASIP 2020). It also added the official French and Spanish translation for labels.							
http://id.who.int/icd/entity/326705068	Functions of the cardiovascular, haematological, immunological and respiratory systems					Fonctions des systèmes cardiovasculaire, hématopoïétique, immunitaire et respiratoire		[PROMOT note] Source for official translation: https://icd.who.int/browse/2026-01/icf/fr > Info > Fichier du tableur				Funciones de los sistemas cardiovascular, hematológico, inmunológico y respiratorio	[PROMOT note] Source for official translation: https://icd.who.int/browse/2026-01/icf/es > Información > Archivo de hoja de cálculo											https://data.esante.gouv.fr/terminologies/icf#44360	[PROMOT note] The PROMOT ontology added a crossref to the LIRMM version of the ICF (CIF-ASIP 2020). It also added the official French and Spanish translation for labels.							
http://id.who.int/icd/entity/338611549	Muscles of lower leg					Muscles de la jambe		[PROMOT note] Source for official translation: https://icd.who.int/browse/2026-01/icf/fr > Info > Fichier du tableur				Músculos de la pierna	[PROMOT note] Source for official translation: https://icd.who.int/browse/2026-01/icf/es > Información > Archivo de hoja de cálculo											https://data.esante.gouv.fr/terminologies/icf#93403	[PROMOT note] The PROMOT ontology added a crossref to the LIRMM version of the ICF (CIF-ASIP 2020). It also added the official French and Spanish translation for labels.							
http://id.who.int/icd/entity/341679012	Structure of vertebral column					Structure de la colonne vertébrale		[PROMOT note] Source for official translation: https://icd.who.int/browse/2026-01/icf/fr > Info > Fichier du tableur				Estructura de la columna vertebral	[PROMOT note] Source for official translation: https://icd.who.int/browse/2026-01/icf/es > Información > Archivo de hoja de cálculo											https://data.esante.gouv.fr/terminologies/icf#8685	[PROMOT note] The PROMOT ontology added a crossref to the LIRMM version of the ICF (CIF-ASIP 2020). It also added the official French and Spanish translation for labels.							
http://id.who.int/icd/entity/363211474	Ingestion functions					Fonctions d'ingestion		[PROMOT note] Source for official translation: https://icd.who.int/browse/2026-01/icf/fr > Info > Fichier du tableur				Funciones relacionadas con la ingestión	[PROMOT note] Source for official translation: https://icd.who.int/browse/2026-01/icf/es > Información > Archivo de hoja de cálculo											https://data.esante.gouv.fr/terminologies/icf#77063	[PROMOT note] The PROMOT ontology added a crossref to the LIRMM version of the ICF (CIF-ASIP 2020). It also added the official French and Spanish translation for labels.							
http://id.who.int/icd/entity/374222990	Structure of palate					Structure du palais		[PROMOT note] Source for official translation: https://icd.who.int/browse/2026-01/icf/fr > Info > Fichier du tableur				Estructura del paladar	[PROMOT note] Source for official translation: https://icd.who.int/browse/2026-01/icf/es > Información > Archivo de hoja de cálculo											https://data.esante.gouv.fr/terminologies/icf#86602	[PROMOT note] The PROMOT ontology added a crossref to the LIRMM version of the ICF (CIF-ASIP 2020). It also added the official French and Spanish translation for labels.							
http://id.who.int/icd/entity/388067588	Voice and speech functions					Fonctions de la voix et de la parole		[PROMOT note] Source for official translation: https://icd.who.int/browse/2026-01/icf/fr > Info > Fichier du tableur				Funciones de la voz y del habla	[PROMOT note] Source for official translation: https://icd.who.int/browse/2026-01/icf/es > Información > Archivo de hoja de cálculo											https://data.esante.gouv.fr/terminologies/icf#52433	[PROMOT note] The PROMOT ontology added a crossref to the LIRMM version of the ICF (CIF-ASIP 2020). It also added the official French and Spanish translation for labels.							
http://id.who.int/icd/entity/389047611	Muscle endurance functions					Fonctions relatives à l'endurance musculaire		[PROMOT note] Source for official translation: https://icd.who.int/browse/2026-01/icf/fr > Info > Fichier du tableur				Funciones relacionadas con la resistencia muscular	[PROMOT note] Source for official translation: https://icd.who.int/browse/2026-01/icf/es > Información > Archivo de hoja de cálculo											https://data.esante.gouv.fr/terminologies/icf#12261	[PROMOT note] The PROMOT ontology added a crossref to the LIRMM version of the ICF (CIF-ASIP 2020). It also added the official French and Spanish translation for labels.							
http://id.who.int/icd/entity/397303672	Structure of cardiovascular system					Structures du système cardio-vasculaire		[PROMOT note] Source for official translation: https://icd.who.int/browse/2026-01/icf/fr > Info > Fichier du tableur				Estructura del sistema cardiovascular	[PROMOT note] Source for official translation: https://icd.who.int/browse/2026-01/icf/es > Información > Archivo de hoja de cálculo											https://data.esante.gouv.fr/terminologies/icf#21148	[PROMOT note] The PROMOT ontology added a crossref to the LIRMM version of the ICF (CIF-ASIP 2020). It also added the official French and Spanish translation for labels.							
http://id.who.int/icd/entity/399242087	Recreation and leisure					Récréation et loisirs		[PROMOT note] Source for official translation: https://icd.who.int/browse/2026-01/icf/fr > Info > Fichier du tableur				Tiempo libre y ocio	[PROMOT note] Source for official translation: https://icd.who.int/browse/2026-01/icf/es > Información > Archivo de hoja de cálculo											https://data.esante.gouv.fr/terminologies/icf#49478	[PROMOT note] The PROMOT ontology added a crossref to the LIRMM version of the ICF (CIF-ASIP 2020). It also added the official French and Spanish translation for labels.							
http://id.who.int/icd/entity/405925948	External ocular muscles					Muscles oculomoteurs		[PROMOT note] Source for official translation: https://icd.who.int/browse/2026-01/icf/fr > Info > Fichier du tableur				Músculos oculares externos	[PROMOT note] Source for official translation: https://icd.who.int/browse/2026-01/icf/es > Información > Archivo de hoja de cálculo																			
http://id.who.int/icd/entity/409094401	Walking around obstacles					Contourner les obstacles		[PROMOT note] Source for official translation: https://icd.who.int/browse/2026-01/icf/fr > Info > Fichier du tableur				Andar sorteando obstáculos	[PROMOT note] Source for official translation: https://icd.who.int/browse/2026-01/icf/es > Información > Archivo de hoja de cálculo											https://data.esante.gouv.fr/terminologies/icf#48245	[PROMOT note] The PROMOT ontology added a crossref to the LIRMM version of the ICF (CIF-ASIP 2020). It also added the official French and Spanish translation for labels.							
http://id.who.int/icd/entity/412494151	Running					Courir		[PROMOT note] Source for official translation: https://icd.who.int/browse/2026-01/icf/fr > Info > Fichier du tableur				Correr	[PROMOT note] Source for official translation: https://icd.who.int/browse/2026-01/icf/es > Información > Archivo de hoja de cálculo											https://data.esante.gouv.fr/terminologies/icf#44139	[PROMOT note] The PROMOT ontology added a crossref to the LIRMM version of the ICF (CIF-ASIP 2020). It also added the official French and Spanish translation for labels.							
http://id.who.int/icd/entity/426292658	Structure of inner ear					Structure de l'oreille interne		[PROMOT note] Source for official translation: https://icd.who.int/browse/2026-01/icf/fr > Info > Fichier du tableur				Estructura del oído interno	[PROMOT note] Source for official translation: https://icd.who.int/browse/2026-01/icf/es > Información > Archivo de hoja de cálculo											https://data.esante.gouv.fr/terminologies/icf#84736	[PROMOT note] The PROMOT ontology added a crossref to the LIRMM version of the ICF (CIF-ASIP 2020). It also added the official French and Spanish translation for labels.							
http://id.who.int/icd/entity/435521956	Structure of thigh					Structure de la cuisse		[PROMOT note] Source for official translation: https://icd.who.int/browse/2026-01/icf/fr > Info > Fichier du tableur				Estructura del muslo	[PROMOT note] Source for official translation: https://icd.who.int/browse/2026-01/icf/es > Información > Archivo de hoja de cálculo											https://data.esante.gouv.fr/terminologies/icf#51431	[PROMOT note] The PROMOT ontology added a crossref to the LIRMM version of the ICF (CIF-ASIP 2020). It also added the official French and Spanish translation for labels.							
http://id.who.int/icd/entity/436620656	Structure of head and neck region					Structure de la région de la tête et du cou		[PROMOT note] Source for official translation: https://icd.who.int/browse/2026-01/icf/fr > Info > Fichier du tableur				Estructura de la cabeza y de la región del cuello	[PROMOT note] Source for official translation: https://icd.who.int/browse/2026-01/icf/es > Información > Archivo de hoja de cálculo											https://data.esante.gouv.fr/terminologies/icf#47440	[PROMOT note] The PROMOT ontology added a crossref to the LIRMM version of the ICF (CIF-ASIP 2020). It also added the official French and Spanish translation for labels.							
http://id.who.int/icd/entity/446199613	Respiration functions					Fonctions respiratoires		[PROMOT note] Source for official translation: https://icd.who.int/browse/2026-01/icf/fr > Info > Fichier du tableur				Funciones respiratorias	[PROMOT note] Source for official translation: https://icd.who.int/browse/2026-01/icf/es > Información > Archivo de hoja de cálculo											https://data.esante.gouv.fr/terminologies/icf#29060	[PROMOT note] The PROMOT ontology added a crossref to the LIRMM version of the ICF (CIF-ASIP 2020). It also added the official French and Spanish translation for labels.							
http://id.who.int/icd/entity/454325322	Pain in multiple body parts					Douleurs à localisations multiples		[PROMOT note] Source for official translation: https://icd.who.int/browse/2026-01/icf/fr > Info > Fichier du tableur				Dolor en múltiples partes del cuerpo	[PROMOT note] Source for official translation: https://icd.who.int/browse/2026-01/icf/es > Información > Archivo de hoja de cálculo											https://data.esante.gouv.fr/terminologies/icf#63562	[PROMOT note] The PROMOT ontology added a crossref to the LIRMM version of the ICF (CIF-ASIP 2020). It also added the official French and Spanish translation for labels.							
http://id.who.int/icd/entity/462923277	Joints					Articulations		[PROMOT note] Source for official translation: https://icd.who.int/browse/2026-01/icf/fr > Info > Fichier du tableur				Articulaciones	[PROMOT note] Source for official translation: https://icd.who.int/browse/2026-01/icf/es > Información > Archivo de hoja de cálculo											https://data.esante.gouv.fr/terminologies/icf#81505	[PROMOT note] The PROMOT ontology added a crossref to the LIRMM version of the ICF (CIF-ASIP 2020). It also added the official French and Spanish translation for labels.							
http://id.who.int/icd/entity/485719194	Maintaining a standing position					Rester debout		[PROMOT note] Source for official translation: https://icd.who.int/browse/2026-01/icf/fr > Info > Fichier du tableur				Permanecer de pie	[PROMOT note] Source for official translation: https://icd.who.int/browse/2026-01/icf/es > Información > Archivo de hoja de cálculo											https://data.esante.gouv.fr/terminologies/icf#40034	[PROMOT note] The PROMOT ontology added a crossref to the LIRMM version of the ICF (CIF-ASIP 2020). It also added the official French and Spanish translation for labels.							
http://id.who.int/icd/entity/49044301	Education					Éducation		[PROMOT note] Source for official translation: https://icd.who.int/browse/2026-01/icf/fr > Info > Fichier du tableur				Educación	[PROMOT note] Source for official translation: https://icd.who.int/browse/2026-01/icf/es > Información > Archivo de hoja de cálculo											https://data.esante.gouv.fr/terminologies/icf#4126	[PROMOT note] The PROMOT ontology added a crossref to the LIRMM version of the ICF (CIF-ASIP 2020). It also added the official French and Spanish translation for labels.							
http://id.who.int/icd/entity/495844982	Muscles of respiration					Muscles respiratoires		[PROMOT note] Source for official translation: https://icd.who.int/browse/2026-01/icf/fr > Info > Fichier du tableur				Músculos de la respiración	[PROMOT note] Source for official translation: https://icd.who.int/browse/2026-01/icf/es > Información > Archivo de hoja de cálculo											https://data.esante.gouv.fr/terminologies/icf#32623	[PROMOT note] The PROMOT ontology added a crossref to the LIRMM version of the ICF (CIF-ASIP 2020). It also added the official French and Spanish translation for labels.							
http://id.who.int/icd/entity/521411479	Structures of cardiovascular, immunological and respiratory systems					Structures des systèmes cardio-vasculaire, immunitaire et respiratoire		[PROMOT note] Source for official translation: https://icd.who.int/browse/2026-01/icf/fr > Info > Fichier du tableur				Capítulo 4 estructuras de los sistemas cardiovascular, inmunológico y respiratorio	[PROMOT note] Source for official translation: https://icd.who.int/browse/2026-01/icf/es > Información > Archivo de hoja de cálculo																			
http://id.who.int/icd/entity/524305529	Major life areas					Grands domaines de la vie		[PROMOT note] Source for official translation: https://icd.who.int/browse/2026-01/icf/fr > Info > Fichier du tableur				Áreas principales de la vida	[PROMOT note] Source for official translation: https://icd.who.int/browse/2026-01/icf/es > Información > Archivo de hoja de cálculo											https://data.esante.gouv.fr/terminologies/icf#41990	[PROMOT note] The PROMOT ontology added a crossref to the LIRMM version of the ICF (CIF-ASIP 2020). It also added the official French and Spanish translation for labels.							
http://id.who.int/icd/entity/539470158	Salivation					Saliver		[PROMOT note] Source for official translation: https://icd.who.int/browse/2026-01/icf/fr > Info > Fichier du tableur				Salivación	[PROMOT note] Source for official translation: https://icd.who.int/browse/2026-01/icf/es > Información > Archivo de hoja de cálculo											https://data.esante.gouv.fr/terminologies/icf#58004	[PROMOT note] The PROMOT ontology added a crossref to the LIRMM version of the ICF (CIF-ASIP 2020). It also added the official French and Spanish translation for labels.							
http://id.who.int/icd/entity/552193364	Functions related to metabolism and the endocrine system					Fonctions relatives au métabolisme et au système endocrinien		[PROMOT note] Source for official translation: https://icd.who.int/browse/2026-01/icf/fr > Info > Fichier du tableur				Funciones relacionadas con el metabolismo y el sistema endocrino	[PROMOT note] Source for official translation: https://icd.who.int/browse/2026-01/icf/es > Información > Archivo de hoja de cálculo											https://data.esante.gouv.fr/terminologies/icf#88472	[PROMOT note] The PROMOT ontology added a crossref to the LIRMM version of the ICF (CIF-ASIP 2020). It also added the official French and Spanish translation for labels.							
http://id.who.int/icd/entity/553784299	Drinking					Boire		[PROMOT note] Source for official translation: https://icd.who.int/browse/2026-01/icf/fr > Info > Fichier du tableur				Beber	[PROMOT note] Source for official translation: https://icd.who.int/browse/2026-01/icf/es > Información > Archivo de hoja de cálculo											https://data.esante.gouv.fr/terminologies/icf#64253	[PROMOT note] The PROMOT ontology added a crossref to the LIRMM version of the ICF (CIF-ASIP 2020). It also added the official French and Spanish translation for labels.							
http://id.who.int/icd/entity/555410497	Walking short distances					Marcher sur de courtes distances		[PROMOT note] Source for official translation: https://icd.who.int/browse/2026-01/icf/fr > Info > Fichier du tableur				Andar distancias cortas	[PROMOT note] Source for official translation: https://icd.who.int/browse/2026-01/icf/es > Información > Archivo de hoja de cálculo											https://data.esante.gouv.fr/terminologies/icf#27642	[PROMOT note] The PROMOT ontology added a crossref to the LIRMM version of the ICF (CIF-ASIP 2020). It also added the official French and Spanish translation for labels.							
http://id.who.int/icd/entity/556694745	Power of muscles of the trunk					Puissance des muscles du tronc		[PROMOT note] Source for official translation: https://icd.who.int/browse/2026-01/icf/fr > Info > Fichier du tableur				Fuerza de los músculos del tronco	[PROMOT note] Source for official translation: https://icd.who.int/browse/2026-01/icf/es > Información > Archivo de hoja de cálculo											https://data.esante.gouv.fr/terminologies/icf#99746	[PROMOT note] The PROMOT ontology added a crossref to the LIRMM version of the ICF (CIF-ASIP 2020). It also added the official French and Spanish translation for labels.							
http://id.who.int/icd/entity/567313968	Body functions					Fonctions organiques		[PROMOT note] Source for official translation: https://icd.who.int/browse/2026-01/icf/fr > Info > Fichier du tableur				Funciones corporales	[PROMOT note] Source for official translation: https://icd.who.int/browse/2026-01/icf/es > Información > Archivo de hoja de cálculo																			
http://id.who.int/icd/entity/576915490	Involuntary movement reaction functions					Fonctions relatives aux réactions motrices involontaires		[PROMOT note] Source for official translation: https://icd.who.int/browse/2026-01/icf/fr > Info > Fichier du tableur				Funciones relacionadas con los reflejos de movimiento involuntario	[PROMOT note] Source for official translation: https://icd.who.int/browse/2026-01/icf/es > Información > Archivo de hoja de cálculo											https://data.esante.gouv.fr/terminologies/icf#62957	[PROMOT note] The PROMOT ontology added a crossref to the LIRMM version of the ICF (CIF-ASIP 2020). It also added the official French and Spanish translation for labels.							
http://id.who.int/icd/entity/577558794	Pain in body part					Douleur dans une partie du corps		[PROMOT note] Source for official translation: https://icd.who.int/browse/2026-01/icf/fr > Info > Fichier du tableur				Dolor en una parte del cuerpo	[PROMOT note] Source for official translation: https://icd.who.int/browse/2026-01/icf/es > Información > Archivo de hoja de cálculo											https://data.esante.gouv.fr/terminologies/icf#14462	[PROMOT note] The PROMOT ontology added a crossref to the LIRMM version of the ICF (CIF-ASIP 2020). It also added the official French and Spanish translation for labels.							
http://id.who.int/icd/entity/58064740	Muscles of trunk					Muscles du tronc		[PROMOT note] Source for official translation: https://icd.who.int/browse/2026-01/icf/fr > Info > Fichier du tableur				Músculos del tronco	[PROMOT note] Source for official translation: https://icd.who.int/browse/2026-01/icf/es > Información > Archivo de hoja de cálculo											https://data.esante.gouv.fr/terminologies/icf#31001	[PROMOT note] The PROMOT ontology added a crossref to the LIRMM version of the ICF (CIF-ASIP 2020). It also added the official French and Spanish translation for labels.							
http://id.who.int/icd/entity/583874291	Managing diet and fitness					Surveiller son régime alimentaire et sa condition physique		[PROMOT note] Source for official translation: https://icd.who.int/browse/2026-01/icf/fr > Info > Fichier du tableur				Control de la dieta y la forma física	[PROMOT note] Source for official translation: https://icd.who.int/browse/2026-01/icf/es > Información > Archivo de hoja de cálculo											https://data.esante.gouv.fr/terminologies/icf#98494	[PROMOT note] The PROMOT ontology added a crossref to the LIRMM version of the ICF (CIF-ASIP 2020). It also added the official French and Spanish translation for labels.							
http://id.who.int/icd/entity/606087144	Structure of reproductive system					Structure de l'appareil reproducteur		[PROMOT note] Source for official translation: https://icd.who.int/browse/2026-01/icf/fr > Info > Fichier du tableur				Estructura del sistema reproductor	[PROMOT note] Source for official translation: https://icd.who.int/browse/2026-01/icf/es > Información > Archivo de hoja de cálculo											https://data.esante.gouv.fr/terminologies/icf#4629	[PROMOT note] The PROMOT ontology added a crossref to the LIRMM version of the ICF (CIF-ASIP 2020). It also added the official French and Spanish translation for labels.							
http://id.who.int/icd/entity/608795582	Bones of face					Os de la face		[PROMOT note] Source for official translation: https://icd.who.int/browse/2026-01/icf/fr > Info > Fichier du tableur				Huesos de la cara	[PROMOT note] Source for official translation: https://icd.who.int/browse/2026-01/icf/es > Información > Archivo de hoja de cálculo											https://data.esante.gouv.fr/terminologies/icf#69888	[PROMOT note] The PROMOT ontology added a crossref to the LIRMM version of the ICF (CIF-ASIP 2020). It also added the official French and Spanish translation for labels.							
http://id.who.int/icd/entity/621727843	Sensation of muscle spasm					Sensation de spasme musculaire		[PROMOT note] Source for official translation: https://icd.who.int/browse/2026-01/icf/fr > Info > Fichier du tableur				Sensación de espasmo muscular	[PROMOT note] Source for official translation: https://icd.who.int/browse/2026-01/icf/es > Información > Archivo de hoja de cálculo											https://data.esante.gouv.fr/terminologies/icf#43934	[PROMOT note] The PROMOT ontology added a crossref to the LIRMM version of the ICF (CIF-ASIP 2020). It also added the official French and Spanish translation for labels.							
http://id.who.int/icd/entity/623565657	Maintaining a sitting position					Rester assis		[PROMOT note] Source for official translation: https://icd.who.int/browse/2026-01/icf/fr > Info > Fichier du tableur				Permanecer sentado	[PROMOT note] Source for official translation: https://icd.who.int/browse/2026-01/icf/es > Información > Archivo de hoja de cálculo											https://data.esante.gouv.fr/terminologies/icf#1419	[PROMOT note] The PROMOT ontology added a crossref to the LIRMM version of the ICF (CIF-ASIP 2020). It also added the official French and Spanish translation for labels.							
http://id.who.int/icd/entity/627064928	Movement functions					Fonctions liées au mouvement		[PROMOT note] Source for official translation: https://icd.who.int/browse/2026-01/icf/fr > Info > Fichier du tableur				Funciones relacionadas con el movimiento	[PROMOT note] Source for official translation: https://icd.who.int/browse/2026-01/icf/es > Información > Archivo de hoja de cálculo											https://data.esante.gouv.fr/terminologies/icf#12627	[PROMOT note] The PROMOT ontology added a crossref to the LIRMM version of the ICF (CIF-ASIP 2020). It also added the official French and Spanish translation for labels.							
http://id.who.int/icd/entity/634949825	Structure of brain					Structure du cerveau		[PROMOT note] Source for official translation: https://icd.who.int/browse/2026-01/icf/fr > Info > Fichier du tableur				Estructura del cerebro	[PROMOT note] Source for official translation: https://icd.who.int/browse/2026-01/icf/es > Información > Archivo de hoja de cálculo											https://data.esante.gouv.fr/terminologies/icf#23804	[PROMOT note] The PROMOT ontology added a crossref to the LIRMM version of the ICF (CIF-ASIP 2020). It also added the official French and Spanish translation for labels.							
http://id.who.int/icd/entity/640373779	Structure of upper arm					Structure du bras		[PROMOT note] Source for official translation: https://icd.who.int/browse/2026-01/icf/fr > Info > Fichier du tableur				Estructura del brazo	[PROMOT note] Source for official translation: https://icd.who.int/browse/2026-01/icf/es > Información > Archivo de hoja de cálculo											https://data.esante.gouv.fr/terminologies/icf#87843	[PROMOT note] The PROMOT ontology added a crossref to the LIRMM version of the ICF (CIF-ASIP 2020). It also added the official French and Spanish translation for labels.							
http://id.who.int/icd/entity/644658903	Structures related to movement					Structures liées au mouvement		[PROMOT note] Source for official translation: https://icd.who.int/browse/2026-01/icf/fr > Info > Fichier du tableur				Capítulo 7 estructuras relacionadas con el movimiento	[PROMOT note] Source for official translation: https://icd.who.int/browse/2026-01/icf/es > Información > Archivo de hoja de cálculo											https://data.esante.gouv.fr/terminologies/icf#45167	[PROMOT note] The PROMOT ontology added a crossref to the LIRMM version of the ICF (CIF-ASIP 2020). It also added the official French and Spanish translation for labels.							
http://id.who.int/icd/entity/682314871	Pain in back					Douleur dans le dos		[PROMOT note] Source for official translation: https://icd.who.int/browse/2026-01/icf/fr > Info > Fichier du tableur				Dolor en la espalda	[PROMOT note] Source for official translation: https://icd.who.int/browse/2026-01/icf/es > Información > Archivo de hoja de cálculo											https://data.esante.gouv.fr/terminologies/icf#63075	[PROMOT note] The PROMOT ontology added a crossref to the LIRMM version of the ICF (CIF-ASIP 2020). It also added the official French and Spanish translation for labels.							
http://id.who.int/icd/entity/68679181	Vestibular labyrinth					Vestibule		[PROMOT note] Source for official translation: https://icd.who.int/browse/2026-01/icf/fr > Info > Fichier du tableur				Laberinto vestibular	[PROMOT note] Source for official translation: https://icd.who.int/browse/2026-01/icf/es > Información > Archivo de hoja de cálculo											https://data.esante.gouv.fr/terminologies/icf#83877	[PROMOT note] The PROMOT ontology added a crossref to the LIRMM version of the ICF (CIF-ASIP 2020). It also added the official French and Spanish translation for labels.							
http://id.who.int/icd/entity/691689627	Pharyngeal swallowing					Déglutition pharyngienne		[PROMOT note] Source for official translation: https://icd.who.int/browse/2026-01/icf/fr > Info > Fichier du tableur				Deglución faríngea	[PROMOT note] Source for official translation: https://icd.who.int/browse/2026-01/icf/es > Información > Archivo de hoja de cálculo											https://data.esante.gouv.fr/terminologies/icf#7404	[PROMOT note] The PROMOT ontology added a crossref to the LIRMM version of the ICF (CIF-ASIP 2020). It also added the official French and Spanish translation for labels.							
http://id.who.int/icd/entity/712447084	Moving around					Se déplacer		[PROMOT note] Source for official translation: https://icd.who.int/browse/2026-01/icf/fr > Info > Fichier du tableur				Desplazarse por el entorno	[PROMOT note] Source for official translation: https://icd.who.int/browse/2026-01/icf/es > Información > Archivo de hoja de cálculo											https://data.esante.gouv.fr/terminologies/icf#29521	[PROMOT note] The PROMOT ontology added a crossref to the LIRMM version of the ICF (CIF-ASIP 2020). It also added the official French and Spanish translation for labels.							
http://id.who.int/icd/entity/712570723	Voice functions					Fonctions de la voix		[PROMOT note] Source for official translation: https://icd.who.int/browse/2026-01/icf/fr > Info > Fichier du tableur				Funciones de la voz	[PROMOT note] Source for official translation: https://icd.who.int/browse/2026-01/icf/es > Información > Archivo de hoja de cálculo											https://data.esante.gouv.fr/terminologies/icf#19911	[PROMOT note] The PROMOT ontology added a crossref to the LIRMM version of the ICF (CIF-ASIP 2020). It also added the official French and Spanish translation for labels.							
http://id.who.int/icd/entity/719872561	Functions of the cardiovascular system					Fonctions du système cardiovasculaire		[PROMOT note] Source for official translation: https://icd.who.int/browse/2026-01/icf/fr > Info > Fichier du tableur				Funciones del sistema cardiovascular	[PROMOT note] Source for official translation: https://icd.who.int/browse/2026-01/icf/es > Información > Archivo de hoja de cálculo											https://data.esante.gouv.fr/terminologies/icf#56466	[PROMOT note] The PROMOT ontology added a crossref to the LIRMM version of the ICF (CIF-ASIP 2020). It also added the official French and Spanish translation for labels.							
http://id.who.int/icd/entity/723417607	Structure of trunk					Structure du tronc		[PROMOT note] Source for official translation: https://icd.who.int/browse/2026-01/icf/fr > Info > Fichier du tableur				Estructura del tronco	[PROMOT note] Source for official translation: https://icd.who.int/browse/2026-01/icf/es > Información > Archivo de hoja de cálculo											https://data.esante.gouv.fr/terminologies/icf#51931	[PROMOT note] The PROMOT ontology added a crossref to the LIRMM version of the ICF (CIF-ASIP 2020). It also added the official French and Spanish translation for labels.							
http://id.who.int/icd/entity/723665457	Energy and drive functions					Fonctions de l'énergie et des pulsions		[PROMOT note] Source for official translation: https://icd.who.int/browse/2026-01/icf/fr > Info > Fichier du tableur				Funciones de la energía y de los impulsos	[PROMOT note] Source for official translation: https://icd.who.int/browse/2026-01/icf/es > Información > Archivo de hoja de cálculo											https://data.esante.gouv.fr/terminologies/icf#11541	[PROMOT note] The PROMOT ontology added a crossref to the LIRMM version of the ICF (CIF-ASIP 2020). It also added the official French and Spanish translation for labels.							
http://id.who.int/icd/entity/73014515	Work and employment					Travail et emploi		[PROMOT note] Source for official translation: https://icd.who.int/browse/2026-01/icf/fr > Info > Fichier du tableur				Trabajo y empleo	[PROMOT note] Source for official translation: https://icd.who.int/browse/2026-01/icf/es > Información > Archivo de hoja de cálculo											https://data.esante.gouv.fr/terminologies/icf#40210	[PROMOT note] The PROMOT ontology added a crossref to the LIRMM version of the ICF (CIF-ASIP 2020). It also added the official French and Spanish translation for labels.							
http://id.who.int/icd/entity/735194884	Purposeful sensory experiences					Perceptions sensorielles intentionnelles		[PROMOT note] Source for official translation: https://icd.who.int/browse/2026-01/icf/fr > Info > Fichier du tableur				Experiencias sensoriales intencionadas	[PROMOT note] Source for official translation: https://icd.who.int/browse/2026-01/icf/es > Información > Archivo de hoja de cálculo											https://data.esante.gouv.fr/terminologies/icf#19185	[PROMOT note] The PROMOT ontology added a crossref to the LIRMM version of the ICF (CIF-ASIP 2020). It also added the official French and Spanish translation for labels.							
http://id.who.int/icd/entity/744367503	Functions of the respiratory system					Fonctions du système respiratoire		[PROMOT note] Source for official translation: https://icd.who.int/browse/2026-01/icf/fr > Info > Fichier du tableur				Funciones del sistema respiratorio	[PROMOT note] Source for official translation: https://icd.who.int/browse/2026-01/icf/es > Información > Archivo de hoja de cálculo											https://data.esante.gouv.fr/terminologies/icf#43461	[PROMOT note] The PROMOT ontology added a crossref to the LIRMM version of the ICF (CIF-ASIP 2020). It also added the official French and Spanish translation for labels.							
http://id.who.int/icd/entity/75971722	Reception of spoken language					Réception du langage parlé		[PROMOT note] Source for official translation: https://icd.who.int/browse/2026-01/icf/fr > Info > Fichier du tableur				Recepción de lenguaje oral	[PROMOT note] Source for official translation: https://icd.who.int/browse/2026-01/icf/es > Información > Archivo de hoja de cálculo											https://data.esante.gouv.fr/terminologies/icf#78049	[PROMOT note] The PROMOT ontology added a crossref to the LIRMM version of the ICF (CIF-ASIP 2020). It also added the official French and Spanish translation for labels.							
http://id.who.int/icd/entity/773343048	Additional functions and sensations of the cardiovascular and respiratory systems					Fonctions et sensations additionnelles des systèmes cardio-vasculaire et respiratoire		[PROMOT note] Source for official translation: https://icd.who.int/browse/2026-01/icf/fr > Info > Fichier du tableur				Funciones adicionales y sensaciones de los sistemas cardiovascular y respiratorio	[PROMOT note] Source for official translation: https://icd.who.int/browse/2026-01/icf/es > Información > Archivo de hoja de cálculo											https://data.esante.gouv.fr/terminologies/icf#11579	[PROMOT note] The PROMOT ontology added a crossref to the LIRMM version of the ICF (CIF-ASIP 2020). It also added the official French and Spanish translation for labels.							
http://id.who.int/icd/entity/793188683	Muscles of pelvic region					Muscles de la région pelvienne		[PROMOT note] Source for official translation: https://icd.who.int/browse/2026-01/icf/fr > Info > Fichier du tableur				Músculos de la región pélvica	[PROMOT note] Source for official translation: https://icd.who.int/browse/2026-01/icf/es > Información > Archivo de hoja de cálculo											https://data.esante.gouv.fr/terminologies/icf#40000	[PROMOT note] The PROMOT ontology added a crossref to the LIRMM version of the ICF (CIF-ASIP 2020). It also added the official French and Spanish translation for labels.							
http://id.who.int/icd/entity/822292691	Structure of forearm					Structure de l'avant-bras		[PROMOT note] Source for official translation: https://icd.who.int/browse/2026-01/icf/fr > Info > Fichier du tableur				Estructura del antebrazo	[PROMOT note] Source for official translation: https://icd.who.int/browse/2026-01/icf/es > Información > Archivo de hoja de cálculo											https://data.esante.gouv.fr/terminologies/icf#61956	[PROMOT note] The PROMOT ontology added a crossref to the LIRMM version of the ICF (CIF-ASIP 2020). It also added the official French and Spanish translation for labels.							
http://id.who.int/icd/entity/826593815	Structures related to the genitourinary and reproductive systems					Structures liées à l'appareil génito-urinaire		[PROMOT note] Source for official translation: https://icd.who.int/browse/2026-01/icf/fr > Info > Fichier du tableur				Capítulo 6 estructuras relacionadas con el sistema genitourinario y el sistema reproductor	[PROMOT note] Source for official translation: https://icd.who.int/browse/2026-01/icf/es > Información > Archivo de hoja de cálculo											https://data.esante.gouv.fr/terminologies/icf#30675	[PROMOT note] The PROMOT ontology added a crossref to the LIRMM version of the ICF (CIF-ASIP 2020). It also added the official French and Spanish translation for labels.							
http://id.who.int/icd/entity/829058183	Structure of respiratory system					Structure du système respiratoire		[PROMOT note] Source for official translation: https://icd.who.int/browse/2026-01/icf/fr > Info > Fichier du tableur				Estructura del sistema respiratorio	[PROMOT note] Source for official translation: https://icd.who.int/browse/2026-01/icf/es > Información > Archivo de hoja de cálculo											https://data.esante.gouv.fr/terminologies/icf#96637	[PROMOT note] The PROMOT ontology added a crossref to the LIRMM version of the ICF (CIF-ASIP 2020). It also added the official French and Spanish translation for labels.							
http://id.who.int/icd/entity/834607195	Heart					Cœur		[PROMOT note] Source for official translation: https://icd.who.int/browse/2026-01/icf/fr > Info > Fichier du tableur				Corazón	[PROMOT note] Source for official translation: https://icd.who.int/browse/2026-01/icf/es > Información > Archivo de hoja de cálculo											https://data.esante.gouv.fr/terminologies/icf#31079	[PROMOT note] The PROMOT ontology added a crossref to the LIRMM version of the ICF (CIF-ASIP 2020). It also added the official French and Spanish translation for labels.							
http://id.who.int/icd/entity/841397411	Sensation of muscle stiffness					Sensation de raideur musculaire		[PROMOT note] Source for official translation: https://icd.who.int/browse/2026-01/icf/fr > Info > Fichier du tableur				Sensación de rigidez muscular	[PROMOT note] Source for official translation: https://icd.who.int/browse/2026-01/icf/es > Información > Archivo de hoja de cálculo											https://data.esante.gouv.fr/terminologies/icf#94941	[PROMOT note] The PROMOT ontology added a crossref to the LIRMM version of the ICF (CIF-ASIP 2020). It also added the official French and Spanish translation for labels.							
http://id.who.int/icd/entity/848997900	Seeing functions					Fonctions visuelles		[PROMOT note] Source for official translation: https://icd.who.int/browse/2026-01/icf/fr > Info > Fichier du tableur				Funciones visuales	[PROMOT note] Source for official translation: https://icd.who.int/browse/2026-01/icf/es > Información > Archivo de hoja de cálculo											https://data.esante.gouv.fr/terminologies/icf#84252	[PROMOT note] The PROMOT ontology added a crossref to the LIRMM version of the ICF (CIF-ASIP 2020). It also added the official French and Spanish translation for labels.							
http://id.who.int/icd/entity/850289698	Functions of the digestive, metabolic and endocrine systems					Fonctions des systèmes digestif, métabolique et endocrinien		[PROMOT note] Source for official translation: https://icd.who.int/browse/2026-01/icf/fr > Info > Fichier du tableur				Funciones de los sistemas digestivo, metabólico y endocrino	[PROMOT note] Source for official translation: https://icd.who.int/browse/2026-01/icf/es > Información > Archivo de hoja de cálculo											https://data.esante.gouv.fr/terminologies/icf#27641	[PROMOT note] The PROMOT ontology added a crossref to the LIRMM version of the ICF (CIF-ASIP 2020). It also added the official French and Spanish translation for labels.							
http://id.who.int/icd/entity/855039967	Sitting					S'asseoir		[PROMOT note] Source for official translation: https://icd.who.int/browse/2026-01/icf/fr > Info > Fichier du tableur				Sentarse	[PROMOT note] Source for official translation: https://icd.who.int/browse/2026-01/icf/es > Información > Archivo de hoja de cálculo											https://data.esante.gouv.fr/terminologies/icf#51372	[PROMOT note] The PROMOT ontology added a crossref to the LIRMM version of the ICF (CIF-ASIP 2020). It also added the official French and Spanish translation for labels.							
http://id.who.int/icd/entity/859818654	Penis, testes and scrotum development					Développement du pénis, des testicules et du scrotum		[PROMOT note] Source for official translation: https://icd.who.int/browse/2026-01/icf/fr > Info > Fichier du tableur				Desarrollo del pene, los testículos y el escroto	[PROMOT note] Source for official translation: https://icd.who.int/browse/2026-01/icf/es > Información > Archivo de hoja de cálculo											https://data.esante.gouv.fr/terminologies/icf#11605	[PROMOT note] The PROMOT ontology added a crossref to the LIRMM version of the ICF (CIF-ASIP 2020). It also added the official French and Spanish translation for labels.							
http://id.who.int/icd/entity/862003070	Bones of cranium					Os du crâne		[PROMOT note] Source for official translation: https://icd.who.int/browse/2026-01/icf/fr > Info > Fichier du tableur				Huesos del cráneo	[PROMOT note] Source for official translation: https://icd.who.int/browse/2026-01/icf/es > Información > Archivo de hoja de cálculo											https://data.esante.gouv.fr/terminologies/icf#44558	[PROMOT note] The PROMOT ontology added a crossref to the LIRMM version of the ICF (CIF-ASIP 2020). It also added the official French and Spanish translation for labels.							
http://id.who.int/icd/entity/862066979	Weight maintenance functions					Fonctions de maintien du poids		[PROMOT note] Source for official translation: https://icd.who.int/browse/2026-01/icf/fr > Info > Fichier du tableur				Funciones relacionadas con el mantenimiento del peso	[PROMOT note] Source for official translation: https://icd.who.int/browse/2026-01/icf/es > Información > Archivo de hoja de cálculo											https://data.esante.gouv.fr/terminologies/icf#6603	[PROMOT note] The PROMOT ontology added a crossref to the LIRMM version of the ICF (CIF-ASIP 2020). It also added the official French and Spanish translation for labels.							
http://id.who.int/icd/entity/870135798	Lungs					Poumons		[PROMOT note] Source for official translation: https://icd.who.int/browse/2026-01/icf/fr > Info > Fichier du tableur				Pulmones	[PROMOT note] Source for official translation: https://icd.who.int/browse/2026-01/icf/es > Información > Archivo de hoja de cálculo											https://data.esante.gouv.fr/terminologies/icf#73471	[PROMOT note] The PROMOT ontology added a crossref to the LIRMM version of the ICF (CIF-ASIP 2020). It also added the official French and Spanish translation for labels.							
http://id.who.int/icd/entity/871682135	Preparing meals					Préparer les repas		[PROMOT note] Source for official translation: https://icd.who.int/browse/2026-01/icf/fr > Info > Fichier du tableur				Preparar comidas	[PROMOT note] Source for official translation: https://icd.who.int/browse/2026-01/icf/es > Información > Archivo de hoja de cálculo											https://data.esante.gouv.fr/terminologies/icf#31432	[PROMOT note] The PROMOT ontology added a crossref to the LIRMM version of the ICF (CIF-ASIP 2020). It also added the official French and Spanish translation for labels.							
http://id.who.int/icd/entity/882590883	Global mental functions					Fonctions mentales globales		[PROMOT note] Source for official translation: https://icd.who.int/browse/2026-01/icf/fr > Info > Fichier du tableur				Funciones mentales globales	[PROMOT note] Source for official translation: https://icd.who.int/browse/2026-01/icf/es > Información > Archivo de hoja de cálculo											https://data.esante.gouv.fr/terminologies/icf#87252	[PROMOT note] The PROMOT ontology added a crossref to the LIRMM version of the ICF (CIF-ASIP 2020). It also added the official French and Spanish translation for labels.							
http://id.who.int/icd/entity/890173921	Seeing and related functions					Fonctions visuelles et fonctions connexes		[PROMOT note] Source for official translation: https://icd.who.int/browse/2026-01/icf/fr > Info > Fichier du tableur				Visión y funciones relacionadas	[PROMOT note] Source for official translation: https://icd.who.int/browse/2026-01/icf/es > Información > Archivo de hoja de cálculo											https://data.esante.gouv.fr/terminologies/icf#35031	[PROMOT note] The PROMOT ontology added a crossref to the LIRMM version of the ICF (CIF-ASIP 2020). It also added the official French and Spanish translation for labels.							
http://id.who.int/icd/entity/893697482	Generalized pain					Douleur généralisée		[PROMOT note] Source for official translation: https://icd.who.int/browse/2026-01/icf/fr > Info > Fichier du tableur				Dolor generalizado	[PROMOT note] Source for official translation: https://icd.who.int/browse/2026-01/icf/es > Información > Archivo de hoja de cálculo											https://data.esante.gouv.fr/terminologies/icf#61232	[PROMOT note] The PROMOT ontology added a crossref to the LIRMM version of the ICF (CIF-ASIP 2020). It also added the official French and Spanish translation for labels.							
http://id.who.int/icd/entity/894218497	Sensation of pain					Sensation de douleur		[PROMOT note] Source for official translation: https://icd.who.int/browse/2026-01/icf/fr > Info > Fichier du tableur				Sensación de dolor	[PROMOT note] Source for official translation: https://icd.who.int/browse/2026-01/icf/es > Información > Archivo de hoja de cálculo											https://data.esante.gouv.fr/terminologies/icf#18070	[PROMOT note] The PROMOT ontology added a crossref to the LIRMM version of the ICF (CIF-ASIP 2020). It also added the official French and Spanish translation for labels.							
http://id.who.int/icd/entity/902262669	Extra-articular ligaments, fasciae, extramuscular aponeuroses, retinacula, septa, bursae, unspecified					Ligaments extra-articulaires, fascia, aponévrose extra-musculaire, retinaculum, cloisons, bourses séreuses, non précisés		[PROMOT note] Source for official translation: https://icd.who.int/browse/2026-01/icf/fr > Info > Fichier du tableur				Ligamentos extra-articulares, fascias, aponeurosis extramuscular, septums, bursas, no especificado	[PROMOT note] Source for official translation: https://icd.who.int/browse/2026-01/icf/es > Información > Archivo de hoja de cálculo											https://data.esante.gouv.fr/terminologies/icf#73782	[PROMOT note] The PROMOT ontology added a crossref to the LIRMM version of the ICF (CIF-ASIP 2020). It also added the official French and Spanish translation for labels.							
http://id.who.int/icd/entity/909196092	Communicating producing					Communiquer produire des messages		[PROMOT note] Source for official translation: https://icd.who.int/browse/2026-01/icf/fr > Info > Fichier du tableur				Comunicación producción	[PROMOT note] Source for official translation: https://icd.who.int/browse/2026-01/icf/es > Información > Archivo de hoja de cálculo																			
http://id.who.int/icd/entity/919003335	Crawling					Ramper		[PROMOT note] Source for official translation: https://icd.who.int/browse/2026-01/icf/fr > Info > Fichier du tableur				Arrastrarse	[PROMOT note] Source for official translation: https://icd.who.int/browse/2026-01/icf/es > Información > Archivo de hoja de cálculo											https://data.esante.gouv.fr/terminologies/icf#88080	[PROMOT note] The PROMOT ontology added a crossref to the LIRMM version of the ICF (CIF-ASIP 2020). It also added the official French and Spanish translation for labels.							
http://id.who.int/icd/entity/923782542	Swallowing					Déglutir		[PROMOT note] Source for official translation: https://icd.who.int/browse/2026-01/icf/fr > Info > Fichier du tableur				Tragar	[PROMOT note] Source for official translation: https://icd.who.int/browse/2026-01/icf/es > Información > Archivo de hoja de cálculo											https://data.esante.gouv.fr/terminologies/icf#85927	[PROMOT note] The PROMOT ontology added a crossref to the LIRMM version of the ICF (CIF-ASIP 2020). It also added the official French and Spanish translation for labels.							
http://id.who.int/icd/entity/925451085	Endocrine gland functions					Fonctions des glandes endocrines		[PROMOT note] Source for official translation: https://icd.who.int/browse/2026-01/icf/fr > Info > Fichier du tableur				Funciones de las glándulas endocrinas	[PROMOT note] Source for official translation: https://icd.who.int/browse/2026-01/icf/es > Información > Archivo de hoja de cálculo											https://data.esante.gouv.fr/terminologies/icf#95994	[PROMOT note] The PROMOT ontology added a crossref to the LIRMM version of the ICF (CIF-ASIP 2020). It also added the official French and Spanish translation for labels.							
http://id.who.int/icd/entity/933576740	Structure of ankle and foot					Structure de la cheville et pied		[PROMOT note] Source for official translation: https://icd.who.int/browse/2026-01/icf/fr > Info > Fichier du tableur				Estructura del tobillo y pie	[PROMOT note] Source for official translation: https://icd.who.int/browse/2026-01/icf/es > Información > Archivo de hoja de cálculo											https://data.esante.gouv.fr/terminologies/icf#35541	[PROMOT note] The PROMOT ontology added a crossref to the LIRMM version of the ICF (CIF-ASIP 2020). It also added the official French and Spanish translation for labels.							
http://id.who.int/icd/entity/982325691	Interpersonal interactions and relationships					Relations et interactions avec autrui		[PROMOT note] Source for official translation: https://icd.who.int/browse/2026-01/icf/fr > Info > Fichier du tableur				Interacciones y relaciones interpersonales	[PROMOT note] Source for official translation: https://icd.who.int/browse/2026-01/icf/es > Información > Archivo de hoja de cálculo											https://data.esante.gouv.fr/terminologies/icf#27038	[PROMOT note] The PROMOT ontology added a crossref to the LIRMM version of the ICF (CIF-ASIP 2020). It also added the official French and Spanish translation for labels.							
