ID	Label EN	Label EN annotation	Definition EN	Definition EN Source	Definition EN Comment	Commentaire	Commentaire	Commentaire	See Also	Term Editor	Commentaire	CrossRef	Change Note	Close match	Type	Parent Class	Equivalent Class	Domain	Range
ID	AL rdfs:label@en	>A rdfs:comment	AL IAO:0000115@en	>A IAO:0000119	>A rdfs:comment	A rdfs:comment	A rdfs:comment	A rdfs:comment	AI rdfs:seeAlso SPLIT=|	A IAO:0000117	A rdfs:comment SPLIT=|	A oboInOwl:hasDbXref SPLIT=|	AL skos:changeNote@en	A skos:closeMatch SPLIT=|	TYPE	SC % SPLIT=|	EC %	DOMAIN	RANGE
ECO:0006151	documented statement evidence					[PROMOT note] [Derived from RD-CDM] [6.2.9 Evidence]					[PROMOT note] [RD-CDM] Graefe, A.S.L., Hübner, M.R., Rehburg, F. et al. An ontology-based rare disease common data model harmonising international registries, FHIR, and Phenopackets. Sci Data 12, 234 (2025). https://doi.org/10.1038/s41597-025-04558-z		[PROMOT note] The PROMOT ontology added a comment to quote the CDMs used as a source for this entity. The original element is phenotypicfeature.evidence from GA4GH.		Class	IAO:0000030|(RO:0002614 some IAO:0000027)			
FMA:62955	Anatomical entity														Class	BFO:0000040			
HP:0000118	Phenotypic abnormality					[PROMOT note] [Derived from RD-CDM] [6.2.1 Phenotypic Feature]	[PROMOT note] [Derived from EURO-NMD NMD-CDE] 				[PROMOT note] [RD-CDM] Graefe, A.S.L., Hübner, M.R., Rehburg, F. et al. An ontology-based rare disease common data model harmonising international registries, FHIR, and Phenopackets. Sci Data 12, 234 (2025). https://doi.org/10.1038/s41597-025-04558-z|[PROMOT note] [EURO-NMD] Atalia A et al., EURO-NMD registry: federated FAIR infrastructure, innovative technologies and concepts of a patient-centred registry for rare neuromuscular disorders. Orphanet J Rare Dis. 2024 Feb 14;19(1):66. doi: 10.1186/s13023-024-03059-3. PMID: 38355534; PMCID: PMC10865673.	http://snomed.info/id/8116006	[PROMOT note] The PROMOT ontology added a comment to quote the CDM used as a source for this entity. A crossref to the orignal element has also been added.		Class	PROMOT:0032001|(RO:0000086 some PROMOT:0031007)|(RO:0000086 some HP:0012823)|(PROMOT:2000005 some SNOMED:128927009)			
HP:0012823	Clinical modifier					[PROMOT note] [Derived from RD-CDM] [6.2.1 Phenotypic Feature] 	[PROMOT note] [Derived from EURO-NMD NMD-CDE] 				[PROMOT note] [RD-CDM] Graefe, A.S.L., Hübner, M.R., Rehburg, F. et al. An ontology-based rare disease common data model harmonising international registries, FHIR, and Phenopackets. Sci Data 12, 234 (2025). https://doi.org/10.1038/s41597-025-04558-z|[PROMOT note] [EURO-NMD] Atalia A et al., EURO-NMD registry: federated FAIR infrastructure, innovative technologies and concepts of a patient-centred registry for rare neuromuscular disorders. Orphanet J Rare Dis. 2024 Feb 14;19(1):66. doi: 10.1186/s13023-024-03059-3. PMID: 38355534; PMCID: PMC10865673.		[PROMOT note] The PROMOT ontology added a comment to quote the CDM used as a source for this entity.		Class	BFO:0000019			
HP:0000005	Mode of inheritance						[PROMOT note] [Derived from EURO-NMD NMD-CDE] [gendia_inher]				[PROMOT note] [EURO-NMD] Atalia A et al., EURO-NMD registry: federated FAIR infrastructure, innovative technologies and concepts of a patient-centred registry for rare neuromuscular disorders. Orphanet J Rare Dis. 2024 Feb 14;19(1):66. doi: 10.1186/s13023-024-03059-3. PMID: 38355534; PMCID: PMC10865673.		[PROMOT note] The PROMOT ontology added a comment to quote the CDM used as a source for this entity.		Class	BFO:0000019			
HP:0000006	Autosomal dominant inheritance						[PROMOT note] [Derived from EURO-NMD NMD-CDE] [gendia_inher]				[PROMOT note] [EURO-NMD] Atalia A et al., EURO-NMD registry: federated FAIR infrastructure, innovative technologies and concepts of a patient-centred registry for rare neuromuscular disorders. Orphanet J Rare Dis. 2024 Feb 14;19(1):66. doi: 10.1186/s13023-024-03059-3. PMID: 38355534; PMCID: PMC10865673.		[PROMOT note] The PROMOT ontology added a comment to quote the CDM used as a source for this entity.		Class				
HP:0000007	Autosomal recessive inheritance						[PROMOT note] [Derived from EURO-NMD NMD-CDE] [gendia_inher]				[PROMOT note] [EURO-NMD] Atalia A et al., EURO-NMD registry: federated FAIR infrastructure, innovative technologies and concepts of a patient-centred registry for rare neuromuscular disorders. Orphanet J Rare Dis. 2024 Feb 14;19(1):66. doi: 10.1186/s13023-024-03059-3. PMID: 38355534; PMCID: PMC10865673.		[PROMOT note] The PROMOT ontology added a comment to quote the CDM used as a source for this entity.		Class				
HP:0003674	Onset					[PROMOT note] [Derived from RD-CDM] [6.2.5 Onset Category]	[PROMOT note] [Derived from EURO-NMD NMD-CDE] [age_at_onset]	[PROMOT note] [Derived from EU-CDE] [5.1. Age at onset]			[PROMOT note] [RD-CDM] Graefe, A.S.L., Hübner, M.R., Rehburg, F. et al. An ontology-based rare disease common data model harmonising international registries, FHIR, and Phenopackets. Sci Data 12, 234 (2025). https://doi.org/10.1038/s41597-025-04558-z|[PROMOT note] [EURO-NMD] Atalia A et al., EURO-NMD registry: federated FAIR infrastructure, innovative technologies and concepts of a patient-centred registry for rare neuromuscular disorders. Orphanet J Rare Dis. 2024 Feb 14;19(1):66. doi: 10.1186/s13023-024-03059-3. PMID: 38355534; PMCID: PMC10865673.|[PROMOT note] [EU-CDE] Set of Common Data Elements, EU RD Platform [Internet]. [cited 2026 Jun 17]. Available from: https://eu-rd-platform.jrc.ec.europa.eu/set-of-common-data-elements_en		[PROMOT note] The PROMOT ontology added a comment to quote the CDMs used as a source for this entity.		Class	HP:0012823|(RO:0000080 some HP:0000118)			
HP:0003577	Congenital onset 					[PROMOT note] [Derived from RD-CDM] [6.2.5 Onset Category]	[PROMOT note] [Derived from EURO-NMD NMD-CDE] [age_at_onset]	[PROMOT note] [Derived from EU-CDE] [5.1. Age at onset]			[PROMOT note] [RD-CDM] Graefe, A.S.L., Hübner, M.R., Rehburg, F. et al. An ontology-based rare disease common data model harmonising international registries, FHIR, and Phenopackets. Sci Data 12, 234 (2025). https://doi.org/10.1038/s41597-025-04558-z|[PROMOT note] [EURO-NMD] Atalia A et al., EURO-NMD registry: federated FAIR infrastructure, innovative technologies and concepts of a patient-centred registry for rare neuromuscular disorders. Orphanet J Rare Dis. 2024 Feb 14;19(1):66. doi: 10.1186/s13023-024-03059-3. PMID: 38355534; PMCID: PMC10865673.|[PROMOT note] [EU-CDE] Set of Common Data Elements, EU RD Platform [Internet]. [cited 2026 Jun 17]. Available from: https://eu-rd-platform.jrc.ec.europa.eu/set-of-common-data-elements_en		[PROMOT note] The PROMOT ontology added a comment to quote the CDMs used as a source for this entity.		Class				
HP:0003581	Adult onset 					[PROMOT note] [Derived from RD-CDM] [6.2.5 Onset Category] 	[PROMOT note] [Derived from EURO-NMD NMD-CDE] [age_at_onset]				[PROMOT note] [EURO-NMD] Atalia A et al., EURO-NMD registry: federated FAIR infrastructure, innovative technologies and concepts of a patient-centred registry for rare neuromuscular disorders. Orphanet J Rare Dis. 2024 Feb 14;19(1):66. doi: 10.1186/s13023-024-03059-3. PMID: 38355534; PMCID: PMC10865673.		[PROMOT note] The PROMOT ontology added a comment to quote the CDM used as a source for this entity.		Class				
HP:0003584	Late onset 					[PROMOT note] [Derived from RD-CDM] [6.2.5 Onset Category]					[PROMOT note] [RD-CDM] Graefe, A.S.L., Hübner, M.R., Rehburg, F. et al. An ontology-based rare disease common data model harmonising international registries, FHIR, and Phenopackets. Sci Data 12, 234 (2025). https://doi.org/10.1038/s41597-025-04558-z		[PROMOT note] The PROMOT ontology added a comment to quote the CDM used as a source for this entity.		Class				
HP:0003596	Middle age onset 					[PROMOT note] [Derived from RD-CDM] [6.2.5 Onset Category]					[PROMOT note] [RD-CDM] Graefe, A.S.L., Hübner, M.R., Rehburg, F. et al. An ontology-based rare disease common data model harmonising international registries, FHIR, and Phenopackets. Sci Data 12, 234 (2025). https://doi.org/10.1038/s41597-025-04558-z		[PROMOT note] The PROMOT ontology added a comment to quote the CDM used as a source for this entity.		Class				
HP:0011462	Young adult onset 					[PROMOT note] [Derived from RD-CDM] [6.2.5 Onset Category]					[PROMOT note] [RD-CDM] Graefe, A.S.L., Hübner, M.R., Rehburg, F. et al. An ontology-based rare disease common data model harmonising international registries, FHIR, and Phenopackets. Sci Data 12, 234 (2025). https://doi.org/10.1038/s41597-025-04558-z		[PROMOT note] The PROMOT ontology added a comment to quote the CDM used as a source for this entity.		Class				
HP:0003623	Neonatal onset 					[PROMOT note] [Derived from RD-CDM] [6.2.5 Onset Category]	[PROMOT note] [Derived from EURO-NMD NMD-CDE] [age_at_onset]				[PROMOT note] [RD-CDM] Graefe, A.S.L., Hübner, M.R., Rehburg, F. et al. An ontology-based rare disease common data model harmonising international registries, FHIR, and Phenopackets. Sci Data 12, 234 (2025). https://doi.org/10.1038/s41597-025-04558-z|[PROMOT note] [EURO-NMD] Atalia A et al., EURO-NMD registry: federated FAIR infrastructure, innovative technologies and concepts of a patient-centred registry for rare neuromuscular disorders. Orphanet J Rare Dis. 2024 Feb 14;19(1):66. doi: 10.1186/s13023-024-03059-3. PMID: 38355534; PMCID: PMC10865673.		[PROMOT note] The PROMOT ontology added a comment to quote the CDMs used as a source for this entity.		Class				
HP:0030674	Antenatal onset 						[PROMOT note] [Derived from EURO-NMD NMD-CDE] [age_at_onset]	[PROMOT note] [Derived from EU-CDE] [5.1. Age at onset]			[PROMOT note] [EURO-NMD] Atalia A et al., EURO-NMD registry: federated FAIR infrastructure, innovative technologies and concepts of a patient-centred registry for rare neuromuscular disorders. Orphanet J Rare Dis. 2024 Feb 14;19(1):66. doi: 10.1186/s13023-024-03059-3. PMID: 38355534; PMCID: PMC10865673.|[PROMOT note] [EU-CDE] Set of Common Data Elements, EU RD Platform [Internet]. [cited 2026 Jun 17]. Available from: https://eu-rd-platform.jrc.ec.europa.eu/set-of-common-data-elements_en		[PROMOT note] The PROMOT ontology added a comment to quote the CDM used as a source for this entity.		Class				
HP:0011460	Embryonal onset 					[PROMOT note] [Derived from RD-CDM] [6.2.5 Onset Category]					[PROMOT note] [RD-CDM] Graefe, A.S.L., Hübner, M.R., Rehburg, F. et al. An ontology-based rare disease common data model harmonising international registries, FHIR, and Phenopackets. Sci Data 12, 234 (2025). https://doi.org/10.1038/s41597-025-04558-z		[PROMOT note] The PROMOT ontology added a comment to quote the CDM used as a source for this entity.		Class				
HP:0011461	Fetal onset 					[PROMOT note] [Derived from RD-CDM] [6.2.5 Onset Category]					[PROMOT note] [RD-CDM] Graefe, A.S.L., Hübner, M.R., Rehburg, F. et al. An ontology-based rare disease common data model harmonising international registries, FHIR, and Phenopackets. Sci Data 12, 234 (2025). https://doi.org/10.1038/s41597-025-04558-z		[PROMOT note] The PROMOT ontology added a comment to quote the CDM used as a source for this entity.		Class				
HP:0410280	Pediatric onset 						[PROMOT note] [Derived from EURO-NMD NMD-CDE] [age_at_onset]				[PROMOT note] [EURO-NMD] Atalia A et al., EURO-NMD registry: federated FAIR infrastructure, innovative technologies and concepts of a patient-centred registry for rare neuromuscular disorders. Orphanet J Rare Dis. 2024 Feb 14;19(1):66. doi: 10.1186/s13023-024-03059-3. PMID: 38355534; PMCID: PMC10865673.		[PROMOT note] The PROMOT ontology added a comment to quote the CDM used as a source for this entity.		Class				
HP:0003593	Infantile onset 					[PROMOT note] [Derived from RD-CDM] [6.2.5 Onset Category]					[PROMOT note] [RD-CDM] Graefe, A.S.L., Hübner, M.R., Rehburg, F. et al. An ontology-based rare disease common data model harmonising international registries, FHIR, and Phenopackets. Sci Data 12, 234 (2025). https://doi.org/10.1038/s41597-025-04558-z		[PROMOT note] The PROMOT ontology added a comment to quote the CDM used as a source for this entity.		Class				
HP:0003621	Juvenile onset 					[PROMOT note] [Derived from RD-CDM] [6.2.5 Onset Category]					[PROMOT note] [RD-CDM] Graefe, A.S.L., Hübner, M.R., Rehburg, F. et al. An ontology-based rare disease common data model harmonising international registries, FHIR, and Phenopackets. Sci Data 12, 234 (2025). https://doi.org/10.1038/s41597-025-04558-z		[PROMOT note] The PROMOT ontology added a comment to quote the CDM used as a source for this entity.		Class				
HP:0011463	Childhood onset 					[PROMOT note] [Derived from RD-CDM] [6.2.5 Onset Category]					[PROMOT note] [RD-CDM] Graefe, A.S.L., Hübner, M.R., Rehburg, F. et al. An ontology-based rare disease common data model harmonising international registries, FHIR, and Phenopackets. Sci Data 12, 234 (2025). https://doi.org/10.1038/s41597-025-04558-z		[PROMOT note] The PROMOT ontology added a comment to quote the CDM used as a source for this entity.		Class				
HP:0011008	Temporal pattern					[PROMOT note] [Derived from RD-CDM] [6.2.6 Temporal pattern]					[PROMOT note] [RD-CDM] Graefe, A.S.L., Hübner, M.R., Rehburg, F. et al. An ontology-based rare disease common data model harmonising international registries, FHIR, and Phenopackets. Sci Data 12, 234 (2025). https://doi.org/10.1038/s41597-025-04558-z		[PROMOT note] The PROMOT ontology added a comment to quote the CDM used as a source for this entity.		Class	HP:0012823|(RO:0000080 some HP:0000118)			
HP:0031914	Fluctuating					[PROMOT note] [Derived from RD-CDM] [6.2.6 Temporal pattern]					[PROMOT note] [RD-CDM] Graefe, A.S.L., Hübner, M.R., Rehburg, F. et al. An ontology-based rare disease common data model harmonising international registries, FHIR, and Phenopackets. Sci Data 12, 234 (2025). https://doi.org/10.1038/s41597-025-04558-z		[PROMOT note] The PROMOT ontology added a comment to quote the CDM used as a source for this entity.		Class				
HP:0012824	Severity					[PROMOT note] [Derived from RD-CDM] [6.2.7 Severity]					[PROMOT note] [RD-CDM] Graefe, A.S.L., Hübner, M.R., Rehburg, F. et al. An ontology-based rare disease common data model harmonising international registries, FHIR, and Phenopackets. Sci Data 12, 234 (2025). https://doi.org/10.1038/s41597-025-04558-z		[PROMOT note] The PROMOT ontology added a comment to quote the CDM used as a source for this entity.		Class	HP:0012823|(RO:0000080 some HP:0000118)			
HP:0012825	Mild					[PROMOT note] [Derived from RD-CDM] [6.2.7 Severity]					[PROMOT note] [RD-CDM] Graefe, A.S.L., Hübner, M.R., Rehburg, F. et al. An ontology-based rare disease common data model harmonising international registries, FHIR, and Phenopackets. Sci Data 12, 234 (2025). https://doi.org/10.1038/s41597-025-04558-z		[PROMOT note] The PROMOT ontology added a comment to quote the CDM used as a source for this entity.		Class				
HP:0012826	Moderate					[PROMOT note] [Derived from RD-CDM] [6.2.7 Severity]					[PROMOT note] [RD-CDM] Graefe, A.S.L., Hübner, M.R., Rehburg, F. et al. An ontology-based rare disease common data model harmonising international registries, FHIR, and Phenopackets. Sci Data 12, 234 (2025). https://doi.org/10.1038/s41597-025-04558-z		[PROMOT note] The PROMOT ontology added a comment to quote the CDM used as a source for this entity.		Class				
HP:0012827	Borderline					[PROMOT note] [Derived from RD-CDM] [6.2.7 Severity]					[PROMOT note] [RD-CDM] Graefe, A.S.L., Hübner, M.R., Rehburg, F. et al. An ontology-based rare disease common data model harmonising international registries, FHIR, and Phenopackets. Sci Data 12, 234 (2025). https://doi.org/10.1038/s41597-025-04558-z		[PROMOT note] The PROMOT ontology added a comment to quote the CDM used as a source for this entity.		Class				
HP:0012828	Severe					[PROMOT note] [Derived from RD-CDM] [6.2.7 Severity]					[PROMOT note] [RD-CDM] Graefe, A.S.L., Hübner, M.R., Rehburg, F. et al. An ontology-based rare disease common data model harmonising international registries, FHIR, and Phenopackets. Sci Data 12, 234 (2025). https://doi.org/10.1038/s41597-025-04558-z		[PROMOT note] The PROMOT ontology added a comment to quote the CDM used as a source for this entity.		Class				
HP:0012829	Profound					[PROMOT note] [Derived from RD-CDM] [6.2.7 Severity]					[PROMOT note] [RD-CDM] Graefe, A.S.L., Hübner, M.R., Rehburg, F. et al. An ontology-based rare disease common data model harmonising international registries, FHIR, and Phenopackets. Sci Data 12, 234 (2025). https://doi.org/10.1038/s41597-025-04558-z		[PROMOT note] The PROMOT ontology added a comment to quote the CDM used as a source for this entity.		Class				
HP:0003679	Pace of progression					[PROMOT note] [Derived from RD-CDM] [6.2.7 Modifiers]					[PROMOT note] [RD-CDM] Graefe, A.S.L., Hübner, M.R., Rehburg, F. et al. An ontology-based rare disease common data model harmonising international registries, FHIR, and Phenopackets. Sci Data 12, 234 (2025). https://doi.org/10.1038/s41597-025-04558-z		[PROMOT note] The PROMOT ontology added a comment to quote the CDM used as a source for this entity.		Class	HP:0012823|(RO:0000080 some HP:0000118)			
HP:0032319	Health status					[PROMOT note] [Derived from RD-CDM] [6.3.13 Family Member Disease]					[PROMOT note] [RD-CDM] Graefe, A.S.L., Hübner, M.R., Rehburg, F. et al. An ontology-based rare disease common data model harmonising international registries, FHIR, and Phenopackets. Sci Data 12, 234 (2025). https://doi.org/10.1038/s41597-025-04558-z|EU-CDE	LOINC:75315-2	[PROMOT note] The PROMOT ontology added a comment to quote the CDM used as a source for this entity.		Class	BFO:0000019			
HP:0025820	Offspring of consanguineous relationship 					[PROMOT note] [Derived from RD-CDM] [6.3.4 Consanguinity]	[PROMOT note] [Derived from EURO-NMD NMD-CDE] [consanguinity]				[PROMOT note] [RD-CDM] Graefe, A.S.L., Hübner, M.R., Rehburg, F. et al. An ontology-based rare disease common data model harmonising international registries, FHIR, and Phenopackets. Sci Data 12, 234 (2025). https://doi.org/10.1038/s41597-025-04558-z|[PROMOT note] [EURO-NMD] Atalia A et al., EURO-NMD registry: federated FAIR infrastructure, innovative technologies and concepts of a patient-centred registry for rare neuromuscular disorders. Orphanet J Rare Dis. 2024 Feb 14;19(1):66. doi: 10.1186/s13023-024-03059-3. PMID: 38355534; PMCID: PMC10865673.	http://snomed.info/id/842009	[PROMOT note] The PROMOT ontology added a comment to quote the CDMs used as a source for this entity. A crossref to the orignal RD-CDM element has also been added.		Class	BFO:0000019|(RO:0000080 some NCIT:C16960)			
HP:0011420	Age of death					[PROMOT note] [Derived from RD-CDM] [6.3.12 Family Member Deceased Age]	[PROMOT note] [Derived from EURO-NMD NMD-CDE]				[PROMOT note] [RD-CDM] Graefe, A.S.L., Hübner, M.R., Rehburg, F. et al. An ontology-based rare disease common data model harmonising international registries, FHIR, and Phenopackets. Sci Data 12, 234 (2025). https://doi.org/10.1038/s41597-025-04558-z|[PROMOT note] [EURO-NMD] Atalia A et al., EURO-NMD registry: federated FAIR infrastructure, innovative technologies and concepts of a patient-centred registry for rare neuromuscular disorders. Orphanet J Rare Dis. 2024 Feb 14;19(1):66. doi: 10.1186/s13023-024-03059-3. PMID: 38355534; PMCID: PMC10865673.	LOINC:92662-6	[PROMOT note] The PROMOT ontology added a comment to quote the CDMs used as a source for this entity. A crossref to the orignal RD-CDM element has also been added.		Class	SNOMED:363787002			
HP:0002650	Scoliosis						[PROMOT note] [Present in EURO-NMD NMD-CDE] [has_scoliosis]				[PROMOT note] [EURO-NMD] Atalia A et al., EURO-NMD registry: federated FAIR infrastructure, innovative technologies and concepts of a patient-centred registry for rare neuromuscular disorders. Orphanet J Rare Dis. 2024 Feb 14;19(1):66. doi: 10.1186/s13023-024-03059-3. PMID: 38355534; PMCID: PMC10865673.		[PROMOT note] The PROMOT ontology added a comment to quote the CDM used as a source for this entity.		Class				
HP:0011968	Feeding difficulties						[PROMOT note] [Present in EURO-NMD NMD-CDE] [has_feeding_difficulties]				[PROMOT note] [EURO-NMD] Atalia A et al., EURO-NMD registry: federated FAIR infrastructure, innovative technologies and concepts of a patient-centred registry for rare neuromuscular disorders. Orphanet J Rare Dis. 2024 Feb 14;19(1):66. doi: 10.1186/s13023-024-03059-3. PMID: 38355534; PMCID: PMC10865673.		[PROMOT note] The PROMOT ontology added a comment to quote the CDM used as a source for this entity.		Class				
HP:0002015	Dysphagia						[PROMOT note] [Present in EURO-NMD NMD-CDE] [has_swallow_difficulties]				[PROMOT note] [EURO-NMD] Atalia A et al., EURO-NMD registry: federated FAIR infrastructure, innovative technologies and concepts of a patient-centred registry for rare neuromuscular disorders. Orphanet J Rare Dis. 2024 Feb 14;19(1):66. doi: 10.1186/s13023-024-03059-3. PMID: 38355534; PMCID: PMC10865673.		[PROMOT note] The PROMOT ontology added a comment to quote the CDM used as a source for this entity.		Class				
HP:0003690	Limb muscle weakness						[PROMOT note] [Present in EURO-NMD NMD-CDE] [has_limb_weakness]				[PROMOT note] [EURO-NMD] Atalia A et al., EURO-NMD registry: federated FAIR infrastructure, innovative technologies and concepts of a patient-centred registry for rare neuromuscular disorders. Orphanet J Rare Dis. 2024 Feb 14;19(1):66. doi: 10.1186/s13023-024-03059-3. PMID: 38355534; PMCID: PMC10865673.		[PROMOT note] The PROMOT ontology added a comment to quote the CDM used as a source for this entity.		Class				
HP:0000467	Neck muscle weakness						[PROMOT note] [Present in EURO-NMD NMD-CDE] [has_neck_weakness]				[PROMOT note] [EURO-NMD] Atalia A et al., EURO-NMD registry: federated FAIR infrastructure, innovative technologies and concepts of a patient-centred registry for rare neuromuscular disorders. Orphanet J Rare Dis. 2024 Feb 14;19(1):66. doi: 10.1186/s13023-024-03059-3. PMID: 38355534; PMCID: PMC10865673.		[PROMOT note] The PROMOT ontology added a comment to quote the CDM used as a source for this entity.		Class				
HP:0030319	Weakness of facial musculature						[PROMOT note] [Present in EURO-NMD NMD-CDE] [has_facial_weakness]				[PROMOT note] [EURO-NMD] Atalia A et al., EURO-NMD registry: federated FAIR infrastructure, innovative technologies and concepts of a patient-centred registry for rare neuromuscular disorders. Orphanet J Rare Dis. 2024 Feb 14;19(1):66. doi: 10.1186/s13023-024-03059-3. PMID: 38355534; PMCID: PMC10865673.		[PROMOT note] The PROMOT ontology added a comment to quote the CDM used as a source for this entity.		Class				
IAO:0000027	data entity					[PROMOT note] [Derived from RD-CDM] [6.3.2 Value]					[PROMOT note] [RD-CDM] Graefe, A.S.L., Hübner, M.R., Rehburg, F. et al. An ontology-based rare disease common data model harmonising international registries, FHIR, and Phenopackets. Sci Data 12, 234 (2025). https://doi.org/10.1038/s41597-025-04558-z	NCIT:C25712	[PROMOT note] The PROMOT ontology added a comment to quote the CDM used as a source for this entity. A crossref to the orignal RD-CDM element from NCIT has also been added.		Class				
IAO:0000030	information content entity														Class	BFO:0000031			
IAO:0020000	identifier					[PROMOT note] [Derived from RD-CDM] [1.1 Pseudonym]		[PROMOT note] [Derived from EU-CDE] [1.1. Pseudonym]			[PROMOT note] [RD-CDM] Graefe, A.S.L., Hübner, M.R., Rehburg, F. et al. An ontology-based rare disease common data model harmonising international registries, FHIR, and Phenopackets. Sci Data 12, 234 (2025). https://doi.org/10.1038/s41597-025-04558-z|[PROMOT note] [EU-CDE] Set of Common Data Elements, EU RD Platform [Internet]. [cited 2026 Jun 17]. Available from: https://eu-rd-platform.jrc.ec.europa.eu/set-of-common-data-elements_en	http://snomed.info/id/422549004	[PROMOT note] The PROMOT ontology added a comment to quote the CDM used as a source for this entity. A crossref to the orignal element has also been added.		Class	PROMOT:0010005			
ICF:567313968	Body functions														Class	BFO:0000034			
ICF:1626363729	Body structures					[PROMOT note] [Derived from RD-CDM] [5.7 Body Site]					[PROMOT note] [RD-CDM] Graefe, A.S.L., Hübner, M.R., Rehburg, F. et al. An ontology-based rare disease common data model harmonising international registries, FHIR, and Phenopackets. Sci Data 12, 234 (2025). https://doi.org/10.1038/s41597-025-04558-z	http://snomed.info/id/123037004	[PROMOT note] The PROMOT ontology added a comment to quote the CDM used as a source for this entity. A crossref to the orignal element has also been added.		Class	BFO:0000028|(RO:0000086 some ICF:437219407)|(RO:0002331 some ICF:567313968)			
ICF:437219407	Anatomical localization														Class	BFO:0000019|(RO:0000080 some FMA:62955)			
ICF:1436113794	Community, social and civic life														Class	PROMOT:0120002			
ICF:1535125568	Domestic life														Class	PROMOT:0120002			
ICF:1228414013	General tasks and demands														Class	PROMOT:0120002			
ICF:982325691	Interpersonal interactions and relationships														Class	PROMOT:0120002			
ICF:2011053685	Learning and applying knowledge														Class	PROMOT:0110001|PROMOT:0120002			
ICF:524305529	Major life areas														Class	PROMOT:0120002			
ICF:2048203604	Mobility														Class	PROMOT:0110001			
ICF:1828012543	Communication														Class	PROMOT:0110001|PROMOT:0120002			
ICF:1608009360	Self-care														Class	PROMOT:0120002			
ICF:1334556216	Walking and Moving														Class	PROMOT:0120002			
ICF:553784299	Drinking														Class	PROMOT:0110001			
ICF:1328675264	Eating														Class	PROMOT:0110001			
ICF:203515404	Pain (Body function)														Class				
ICF:1401748164	Hip joint (Body structure)														Class				
ICF:834607195	Heart (Body structure)														Class				
ORDO:377788	Disease					[PROMOT note] [Derived from RD-CDM] [5.1 Disease]	[PROMOT note] [Present in EURO-NMD NMD-CDE] [disease_group]	[PROMOT note] [Derived from EU-CDE] [6.1. Diagnosis of the rare disease]			[PROMOT note] [RD-CDM] Graefe, A.S.L., Hübner, M.R., Rehburg, F. et al. An ontology-based rare disease common data model harmonising international registries, FHIR, and Phenopackets. Sci Data 12, 234 (2025). https://doi.org/10.1038/s41597-025-04558-z|[PROMOT note] [EURO-NMD] Atalia A et al., EURO-NMD registry: federated FAIR infrastructure, innovative technologies and concepts of a patient-centred registry for rare neuromuscular disorders. Orphanet J Rare Dis. 2024 Feb 14;19(1):66. doi: 10.1186/s13023-024-03059-3. PMID: 38355534; PMCID: PMC10865673.|[PROMOT note] [EU-CDE] Set of Common Data Elements, EU RD Platform [Internet]. [cited 2026 Jun 17]. Available from: https://eu-rd-platform.jrc.ec.europa.eu/set-of-common-data-elements_en	http://snomed.info/id/64572001	[PROMOT note] The PROMOT ontology added a comment to quote the CDMs used as a source for this entity. A crossref to the orignal RD-CDM element has also been added.		Class	PROMOT:0032001|(RO:0004029 some HP:0000118)|(RO:0004003 some SO:0001060)|(RO:0000086 some HP:0000005)			
ORDO:97245	Congenital myopathy					[PROMOT note] [Derived from RD-CDM] [5.1 Disease]	[PROMOT note] [Present in EURO-NMD NMD-CDE] [disease_group]	[PROMOT note] [Derived from EU-CDE] [6.1. Diagnosis of the rare disease]			[PROMOT note] [RD-CDM] Graefe, A.S.L., Hübner, M.R., Rehburg, F. et al. An ontology-based rare disease common data model harmonising international registries, FHIR, and Phenopackets. Sci Data 12, 234 (2025). https://doi.org/10.1038/s41597-025-04558-z|[PROMOT note] [EURO-NMD] Atalia A et al., EURO-NMD registry: federated FAIR infrastructure, innovative technologies and concepts of a patient-centred registry for rare neuromuscular disorders. Orphanet J Rare Dis. 2024 Feb 14;19(1):66. doi: 10.1186/s13023-024-03059-3. PMID: 38355534; PMCID: PMC10865673.|[PROMOT note] [EU-CDE] Set of Common Data Elements, EU RD Platform [Internet]. [cited 2026 Jun 17]. Available from: https://eu-rd-platform.jrc.ec.europa.eu/set-of-common-data-elements_en		[PROMOT note] The PROMOT ontology added a comment to quote the CDMs used as a source for this entity.		Class	PROMOT:0032001|(RO:0004029 some HP:0000118)|(RO:0004003 some SO:0001060)|(RO:0000086 some HP:0000005)			
NCIT:C14250	organism														Class	BFO:0000040			
NCIT:C99800	Year of onset														Class	NCIT:C25164			
NCBITaxon:9606	Homo sapiens														Class	NCIT:C14250|(RO:0000086 some NCIT:C25717)			
RO:0000080	quality of														Object property				
RO:0000086	has quality														Object property				
RO:0002200	has phenotype														Object property				
RO:0002331	involved in														Object property				
RO:0002328	functionally related to														Object property				
RO:0004029	disease has feature														Object property				
RO:0004003	has material basis in germline mutation in														Object property				
RO:0002351	has member														Object property				
RO:0000091	has disposition														Object property				
RO:0001025	located in														Object property				
RO:0002614	is evidence with support from														Object property				
RO:0002234	has output														Object property				
RO:0004013	is causal germline mutation in														Object property			SO:0001060	
RO:0002350	member of														Object property				
SNOMED:298059007	Date of onset					[PROMOT note] [Derived from RD-CDM] [5.4 Date of Onset]	[PROMOT note] [Derived from EURO-NMD NMD-CDE] [date_for_age_at_onset]	[PROMOT note] [Derived from EU-CDE] [5.1. Age at onset]			[PROMOT note] [RD-CDM] Graefe, A.S.L., Hübner, M.R., Rehburg, F. et al. An ontology-based rare disease common data model harmonising international registries, FHIR, and Phenopackets. Sci Data 12, 234 (2025). https://doi.org/10.1038/s41597-025-04558-z|[PROMOT note] [EURO-NMD] Atalia A et al., EURO-NMD registry: federated FAIR infrastructure, innovative technologies and concepts of a patient-centred registry for rare neuromuscular disorders. Orphanet J Rare Dis. 2024 Feb 14;19(1):66. doi: 10.1186/s13023-024-03059-3. PMID: 38355534; PMCID: PMC10865673.|[PROMOT note] [EU-CDE] Set of Common Data Elements, EU RD Platform [Internet]. [cited 2026 Jun 17]. Available from: https://eu-rd-platform.jrc.ec.europa.eu/set-of-common-data-elements_en		[PROMOT note] The PROMOT ontology added a comment to quote the CDM used as a source for this entity.		Class	NCIT:C25164			
SNOMED:399753006	Date of death					[PROMOT note] [Derived from RD-CDM] [3.2 Time of Death]	[PROMOT note] [Derived from EURO-NMD NMD-CDE] [eodc_date_of_death]	[PROMOT note] [Derived from EU-CDE] [3.2. Date of death]			[PROMOT note] [RD-CDM] Graefe, A.S.L., Hübner, M.R., Rehburg, F. et al. An ontology-based rare disease common data model harmonising international registries, FHIR, and Phenopackets. Sci Data 12, 234 (2025). https://doi.org/10.1038/s41597-025-04558-z|[PROMOT note] [EURO-NMD] Atalia A et al., EURO-NMD registry: federated FAIR infrastructure, innovative technologies and concepts of a patient-centred registry for rare neuromuscular disorders. Orphanet J Rare Dis. 2024 Feb 14;19(1):66. doi: 10.1186/s13023-024-03059-3. PMID: 38355534; PMCID: PMC10865673.|[PROMOT note] [EU-CDE] Set of Common Data Elements, EU RD Platform [Internet]. [cited 2026 Jun 17]. Available from: https://eu-rd-platform.jrc.ec.europa.eu/set-of-common-data-elements_en	http://snomed.info/id/398299004	[PROMOT note] The PROMOT ontology added a comment to quote the CDMs used as a source for this entity. A crossref to the orignal RD-CDM element has also been added.		Class	NCIT:C25164			
SNOMED:184305005	Cause of death					[PROMOT note] [Derived from RD-CDM] [3.3 Cause of Death] & [6.3.11 Family Member Cause of Death]					[PROMOT note] [RD-CDM] Graefe, A.S.L., Hübner, M.R., Rehburg, F. et al. An ontology-based rare disease common data model harmonising international registries, FHIR, and Phenopackets. Sci Data 12, 234 (2025). https://doi.org/10.1038/s41597-025-04558-z	LOINC:54112-8	[PROMOT note] The PROMOT ontology added a comment to quote the CDM used as a source for this entity.		Class	PROMOT:0010006			
SNOMED:399423000	Date of admission					[PROMOT note] [Derived from RD-CDM] [1.2 Date of Admission]	[PROMOT note] [Derived from EURO-NMD NMD-CDE] [date_of_first_contact]	[PROMOT note] [Derived from EU-CDE] [4.1. First contact with specialised centre]			[PROMOT note] [RD-CDM] Graefe, A.S.L., Hübner, M.R., Rehburg, F. et al. An ontology-based rare disease common data model harmonising international registries, FHIR, and Phenopackets. Sci Data 12, 234 (2025). https://doi.org/10.1038/s41597-025-04558-z|[PROMOT note] [EURO-NMD] Atalia A et al., EURO-NMD registry: federated FAIR infrastructure, innovative technologies and concepts of a patient-centred registry for rare neuromuscular disorders. Orphanet J Rare Dis. 2024 Feb 14;19(1):66. doi: 10.1186/s13023-024-03059-3. PMID: 38355534; PMCID: PMC10865673.|[PROMOT note] [EU-CDE] Set of Common Data Elements, EU RD Platform [Internet]. [cited 2026 Jun 17]. Available from: https://eu-rd-platform.jrc.ec.europa.eu/set-of-common-data-elements_en		[PROMOT note] The PROMOT ontology added a comment to quote the CDMs used as a source for this entity.		Class	NCIT:C25164			
SNOMED:315354004	Country of Birth					[PROMOT note] [Derived from RD-CDM] [2.5 Country of Birth]					[PROMOT note] [RD-CDM] Graefe, A.S.L., Hübner, M.R., Rehburg, F. et al. An ontology-based rare disease common data model harmonising international registries, FHIR, and Phenopackets. Sci Data 12, 234 (2025). https://doi.org/10.1038/s41597-025-04558-z	http://snomed.info/id/370159000	[PROMOT note] The PROMOT ontology added a comment to quote the CDMs used as a source for this entity. A crossref to the orignal RD-CDM element has also been added.		Class	PROMOT:0010006			
SNOMED:424850005	Age at first symptom					[PROMOT note] [Derived from RD-CDM] [5.3 Age at Onset]	[PROMOT note] [Derived from EURO-NMD NMD-CDE] [age_at_onset]	[PROMOT note] [Derived from EU-CDE] [5.1. Age at onset]			[PROMOT note] [RD-CDM] Graefe, A.S.L., Hübner, M.R., Rehburg, F. et al. An ontology-based rare disease common data model harmonising international registries, FHIR, and Phenopackets. Sci Data 12, 234 (2025). https://doi.org/10.1038/s41597-025-04558-z|[PROMOT note] [EURO-NMD] Atalia A et al., EURO-NMD registry: federated FAIR infrastructure, innovative technologies and concepts of a patient-centred registry for rare neuromuscular disorders. Orphanet J Rare Dis. 2024 Feb 14;19(1):66. doi: 10.1186/s13023-024-03059-3. PMID: 38355534; PMCID: PMC10865673.|[PROMOT note] [EU-CDE] Set of Common Data Elements, EU RD Platform [Internet]. [cited 2026 Jun 17]. Available from: https://eu-rd-platform.jrc.ec.europa.eu/set-of-common-data-elements_en		[PROMOT note] The PROMOT ontology added a comment to quote the CDMs used as a source for this entity.		Class	NCIT:C25150			
SNOMED:423493009	Age at diagnosis					[PROMOT note] [Derived from RD-CDM] [5.5 Age at Diagnosis]	[PROMOT note] [Derived from EURO-NMD NMD-CDE] [age_at_diagnosis]	[PROMOT note] [Present in OPMD research clinical form]			[PROMOT note] [RD-CDM] Graefe, A.S.L., Hübner, M.R., Rehburg, F. et al. An ontology-based rare disease common data model harmonising international registries, FHIR, and Phenopackets. Sci Data 12, 234 (2025). https://doi.org/10.1038/s41597-025-04558-z|[PROMOT note] [EURO-NMD] Atalia A et al., EURO-NMD registry: federated FAIR infrastructure, innovative technologies and concepts of a patient-centred registry for rare neuromuscular disorders. Orphanet J Rare Dis. 2024 Feb 14;19(1):66. doi: 10.1186/s13023-024-03059-3. PMID: 38355534; PMCID: PMC10865673.		[PROMOT note] The PROMOT ontology added a comment to quote the CDMs used as a source for this entity.		Class	NCIT:C25150			
SNOMED:432213005	Date of diagnosis					[PROMOT note] [Derived from RD-CDM] [5.6 Date of Diagnosis]	[PROMOT note] [Derived from EURO-NMD NMD-CDE] [date_for_age_at_diagnosis]	[PROMOT note] [Derived from EU-CDE] [5.2. Age at diagnosis]			[PROMOT note] [RD-CDM] Graefe, A.S.L., Hübner, M.R., Rehburg, F. et al. An ontology-based rare disease common data model harmonising international registries, FHIR, and Phenopackets. Sci Data 12, 234 (2025). https://doi.org/10.1038/s41597-025-04558-z|[PROMOT note] [EURO-NMD] Atalia A et al., EURO-NMD registry: federated FAIR infrastructure, innovative technologies and concepts of a patient-centred registry for rare neuromuscular disorders. Orphanet J Rare Dis. 2024 Feb 14;19(1):66. doi: 10.1186/s13023-024-03059-3. PMID: 38355534; PMCID: PMC10865673.|[PROMOT note] [EU-CDE] Set of Common Data Elements, EU RD Platform [Internet]. [cited 2026 Jun 17]. Available from: https://eu-rd-platform.jrc.ec.europa.eu/set-of-common-data-elements_en		[PROMOT note] The PROMOT ontology added a comment to quote the CDM used as a source for this entity.		Class	NCIT:C25164			
SNOMED:406543005	Date of visit						[PROMOT note] [Derived from EURO-NMD NMD-CDE] [date_of_visit]	[PROMOT note] [Derived from EU-CDE] [5.2. Age at diagnosis]			[PROMOT note] [EURO-NMD] Atalia A et al., EURO-NMD registry: federated FAIR infrastructure, innovative technologies and concepts of a patient-centred registry for rare neuromuscular disorders. Orphanet J Rare Dis. 2024 Feb 14;19(1):66. doi: 10.1186/s13023-024-03059-3. PMID: 38355534; PMCID: PMC10865673.|[PROMOT note] [EU-CDE] Set of Common Data Elements, EU RD Platform [Internet]. [cited 2026 Jun 17]. Available from: https://eu-rd-platform.jrc.ec.europa.eu/set-of-common-data-elements_en		[PROMOT note] The PROMOT ontology added a comment to quote the CDM used as a source for this entity.		Class	NCIT:C25164			
SNOMED:224118004	NB of offspring						[PROMOT note] [Derived from EURO-NMD NMD-CDE] [number_of_child]				[PROMOT note] [EURO-NMD] Atalia A et al., EURO-NMD registry: federated FAIR infrastructure, innovative technologies and concepts of a patient-centred registry for rare neuromuscular disorders. Orphanet J Rare Dis. 2024 Feb 14;19(1):66. doi: 10.1186/s13023-024-03059-3. PMID: 38355534; PMCID: PMC10865673.		[PROMOT note] The PROMOT ontology added a comment to quote the CDM used as a source for this entity.		Class	PROMOT:0010005			
SNOMED:439272007	Date of procedure					[PROMOT note] [Derived from RD-CDM] [6.3.3 Time Observed]					[PROMOT note] [RD-CDM] Graefe, A.S.L., Hübner, M.R., Rehburg, F. et al. An ontology-based rare disease common data model harmonising international registries, FHIR, and Phenopackets. Sci Data 12, 234 (2025). https://doi.org/10.1038/s41597-025-04558-z	NCIT:C82577	[PROMOT note] The PROMOT ontology added a comment to quote the CDM used as a source for this entity. A crossref to the orignal RD-CDM element from NCIT has also been added.		Class	NCIT:C25164			
SNOMED:128927009	Procedure by method					[PROMOT note] [Derived from RD-CDM] [6.3.4 Procedure]					[PROMOT note] [RD-CDM] Graefe, A.S.L., Hübner, M.R., Rehburg, F. et al. An ontology-based rare disease common data model harmonising international registries, FHIR, and Phenopackets. Sci Data 12, 234 (2025). https://doi.org/10.1038/s41597-025-04558-z	NCIT:C60819|http://snomed.info/id/122869004	[PROMOT note] The PROMOT ontology added a comment to quote the CDM used as a source for this entity. A crossref to the orignal RD-CDM element from SNOMED has also been added.		Class	BFO:0000015|(PROMOT:2000002 some NCIT:C16960)|(RO:0002234 some IAO:0000027)			
SNOMED:84100007	History taking														Class	SNOMED:128927009			
SNOMED:5880005	Physical examination procedure														Class	SNOMED:128927009			
SNOMED:315306007	Examination by method														Class	SNOMED:128927009			
SNOMED:12894003	Functional assessment														Class	SNOMED:315306007			
SNOMED:840297006	Assessment of patient reported outcome measures														Class	SNOMED:315306007			
SNOMED:125679009	Blood relative					[PROMOT note] [Derived from RD-CDM] [6.3.5 Family Member Relationship]	[PROMOT note] [Derived from EURO-NMD NMD-CDE] [which_affected_family]				[PROMOT note] [RD-CDM] Graefe, A.S.L., Hübner, M.R., Rehburg, F. et al. An ontology-based rare disease common data model harmonising international registries, FHIR, and Phenopackets. Sci Data 12, 234 (2025). https://doi.org/10.1038/s41597-025-04558-z|[PROMOT note] [EURO-NMD] Atalia A et al., EURO-NMD registry: federated FAIR infrastructure, innovative technologies and concepts of a patient-centred registry for rare neuromuscular disorders. Orphanet J Rare Dis. 2024 Feb 14;19(1):66. doi: 10.1186/s13023-024-03059-3. PMID: 38355534; PMCID: PMC10865673.	http://snomed.info/id/444018008	[PROMOT note] The PROMOT ontology added a comment to quote the CDM used as a source for this entity. A crossref to the orignal RD-CDM element from SNOMED has also been added.		Class	NCBITaxon:9606|(PROMOT:2000007 some NCIT:C16960)|(RO:0000086 some HP:0032319)			
SNOMED:125678001	First degree blood relative														Class	SNOMED:125679009			
SNOMED:82101005	Natural sibling														Class	SNOMED:125678001			
SNOMED:60614009	Natural brother					[PROMOT note] [Derived from RD-CDM] [6.3.5 Family Member Relationship]	[PROMOT note] [Derived from EURO-NMD NMD-CDE] [which_affected_family]				[PROMOT note] [RD-CDM] Graefe, A.S.L., Hübner, M.R., Rehburg, F. et al. An ontology-based rare disease common data model harmonising international registries, FHIR, and Phenopackets. Sci Data 12, 234 (2025). https://doi.org/10.1038/s41597-025-04558-z|[PROMOT note] [EURO-NMD] Atalia A et al., EURO-NMD registry: federated FAIR infrastructure, innovative technologies and concepts of a patient-centred registry for rare neuromuscular disorders. Orphanet J Rare Dis. 2024 Feb 14;19(1):66. doi: 10.1186/s13023-024-03059-3. PMID: 38355534; PMCID: PMC10865673.		[PROMOT note] The PROMOT ontology added a comment to quote the CDMs used as a source for this entity.		Class	SNOMED:82101005			
SNOMED:73678001	Natural sister					[PROMOT note] [Derived from RD-CDM] [6.3.5 Family Member Relationship]	[PROMOT note] [Derived from EURO-NMD NMD-CDE] [which_affected_family]				[PROMOT note] [RD-CDM] Graefe, A.S.L., Hübner, M.R., Rehburg, F. et al. An ontology-based rare disease common data model harmonising international registries, FHIR, and Phenopackets. Sci Data 12, 234 (2025). https://doi.org/10.1038/s41597-025-04558-z|[PROMOT note] [EURO-NMD] Atalia A et al., EURO-NMD registry: federated FAIR infrastructure, innovative technologies and concepts of a patient-centred registry for rare neuromuscular disorders. Orphanet J Rare Dis. 2024 Feb 14;19(1):66. doi: 10.1186/s13023-024-03059-3. PMID: 38355534; PMCID: PMC10865673.		[PROMOT note] The PROMOT ontology added a comment to quote the CDMs used as a source for this entity.		Class	SNOMED:82101005			
SNOMED:13646006	Natural parent														Class	SNOMED:125678001			
SNOMED:65656005	Natural mother					[PROMOT note] [Derived from RD-CDM] [6.3.5 Family Member Relationship]	[PROMOT note] [Derived from EURO-NMD NMD-CDE] [which_affected_family]				[PROMOT note] [RD-CDM] Graefe, A.S.L., Hübner, M.R., Rehburg, F. et al. An ontology-based rare disease common data model harmonising international registries, FHIR, and Phenopackets. Sci Data 12, 234 (2025). https://doi.org/10.1038/s41597-025-04558-z|[PROMOT note] [EURO-NMD] Atalia A et al., EURO-NMD registry: federated FAIR infrastructure, innovative technologies and concepts of a patient-centred registry for rare neuromuscular disorders. Orphanet J Rare Dis. 2024 Feb 14;19(1):66. doi: 10.1186/s13023-024-03059-3. PMID: 38355534; PMCID: PMC10865673.		[PROMOT note] The PROMOT ontology added a comment to quote the CDMs used as a source for this entity.		Class	SNOMED:13646006			
SNOMED:9947008	Natural father					[PROMOT note] [Derived from RD-CDM] [6.3.5 Family Member Relationship] 	[PROMOT note] [Derived from EURO-NMD NMD-CDE] [which_affected_family]				[PROMOT note] [RD-CDM] Graefe, A.S.L., Hübner, M.R., Rehburg, F. et al. An ontology-based rare disease common data model harmonising international registries, FHIR, and Phenopackets. Sci Data 12, 234 (2025). https://doi.org/10.1038/s41597-025-04558-z|[PROMOT note] [EURO-NMD] Atalia A et al., EURO-NMD registry: federated FAIR infrastructure, innovative technologies and concepts of a patient-centred registry for rare neuromuscular disorders. Orphanet J Rare Dis. 2024 Feb 14;19(1):66. doi: 10.1186/s13023-024-03059-3. PMID: 38355534; PMCID: PMC10865673.		[PROMOT note] The PROMOT ontology added a comment to quote the CDMs used as a source for this entity.		Class	SNOMED:13646006			
SNOMED:75226009	Natural child														Class	SNOMED:125678001			
SNOMED:83420006	Natural daughter					[PROMOT note] [Derived from RD-CDM] [6.3.5 Family Member Relationship]	[PROMOT note] [Derived from EURO-NMD NMD-CDE] [which_affected_family]				[PROMOT note] [RD-CDM] Graefe, A.S.L., Hübner, M.R., Rehburg, F. et al. An ontology-based rare disease common data model harmonising international registries, FHIR, and Phenopackets. Sci Data 12, 234 (2025). https://doi.org/10.1038/s41597-025-04558-z|[PROMOT note] [EURO-NMD] Atalia A et al., EURO-NMD registry: federated FAIR infrastructure, innovative technologies and concepts of a patient-centred registry for rare neuromuscular disorders. Orphanet J Rare Dis. 2024 Feb 14;19(1):66. doi: 10.1186/s13023-024-03059-3. PMID: 38355534; PMCID: PMC10865673.		[PROMOT note] The PROMOT ontology added a comment to quote the CDMs used as a source for this entity.		Class	SNOMED:75226009			
SNOMED:113160008	Natural son					[PROMOT note] [Derived from RD-CDM] [6.3.5 Family Member Relationship]	[PROMOT note] [Derived from EURO-NMD NMD-CDE] [which_affected_family]				[PROMOT note] [RD-CDM] Graefe, A.S.L., Hübner, M.R., Rehburg, F. et al. An ontology-based rare disease common data model harmonising international registries, FHIR, and Phenopackets. Sci Data 12, 234 (2025). https://doi.org/10.1038/s41597-025-04558-z|[PROMOT note] [EURO-NMD] Atalia A et al., EURO-NMD registry: federated FAIR infrastructure, innovative technologies and concepts of a patient-centred registry for rare neuromuscular disorders. Orphanet J Rare Dis. 2024 Feb 14;19(1):66. doi: 10.1186/s13023-024-03059-3. PMID: 38355534; PMCID: PMC10865673.		[PROMOT note] The PROMOT ontology added a comment to quote the CDMs used as a source for this entity.		Class	SNOMED:75226009			
SNOMED:78272007	Natural grandparent														Class	SNOMED:125679009			
SNOMED:62296006	Natural grandfather					[PROMOT note] [Derived from RD-CDM] [6.3.5 Family Member Relationship] 	[PROMOT note] [Derived from EURO-NMD NMD-CDE] [which_affected_family]				[PROMOT note] [RD-CDM] Graefe, A.S.L., Hübner, M.R., Rehburg, F. et al. An ontology-based rare disease common data model harmonising international registries, FHIR, and Phenopackets. Sci Data 12, 234 (2025). https://doi.org/10.1038/s41597-025-04558-z|[PROMOT note] [EURO-NMD] Atalia A et al., EURO-NMD registry: federated FAIR infrastructure, innovative technologies and concepts of a patient-centred registry for rare neuromuscular disorders. Orphanet J Rare Dis. 2024 Feb 14;19(1):66. doi: 10.1186/s13023-024-03059-3. PMID: 38355534; PMCID: PMC10865673.		[PROMOT note] The PROMOT ontology added a comment to quote the CDMs used as a source for this entity.		Class	SNOMED:78272007			
SNOMED:17945006	Natural grandmother					[PROMOT note] [Derived from RD-CDM] [6.3.5 Family Member Relationship] 	[PROMOT note] [Derived from EURO-NMD NMD-CDE] [which_affected_family]				[PROMOT note] [RD-CDM] Graefe, A.S.L., Hübner, M.R., Rehburg, F. et al. An ontology-based rare disease common data model harmonising international registries, FHIR, and Phenopackets. Sci Data 12, 234 (2025). https://doi.org/10.1038/s41597-025-04558-z|[PROMOT note] [EURO-NMD] Atalia A et al., EURO-NMD registry: federated FAIR infrastructure, innovative technologies and concepts of a patient-centred registry for rare neuromuscular disorders. Orphanet J Rare Dis. 2024 Feb 14;19(1):66. doi: 10.1186/s13023-024-03059-3. PMID: 38355534; PMCID: PMC10865673.		[PROMOT note] The PROMOT ontology added a comment to quote the CDMs used as a source for this entity.		Class	SNOMED:78272007			
SNOMED:21093007	Half sibling														Class	SNOMED:125679009			
SNOMED:45929001	Half-brother					[PROMOT note] [Derived from RD-CDM] [6.3.5 Family Member Relationship]					[PROMOT note] [RD-CDM] Graefe, A.S.L., Hübner, M.R., Rehburg, F. et al. An ontology-based rare disease common data model harmonising international registries, FHIR, and Phenopackets. Sci Data 12, 234 (2025). https://doi.org/10.1038/s41597-025-04558-z		[PROMOT note] The PROMOT ontology added a comment to quote the CDM used as a source for this entity.		Class	SNOMED:21093007			
SNOMED:2272004	Half-sister					[PROMOT note] [Derived from RD-CDM] [6.3.5 Family Member Relationship]					[PROMOT note] [RD-CDM] Graefe, A.S.L., Hübner, M.R., Rehburg, F. et al. An ontology-based rare disease common data model harmonising international registries, FHIR, and Phenopackets. Sci Data 12, 234 (2025). https://doi.org/10.1038/s41597-025-04558-z		[PROMOT note] The PROMOT ontology added a comment to quote the CDM used as a source for this entity.		Class	SNOMED:21093007			
SNOMED:11286003	Twin sibling					[PROMOT note] [Derived from RD-CDM] [6.3.5 Family Member Relationship]					[PROMOT note] [RD-CDM] Graefe, A.S.L., Hübner, M.R., Rehburg, F. et al. An ontology-based rare disease common data model harmonising international registries, FHIR, and Phenopackets. Sci Data 12, 234 (2025). https://doi.org/10.1038/s41597-025-04558-z		[PROMOT note] The PROMOT ontology added a comment to quote the CDM used as a source for this entity.		Class				
SNOMED:363787002	Observable entity														Class	IAO:0000030			
SNOMED:364940007	Handedness finding							[PROMOT note] [Present in OPMD research clinical form]							Class	IAO:0000030			
SNOMED:23088002	Ambidextrous							[PROMOT note] [Present in OPMD research clinical form]							Class	SNOMED:364940007			
SNOMED:87683000	Left handed							[PROMOT note] [Present in OPMD research clinical form]							Class	SNOMED:364940007			
SNOMED:46669005	Right handed							[PROMOT note] [Present in OPMD research clinical form]							Class	SNOMED:364940007			
SNOMED:125680007	Marital status							[PROMOT note] [Present in OPMD research clinical form]							Class	SNOMED:302147001|PROMOT:0010006			
SNOMED:248326004	Body measure														Class	PROMOT:0010003			
SNOMED:60621009	Body mass index							[PROMOT note] [Present in OPMD research clinical form]							Class	SNOMED:248326004			
SNOMED:1153637007	Body height						[PROMOT note] [Derived from EURO-NMD NMD-CDE] [body_height_cm]	[PROMOT note] [Present in OPMD research clinical form]			[PROMOT note] [EURO-NMD] Atalia A et al., EURO-NMD registry: federated FAIR infrastructure, innovative technologies and concepts of a patient-centred registry for rare neuromuscular disorders. Orphanet J Rare Dis. 2024 Feb 14;19(1):66. doi: 10.1186/s13023-024-03059-3. PMID: 38355534; PMCID: PMC10865673.		[PROMOT note] The PROMOT ontology added a comment to quote the CDM used as a source for this entity.		Class	SNOMED:248326004			
SNOMED:27113001	Body weight						[PROMOT note] [Derived from EURO-NMD NMD-CDE] [body_weight_kg]				[PROMOT note] [EURO-NMD] Atalia A et al., EURO-NMD registry: federated FAIR infrastructure, innovative technologies and concepts of a patient-centred registry for rare neuromuscular disorders. Orphanet J Rare Dis. 2024 Feb 14;19(1):66. doi: 10.1186/s13023-024-03059-3. PMID: 38355534; PMCID: PMC10865673.		[PROMOT note] The PROMOT ontology added a comment to quote the CDM used as a source for this entity.		Class	SNOMED:248326004			
SNOMED:398192003	Co-morbid conditions						[PROMOT note] [Derived from EURO-NMD NMD-CDE] [diagnosis_rd_2_orpha]				[PROMOT note] [EURO-NMD] Atalia A et al., EURO-NMD registry: federated FAIR infrastructure, innovative technologies and concepts of a patient-centred registry for rare neuromuscular disorders. Orphanet J Rare Dis. 2024 Feb 14;19(1):66. doi: 10.1186/s13023-024-03059-3. PMID: 38355534; PMCID: PMC10865673.		[PROMOT note] The PROMOT ontology added a comment to quote the CDM used as a source for this entity.		Class	IAO:0000030|PROMOT:0010006			
SNOMED:184099003	Date of Birth					[PROMOT note] [Derived from RD-CDM] [2.1 Date of birth] & [6.3.9 Family Member Date of Birth]	[PROMOT note] [Derived from EURO-NMD NMD-CDE] [date_of_birth]	[PROMOT note] [Derived from EU-CDE] [2.1. Date of birth]			[PROMOT note] [RD-CDM] Graefe, A.S.L., Hübner, M.R., Rehburg, F. et al. An ontology-based rare disease common data model harmonising international registries, FHIR, and Phenopackets. Sci Data 12, 234 (2025). https://doi.org/10.1038/s41597-025-04558-z|[PROMOT note] [EURO-NMD] Atalia A et al., EURO-NMD registry: federated FAIR infrastructure, innovative technologies and concepts of a patient-centred registry for rare neuromuscular disorders. Orphanet J Rare Dis. 2024 Feb 14;19(1):66. doi: 10.1186/s13023-024-03059-3. PMID: 38355534; PMCID: PMC10865673.|[PROMOT note] [EU-CDE] Set of Common Data Elements, EU RD Platform [Internet]. [cited 2026 Jun 17]. Available from: https://eu-rd-platform.jrc.ec.europa.eu/set-of-common-data-elements_en	LOINC:54124-3	[PROMOT note] The PROMOT ontology added a comment to quote the CDMs used as a source for this entity. A crossref to the orignal RD-CDM element from SNOMED and LOINC has also been added.		Class	SNOMED:302147001			
SNOMED:360296002	Assitive equipment														Class	BFO:0000030|(PROMOT:2000008 some NCIT:C16960)			
SNOMED:224899006	Walking aid					[PROMOT note] related impairment: Gait disturbance HP:0001288	[PROMOT note] [Derived from EURO-NMD NMD-CDE] [ambulatory_status]				[PROMOT note] [EURO-NMD] Atalia A et al., EURO-NMD registry: federated FAIR infrastructure, innovative technologies and concepts of a patient-centred registry for rare neuromuscular disorders. Orphanet J Rare Dis. 2024 Feb 14;19(1):66. doi: 10.1186/s13023-024-03059-3. PMID: 38355534; PMCID: PMC10865673.		[PROMOT note] The PROMOT ontology added a comment to quote the CDM used as a source for this entity.		Class	SNOMED:360296002			
SNOMED:58938008	Wheelchair						[PROMOT note] [Derived from EURO-NMD NMD-CDE] [ambulatory_status]				[PROMOT note] [EURO-NMD] Atalia A et al., EURO-NMD registry: federated FAIR infrastructure, innovative technologies and concepts of a patient-centred registry for rare neuromuscular disorders. Orphanet J Rare Dis. 2024 Feb 14;19(1):66. doi: 10.1186/s13023-024-03059-3. PMID: 38355534; PMCID: PMC10865673.		[PROMOT note] The PROMOT ontology added a comment to quote the CDM used as a source for this entity.		Class	SNOMED:360296002			
SNOMED:87405001	Cane														Class	SNOMED:224899006			
SNOMED:266731002	Walking frame														Class	SNOMED:224899006			
SNOMED:257192006	Aid to vision														Class	BFO:0000030|(PROMOT:2000008 some NCIT:C16960)			
SNOMED:50121007	Eye glasses														Class	SNOMED:257192006			
SNOMED:420480000	Ptosis crutch														Class	SNOMED:257192006			
SNOMED:184104002	Patient occupation							[PROMOT note] [Present in OPMD research clinical form]							Class	PROMOT:0010006			
SNOMED:224288002	Duration of formal education							[PROMOT note] [Present in OPMD research clinical form]							Class	PROMOT:0010004			
PROMOT:1000001	found in		An annotation property that indicates the source that supports the need to integrate the class in the ontology.							https://orcid.org/0009-0000-5160-7927					Annotation property				xsd:string
PROMOT:2000001	affects		A relation between two entity where the first entity affects the state of the second entity.							https://orcid.org/0009-0000-5160-7927		BIOLINK:affects|SIO:001158			Object property			HP:0000118	
PROMOT:2000002	assesses		A relation between an evaluation procedure and the entity assessed by the procedure that could be a patient or a phenotype. The evaluation procedure could be, for instance, a performance test, a patient reported questionnaire or a scale (non restrictive).							https://orcid.org/0009-0000-5160-7927					Object property			SNOMED:128927009	
PROMOT:2000003	has genetic mutation		A relation between an organism and a specific gene mutation that exists in the genome of that organism.							https://orcid.org/0009-0000-5160-7927		VO:0001039			Object property			NCIT:C14250	SO:0001060
PROMOT:2000004	has identifier		A relation between an entity and its identifier where the identifier allows to indentify the first entity.							https://orcid.org/0009-0000-5160-7927					Object property				IAO:0020000
PROMOT:2000005	is assessed by		A relation between an entity and the evaluation procedure that assesses the entity.												Object property				
PROMOT:2000006	is measured by		A relation between an entity and the evaluation procedure that measures the entity.												Object property				
PROMOT:2000007	is related to		A relation between two organisms where the two organisms share a biological bond. 							https://orcid.org/0009-0000-5160-7927		SIO:000709			Object property				
PROMOT:2000008	is used by		A relation between an assistive device and a patient, where the patient uses the device in order to accomplish something, such as a task or an activity (e.g. moving, reading).							https://orcid.org/0009-0000-5160-7927					Object property				NCIT:C16960
PROMOT:2000009	measures		A relation between an evaluation procedure and the entity measured by the procedure, such as a structure, a function, an activity or a participation.							https://orcid.org/0009-0000-5160-7927		SCDO:1000194			Object property			SNOMED:128927009	
PROMOT:3000001	has age for value		A data property to link an entity to the datype int to describe an age.							https://orcid.org/0009-0000-5160-7927					Data property			PROMOT:0010001	xsd:int
PROMOT:3000002	has date for value		A data property to link an entity to the datype date to describe a date with the format YYYY-MM-DD.							https://orcid.org/0009-0000-5160-7927					Data property			NCIT:C25164	xsd:date
PROMOT:3000003	has decimal for value		A data property to link an entity to the datype decimal.							https://orcid.org/0009-0000-5160-7927					Data property			PROMOT:0010003	xsd:decimal
PROMOT:3000004	has duration for value		A data property to link an entity to the datype duration.							https://orcid.org/0009-0000-5160-7927					Data property			PROMOT:0010004	xsd:duration
PROMOT:3000005	has int for value		A data property to link an entity to the datype int.							https://orcid.org/0009-0000-5160-7927					Data property			PROMOT:0010005	xsd:int
PROMOT:3000006	has token for value		A data property to link an entity to the datype token.							https://orcid.org/0009-0000-5160-7927					Data property			PROMOT:0010006	xsd:token
PROMOT:3000007	has year for value		A data property to link an entity to the datype gYear to describe a year whit the format YYYY.							https://orcid.org/0009-0000-5160-7927					Data property			PROMOT:0010007	xsd:gYear 
PROMOT:3000008	has boolean for value		A data property to link an entity to a boolean value.												Data property			PROMOT:0010052	xsd:boolean
SO:0001060	sequence_variant					[PROMOT note] [Derived from RD-CDM] [6.1.1 Genomic Diagnosis] & [6.1.10 Gene]	[PROMOT note] [Derived from EURO-NMD NMD-CDE] [gendia_listpref]	[PROMOT note] [Derived from EU-CDE] [6.2. Genetic diagnosis]|SO suggested by Rachel Thompson			[PROMOT note] [RD-CDM] Graefe, A.S.L., Hübner, M.R., Rehburg, F. et al. An ontology-based rare disease common data model harmonising international registries, FHIR, and Phenopackets. Sci Data 12, 234 (2025). https://doi.org/10.1038/s41597-025-04558-z|[PROMOT note] [EURO-NMD] Atalia A et al., EURO-NMD registry: federated FAIR infrastructure, innovative technologies and concepts of a patient-centred registry for rare neuromuscular disorders. Orphanet J Rare Dis. 2024 Feb 14;19(1):66. doi: 10.1186/s13023-024-03059-3. PMID: 38355534; PMCID: PMC10865673.|[PROMOT note] [EU-CDE] Set of Common Data Elements, EU RD Platform [Internet]. [cited 2026 Jun 17]. Available from: https://eu-rd-platform.jrc.ec.europa.eu/set-of-common-data-elements_en	http://snomed.info/id/106221001|LOINC:48018-6	[PROMOT note] The PROMOT ontology added a comment to quote the CDMs used as a source for this entity. A crossref to the orignal RD-CDM element has also been added (SNOMED:106221001).		Class	BFO:0000002|(RO:0000086 some SO:0001762)|(RO:0004013 some ORDO:377788)			
PROMOT:0000001	CMS related variant		A sequence alteration that is causal germline mutation in Congenital Myasthenic Syndrom.			https://orcid.org/0000-0001-7764-2085				https://orcid.org/0009-0000-5160-7927					Class	SO:0001060			
PROMOT:0000002	CMYO related variant		A sequence alteration that is causal germline mutation in Congenital Myopathy.			https://orcid.org/0000-0001-7764-2085				https://orcid.org/0009-0000-5160-7927					Class	SO:0001060			
PROMOT:0000003	OPMD related variant		A sequence alteration that is causal germline mutation in Oculopharyngeal Muscular Dystrophy.			https://orcid.org/0000-0001-7764-2085				https://orcid.org/0009-0000-5160-7927					Class	SO:0001060			
PROMOT:0000004	CHRNE variant		A sequence alteration located within the CHRNE gene.			https://orcid.org/0000-0001-7764-2085		Translation process: Frist translated to spanish using Bing Translator then manually reviewed	NCIT:C198628	https://orcid.org/0009-0000-5160-7927					Class	PROMOT:0000001			
PROMOT:0000005	COLQ variant		A sequence alteration located within the COLQ gene.			https://orcid.org/0000-0001-7764-2085		Translation process: Frist translated to spanish using Bing Translator then manually reviewed	NCIT:C200235	https://orcid.org/0009-0000-5160-7927					Class	PROMOT:0000001			
PROMOT:0000006	DOK7 variant		A sequence alteration located within the DOK7 gene.			https://orcid.org/0000-0001-7764-2085		Translation process: Frist translated to spanish using Bing Translator then manually reviewed	NCIT:C216062	https://orcid.org/0009-0000-5160-7927					Class	PROMOT:0000001			
PROMOT:0000007	GFPT1 variant		A sequence alteration located within the GFPT1 gene.			https://orcid.org/0000-0001-7764-2085		Translation process: Frist translated to spanish using Bing Translator then manually reviewed	NCIT:C201657	https://orcid.org/0009-0000-5160-7927					Class	PROMOT:0000001			
PROMOT:0000008	GMPPB variant		A sequence alteration located within the GMPPB gene.			https://orcid.org/0000-0001-7764-2085		Translation process: Frist translated to spanish using Bing Translator then manually reviewed		https://orcid.org/0009-0000-5160-7927					Class	PROMOT:0000001			
PROMOT:0000009	RAPSN variant		A sequence alteration located within the RAPSN gene.			https://orcid.org/0000-0001-7764-2085		Translation process: Frist translated to spanish using Bing Translator then manually reviewed	NCIT:C177668	https://orcid.org/0009-0000-5160-7927					Class	PROMOT:0000001			
PROMOT:0000010	ACTA1 variant		A sequence alteration located within the ACTA1 gene.			https://orcid.org/0000-0001-7764-2085		Translation process: Frist translated to spanish using Bing Translator then manually reviewed	NCIT:C191893	https://orcid.org/0009-0000-5160-7927					Class	PROMOT:0000002			
PROMOT:0000011	MTM1 variant		A sequence alteration located within the MTM1 gene.			https://orcid.org/0000-0001-7764-2085		Translation process: Frist translated to spanish using Bing Translator then manually reviewed	NCIT:C203822	https://orcid.org/0009-0000-5160-7927					Class	PROMOT:0000002			
PROMOT:0000012	NEB variant		A sequence alteration located within the NEB gene.			https://orcid.org/0000-0001-7764-2085		Translation process: Frist translated to spanish using Bing Translator then manually reviewed	NCIT:C203906	https://orcid.org/0009-0000-5160-7927					Class	PROMOT:0000002			
PROMOT:0000013	RYR1 variant		A sequence alteration located within the RYR1 gene.			https://orcid.org/0000-0001-7764-2085		Translation process: Frist translated to spanish using Bing Translator then manually reviewed	NCIT:C150311	https://orcid.org/0009-0000-5160-7927					Class	PROMOT:0000002			
PROMOT:0000014	SELENON variant		A sequence alteration located within the SELENON gene.			https://orcid.org/0000-0001-7764-2085		Translation process: Frist translated to spanish using Bing Translator then manually reviewed	NCIT:C205071	https://orcid.org/0009-0000-5160-7927					Class	PROMOT:0000002			
PROMOT:0000015	TTN variant		A sequence alteration located within the TTN gene.			https://orcid.org/0000-0001-7764-2085		Translation process: Frist translated to spanish using Bing Translator then manually reviewed	NCIT:C101756	https://orcid.org/0009-0000-5160-7927					Class	PROMOT:0000002			
PROMOT:0000016	PABPN1 variant		A sequence alteration located within the PABPN1 gene.			https://orcid.org/0000-0001-7764-2085	[PROMOT note] [Derived from EURO-NMD NMD-CDE] 	Translation process: Frist translated to spanish using Bing Translator then manually reviewed	NCIT:C204162	https://orcid.org/0009-0000-5160-7927	[PROMOT note] [EURO-NMD] Atalia A et al., EURO-NMD registry: federated FAIR infrastructure, innovative technologies and concepts of a patient-centred registry for rare neuromuscular disorders. Orphanet J Rare Dis. 2024 Feb 14;19(1):66. doi: 10.1186/s13023-024-03059-3. PMID: 38355534; PMCID: PMC10865673.				Class	PROMOT:0000003			
PROMOT:0010001	age content entity		An information content entity where the information is an age.							https://orcid.org/0009-0000-5160-7927					Class	IAO:0000030			
PROMOT:0010003	decimal content entity		An information content entity where the information is a decimal.							https://orcid.org/0009-0000-5160-7927					Class	IAO:0000030			
PROMOT:0010004	duration content entity		An information content entity where the information is a duration.							https://orcid.org/0009-0000-5160-7927					Class	IAO:0000030			
PROMOT:0010005	int content entity		An information content entity where the information is an int.							https://orcid.org/0009-0000-5160-7927					Class	IAO:0000030			
PROMOT:0010006	token content entity		An information content entity where the information is a token.							https://orcid.org/0009-0000-5160-7927					Class	IAO:0000030			
PROMOT:0010007	year content entity		An information content entity where the information is a year.							https://orcid.org/0009-0000-5160-7927					Class	IAO:0000030			
NCIT:C49154	statement														Class	IAO:0000030|(RO:0002351 some IAO:0000030)			
PROMOT:0010008	statement about a consent		A statement regarding a consent to describe it.							https://orcid.org/0009-0000-5160-7927					Class	NCIT:C49154 			
PROMOT:0010009	statement about a human		A statement that describes a human.							https://orcid.org/0009-0000-5160-7927					Class	NCIT:C49154 			
PROMOT:0010010	statement about a phenotype		A statement regarding a phenotype to state details about it.							https://orcid.org/0009-0000-5160-7927					Class	NCIT:C49154 			
PROMOT:0010011	statement about a procedure		A statement regarding a procedure to describe it.							https://orcid.org/0009-0000-5160-7927					Class	NCIT:C49154 			
PROMOT:0010012	statement about a patient		A statement regarding a patient to state details about them.							https://orcid.org/0009-0000-5160-7927					Class	PROMOT:0010009			
NCIT:C25164	Date														Class	SNOMED:363787002			
NCIT:C93511	Assessment date					[PROMOT note] [Derived from RD-CDM] [6.2.3 Determination Date] 	[PROMOT note] [Derived from EURO-NMD NMD-CDE] ?		http://snomed.info/id/439272007|http://snomed.info/id/704321009|http://snomed.info/id/363778006		[PROMOT note] [RD-CDM] Graefe, A.S.L., Hübner, M.R., Rehburg, F. et al. An ontology-based rare disease common data model harmonising international registries, FHIR, and Phenopackets. Sci Data 12, 234 (2025). https://doi.org/10.1038/s41597-025-04558-z|[PROMOT note] [EURO-NMD] Atalia A et al., EURO-NMD registry: federated FAIR infrastructure, innovative technologies and concepts of a patient-centred registry for rare neuromuscular disorders. Orphanet J Rare Dis. 2024 Feb 14;19(1):66. doi: 10.1186/s13023-024-03059-3. PMID: 38355534; PMCID: PMC10865673.		[PROMOT note] The PROMOT ontology added a comment to quote the CDMs used as a source for this entity. A SeeAlso comment to the orignal RD-CDM elements has also been added.		Class	NCIT:C25164			
NCIT:C178992	Date of resolution					[PROMOT note] [Derived from RD-CDM] [6.2.4 Resolution Date] 					[PROMOT note] [RD-CDM] Graefe, A.S.L., Hübner, M.R., Rehburg, F. et al. An ontology-based rare disease common data model harmonising international registries, FHIR, and Phenopackets. Sci Data 12, 234 (2025). https://doi.org/10.1038/s41597-025-04558-z	HP:0034382	[PROMOT note] The PROMOT ontology added a comment to quote the CDM used as a source for this entity. A crossref to the orignal element has also been added.		Class	NCIT:C25164			
NCIT:C99800	Year of onset					[PROMOT note] [Derived from RD-CDM] [5.4 Date of Onset]					[PROMOT note] [RD-CDM] Graefe, A.S.L., Hübner, M.R., Rehburg, F. et al. An ontology-based rare disease common data model harmonising international registries, FHIR, and Phenopackets. Sci Data 12, 234 (2025). https://doi.org/10.1038/s41597-025-04558-z		[PROMOT note] The PROMOT ontology added a comment to quote the CDM used as a source for this entity.		Class	NCIT:C25164|PROMOT:0010007			
NCIT:C83164	Birth Year					[PROMOT note] [Derived from RD-CDM] [2.1 Date of birth]					[PROMOT note] [RD-CDM] Graefe, A.S.L., Hübner, M.R., Rehburg, F. et al. An ontology-based rare disease common data model harmonising international registries, FHIR, and Phenopackets. Sci Data 12, 234 (2025). https://doi.org/10.1038/s41597-025-04558-z		[PROMOT note] The PROMOT ontology added a comment to quote the CDM used as a source for this entity.		Class	NCIT:C25164|PROMOT:0010007			
NCIT:C210821	Year of diagnosis					[PROMOT note] [Derived from RD-CDM] [5.6 Date of Diagnosis] 					[PROMOT note] [RD-CDM] Graefe, A.S.L., Hübner, M.R., Rehburg, F. et al. An ontology-based rare disease common data model harmonising international registries, FHIR, and Phenopackets. Sci Data 12, 234 (2025). https://doi.org/10.1038/s41597-025-04558-z		[PROMOT note] The PROMOT ontology added a comment to quote the CDM used as a source for this entity.		Class	NCIT:C25164			
PROMOT:0010013	Year of assessment		The year of the assessment of an entity, e.g. the year when a phenotype is assessed by medical evidence.							https://orcid.org/0009-0000-5160-7927					Class	NCIT:C25164|PROMOT:0010007			
PROMOT:0010014	Year of resolution		The year of the resolution of an abnormal disposition, e.g. the year when a phenotype ceases existing.			[PROMOT note] [Derived from RD-CDM] [6.2.4 Resolution Date] 				https://orcid.org/0009-0000-5160-7927	[PROMOT note] [RD-CDM] Graefe, A.S.L., Hübner, M.R., Rehburg, F. et al. An ontology-based rare disease common data model harmonising international registries, FHIR, and Phenopackets. Sci Data 12, 234 (2025). https://doi.org/10.1038/s41597-025-04558-z				Class	NCIT:C25164|PROMOT:0010007			
NCIT:C156426	Year of death					[PROMOT note] [Derived from RD-CDM] [3.2 Time of Death] 					[PROMOT note] [RD-CDM] Graefe, A.S.L., Hübner, M.R., Rehburg, F. et al. An ontology-based rare disease common data model harmonising international registries, FHIR, and Phenopackets. Sci Data 12, 234 (2025). https://doi.org/10.1038/s41597-025-04558-z		[PROMOT note] The PROMOT ontology added a comment to quote the CDM used as a source for this entity.		Class	PROMOT:0010007			
NCIT:C25150	Age					[PROMOT note] [Derived from RD-CDM] [6.3.8 Family Member Age] 					[PROMOT note] [RD-CDM] Graefe, A.S.L., Hübner, M.R., Rehburg, F. et al. An ontology-based rare disease common data model harmonising international registries, FHIR, and Phenopackets. Sci Data 12, 234 (2025). https://doi.org/10.1038/s41597-025-04558-z	LOINC:54141-7	[PROMOT note] The PROMOT ontology added a comment to quote the CDM used as a source for this entity. A crossref to the orignal RD-CDM element from LOINC has also been added.		Class	SNOMED:363787002|PROMOT:0010005|PROMOT:0010001			
NCIT:C135383	Age at death												[PROMOT note] The PROMOT ontology added a comment to quote the CDM used as a source for this entity.		Class	NCIT:C25150			
NCIT:C20587	Age Related Group					[PROMOT note] [Derived from RD-CDM] [3.4 Age Category] 			HP:0003674		[PROMOT note] [RD-CDM] Graefe, A.S.L., Hübner, M.R., Rehburg, F. et al. An ontology-based rare disease common data model harmonising international registries, FHIR, and Phenopackets. Sci Data 12, 234 (2025). https://doi.org/10.1038/s41597-025-04558-z	http://snomed.info/id/105727008	[PROMOT note] The PROMOT ontology added a comment to quote the CDMs used as a source for this entity. A crossref to the orignal RD-CDM element has also been added.		Class	SNOMED:363787002			
PROMOT:0010015	Adulthood		Age category including people of 16 years old and above.	HP:0003581		[PROMOT note] [Derived from RD-CDM] [3.4 Age Category] 			HP:0003581	https://orcid.org/0009-0000-5160-7927	[PROMOT note] [RD-CDM] Graefe, A.S.L., Hübner, M.R., Rehburg, F. et al. An ontology-based rare disease common data model harmonising international registries, FHIR, and Phenopackets. Sci Data 12, 234 (2025). https://doi.org/10.1038/s41597-025-04558-z	http://snomed.info/id/41847000		http://purl.obolibrary.org/obo/NCIT_C199314|http://purl.obolibrary.org/obo/NCIT_C17600	Class	NCIT:C20587			
PROMOT:0010016	Late adulthood		Age category including people of 60 years old and above.	HP:0003584					HP:0003584	https://orcid.org/0009-0000-5160-7927				http://purl.obolibrary.org/obo/NCIT_C16268|http://purl.obolibrary.org/obo/NCIT_C18908	Class	PROMOT:0010015			
PROMOT:0010017	Middle adulthood		Age category including people between 40 and 59 years old (inclusive).	HP:0003596					HP:0003596	https://orcid.org/0009-0000-5160-7927				http://purl.obolibrary.org/obo/NCIT_C91108	Class	PROMOT:0010015			
PROMOT:0010018	Young adulthood		Age category including people between 16 and 39 years old (inclusive).	HP:0011462					HP:0011462	https://orcid.org/0009-0000-5160-7927				http://purl.obolibrary.org/obo/NCIT_C91107|http://purl.obolibrary.org/obo/NCIT_C216187	Class	PROMOT:0010015			
PROMOT:0010019	Early young adulthood		Age category including people between 16 and 18 years old (inclusive).	HP:0025708		[PROMOT note] [Derived from RD-CDM] [3.4 Age Category] 			HP:0025708	https://orcid.org/0009-0000-5160-7927	[PROMOT note] [RD-CDM] Graefe, A.S.L., Hübner, M.R., Rehburg, F. et al. An ontology-based rare disease common data model harmonising international registries, FHIR, and Phenopackets. Sci Data 12, 234 (2025). https://doi.org/10.1038/s41597-025-04558-z	http://snomed.info/id/263659003		http://purl.obolibrary.org/obo/NCIT_C27954	Class	PROMOT:0010018			
PROMOT:0010020	Intermediate young adulthood		Age category including people between 19 and 24 years old (inclusive).	HP:0025709					HP:0025709	https://orcid.org/0009-0000-5160-7927					Class	PROMOT:0010018			
PROMOT:0010021	Late young adulthood		Age category including people between 25 and 39 years old (inclusive).	HP:0025710					HP:0025710	https://orcid.org/0009-0000-5160-7927					Class	PROMOT:0010018			
PROMOT:0010022	Antenatal age		Age category prior to birth.	HP:0025710						https://orcid.org/0009-0000-5160-7927					Class	NCIT:C20587			
PROMOT:0010023	Embryonal		Age category up to 8 weeks following fertilization, corresponding to 10 weeks of gestation (inclusive).	HP:0011460					HP:0011460	https://orcid.org/0009-0000-5160-7927				http://purl.obolibrary.org/obo/NCIT_C99135	Class	PROMOT:0010022			
PROMOT:0010024	Fetal		Age prior to birth but after 8 weeks of embryonic development (corresponding to a gestational age of 10 weeks).	HP:0011461		[PROMOT note] [Derived from RD-CDM] [3.4 Age Category] 			HP:0011461	https://orcid.org/0009-0000-5160-7927	[PROMOT note] [RD-CDM] Graefe, A.S.L., Hübner, M.R., Rehburg, F. et al. An ontology-based rare disease common data model harmonising international registries, FHIR, and Phenopackets. Sci Data 12, 234 (2025). https://doi.org/10.1038/s41597-025-04558-z	http://snomed.info/id/303112003		http://purl.obolibrary.org/obo/NCIT_C89885	Class	PROMOT:0010022			
PROMOT:0010025	Late first trimester		Category prior to birth in the first trimester during the early fetal period, which is defined as 11 to 13 weeks of gestation (inclusive).	HP:0034199					HP:0034199	https://orcid.org/0009-0000-5160-7927					Class	PROMOT:0010024			
PROMOT:0010026	Second trimester		Category prior to birth during the second trimester, which comprises the range of gestational ages from 14 to 27 weeks of gestation (inclusive).	HP:0034198					HP:0034198	https://orcid.org/0009-0000-5160-7927					Class	PROMOT:0010024			
PROMOT:0010027	Third trimester		Category prior to birth during the third trimester, which is defined as 28 weeks and zero days (28+0) of gestation and beyond.	HP:0034197					HP:0034197	https://orcid.org/0009-0000-5160-7927					Class	PROMOT:0010024			
PROMOT:0010028	Congenital		Age catefory corresponding to birth.	HP:0003577					HP:0003577	https://orcid.org/0009-0000-5160-7927					Class	NCIT:C20587			
PROMOT:0010029	Neonatal age		Age within the first 28 days of life.	HP:0003623					HP:0003623	https://orcid.org/0009-0000-5160-7927				http://purl.obolibrary.org/obo/NCIT_C16731	Class	NCIT:C20587			
PROMOT:0010030	Pediatric age		Age category before adulthood, defined here as before the age of 16 years, but excluding neonatal or congenital onset. It includes people from the age of 28 days to 15 years old (included).	HP:0410280					HP:0410280	https://orcid.org/0009-0000-5160-7927					Class	NCIT:C20587			
PROMOT:0010031	Childhood		Age category including people from 1 to 4 years old (inclusive).	HP:0011463		[PROMOT note] [Derived from RD-CDM] [3.4 Age Category] 			HP:0011463	https://orcid.org/0009-0000-5160-7927	[PROMOT note] [RD-CDM] Graefe, A.S.L., Hübner, M.R., Rehburg, F. et al. An ontology-based rare disease common data model harmonising international registries, FHIR, and Phenopackets. Sci Data 12, 234 (2025). https://doi.org/10.1038/s41597-025-04558-z	http://snomed.info/id/255398004		http://purl.obolibrary.org/obo/NCIT_C89345	Class	PROMOT:0010030			
PROMOT:0010032	Infantile age		Age category including people from 28 days to under 1 year old.	HP:0003593		[PROMOT note] [Derived from RD-CDM] [3.4 Age Category] 			HP:0003593	https://orcid.org/0009-0000-5160-7927	[PROMOT note] [RD-CDM] Graefe, A.S.L., Hübner, M.R., Rehburg, F. et al. An ontology-based rare disease common data model harmonising international registries, FHIR, and Phenopackets. Sci Data 12, 234 (2025). https://doi.org/10.1038/s41597-025-04558-z	http://snomed.info/id/3658006		http://purl.obolibrary.org/obo/NCIT_C49643|http://purl.obolibrary.org/obo/NCIT_C27956	Class	PROMOT:0010030			
PROMOT:0010033	Juvenile age		Age category including people between 5 and 15 years old (inclusive).	HP:0003621		[PROMOT note] [Derived from RD-CDM] [3.4 Age Category] 			HP:0003621	https://orcid.org/0009-0000-5160-7927	[PROMOT note] [RD-CDM] Graefe, A.S.L., Hübner, M.R., Rehburg, F. et al. An ontology-based rare disease common data model harmonising international registries, FHIR, and Phenopackets. Sci Data 12, 234 (2025). https://doi.org/10.1038/s41597-025-04558-z	http://snomed.info/id/713153009		http://purl.obolibrary.org/obo/NCIT_C85405	Class	PROMOT:0010030			
PROMOT:0010034	Perimenopausal age		Age category including people undergoing perimenopause, i.e. the period of life shortly before the occurence of the menopause.	HP:6000314					HP:6000314	https://orcid.org/0009-0000-5160-7927					Class	NCIT:C20587			
PROMOT:0010035	Postmenopausal age		Age category including people undergoing postmenopause, i.e. the period of life after the occurrence of the menopause.	HP:6000315					HP:6000315	https://orcid.org/0009-0000-5160-7927					Class	NCIT:C20587			
PROMOT:0010036	Puerpural age		Age category including ages refering to childbirth or period after immediately following.	HP:4000040					HP:4000040	https://orcid.org/0009-0000-5160-7927					Class	NCIT:C20587			
NCIT:C124436	Sex at birth					[PROMOT note] [Derived from RD-CDM] [2.2 Sex at birth] & [6.3.7 Family Member Sex]	[PROMOT note] [Derived from EURO-NMD NMD-CDE] [sex_at_birth]	[PROMOT note] [Derived from EU-CDE] [2.2. Sex]			[PROMOT note] [RD-CDM] Graefe, A.S.L., Hübner, M.R., Rehburg, F. et al. An ontology-based rare disease common data model harmonising international registries, FHIR, and Phenopackets. Sci Data 12, 234 (2025). https://doi.org/10.1038/s41597-025-04558-z|[PROMOT note] [EURO-NMD] Atalia A et al., EURO-NMD registry: federated FAIR infrastructure, innovative technologies and concepts of a patient-centred registry for rare neuromuscular disorders. Orphanet J Rare Dis. 2024 Feb 14;19(1):66. doi: 10.1186/s13023-024-03059-3. PMID: 38355534; PMCID: PMC10865673.|[PROMOT note] [EU-CDE] Set of Common Data Elements, EU RD Platform [Internet]. [cited 2026 Jun 17]. Available from: https://eu-rd-platform.jrc.ec.europa.eu/set-of-common-data-elements_en	http://snomed.info/id/281053000|LOINC:54123-5	[PROMOT note] The PROMOT ontology added a comment to quote the CDMs used as a source for this entity. A crossref to the orignal RD-CDM element from SNOMED and LOINC has also been added.		Class	SNOMED:363787002			
NCIT:C205474	Assigned Female at Birth					[PROMOT note] [Derived from RD-CDM] [2.2 Sex at birth] 	[PROMOT note] [Derived from EURO-NMD NMD-CDE] [sex_at_birth]	[PROMOT note] [Derived from EU-CDE] [2.2. Sex] [Female]			[PROMOT note] [RD-CDM] Graefe, A.S.L., Hübner, M.R., Rehburg, F. et al. An ontology-based rare disease common data model harmonising international registries, FHIR, and Phenopackets. Sci Data 12, 234 (2025). https://doi.org/10.1038/s41597-025-04558-z|[PROMOT note] [EURO-NMD] Atalia A et al., EURO-NMD registry: federated FAIR infrastructure, innovative technologies and concepts of a patient-centred registry for rare neuromuscular disorders. Orphanet J Rare Dis. 2024 Feb 14;19(1):66. doi: 10.1186/s13023-024-03059-3. PMID: 38355534; PMCID: PMC10865673.|[PROMOT note] [EU-CDE] Set of Common Data Elements, EU RD Platform [Internet]. [cited 2026 Jun 17]. Available from: https://eu-rd-platform.jrc.ec.europa.eu/set-of-common-data-elements_en	http://snomed.info/id/248152002	[PROMOT note] The PROMOT ontology added a comment to quote the CDMs used as a source for this entity. A crossref to the orignal RD-CDM element has also been added.		Class				
NCIT:C45908	Intersex					[PROMOT note] [Derived from RD-CDM] [2.2 Sex at birth] 					[PROMOT note] [RD-CDM] Graefe, A.S.L., Hübner, M.R., Rehburg, F. et al. An ontology-based rare disease common data model harmonising international registries, FHIR, and Phenopackets. Sci Data 12, 234 (2025). https://doi.org/10.1038/s41597-025-04558-z	http://snomed.info/id/32570691000036100	[PROMOT note] The PROMOT ontology added a comment to quote the CDM used as a source for this entity. A crossref to the orignal RD-CDM element has also been added.		Class				
NCIT:C205473	Assigned Male at Birth					[PROMOT note] [Derived from RD-CDM] [2.2 Sex at birth] 	[PROMOT note] [Derived from EURO-NMD NMD-CDE] [sex_at_birth]	[PROMOT note] [Derived from EU-CDE] [2.2. Sex] [Male]			[PROMOT note] [RD-CDM] Graefe, A.S.L., Hübner, M.R., Rehburg, F. et al. An ontology-based rare disease common data model harmonising international registries, FHIR, and Phenopackets. Sci Data 12, 234 (2025). https://doi.org/10.1038/s41597-025-04558-z|[PROMOT note] [EURO-NMD] Atalia A et al., EURO-NMD registry: federated FAIR infrastructure, innovative technologies and concepts of a patient-centred registry for rare neuromuscular disorders. Orphanet J Rare Dis. 2024 Feb 14;19(1):66. doi: 10.1186/s13023-024-03059-3. PMID: 38355534; PMCID: PMC10865673.|[PROMOT note] [EU-CDE] Set of Common Data Elements, EU RD Platform [Internet]. [cited 2026 Jun 17]. Available from: https://eu-rd-platform.jrc.ec.europa.eu/set-of-common-data-elements_en	http://snomed.info/id/248153007	[PROMOT note] The PROMOT ontology added a comment to quote the CDM used as a source for this entity. A crossref to the orignal element has also been added.		Class				
PROMOT:0010037	Patient sex at birth unknown		Physical sexual characteristics at birth that are unknown.			[PROMOT note] [Derived from RD-CDM] [2.2 Sex at birth] 	[PROMOT note] [Derived from EURO-NMD NMD-CDE] [sex_at_birth]	[PROMOT note] [Derived from EU-CDE] [2.2. Sex]|[PROMOT note] A crossref to the orignal RD-CDM element has been added.		https://orcid.org/0009-0000-5160-7927	[PROMOT note] [RD-CDM] Graefe, A.S.L., Hübner, M.R., Rehburg, F. et al. An ontology-based rare disease common data model harmonising international registries, FHIR, and Phenopackets. Sci Data 12, 234 (2025). https://doi.org/10.1038/s41597-025-04558-z|[PROMOT note] [EURO-NMD] Atalia A et al., EURO-NMD registry: federated FAIR infrastructure, innovative technologies and concepts of a patient-centred registry for rare neuromuscular disorders. Orphanet J Rare Dis. 2024 Feb 14;19(1):66. doi: 10.1186/s13023-024-03059-3. PMID: 38355534; PMCID: PMC10865673.|[PROMOT note] [EU-CDE] Set of Common Data Elements, EU RD Platform [Internet]. [cited 2026 Jun 17]. Available from: https://eu-rd-platform.jrc.ec.europa.eu/set-of-common-data-elements_en	http://snomed.info/id/184115007			Class	NCIT:C124436			
PROMOT:0010038	Sex at birth not recorded		Physical sexual characteristics at birth that are not recorded.			[PROMOT note] [Derived from RD-CDM] [2.2 Sex at birth] 		[PROMOT note] [Derived from EU-CDE] [2.2. Sex]|[PROMOT note] A crossref to the orignal RD-CDM element has been added.		https://orcid.org/0009-0000-5160-7927	[PROMOT note] [RD-CDM] Graefe, A.S.L., Hübner, M.R., Rehburg, F. et al. An ontology-based rare disease common data model harmonising international registries, FHIR, and Phenopackets. Sci Data 12, 234 (2025). https://doi.org/10.1038/s41597-025-04558-z|[PROMOT note] [EU-CDE] Set of Common Data Elements, EU RD Platform [Internet]. [cited 2026 Jun 17]. Available from: https://eu-rd-platform.jrc.ec.europa.eu/set-of-common-data-elements_en	http://snomed.info/id/1220561009			Class	PROMOT:0010037			
NCIT:C158277	Gender identity					[PROMOT note] [Derived from RD-CDM] [2.4 Gender Identity] 					[PROMOT note] [RD-CDM] Graefe, A.S.L., Hübner, M.R., Rehburg, F. et al. An ontology-based rare disease common data model harmonising international registries, FHIR, and Phenopackets. Sci Data 12, 234 (2025). https://doi.org/10.1038/s41597-025-04558-z	http://snomed.info/id/263495000	[PROMOT note] The PROMOT ontology added a comment to quote the CDM used as a source for this entity. A crossref to the orignal element has also been added.		Class	SNOMED:302147001			
NCIT:C205466	Female Gender Identity					[PROMOT note] [Derived from RD-CDM] [2.4 Gender Identity] 					[PROMOT note] [RD-CDM] Graefe, A.S.L., Hübner, M.R., Rehburg, F. et al. An ontology-based rare disease common data model harmonising international registries, FHIR, and Phenopackets. Sci Data 12, 234 (2025). https://doi.org/10.1038/s41597-025-04558-z	http://snomed.info/id/446141000124107	[PROMOT note] The PROMOT ontology added a comment to quote the CDM used as a source for this entity. A crossref to the orignal element has also been added.		Class				
NCIT:C205468	Non-Binary Gender Identity					[PROMOT note] [Derived from RD-CDM] [2.4 Gender Identity] 					[PROMOT note] [RD-CDM] Graefe, A.S.L., Hübner, M.R., Rehburg, F. et al. An ontology-based rare disease common data model harmonising international registries, FHIR, and Phenopackets. Sci Data 12, 234 (2025). https://doi.org/10.1038/s41597-025-04558-z	http://snomed.info/id/33791000087105	[PROMOT note] The PROMOT ontology added a comment to quote the CDM used as a source for this entity. A crossref to the orignal element has also been added.		Class				
NCIT:C205467	Male Gender Identity					[PROMOT note] [Derived from RD-CDM] [2.4 Gender Identity] 					[PROMOT note] [RD-CDM] Graefe, A.S.L., Hübner, M.R., Rehburg, F. et al. An ontology-based rare disease common data model harmonising international registries, FHIR, and Phenopackets. Sci Data 12, 234 (2025). https://doi.org/10.1038/s41597-025-04558-z	http://snomed.info/id/446151000124109	[PROMOT note] The PROMOT ontology added a comment to quote the CDM used as a source for this entity. A crossref to the orignal element has also been added.		Class				
PROMOT:0010039	Gender identity unknown		Gender identity of a person that is unknown.			[PROMOT note] [Derived from RD-CDM] [2.4 Gender Identity] 		[PROMOT note] A crossref to the orignal RD-CDM element has been added.		https://orcid.org/0009-0000-5160-7927	[PROMOT note] [RD-CDM] Graefe, A.S.L., Hübner, M.R., Rehburg, F. et al. An ontology-based rare disease common data model harmonising international registries, FHIR, and Phenopackets. Sci Data 12, 234 (2025). https://doi.org/10.1038/s41597-025-04558-z	http://snomed.info/id/394743007			Class	NCIT:C158277 			
PROMOT:0010040	Gender identity not recorded		Gender identity of a person that is unknown because unrecorded.			[PROMOT note] [Derived from RD-CDM] [2.4 Gender Identity] 		[PROMOT note] A crossref to the orignal RD-CDM element has been added.		https://orcid.org/0009-0000-5160-7927	[PROMOT note] [RD-CDM] Graefe, A.S.L., Hübner, M.R., Rehburg, F. et al. An ontology-based rare disease common data model harmonising international registries, FHIR, and Phenopackets. Sci Data 12, 234 (2025). https://doi.org/10.1038/s41597-025-04558-z	http://snomed.info/id/1220561009			Class	PROMOT:0010039			
NCIT:C106551	Number of pregnancies						[PROMOT note] [Derived from EURO-NMD NMD-CDE] [number_of_preg]				[PROMOT note] [EURO-NMD] Atalia A et al., EURO-NMD registry: federated FAIR infrastructure, innovative technologies and concepts of a patient-centred registry for rare neuromuscular disorders. Orphanet J Rare Dis. 2024 Feb 14;19(1):66. doi: 10.1186/s13023-024-03059-3. PMID: 38355534; PMCID: PMC10865673.				Class	SNOMED:160476009|PROMOT:0010005			
PROMOT:0010041	Consent status		A status of the consent of a person.			[PROMOT note] [Derived from RD-CDM] [7.1 Consent Status] 	[PROMOT note] [Derived from EURO-NMD NMD-CDE] 	[PROMOT note] A crossref to the orignal RD-CDM element has been added.		https://orcid.org/0009-0000-5160-7927	[PROMOT note] [RD-CDM] Graefe, A.S.L., Hübner, M.R., Rehburg, F. et al. An ontology-based rare disease common data model harmonising international registries, FHIR, and Phenopackets. Sci Data 12, 234 (2025). https://doi.org/10.1038/s41597-025-04558-z|[PROMOT note] [EURO-NMD] Atalia A et al., EURO-NMD registry: federated FAIR infrastructure, innovative technologies and concepts of a patient-centred registry for rare neuromuscular disorders. Orphanet J Rare Dis. 2024 Feb 14;19(1):66. doi: 10.1186/s13023-024-03059-3. PMID: 38355534; PMCID: PMC10865673.	http://snomed.info/id/309370004			Class	SNOMED:363787002			
PROMOT:0010042	Pending		A status of a consent that is waiting to be defined.			[PROMOT note] [Derived from RD-CDM] [7.1 Consent Status] 				https://orcid.org/0009-0000-5160-7927	[PROMOT note] [RD-CDM] Graefe, A.S.L., Hübner, M.R., Rehburg, F. et al. An ontology-based rare disease common data model harmonising international registries, FHIR, and Phenopackets. Sci Data 12, 234 (2025). https://doi.org/10.1038/s41597-025-04558-z				Class	PROMOT:0010041			
PROMOT:0010043	Proposed		A status of a consent that has been proposed to a person for them to decide.			[PROMOT note] [Derived from RD-CDM] [7.1 Consent Status] 				https://orcid.org/0009-0000-5160-7927	[PROMOT note] [RD-CDM] Graefe, A.S.L., Hübner, M.R., Rehburg, F. et al. An ontology-based rare disease common data model harmonising international registries, FHIR, and Phenopackets. Sci Data 12, 234 (2025). https://doi.org/10.1038/s41597-025-04558-z				Class	PROMOT:0010041			
PROMOT:0010044	Active		A status of a consent that has been given by the concerned person.			[PROMOT note] [Derived from RD-CDM] [7.1 Consent Status] 	[PROMOT note] [Derived from EURO-NMD NMD-CDE] 			https://orcid.org/0009-0000-5160-7927	[PROMOT note] [RD-CDM] Graefe, A.S.L., Hübner, M.R., Rehburg, F. et al. An ontology-based rare disease common data model harmonising international registries, FHIR, and Phenopackets. Sci Data 12, 234 (2025). https://doi.org/10.1038/s41597-025-04558-z|[PROMOT note] [EURO-NMD] Atalia A et al., EURO-NMD registry: federated FAIR infrastructure, innovative technologies and concepts of a patient-centred registry for rare neuromuscular disorders. Orphanet J Rare Dis. 2024 Feb 14;19(1):66. doi: 10.1186/s13023-024-03059-3. PMID: 38355534; PMCID: PMC10865673.				Class	PROMOT:0010041			
PROMOT:0010045	Rejected		A status of a consent that has been rejected by the concerned person.			[PROMOT note] [Derived from RD-CDM] [7.1 Consent Status] 	[PROMOT note] [Derived from EURO-NMD NMD-CDE] 			https://orcid.org/0009-0000-5160-7927	[PROMOT note] [RD-CDM] Graefe, A.S.L., Hübner, M.R., Rehburg, F. et al. An ontology-based rare disease common data model harmonising international registries, FHIR, and Phenopackets. Sci Data 12, 234 (2025). https://doi.org/10.1038/s41597-025-04558-z|[PROMOT note] [EURO-NMD] Atalia A et al., EURO-NMD registry: federated FAIR infrastructure, innovative technologies and concepts of a patient-centred registry for rare neuromuscular disorders. Orphanet J Rare Dis. 2024 Feb 14;19(1):66. doi: 10.1186/s13023-024-03059-3. PMID: 38355534; PMCID: PMC10865673.				Class	PROMOT:0010041			
PROMOT:0010046	Inactive		A status of a consent that is inactive.			[PROMOT note] [Derived from RD-CDM] [7.1 Consent Status] 				https://orcid.org/0009-0000-5160-7927	[PROMOT note] [RD-CDM] Graefe, A.S.L., Hübner, M.R., Rehburg, F. et al. An ontology-based rare disease common data model harmonising international registries, FHIR, and Phenopackets. Sci Data 12, 234 (2025). https://doi.org/10.1038/s41597-025-04558-z	http://snomed.info/id/73425007			Class	PROMOT:0010041			
PROMOT:0010047	Entered in Error		A status of a consent that has been entered by error.			[PROMOT note] [Derived from RD-CDM] [7.1 Consent Status] 				https://orcid.org/0009-0000-5160-7927	[PROMOT note] [RD-CDM] Graefe, A.S.L., Hübner, M.R., Rehburg, F. et al. An ontology-based rare disease common data model harmonising international registries, FHIR, and Phenopackets. Sci Data 12, 234 (2025). https://doi.org/10.1038/s41597-025-04558-z	http://snomed.info/id/723510000			Class	PROMOT:0010041			
NCIT:C93579	Date of consent					[PROMOT note] [Derived from RD-CDM] [7.2 Consent Date] 	[PROMOT note] [Derived from EURO-NMD NMD-CDE] [date_of_consent]				[PROMOT note] [RD-CDM] Graefe, A.S.L., Hübner, M.R., Rehburg, F. et al. An ontology-based rare disease common data model harmonising international registries, FHIR, and Phenopackets. Sci Data 12, 234 (2025). https://doi.org/10.1038/s41597-025-04558-z|[PROMOT note] [EURO-NMD] Atalia A et al., EURO-NMD registry: federated FAIR infrastructure, innovative technologies and concepts of a patient-centred registry for rare neuromuscular disorders. Orphanet J Rare Dis. 2024 Feb 14;19(1):66. doi: 10.1186/s13023-024-03059-3. PMID: 38355534; PMCID: PMC10865673.		[PROMOT note] The PROMOT ontology added a comment to quote the CDM. The original element is onsent.datetime from HL7 FHIR.		Class	NCIT:C25164			
PROMOT:0010048	Consent type		The type of consent given by a person that precises the details of what is consented.							https://orcid.org/0009-0000-5160-7927					Class	SNOMED:363787002			
PROMOT:0010049	Agreement to be contacted for research purpose		An agreement given by a patient to be contacted by research teams for research purposes.			[PROMOT note] [Derived from RD-CDM] [7.4 Agreement to be contacted for research purposes] [consent_contact_research]	[PROMOT note] [Derived from EURO-NMD NMD-CDE] [has_consent_be_contacted]	[PROMOT note] [Derived from EU-CDE] [7.1. Agreement to be contacted for research purposes]		https://orcid.org/0009-0000-5160-7927	[PROMOT note] [RD-CDM] Graefe, A.S.L., Hübner, M.R., Rehburg, F. et al. An ontology-based rare disease common data model harmonising international registries, FHIR, and Phenopackets. Sci Data 12, 234 (2025). https://doi.org/10.1038/s41597-025-04558-z|[PROMOT note] [EURO-NMD] Atalia A et al., EURO-NMD registry: federated FAIR infrastructure, innovative technologies and concepts of a patient-centred registry for rare neuromuscular disorders. Orphanet J Rare Dis. 2024 Feb 14;19(1):66. doi: 10.1186/s13023-024-03059-3. PMID: 38355534; PMCID: PMC10865673.|[PROMOT note] [EU-CDE] Set of Common Data Elements, EU RD Platform [Internet]. [cited 2026 Jun 17]. Available from: https://eu-rd-platform.jrc.ec.europa.eu/set-of-common-data-elements_en				Class	PROMOT:0010048			
PROMOT:0010050	Consent to the reuse of data		A consent given by a person to the reuse of their data.			[PROMOT note] [Derived from RD-CDM] [7.5 Consent to the reuse of data] [consent_contact_research]		[PROMOT note] [Derived from EU-CDE] [7.2. Consent to the reuse of data]		https://orcid.org/0009-0000-5160-7927	[PROMOT note] [RD-CDM] Graefe, A.S.L., Hübner, M.R., Rehburg, F. et al. An ontology-based rare disease common data model harmonising international registries, FHIR, and Phenopackets. Sci Data 12, 234 (2025). https://doi.org/10.1038/s41597-025-04558-z|[PROMOT note] [EU-CDE] Set of Common Data Elements, EU RD Platform [Internet]. [cited 2026 Jun 17]. Available from: https://eu-rd-platform.jrc.ec.europa.eu/set-of-common-data-elements_en				Class	PROMOT:0010048			
PROMOT:0010051	Unrecorded handedness		An handedness that is unrecorded.							https://orcid.org/0009-0000-5160-7927					Class	SNOMED:709880000			
PROMOT:0010052	Risk of fall assessed		A risk of fall assessed for a patient that has phenotypes that allow to assess they undergo a risk of fall.							https://orcid.org/0009-0000-5160-7927					Class	SNOMED:363787002			
PROMOT:0020001	Phenotypically related body structure		A body structure related to a phenotype such that the body structure is the location of the phenotype.							https://orcid.org/0000-0002-3336-2476, https://orcid.org/0009-0000-5160-7927					Class	ICF:1626363729|(RO:0000091 some HP:0000118)	(ICF:1626363729 and (RO:0000091 some HP:0000118))		
PROMOT:0020002	Phenotypically related anatomical entity		An anatomical entity related to a phenotype such that the anatomical entity is the location of the phenotype. In other words, the phenotype is a disposition of the anatomical entity.							https://orcid.org/0000-0002-3336-2476, https://orcid.org/0009-0000-5160-7927					Class	FMA:62955|(RO:0000091 some HP:0000118)	(FMA:62955 and (RO:0000091 some HP:0000118))		
PROMOT:0020003	Body structure related anatomical entity		An anatomical entity that is located in a body structure.							https://orcid.org/0009-0000-5160-7927					Class	FMA:62955|(RO:0001025 some ICF:1626363729)	(FMA:62955 and (RO:0001025 some ICF:1626363729))		
PROMOT:0020004	Body function related anatomical entity		An anatomical entity that is involved in a body function.							https://orcid.org/0009-0000-5160-7927					Class	FMA:62955|(RO:0002328 some ICF:567313968)	(FMA:62955 and (RO:0002328 some ICF:567313968))		
PROMOT:0020005	Body function related body structure		A body structure related to a body function such that the body structure is functionally related to the body function. 							https://orcid.org/0009-0000-5160-7927					Class	ICF:1626363729|(RO:0002328 some ICF:567313968)	(ICF:1626363729 and (RO:0002328 some ICF:567313968))		
NCIT:C16960	patient														Class	NCBITaxon:9606|(PROMOT:2000003 some SO:0001060)|(RO:0002200 some HP:0000118)|(PROMOT:2000004 exactly 1 IAO:0020000)			
NCIT:C25717	Vital status					[PROMOT note] [Derived from RD-CDM] [3.1 Vital Status] & [6.3.10 Family Member Deceased]	[PROMOT note] [Derived from EU-CDE] [3.1. Patient’s status]				[PROMOT note] [RD-CDM] Graefe, A.S.L., Hübner, M.R., Rehburg, F. et al. An ontology-based rare disease common data model harmonising international registries, FHIR, and Phenopackets. Sci Data 12, 234 (2025). https://doi.org/10.1038/s41597-025-04558-z	http://snomed.info/id/278844005|http://snomed.info/id/740604001	[PROMOT note] The PROMOT ontology added a comment to quote the CDM used as a source for this entity. A crossref to the orignal element has also been added.		Class	BFO:0000019|(RO:0000080 some NCIT:C14250)			
NCIT:C37987	Alive					[PROMOT note] [Derived from RD-CDM] [3.1 Vital Status] & [6.3.10 Family Member Deceased]	[PROMOT note] [Derived from EU-CDE] [3.1. Patient’s status] [Alive]				[PROMOT note] [RD-CDM] Graefe, A.S.L., Hübner, M.R., Rehburg, F. et al. An ontology-based rare disease common data model harmonising international registries, FHIR, and Phenopackets. Sci Data 12, 234 (2025). https://doi.org/10.1038/s41597-025-04558-z	http://snomed.info/id/438949009	[PROMOT note] The PROMOT ontology added a comment to quote the CDM used as a source for this entity. A crossref to the orignal element has also been added.		Class				
NCIT:C90387	Found Dead					[PROMOT note] [Derived from RD-CDM] [3.1 Vital Status] & [6.3.10 Family Member Deceased]	[PROMOT note] [Derived from EU-CDE] [3.1. Patient’s status] [Dead]				[PROMOT note] [RD-CDM] Graefe, A.S.L., Hübner, M.R., Rehburg, F. et al. An ontology-based rare disease common data model harmonising international registries, FHIR, and Phenopackets. Sci Data 12, 234 (2025). https://doi.org/10.1038/s41597-025-04558-z	http://snomed.info/id/419099009			Class				
PROMOT:0031001	unkown vital status		A vital status that is unkown.			[PROMOT note] [Derived from RD-CDM] [3.1 Vital Status] & [6.3.10 Family Member Deceased]	[PROMOT note] [Derived from EU-CDE] [3.1. Patient’s status]			https://orcid.org/0009-0000-5160-7927	[PROMOT note] [RD-CDM] Graefe, A.S.L., Hübner, M.R., Rehburg, F. et al. An ontology-based rare disease common data model harmonising international registries, FHIR, and Phenopackets. Sci Data 12, 234 (2025). https://doi.org/10.1038/s41597-025-04558-z				Class	NCIT:C25717			
PROMOT:0031002	unrecorded vital status		A vital status that is unkown because unrecorded.			[PROMOT note] [Derived from RD-CDM] [3.1 Vital Status]	[PROMOT note] [Derived from EU-CDE] [3.1. Patient’s status]			https://orcid.org/0009-0000-5160-7927	[PROMOT note] [RD-CDM] Graefe, A.S.L., Hübner, M.R., Rehburg, F. et al. An ontology-based rare disease common data model harmonising international registries, FHIR, and Phenopackets. Sci Data 12, 234 (2025). https://doi.org/10.1038/s41597-025-04558-z				Class	PROMOT:0031001			
PROMOT:0031003	lost in follow-up		A recorded vital status because of the patient being lost in follow up.			[PROMOT note] [Derived from RD-CDM] [3.1 Vital Status]	[PROMOT note] [Derived from EU-CDE] [3.1. Patient’s status] [Lost in follow-up]			https://orcid.org/0009-0000-5160-7927	[PROMOT note] [RD-CDM] Graefe, A.S.L., Hübner, M.R., Rehburg, F. et al. An ontology-based rare disease common data model harmonising international registries, FHIR, and Phenopackets. Sci Data 12, 234 (2025). https://doi.org/10.1038/s41597-025-04558-z	http://snomed.info/id/399307001			Class	PROMOT:0031002			
PROMOT:0031004	opted-out		A recorded vital status because of the patient being opted out from the study.			[PROMOT note] [Derived from RD-CDM] [3.1 Vital Status]	[PROMOT note] [Derived from EU-CDE] [3.1. Patient’s status] [Opted-out]			https://orcid.org/0009-0000-5160-7927	[PROMOT note] [RD-CDM] Graefe, A.S.L., Hübner, M.R., Rehburg, F. et al. An ontology-based rare disease common data model harmonising international registries, FHIR, and Phenopackets. Sci Data 12, 234 (2025). https://doi.org/10.1038/s41597-025-04558-z	http://snomed.info/id/185924006			Class	PROMOT:0031002			
SO:0001762	variant_origin														Class	BFO:0000019|(RO:0000080 some SO:0001060)			
PROMOT:0031005	variant origin unknown		A variant origin that is unknown.							https://orcid.org/0009-0000-5160-7927					Class	SO:0001762			
PROMOT:0031006	variant origin unrecorded		A variant origin that is unknown because unrecorded.							https://orcid.org/0009-0000-5160-7927					Class	PROMOT:0031005			
PROMOT:0031007	presence qualifier		A qualifier for stating the presence, absence or uncertainty of a entity instance (e.g. a phenotype instance).			[PROMOT note] [Derived from RD-CDM] [6.2.2 Status] 				https://orcid.org/0009-0000-5160-7927	[PROMOT note] [RD-CDM] Graefe, A.S.L., Hübner, M.R., Rehburg, F. et al. An ontology-based rare disease common data model harmonising international registries, FHIR, and Phenopackets. Sci Data 12, 234 (2025). https://doi.org/10.1038/s41597-025-04558-z|[PROMOT note] [EURO-NMD] Atalia A et al., EURO-NMD registry: federated FAIR infrastructure, innovative technologies and concepts of a patient-centred registry for rare neuromuscular disorders. Orphanet J Rare Dis. 2024 Feb 14;19(1):66. doi: 10.1186/s13023-024-03059-3. PMID: 38355534; PMCID: PMC10865673.	http://snomed.info/id/363778006	[PROMOT note] The PROMOT ontology added a comment to quote the CDM used as a source for this entity. A crossref to the orignal element has also been added.		Class	BFO:0000019|(RO:0000080 some HP:0000118)			
NCIT:C48190	Absent					[PROMOT note] [Derived from RD-CDM] [6.2.2 Status] 					[PROMOT note] [RD-CDM] Graefe, A.S.L., Hübner, M.R., Rehburg, F. et al. An ontology-based rare disease common data model harmonising international registries, FHIR, and Phenopackets. Sci Data 12, 234 (2025). https://doi.org/10.1038/s41597-025-04558-z|[PROMOT note] [EURO-NMD] Atalia A et al., EURO-NMD registry: federated FAIR infrastructure, innovative technologies and concepts of a patient-centred registry for rare neuromuscular disorders. Orphanet J Rare Dis. 2024 Feb 14;19(1):66. doi: 10.1186/s13023-024-03059-3. PMID: 38355534; PMCID: PMC10865673.	http://snomed.info/id/723511001	[PROMOT note] The PROMOT ontology added a comment to quote the CDM used as a source for this entity. A crossref to the orignal element has also been added.		Class	PROMOT:0031007			
NCIT:C25626	Present					[PROMOT note] [Derived from RD-CDM] [6.2.2 Status] 					[PROMOT note] [RD-CDM] Graefe, A.S.L., Hübner, M.R., Rehburg, F. et al. An ontology-based rare disease common data model harmonising international registries, FHIR, and Phenopackets. Sci Data 12, 234 (2025). https://doi.org/10.1038/s41597-025-04558-z|[PROMOT note] [EURO-NMD] Atalia A et al., EURO-NMD registry: federated FAIR infrastructure, innovative technologies and concepts of a patient-centred registry for rare neuromuscular disorders. Orphanet J Rare Dis. 2024 Feb 14;19(1):66. doi: 10.1186/s13023-024-03059-3. PMID: 38355534; PMCID: PMC10865673.	http://snomed.info/id/410605003	[PROMOT note] The PROMOT ontology added a comment to quote the CDM used as a source for this entity. A crossref to the orignal element has also been added.		Class	PROMOT:0031007			
NCIT:C47944	Uncertain														Class	PROMOT:0031007			
NCIT:C185193	Not Recorded														Class	NCIT:C47944			
PROMOT:0032001	abnormal disposition		A disposition that differs from a norm, such as a disease or a phenotypic abnormality.							https://orcid.org/0009-0000-5160-7927					Class	BFO:0000016			
PROMOT:0032002	Activity related body function		A body function that is involved in an activity. The boby function is needed in order to fullfill the activity.							https://orcid.org/0009-0000-5160-7927					Class	ICF:567313968|(RO:0002331 some PROMOT:0110001)	(ICF:567313968 and (RO:0002331 some PROMOT:0110001))		
PROMOT:0032003	Activity related phenotype		A phenotype that affects an activity.							https://orcid.org/0000-0002-3336-2476, https://orcid.org/0009-0000-5160-7927					Class	HP:0000118|(PROMOT:2000001 some PROMOT:0110001)	(HP:0000118 and (PROMOT:2000001 some PROMOT:0110001))		
PROMOT:0032004	Anhedonia while eating		A loss of enjoyment of mealtime due to difficulties while eating.	Clinical experts	https://orcid.org/0000-0003-2829-8470					https://orcid.org/0009-0000-5160-7927					Class	HP:0012154			
PROMOT:0032005	Body function related phenotype		A phenotype that affects a body function.							https://orcid.org/0000-0002-3336-2476, https://orcid.org/0009-0000-5160-7927					Class	HP:0000118|(PROMOT:2000001 some ICF:567313968)	(HP:0000118 and (PROMOT:2000001 some ICF:567313968))		
PROMOT:0032006	Choking on foods		Incidents in which a piece of food get stuck in the upper airway and provoke choking.		https://orcid.org/0000-0003-2829-8470					https://orcid.org/0009-0000-5160-7927					Class	HP:0030842			
PROMOT:0032007	Choking on liquids		Incidents in which liquids provoke choking.		https://orcid.org/0000-0003-2829-8470					https://orcid.org/0009-0000-5160-7927					Class	HP:0030842			
PROMOT:0032008	Choking on saliva		Incidents in which saliva provoke choking.		https://orcid.org/0000-0003-2829-8470					https://orcid.org/0009-0000-5160-7927					Class	PROMOT:0032007			
PROMOT:0032009	Coughing on foods		Incidents in which a piece of food get stuck in the upper airway and provoke coughing.		https://orcid.org/0000-0003-2829-8470					https://orcid.org/0009-0000-5160-7927					Class	HP:0030842			
PROMOT:0032010	Coughing on liquids		Incidents in which liquids provoke coughing.		https://orcid.org/0000-0003-2829-8470					https://orcid.org/0009-0000-5160-7927					Class	HP:0030842			
PROMOT:0032011	Coughing on saliva		Incidents in which saliva provoke coughing.		https://orcid.org/0000-0003-2829-8470					https://orcid.org/0009-0000-5160-7927					Class	PROMOT:0032010			
PROMOT:0032012	Decreased walking speed		A walking speed that is below the lower limit of normal according to what is expected.		https://orcid.org/0000-0003-2829-8470					https://orcid.org/0009-0000-5160-7927					Class	HP:0001288			
PROMOT:0032013	Difficulty changing basic position		A difficulty to change basic position, i.e. a difficulty getting into and out of a body position and moving from one location to another, such as getting up out of a chair to lie down on a bed, and getting into and out of positions of sitting, standing, kneeling or squatting. This is distinct from the difficulty of transferring oneself.	ICF:150502901						https://orcid.org/0009-0000-5160-7927					Class	HP:0100022 			
PROMOT:0032014	Difficulty walking short distance		A difficulty to walk for less than a kilometre, such as walking around rooms or hallways, within a building or for short distances outside. This is distinct from the difficulty of moving around.	ICF:555410497						https://orcid.org/0009-0000-5160-7927					Class	HP:0001288			
PROMOT:0032015	Double compound motor action potential abnormality		Two abnormal findings in a compound motor action potential measurement in EMG.	HP:0033580	[PROMOT project] Mansoore Gholizade (definition reviewer)					https://orcid.org/0009-0000-5160-7927					Class	HP:0033580			
PROMOT:0032016	Dysphagia for liquid		Difficulty in swallowing liquid food. This is distinct from hydrophobia.	Clinical experts	https://orcid.org/0000-0003-2829-8470					https://orcid.org/0009-0000-5160-7927					Class	HP:0002015			
PROMOT:0032017	Dysphagia for solid		Difficulty in swallowing solid food.	Clinical experts	https://orcid.org/0000-0003-2829-8470					https://orcid.org/0009-0000-5160-7927					Class	HP:0002015			
PROMOT:0032018	Fatigable ptosis 		A type of ptosis that occurs after the external ocular muscle group is used and lessens if the muscle group has some rest. That is, there is a ptosis apparition with repetitive external ocular muscle actions.	Clinical experts	https://orcid.org/0000-0003-2829-8470					https://orcid.org/0009-0000-5160-7927					Class	HP:0000508			
PROMOT:0032019	Fatigable weakness of axial muscles		A type of weakness of the axial muscles (i.e., of the muscles of the head and neck, vertebral column, and intercostal muscles) that occurs after a muscle group is used and lessens if the muscle group has some rest. That is, there is diminution of the strength of the axial muscles with repetitive muscle actions.	HP:0003473	[PROMOT project] Mansoore Gholizade (definition reviewer)					https://orcid.org/0009-0000-5160-7927					Class	HP:0030197			
PROMOT:0032020	Fatigable weakness of facial musculature		A type of weakness of the facial musculature (i.e. one or more muscles innervated by the seventh cranial nerve) that occurs after a muscle group is used and lessens if the muscle group has some rest. That is, there is diminution of the strength of the facial musculature with repetitive muscle actions.	HP:0003473	[PROMOT project] Mansoore Gholizade (definition reviewer)					https://orcid.org/0009-0000-5160-7927					Class	HP:0003473			
PROMOT:0032021	Fatigable weakness of the ocular muscles		A type of weakness of the ocular muscles that occurs after a muscle group is used and lessens if the muscle group has some rest. That is, there is diminution of the strength of the ocular muscles with repetitive muscle actions.	HP:0003473	[PROMOT project] Mansoore Gholizade (definition reviewer)					https://orcid.org/0009-0000-5160-7927					Class	HP:0003473			
PROMOT:0032022	Fatigue while eating		A fatigue that occurs when one is eating. It is due to weakness or fatiguable weakness of chewing muscles.	Clinical experts	https://orcid.org/0000-0003-2829-8470					https://orcid.org/0009-0000-5160-7927					Class	HP:0012378			
PROMOT:0032023	Weakness of chewing muscles		A lack of strength in the muscles involved in chewing.	HP:0001324	[PROMOT project] Mansoore Gholizade (definition reviewer)					https://orcid.org/0009-0000-5160-7927					Class	HP:0001324			
PROMOT:0032024	Endurance of abdominal muscle		Functions related to sustaining contraction of an abdominal muscle for the required period of time.							https://orcid.org/0009-0000-5160-7927					Class	PROMOT:0032042			
PROMOT:0032025	Endurance of arm muscle		Functions related to sustaining contraction of an arm muscle for the required period of time.							https://orcid.org/0009-0000-5160-7927					Class	ICF:1302007745			
PROMOT:0032026	Endurance of buccinator		Functions related to sustaining buccinator contraction for the required period of time.							https://orcid.org/0009-0000-5160-7927					Class	PROMOT:0032030			
PROMOT:0032027	Endurance of diaphragm		Functions related to sustaining diaphragm contraction for the required period of time.							https://orcid.org/0009-0000-5160-7927					Class	PROMOT:0032042			
PROMOT:0032028	Endurance of extensor digitorum		Functions related to sustaining muscle contraction of an extensor digitorum for the required period of time.							https://orcid.org/0009-0000-5160-7927					Class	PROMOT:0032033			
PROMOT:0032029	Endurance of extra-ocular muscle		Functions related to sustaining contraction of an extra-ocular muscle for the required period of time.							https://orcid.org/0009-0000-5160-7927					Class	PROMOT:0032030			
PROMOT:0032030	Endurance of facial muscle		Functions related to sustaining contraction of a facial muscle for the required period of time.							https://orcid.org/0009-0000-5160-7927					Class	ICF:1302007745			
PROMOT:0032031	Endurance of first dorsal interosseous of hand		Functions related to sustaining muscle contraction of a first dorsal interosseous of hand for the required period of time.							https://orcid.org/0009-0000-5160-7927					Class	PROMOT:0032037			
PROMOT:0032032	Endurance of foot muscle		Functions related to sustaining muscle contraction of a foot muscle for the required period of time.							https://orcid.org/0009-0000-5160-7927					Class	ICF:1302007745			
PROMOT:0032033	Endurance of forearm muscle		Functions related to sustaining forearm muscle contraction for the required period of time.							https://orcid.org/0009-0000-5160-7927					Class	ICF:1302007745			
PROMOT:0032034	Endurance of hand muscle		Functions related to sustaining muscle contraction of a hand muscle for the required period of time.							https://orcid.org/0009-0000-5160-7927					Class	ICF:1302007745			
PROMOT:0032035	Endurance of intercostal muscle		Functions related to sustaining contraction of an intercostal muscle for the required period of time.							https://orcid.org/0009-0000-5160-7927					Class	PROMOT:0032042			
PROMOT:0032036	Endurance of a set of intercostal muscles		Functions related to sustaining contraction of a group of intercostal muscles for the required period of time.							https://orcid.org/0009-0000-5160-7927					Class	ICF:1521707777			
PROMOT:0032037	Endurance of intrinsic muscle of hand		Functions related to sustaining contraction of an intrinsic muscle of hand for the required period of time.							https://orcid.org/0009-0000-5160-7927					Class	PROMOT:0032034			
PROMOT:0032038	Endurance of leg muscle		Functions related to sustaining muscle contraction of a leg muscle for the required period of time.							https://orcid.org/0009-0000-5160-7927					Class	ICF:1302007745			
PROMOT:0032039	Endurance of masseter		Functions related to sustaining masseter contraction for the required period of time.							https://orcid.org/0009-0000-5160-7927					Class	PROMOT:0032030			
PROMOT:0032040	Endurance of a set of masticatory muscles		Functions related to sustaining contraction of a group of masticatory muscles for the required period of time.							https://orcid.org/0009-0000-5160-7927					Class	ICF:1521707777			
PROMOT:0032041	Endurance of muscle of pharynx		Functions related to sustaining contraction of a muscle of pharynx for the required period of time.							https://orcid.org/0009-0000-5160-7927					Class	PROMOT:0032043			
PROMOT:0032042	Endurance of muscle of trunk		Functions related to sustaining contraction of a trunk muscle for the required period of time.							https://orcid.org/0009-0000-5160-7927					Class	ICF:1302007745			
PROMOT:0032043	Endurance of neck muscle		Functions related to sustaining muscle contraction of a neck muscle for the required period of time.							https://orcid.org/0009-0000-5160-7927					Class	ICF:1302007745			
PROMOT:0032044	Endurance of pelvic gridle muscle		Functions related to sustaining muscle contraction of a pelvic gridle muscle for the required period of time.							https://orcid.org/0009-0000-5160-7927					Class	ICF:1302007745			
PROMOT:0032045	Endurance of a set of pharyngeal muscles		Functions related to sustaining muscle contraction of a group of pharyngeal muscles for the required period of time.							https://orcid.org/0009-0000-5160-7927					Class	ICF:1521707777			
PROMOT:0032046	Endurance of pterygoid muscle		Functions related to sustaining contraction of pterygoid muscle for the required period of time.							https://orcid.org/0009-0000-5160-7927					Class	PROMOT:0032030			
PROMOT:0032047	Endurance of quatriceps femoris		Functions related to sustaining contraction of a quatriceps femoris for the required period of time.							https://orcid.org/0009-0000-5160-7927					Class	ICF:1302007745			
PROMOT:0032048	Endurance of rhomboid major		Functions related to sustaining rhomboid major contraction for the required period of time.							https://orcid.org/0009-0000-5160-7927					Class	PROMOT:0032051			
PROMOT:0032049	Endurance of rhomboid minor		Functions related to sustaining rhomboid minor contraction for the required period of time.							https://orcid.org/0009-0000-5160-7927					Class	PROMOT:0032051			
PROMOT:0032050	Endurance of serratus anterior		Functions related to sustaining serratus anterior contraction for the required period of time.							https://orcid.org/0009-0000-5160-7927					Class	PROMOT:0032051			
PROMOT:0032051	Endurance of shoulder muscle		Functions related to sustaining muscle contraction of a shoulder muscle for the required period of time.							https://orcid.org/0009-0000-5160-7927					Class	ICF:1302007745			
PROMOT:0032052	Endurance of temporalis		Functions related to sustaining temporalis contraction for the required period of time.							https://orcid.org/0009-0000-5160-7927					Class	ICF:1302007745			
PROMOT:0032053	Endurance of thenar muscle		Functions related to sustaining contraction of a thenar muscle for the required period of time.							https://orcid.org/0009-0000-5160-7927					Class	PROMOT:0032037			
PROMOT:0032054	Endurance of thigh musculature		Functions related to sustaining contraction of the thigh musculature for the required period of time.							https://orcid.org/0009-0000-5160-7927					Class	ICF:1521707777			
PROMOT:0032055	Endurance of tibialis anterior		Functions related to sustaining muscle contraction of a tibialis anterior for the required period of time.							https://orcid.org/0009-0000-5160-7927					Class	PROMOT:0032038			
PROMOT:0032056	Endurance of tibialis posterior		Functions related to sustaining muscle contraction of a tibialis posterior for the required period of time.							https://orcid.org/0009-0000-5160-7927					Class	PROMOT:0032038			
PROMOT:0032057	Endurance of tongue muscle		Functions related to sustaining contraction of tongue muscle for the required period of time.							https://orcid.org/0009-0000-5160-7927					Class	PROMOT:0032030			
PROMOT:0032058	Endurance of trapezius		Functions related to sustaining trapezius contraction for the required period of time.							https://orcid.org/0009-0000-5160-7927					Class	PROMOT:0032051			
PROMOT:0032059	Endurance of triceps brachii		Functions related to sustaining triceps brachii contraction for the required period of time.							https://orcid.org/0009-0000-5160-7927					Class	PROMOT:0032025			
PROMOT:0032060	Power of abdominal muscle		Functions related to the force generated by the contraction of an abdominal muscle.							https://orcid.org/0009-0000-5160-7927					Class	PROMOT:0032078			
PROMOT:0032061	Power of arm muscle		Functions related to the force generated by the contraction of an arm muscle.							https://orcid.org/0009-0000-5160-7927					Class	ICF:1789365017			
PROMOT:0032062	Power of buccinator		Functions related to the force generated by the contraction of a buccinator.							https://orcid.org/0009-0000-5160-7927					Class	PROMOT:0032066			
PROMOT:0032063	Power of diaphragm		Functions related to the force generated by the contraction of the diaphragm.							https://orcid.org/0009-0000-5160-7927					Class	PROMOT:0032078			
PROMOT:0032064	Power of extensor digitorum		Functions related to the force generated by the contraction of an extensor digitorum.							https://orcid.org/0009-0000-5160-7927					Class	PROMOT:0032069			
PROMOT:0032065	Power of extra-ocular muscle		Functions related to the force generated by the contraction of an extra-ocular muscle.							https://orcid.org/0009-0000-5160-7927					Class	PROMOT:0032066			
PROMOT:0032066	Power of facial muscle		Functions related to the force generated by the contraction of a muscle of the face.							https://orcid.org/0009-0000-5160-7927					Class	ICF:1789365017			
PROMOT:0032067	Power of first dorsal interosseous of hand		Functions related to the force generated by the contraction of a first dorsal interosseous of hand.							https://orcid.org/0009-0000-5160-7927					Class	PROMOT:0032073			
PROMOT:0032068	Power of foot muscle		Functions related to the force generated by the contraction of a foot muscle.							https://orcid.org/0009-0000-5160-7927					Class	ICF:1789365017			
PROMOT:0032069	Power of forearm muscle		Functions related to the force generated by the contraction of a forearm muscle.							https://orcid.org/0009-0000-5160-7927					Class	ICF:1789365017			
PROMOT:0032070	Power of hand muscle		Functions related to the force generated by the contraction of a hand muscle.							https://orcid.org/0009-0000-5160-7927					Class	ICF:1789365017			
PROMOT:0032071	Power of intercostal muscle		Functions related to the force generated by the contraction of an intercostal muscle.							https://orcid.org/0009-0000-5160-7927					Class	PROMOT:0032078			
PROMOT:0032072	Power of a set of intercostal muscles		Functions related to the force generated by the contraction of a group of intercostal muscles.							https://orcid.org/0009-0000-5160-7927					Class	ICF:1789365017			
PROMOT:0032073	Power of intrinsic muscle of hand		Functions related to the force generated by the contraction of an intrinsic muscle of hand.							https://orcid.org/0009-0000-5160-7927					Class	PROMOT:0032070			
PROMOT:0032074	Power of leg muscle		Functions related to the force generated by the contraction of a leg muscle.							https://orcid.org/0009-0000-5160-7927					Class	ICF:1789365017			
PROMOT:0032075	Power of masseter		Functions related to the force generated by the contraction of a masseter.							https://orcid.org/0009-0000-5160-7927					Class	PROMOT:0032066			
PROMOT:0032076	Power of a set of masticatory muscles		Functions related to the force generated by the contraction of a group of masticatory muscles.							https://orcid.org/0009-0000-5160-7927					Class	ICF:1789365017			
PROMOT:0032077	Power of muscle of pharynx		Functions related to the force generated by the contraction of a muscle of pharynx.							https://orcid.org/0009-0000-5160-7927					Class	PROMOT:0032079			
PROMOT:0032078	Power of muscle of trunk		Functions related to the force generated by the contraction of a trunk muscle.							https://orcid.org/0009-0000-5160-7927					Class	ICF:1789365017			
PROMOT:0032079	Power of neck muscle		Functions related to the force generated by the contraction of a neck muscle.							https://orcid.org/0009-0000-5160-7927					Class	ICF:1789365017			
PROMOT:0032080	Power of pelvic gridle muscle		Functions related to the force generated by the contraction of a pelvic girdle muscle.							https://orcid.org/0009-0000-5160-7927					Class	ICF:1789365017			
PROMOT:0032081	Power of a set of pharyngeal muscles		Functions related to the force generated by the contraction of a group of pharyngeal muscles.							https://orcid.org/0009-0000-5160-7927					Class	ICF:1789365017			
PROMOT:0032082	Power of pterygoid muscle		Functions related to the force generated by the contraction of a pterygoid muscle.							https://orcid.org/0009-0000-5160-7927					Class	PROMOT:0032066			
PROMOT:0032083	Power of quatriceps femoris		Functions related to the force generated by the contraction of a quadriceps femoris.							https://orcid.org/0009-0000-5160-7927					Class	ICF:1789365017			
PROMOT:0032084	Power of rhomboid major		Functions related to the force generated by the contraction of a rhomboid major.							https://orcid.org/0009-0000-5160-7927					Class	PROMOT:0032087			
PROMOT:0032085	Power of rhomboid minor		Functions related to the force generated by the contraction of a rhomboid minor.							https://orcid.org/0009-0000-5160-7927					Class	PROMOT:0032087			
PROMOT:0032086	Power of serratus anterior		Functions related to the force generated by the contraction of a serratus anterior.							https://orcid.org/0009-0000-5160-7927					Class	PROMOT:0032087			
PROMOT:0032087	Power of shoulder muscle		Functions related to the force generated by the contraction of a shoulder muscle.							https://orcid.org/0009-0000-5160-7927					Class	ICF:1789365017			
PROMOT:0032088	Power of temporalis		Functions related to the force generated by the contraction of a temporalis.							https://orcid.org/0009-0000-5160-7927					Class	ICF:1789365017			
PROMOT:0032089	Power of thenar muscle		Functions related to the force generated by the contraction of a thenar muscle.							https://orcid.org/0009-0000-5160-7927					Class	PROMOT:0032073			
PROMOT:0032090	Power of thigh musculature		Functions related to the force generated by the contraction of the thigh musculature.							https://orcid.org/0009-0000-5160-7927					Class	ICF:1789365017			
PROMOT:0032091	Power of tibialis anterior		Functions related to the force generated by the contraction of a tibialis anterior.							https://orcid.org/0009-0000-5160-7927					Class	PROMOT:0032074			
PROMOT:0032092	Power of tibialis posterior		Functions related to the force generated by the contraction of a tibialis posterior.							https://orcid.org/0009-0000-5160-7927					Class	PROMOT:0032074			
PROMOT:0032093	Power of tongue muscle		Functions related to the force generated by the contraction of the tongue muscle.							https://orcid.org/0009-0000-5160-7927					Class	PROMOT:0032066			
PROMOT:0032094	Power of trapezius		Functions related to the force generated by the contraction of a trapezius.							https://orcid.org/0009-0000-5160-7927					Class	PROMOT:0032087			
PROMOT:0032095	Power of triceps brachii		Functions related to the force generated by the contraction of a triceps brachii.							https://orcid.org/0009-0000-5160-7927					Class	PROMOT:0032061			
PROMOT:0100003	Phenotypically related procedure		A procedure that can assess a phenotype.							https://orcid.org/0009-0000-5160-7927					Class	SNOMED:128927009|(PROMOT:2000002 some HP:0000118)	(SNOMED:128927009 and (PROMOT:2000002 some HP:0000118))		
PROMOT:0100002	Body function related procedure		A procedure that can measure a body function.							https://orcid.org/0009-0000-5160-7927					Class	SNOMED:128927009|(PROMOT:2000002 some ICF:567313968)	(SNOMED:128927009 and (PROMOT:2000002 some ICF:567313968))		
PROMOT:0100001	Activity related procedure		A procedure that can measure an activity.							https://orcid.org/0009-0000-5160-7927					Class	SNOMED:128927009|(PROMOT:2000002 some PROMOT:0110001)	(SNOMED:128927009 and (PROMOT:2000002 some PROMOT:0110001))		
PROMOT:0110001	Activity		An activity is the execution of a task or action by an individual. Activity limitations are difficulties an individual may have in executing activities.	International Classification of Functioning, Disability and Health (ICF)					http://id.who.int/icd/entity/1394728112	https://orcid.org/0009-0000-5160-7927					Class	BFO:0000015			
PROMOT:0120002	Participation		A participation is an involvement in a life situation. Participation restrictions are problems an individual may experience in involvement in life situations.	International Classification of Functioning, Disability and Health (ICF)					http://id.who.int/icd/entity/1394728112	https://orcid.org/0009-0000-5160-7927					Class	BFO:0000015			