IRI	skos:notation	skos:altLabel
https://data.esante.gouv.fr/terminologies/icf#100020		
https://data.esante.gouv.fr/terminologies/icf#100027		
https://data.esante.gouv.fr/terminologies/icf#100100		
https://data.esante.gouv.fr/terminologies/icf#100113		
https://data.esante.gouv.fr/terminologies/icf#100199		
https://data.esante.gouv.fr/terminologies/icf#100223		
https://data.esante.gouv.fr/terminologies/icf#100226		
https://data.esante.gouv.fr/terminologies/icf#100298		
https://data.esante.gouv.fr/terminologies/icf#100348		
https://data.esante.gouv.fr/terminologies/icf#10039	e5202	e5202 open space planning policies
https://data.esante.gouv.fr/terminologies/icf#100392		
https://data.esante.gouv.fr/terminologies/icf#100468		
https://data.esante.gouv.fr/terminologies/icf#10051	s7408	s7408 structure of pelvic region, other specified
https://data.esante.gouv.fr/terminologies/icf#10057	e5902	e5902 labour and employment policies
https://data.esante.gouv.fr/terminologies/icf#100607		
https://data.esante.gouv.fr/terminologies/icf#100671		
https://data.esante.gouv.fr/terminologies/icf#100691		
https://data.esante.gouv.fr/terminologies/icf#100692		
https://data.esante.gouv.fr/terminologies/icf#100706		
https://data.esante.gouv.fr/terminologies/icf#100719		
https://data.esante.gouv.fr/terminologies/icf#100870		
https://data.esante.gouv.fr/terminologies/icf#100940		
https://data.esante.gouv.fr/terminologies/icf#10095	d8459	d8459 acquiring, keeping and terminating a job, unspecified
https://data.esante.gouv.fr/terminologies/icf#100998		
https://data.esante.gouv.fr/terminologies/icf#101008		
https://data.esante.gouv.fr/terminologies/icf#101128		
https://data.esante.gouv.fr/terminologies/icf#101176		
https://data.esante.gouv.fr/terminologies/icf#101219		
https://data.esante.gouv.fr/terminologies/icf#101225		
https://data.esante.gouv.fr/terminologies/icf#101305		
https://data.esante.gouv.fr/terminologies/icf#101425		
https://data.esante.gouv.fr/terminologies/icf#101464		
https://data.esante.gouv.fr/terminologies/icf#101519		
https://data.esante.gouv.fr/terminologies/icf#101592		
https://data.esante.gouv.fr/terminologies/icf#101647		
https://data.esante.gouv.fr/terminologies/icf#101696		
https://data.esante.gouv.fr/terminologies/icf#101707		
https://data.esante.gouv.fr/terminologies/icf#101764		
https://data.esante.gouv.fr/terminologies/icf#101765		
https://data.esante.gouv.fr/terminologies/icf#101806		
https://data.esante.gouv.fr/terminologies/icf#101830		
https://data.esante.gouv.fr/terminologies/icf#101931		
https://data.esante.gouv.fr/terminologies/icf#101955		
https://data.esante.gouv.fr/terminologies/icf#101993		
https://data.esante.gouv.fr/terminologies/icf#10203	b398	b398 voice and speech functions, other specified
https://data.esante.gouv.fr/terminologies/icf#102049		
https://data.esante.gouv.fr/terminologies/icf#102071		
https://data.esante.gouv.fr/terminologies/icf#102080		
https://data.esante.gouv.fr/terminologies/icf#102091		
https://data.esante.gouv.fr/terminologies/icf#102097		
https://data.esante.gouv.fr/terminologies/icf#102407		
https://data.esante.gouv.fr/terminologies/icf#102453		
https://data.esante.gouv.fr/terminologies/icf#102475		
https://data.esante.gouv.fr/terminologies/icf#102555		
https://data.esante.gouv.fr/terminologies/icf#102591		
https://data.esante.gouv.fr/terminologies/icf#10266	d8458	d8458 acquiring, keeping and terminating a job, other specified
https://data.esante.gouv.fr/terminologies/icf#102707		
https://data.esante.gouv.fr/terminologies/icf#102718		
https://data.esante.gouv.fr/terminologies/icf#102735		
https://data.esante.gouv.fr/terminologies/icf#102785		
https://data.esante.gouv.fr/terminologies/icf#10279	d3502	d3502 ending a conversation
https://data.esante.gouv.fr/terminologies/icf#102811		
https://data.esante.gouv.fr/terminologies/icf#102815		
https://data.esante.gouv.fr/terminologies/icf#102913		
https://data.esante.gouv.fr/terminologies/icf#102941		
https://data.esante.gouv.fr/terminologies/icf#102974		
https://data.esante.gouv.fr/terminologies/icf#103067		
https://data.esante.gouv.fr/terminologies/icf#103077		
https://data.esante.gouv.fr/terminologies/icf#103117		
https://data.esante.gouv.fr/terminologies/icf#103223		
https://data.esante.gouv.fr/terminologies/icf#103263		
https://data.esante.gouv.fr/terminologies/icf#103369		
https://data.esante.gouv.fr/terminologies/icf#103403		
https://data.esante.gouv.fr/terminologies/icf#103414		
https://data.esante.gouv.fr/terminologies/icf#103517		
https://data.esante.gouv.fr/terminologies/icf#103524		
https://data.esante.gouv.fr/terminologies/icf#103563		
https://data.esante.gouv.fr/terminologies/icf#103602		
https://data.esante.gouv.fr/terminologies/icf#103609		
https://data.esante.gouv.fr/terminologies/icf#103686		
https://data.esante.gouv.fr/terminologies/icf#103772		
https://data.esante.gouv.fr/terminologies/icf#103776		
https://data.esante.gouv.fr/terminologies/icf#103780		
https://data.esante.gouv.fr/terminologies/icf#103844		
https://data.esante.gouv.fr/terminologies/icf#103896		
https://data.esante.gouv.fr/terminologies/icf#103916		
https://data.esante.gouv.fr/terminologies/icf#103941		
https://data.esante.gouv.fr/terminologies/icf#104106		
https://data.esante.gouv.fr/terminologies/icf#104309		
https://data.esante.gouv.fr/terminologies/icf#104341		
https://data.esante.gouv.fr/terminologies/icf#104378		
https://data.esante.gouv.fr/terminologies/icf#104483		
https://data.esante.gouv.fr/terminologies/icf#104487		
https://data.esante.gouv.fr/terminologies/icf#104493		
https://data.esante.gouv.fr/terminologies/icf#104546		
https://data.esante.gouv.fr/terminologies/icf#104552		
https://data.esante.gouv.fr/terminologies/icf#104606		
https://data.esante.gouv.fr/terminologies/icf#104685		
https://data.esante.gouv.fr/terminologies/icf#104686		
https://data.esante.gouv.fr/terminologies/icf#104747		
https://data.esante.gouv.fr/terminologies/icf#104759		
https://data.esante.gouv.fr/terminologies/icf#104787		
https://data.esante.gouv.fr/terminologies/icf#10492	d998	d998 community, social and civic life, other specified
https://data.esante.gouv.fr/terminologies/icf#104922		
https://data.esante.gouv.fr/terminologies/icf#105088		
https://data.esante.gouv.fr/terminologies/icf#10515	d950	d950 political life and citizenship
https://data.esante.gouv.fr/terminologies/icf#105242		
https://data.esante.gouv.fr/terminologies/icf#105253		
https://data.esante.gouv.fr/terminologies/icf#105307		
https://data.esante.gouv.fr/terminologies/icf#105356		
https://data.esante.gouv.fr/terminologies/icf#105385		
https://data.esante.gouv.fr/terminologies/icf#105431		
https://data.esante.gouv.fr/terminologies/icf#105463		
https://data.esante.gouv.fr/terminologies/icf#10547	b289	b289 sensation of pain, other specified and unspecified
https://data.esante.gouv.fr/terminologies/icf#105494		
https://data.esante.gouv.fr/terminologies/icf#105503		
https://data.esante.gouv.fr/terminologies/icf#105696		
https://data.esante.gouv.fr/terminologies/icf#10570	d335	d335 producing nonverbal messages
https://data.esante.gouv.fr/terminologies/icf#105782		
https://data.esante.gouv.fr/terminologies/icf#105837		
https://data.esante.gouv.fr/terminologies/icf#105870		
https://data.esante.gouv.fr/terminologies/icf#105881		
https://data.esante.gouv.fr/terminologies/icf#105934		
https://data.esante.gouv.fr/terminologies/icf#105939		
https://data.esante.gouv.fr/terminologies/icf#10599	s3	structures involved in voice and speech
https://data.esante.gouv.fr/terminologies/icf#106011		
https://data.esante.gouv.fr/terminologies/icf#106201		
https://data.esante.gouv.fr/terminologies/icf#106344		
https://data.esante.gouv.fr/terminologies/icf#106384		
https://data.esante.gouv.fr/terminologies/icf#106445		
https://data.esante.gouv.fr/terminologies/icf#106544		
https://data.esante.gouv.fr/terminologies/icf#10658	b429	b429 functions of the cardiovascular system, other specified and unspecified
https://data.esante.gouv.fr/terminologies/icf#106605		
https://data.esante.gouv.fr/terminologies/icf#106634		
https://data.esante.gouv.fr/terminologies/icf#106638		
https://data.esante.gouv.fr/terminologies/icf#106654		
https://data.esante.gouv.fr/terminologies/icf#106664		
https://data.esante.gouv.fr/terminologies/icf#106790		
https://data.esante.gouv.fr/terminologies/icf#106826		
https://data.esante.gouv.fr/terminologies/icf#106842		
https://data.esante.gouv.fr/terminologies/icf#106879		
https://data.esante.gouv.fr/terminologies/icf#106938		
https://data.esante.gouv.fr/terminologies/icf#107045		
https://data.esante.gouv.fr/terminologies/icf#107069		
https://data.esante.gouv.fr/terminologies/icf#107105		
https://data.esante.gouv.fr/terminologies/icf#10723	e1609	e1609 products and technology of land development, unspecified
https://data.esante.gouv.fr/terminologies/icf#107232		
https://data.esante.gouv.fr/terminologies/icf#107286		
https://data.esante.gouv.fr/terminologies/icf#107306		
https://data.esante.gouv.fr/terminologies/icf#107334		
https://data.esante.gouv.fr/terminologies/icf#107357		
https://data.esante.gouv.fr/terminologies/icf#107462		
https://data.esante.gouv.fr/terminologies/icf#107528		
https://data.esante.gouv.fr/terminologies/icf#107562		
https://data.esante.gouv.fr/terminologies/icf#10766	e5308	e5308 utilities services, systems and policies, other specified
https://data.esante.gouv.fr/terminologies/icf#107684		
https://data.esante.gouv.fr/terminologies/icf#107738		
https://data.esante.gouv.fr/terminologies/icf#107843		
https://data.esante.gouv.fr/terminologies/icf#107878		
https://data.esante.gouv.fr/terminologies/icf#107926		
https://data.esante.gouv.fr/terminologies/icf#108060		
https://data.esante.gouv.fr/terminologies/icf#10812	b255	b255 smell function
https://data.esante.gouv.fr/terminologies/icf#108220		
https://data.esante.gouv.fr/terminologies/icf#108241		
https://data.esante.gouv.fr/terminologies/icf#108448		
https://data.esante.gouv.fr/terminologies/icf#108538		
https://data.esante.gouv.fr/terminologies/icf#108657		
https://data.esante.gouv.fr/terminologies/icf#108707		
https://data.esante.gouv.fr/terminologies/icf#108733		
https://data.esante.gouv.fr/terminologies/icf#108823		
https://data.esante.gouv.fr/terminologies/icf#108961		
https://data.esante.gouv.fr/terminologies/icf#10900	b1449	b1449 memory functions, unspecified
https://data.esante.gouv.fr/terminologies/icf#109184		
https://data.esante.gouv.fr/terminologies/icf#109198		
https://data.esante.gouv.fr/terminologies/icf#109227		
https://data.esante.gouv.fr/terminologies/icf#109236		
https://data.esante.gouv.fr/terminologies/icf#109272		
https://data.esante.gouv.fr/terminologies/icf#10931	d7709	d7709 intimate relationships, unspecified
https://data.esante.gouv.fr/terminologies/icf#109367		
https://data.esante.gouv.fr/terminologies/icf#109480		
https://data.esante.gouv.fr/terminologies/icf#109503		
https://data.esante.gouv.fr/terminologies/icf#109587		
https://data.esante.gouv.fr/terminologies/icf#109637		
https://data.esante.gouv.fr/terminologies/icf#109660		
https://data.esante.gouv.fr/terminologies/icf#109701		
https://data.esante.gouv.fr/terminologies/icf#109774		
https://data.esante.gouv.fr/terminologies/icf#109786		
https://data.esante.gouv.fr/terminologies/icf#109837		
https://data.esante.gouv.fr/terminologies/icf#109842		
https://data.esante.gouv.fr/terminologies/icf#109858		
https://data.esante.gouv.fr/terminologies/icf#109910		
https://data.esante.gouv.fr/terminologies/icf#109952		
https://data.esante.gouv.fr/terminologies/icf#109957		
https://data.esante.gouv.fr/terminologies/icf#109977		
https://data.esante.gouv.fr/terminologies/icf#11004	s6304	s6304 testes and scrotum
https://data.esante.gouv.fr/terminologies/icf#110103		
https://data.esante.gouv.fr/terminologies/icf#110128		
https://data.esante.gouv.fr/terminologies/icf#110185		
https://data.esante.gouv.fr/terminologies/icf#110243		
https://data.esante.gouv.fr/terminologies/icf#110302		
https://data.esante.gouv.fr/terminologies/icf#110328		
https://data.esante.gouv.fr/terminologies/icf#110330		
https://data.esante.gouv.fr/terminologies/icf#110379		
https://data.esante.gouv.fr/terminologies/icf#110497		
https://data.esante.gouv.fr/terminologies/icf#110515		
https://data.esante.gouv.fr/terminologies/icf#110579		
https://data.esante.gouv.fr/terminologies/icf#110609		
https://data.esante.gouv.fr/terminologies/icf#110675		
https://data.esante.gouv.fr/terminologies/icf#110676		
https://data.esante.gouv.fr/terminologies/icf#110741		
https://data.esante.gouv.fr/terminologies/icf#110744		
https://data.esante.gouv.fr/terminologies/icf#11085	d4106	d4106 shifting the body's centre of gravity
https://data.esante.gouv.fr/terminologies/icf#110929		
https://data.esante.gouv.fr/terminologies/icf#110976		
https://data.esante.gouv.fr/terminologies/icf#110995		
https://data.esante.gouv.fr/terminologies/icf#111076		
https://data.esante.gouv.fr/terminologies/icf#111133		
https://data.esante.gouv.fr/terminologies/icf#111198		
https://data.esante.gouv.fr/terminologies/icf#111219		
https://data.esante.gouv.fr/terminologies/icf#111363		
https://data.esante.gouv.fr/terminologies/icf#111492		
https://data.esante.gouv.fr/terminologies/icf#111498		
https://data.esante.gouv.fr/terminologies/icf#111559		
https://data.esante.gouv.fr/terminologies/icf#111591		
https://data.esante.gouv.fr/terminologies/icf#11162	b6108	b6108 urinary excretory functions, other specified
https://data.esante.gouv.fr/terminologies/icf#111670		
https://data.esante.gouv.fr/terminologies/icf#111673		
https://data.esante.gouv.fr/terminologies/icf#111858		
https://data.esante.gouv.fr/terminologies/icf#11187	b1643	b1643 cognitive flexibility
https://data.esante.gouv.fr/terminologies/icf#111984		
https://data.esante.gouv.fr/terminologies/icf#111998		
https://data.esante.gouv.fr/terminologies/icf#112128		
https://data.esante.gouv.fr/terminologies/icf#112205		
https://data.esante.gouv.fr/terminologies/icf#112227		
https://data.esante.gouv.fr/terminologies/icf#11231	b2703	b2703 sensitivity to a noxious stimulus
https://data.esante.gouv.fr/terminologies/icf#112318		
https://data.esante.gouv.fr/terminologies/icf#11246	d810	d810 informal education
https://data.esante.gouv.fr/terminologies/icf#112547		
https://data.esante.gouv.fr/terminologies/icf#112565		
https://data.esante.gouv.fr/terminologies/icf#112638		
https://data.esante.gouv.fr/terminologies/icf#112674		
https://data.esante.gouv.fr/terminologies/icf#112774		
https://data.esante.gouv.fr/terminologies/icf#112887		
https://data.esante.gouv.fr/terminologies/icf#112958		
https://data.esante.gouv.fr/terminologies/icf#112998		
https://data.esante.gouv.fr/terminologies/icf#113027		
https://data.esante.gouv.fr/terminologies/icf#113040		
https://data.esante.gouv.fr/terminologies/icf#113103		
https://data.esante.gouv.fr/terminologies/icf#11323	d630-d649	household tasks (d630-d649)
https://data.esante.gouv.fr/terminologies/icf#113268		
https://data.esante.gouv.fr/terminologies/icf#113287		
https://data.esante.gouv.fr/terminologies/icf#113413		
https://data.esante.gouv.fr/terminologies/icf#113631		
https://data.esante.gouv.fr/terminologies/icf#113710		
https://data.esante.gouv.fr/terminologies/icf#113782		
https://data.esante.gouv.fr/terminologies/icf#113786		
https://data.esante.gouv.fr/terminologies/icf#114036		
https://data.esante.gouv.fr/terminologies/icf#114046		
https://data.esante.gouv.fr/terminologies/icf#114067		
https://data.esante.gouv.fr/terminologies/icf#114076		
https://data.esante.gouv.fr/terminologies/icf#114194		
https://data.esante.gouv.fr/terminologies/icf#114198		
https://data.esante.gouv.fr/terminologies/icf#114224		
https://data.esante.gouv.fr/terminologies/icf#114361		
https://data.esante.gouv.fr/terminologies/icf#114398		
https://data.esante.gouv.fr/terminologies/icf#11447	d4501	d4501 walking long distances
https://data.esante.gouv.fr/terminologies/icf#11450	b6400	b6400 functions of sexual arousal phase
https://data.esante.gouv.fr/terminologies/icf#11451	d4700	d4700 using human-powered vehicles
https://data.esante.gouv.fr/terminologies/icf#114510		
https://data.esante.gouv.fr/terminologies/icf#114576		
https://data.esante.gouv.fr/terminologies/icf#114593		
https://data.esante.gouv.fr/terminologies/icf#11479	d129	d129 purposeful sensory experiences, other specified and unspecified
https://data.esante.gouv.fr/terminologies/icf#114800		
https://data.esante.gouv.fr/terminologies/icf#114819		
https://data.esante.gouv.fr/terminologies/icf#114913		
https://data.esante.gouv.fr/terminologies/icf#114916		
https://data.esante.gouv.fr/terminologies/icf#115005		
https://data.esante.gouv.fr/terminologies/icf#11501	b7	neuromusculoskeletal and movement-related functions
https://data.esante.gouv.fr/terminologies/icf#115018		
https://data.esante.gouv.fr/terminologies/icf#115043		
https://data.esante.gouv.fr/terminologies/icf#115063		
https://data.esante.gouv.fr/terminologies/icf#115079		
https://data.esante.gouv.fr/terminologies/icf#115093		
https://data.esante.gouv.fr/terminologies/icf#115163		
https://data.esante.gouv.fr/terminologies/icf#115171		
https://data.esante.gouv.fr/terminologies/icf#115174		
https://data.esante.gouv.fr/terminologies/icf#115205		
https://data.esante.gouv.fr/terminologies/icf#115271		
https://data.esante.gouv.fr/terminologies/icf#115301		
https://data.esante.gouv.fr/terminologies/icf#11541	b130	b130 energy and drive functions
https://data.esante.gouv.fr/terminologies/icf#11551	d1709	d1709 writing, unspecified
https://data.esante.gouv.fr/terminologies/icf#115554		
https://data.esante.gouv.fr/terminologies/icf#115600		
https://data.esante.gouv.fr/terminologies/icf#115635		
https://data.esante.gouv.fr/terminologies/icf#115640		
https://data.esante.gouv.fr/terminologies/icf#11571	s1200	s1200 structure of spinal cord
https://data.esante.gouv.fr/terminologies/icf#115781		
https://data.esante.gouv.fr/terminologies/icf#115784		
https://data.esante.gouv.fr/terminologies/icf#11579	b450-b469	additional functions and sensations of the cardiovascular and respiratory systems (b450-b469)
https://data.esante.gouv.fr/terminologies/icf#115797		
https://data.esante.gouv.fr/terminologies/icf#115904		
https://data.esante.gouv.fr/terminologies/icf#115923		
https://data.esante.gouv.fr/terminologies/icf#115926		
https://data.esante.gouv.fr/terminologies/icf#1160	b1300	b1300 energy level
https://data.esante.gouv.fr/terminologies/icf#11605	b55502	b55502 penis, testes and scrotum development
https://data.esante.gouv.fr/terminologies/icf#11610	b7152	b7152 stability of joints generalized
https://data.esante.gouv.fr/terminologies/icf#116114		
https://data.esante.gouv.fr/terminologies/icf#116167		
https://data.esante.gouv.fr/terminologies/icf#116189		
https://data.esante.gouv.fr/terminologies/icf#116297		
https://data.esante.gouv.fr/terminologies/icf#116325		
https://data.esante.gouv.fr/terminologies/icf#116403		
https://data.esante.gouv.fr/terminologies/icf#116434		
https://data.esante.gouv.fr/terminologies/icf#116492		
https://data.esante.gouv.fr/terminologies/icf#116505		
https://data.esante.gouv.fr/terminologies/icf#11657	d610-d629	acquisition of necessities (d610-d629)
https://data.esante.gouv.fr/terminologies/icf#116595		
https://data.esante.gouv.fr/terminologies/icf#116634		
https://data.esante.gouv.fr/terminologies/icf#116806		
https://data.esante.gouv.fr/terminologies/icf#116861		
https://data.esante.gouv.fr/terminologies/icf#116898		
https://data.esante.gouv.fr/terminologies/icf#11700	b2400	b2400 ringing in ears or tinnitus
https://data.esante.gouv.fr/terminologies/icf#117043		
https://data.esante.gouv.fr/terminologies/icf#117074		
https://data.esante.gouv.fr/terminologies/icf#117147		
https://data.esante.gouv.fr/terminologies/icf#117221		
https://data.esante.gouv.fr/terminologies/icf#117238		
https://data.esante.gouv.fr/terminologies/icf#117299		
https://data.esante.gouv.fr/terminologies/icf#11740	d1209	d1209 other purposeful sensing, unspecified
https://data.esante.gouv.fr/terminologies/icf#117435		
https://data.esante.gouv.fr/terminologies/icf#117550		
https://data.esante.gouv.fr/terminologies/icf#11758	b715	b715 stability of joint functions
https://data.esante.gouv.fr/terminologies/icf#117678		
https://data.esante.gouv.fr/terminologies/icf#117690		
https://data.esante.gouv.fr/terminologies/icf#117775		
https://data.esante.gouv.fr/terminologies/icf#117782		
https://data.esante.gouv.fr/terminologies/icf#117814		
https://data.esante.gouv.fr/terminologies/icf#117835		
https://data.esante.gouv.fr/terminologies/icf#117836		
https://data.esante.gouv.fr/terminologies/icf#117941		
https://data.esante.gouv.fr/terminologies/icf#118086		
https://data.esante.gouv.fr/terminologies/icf#11817	b1564	b1564 tactile perception
https://data.esante.gouv.fr/terminologies/icf#118236		
https://data.esante.gouv.fr/terminologies/icf#118296		
https://data.esante.gouv.fr/terminologies/icf#118318		
https://data.esante.gouv.fr/terminologies/icf#118410		
https://data.esante.gouv.fr/terminologies/icf#118416		
https://data.esante.gouv.fr/terminologies/icf#118482		
https://data.esante.gouv.fr/terminologies/icf#118548		
https://data.esante.gouv.fr/terminologies/icf#11856	d6301	d6301 preparing complex meals
https://data.esante.gouv.fr/terminologies/icf#118598		
https://data.esante.gouv.fr/terminologies/icf#118671		
https://data.esante.gouv.fr/terminologies/icf#118678		
https://data.esante.gouv.fr/terminologies/icf#118717		
https://data.esante.gouv.fr/terminologies/icf#118780		
https://data.esante.gouv.fr/terminologies/icf#118870		
https://data.esante.gouv.fr/terminologies/icf#118893		
https://data.esante.gouv.fr/terminologies/icf#118903		
https://data.esante.gouv.fr/terminologies/icf#11902	d6400	d6400 washing and drying clothes and garments
https://data.esante.gouv.fr/terminologies/icf#119041		
https://data.esante.gouv.fr/terminologies/icf#119049		
https://data.esante.gouv.fr/terminologies/icf#119137		
https://data.esante.gouv.fr/terminologies/icf#119185		
https://data.esante.gouv.fr/terminologies/icf#11920	d1408	d1408 learning to read, other specified
https://data.esante.gouv.fr/terminologies/icf#119217		
https://data.esante.gouv.fr/terminologies/icf#119300		
https://data.esante.gouv.fr/terminologies/icf#119414		
https://data.esante.gouv.fr/terminologies/icf#119472		
https://data.esante.gouv.fr/terminologies/icf#119525		
https://data.esante.gouv.fr/terminologies/icf#119589		
https://data.esante.gouv.fr/terminologies/icf#119606		
https://data.esante.gouv.fr/terminologies/icf#119617		
https://data.esante.gouv.fr/terminologies/icf#119734		
https://data.esante.gouv.fr/terminologies/icf#119746		
https://data.esante.gouv.fr/terminologies/icf#119818		
https://data.esante.gouv.fr/terminologies/icf#119825		
https://data.esante.gouv.fr/terminologies/icf#119867		
https://data.esante.gouv.fr/terminologies/icf#119871		
https://data.esante.gouv.fr/terminologies/icf#119896		
https://data.esante.gouv.fr/terminologies/icf#119904		
https://data.esante.gouv.fr/terminologies/icf#119909		
https://data.esante.gouv.fr/terminologies/icf#119937		
https://data.esante.gouv.fr/terminologies/icf#119986		
https://data.esante.gouv.fr/terminologies/icf#1201	b7102	b7102 mobility of joints generalized
https://data.esante.gouv.fr/terminologies/icf#12012	e310	e310 immediate family
https://data.esante.gouv.fr/terminologies/icf#120221		
https://data.esante.gouv.fr/terminologies/icf#120263		
https://data.esante.gouv.fr/terminologies/icf#120324		
https://data.esante.gouv.fr/terminologies/icf#120347		
https://data.esante.gouv.fr/terminologies/icf#120466		
https://data.esante.gouv.fr/terminologies/icf#120540		
https://data.esante.gouv.fr/terminologies/icf#120600		
https://data.esante.gouv.fr/terminologies/icf#12063	s2203	s2203 retina
https://data.esante.gouv.fr/terminologies/icf#120662		
https://data.esante.gouv.fr/terminologies/icf#120773		
https://data.esante.gouv.fr/terminologies/icf#120790		
https://data.esante.gouv.fr/terminologies/icf#120941		
https://data.esante.gouv.fr/terminologies/icf#121216		
https://data.esante.gouv.fr/terminologies/icf#12124	b850-b869	functions of the hair and nails (b850-b869)
https://data.esante.gouv.fr/terminologies/icf#121270		
https://data.esante.gouv.fr/terminologies/icf#121371		
https://data.esante.gouv.fr/terminologies/icf#121445		
https://data.esante.gouv.fr/terminologies/icf#121469		
https://data.esante.gouv.fr/terminologies/icf#121594		
https://data.esante.gouv.fr/terminologies/icf#121603		
https://data.esante.gouv.fr/terminologies/icf#121706		
https://data.esante.gouv.fr/terminologies/icf#121776		
https://data.esante.gouv.fr/terminologies/icf#121799		
https://data.esante.gouv.fr/terminologies/icf#121872		
https://data.esante.gouv.fr/terminologies/icf#121913		
https://data.esante.gouv.fr/terminologies/icf#121964		
https://data.esante.gouv.fr/terminologies/icf#122023		
https://data.esante.gouv.fr/terminologies/icf#122129		
https://data.esante.gouv.fr/terminologies/icf#122133		
https://data.esante.gouv.fr/terminologies/icf#122165		
https://data.esante.gouv.fr/terminologies/icf#122205		
https://data.esante.gouv.fr/terminologies/icf#122210		
https://data.esante.gouv.fr/terminologies/icf#122423		
https://data.esante.gouv.fr/terminologies/icf#122509		
https://data.esante.gouv.fr/terminologies/icf#122533		
https://data.esante.gouv.fr/terminologies/icf#122570		
https://data.esante.gouv.fr/terminologies/icf#12261	b740	b740 muscle endurance functions
https://data.esante.gouv.fr/terminologies/icf#122644		
https://data.esante.gouv.fr/terminologies/icf#122652		
https://data.esante.gouv.fr/terminologies/icf#122657		
https://data.esante.gouv.fr/terminologies/icf#122680		
https://data.esante.gouv.fr/terminologies/icf#12271	s43031	s43031 diaphragm
https://data.esante.gouv.fr/terminologies/icf#12279	d299	d299 general tasks and demands, unspecified
https://data.esante.gouv.fr/terminologies/icf#122794		
https://data.esante.gouv.fr/terminologies/icf#12297	d770	d770 intimate relationships
https://data.esante.gouv.fr/terminologies/icf#123192		
https://data.esante.gouv.fr/terminologies/icf#123275		
https://data.esante.gouv.fr/terminologies/icf#123298		
https://data.esante.gouv.fr/terminologies/icf#123467		
https://data.esante.gouv.fr/terminologies/icf#123502		
https://data.esante.gouv.fr/terminologies/icf#123516		
https://data.esante.gouv.fr/terminologies/icf#123541		
https://data.esante.gouv.fr/terminologies/icf#123562		
https://data.esante.gouv.fr/terminologies/icf#123606		
https://data.esante.gouv.fr/terminologies/icf#123680		
https://data.esante.gouv.fr/terminologies/icf#123698		
https://data.esante.gouv.fr/terminologies/icf#123699		
https://data.esante.gouv.fr/terminologies/icf#123711		
https://data.esante.gouv.fr/terminologies/icf#123830		
https://data.esante.gouv.fr/terminologies/icf#123838		
https://data.esante.gouv.fr/terminologies/icf#123878		
https://data.esante.gouv.fr/terminologies/icf#123910		
https://data.esante.gouv.fr/terminologies/icf#123957		
https://data.esante.gouv.fr/terminologies/icf#124043		
https://data.esante.gouv.fr/terminologies/icf#124083		
https://data.esante.gouv.fr/terminologies/icf#124116		
https://data.esante.gouv.fr/terminologies/icf#12412	d598	d598 self-care, other specified
https://data.esante.gouv.fr/terminologies/icf#124137		
https://data.esante.gouv.fr/terminologies/icf#124183		
https://data.esante.gouv.fr/terminologies/icf#124287		
https://data.esante.gouv.fr/terminologies/icf#124323		
https://data.esante.gouv.fr/terminologies/icf#12455	b525	b525 defecation functions
https://data.esante.gouv.fr/terminologies/icf#124659		
https://data.esante.gouv.fr/terminologies/icf#124672		
https://data.esante.gouv.fr/terminologies/icf#124886		
https://data.esante.gouv.fr/terminologies/icf#124945		
https://data.esante.gouv.fr/terminologies/icf#124951		
https://data.esante.gouv.fr/terminologies/icf#125092		
https://data.esante.gouv.fr/terminologies/icf#125122		
https://data.esante.gouv.fr/terminologies/icf#125184		
https://data.esante.gouv.fr/terminologies/icf#125200		
https://data.esante.gouv.fr/terminologies/icf#125213		
https://data.esante.gouv.fr/terminologies/icf#125307		
https://data.esante.gouv.fr/terminologies/icf#125322		
https://data.esante.gouv.fr/terminologies/icf#125349		
https://data.esante.gouv.fr/terminologies/icf#125358		
https://data.esante.gouv.fr/terminologies/icf#125506		
https://data.esante.gouv.fr/terminologies/icf#1256	b110	b110 consciousness functions
https://data.esante.gouv.fr/terminologies/icf#125647		
https://data.esante.gouv.fr/terminologies/icf#125728		
https://data.esante.gouv.fr/terminologies/icf#125739		
https://data.esante.gouv.fr/terminologies/icf#125754		
https://data.esante.gouv.fr/terminologies/icf#125791		
https://data.esante.gouv.fr/terminologies/icf#125823		
https://data.esante.gouv.fr/terminologies/icf#125843		
https://data.esante.gouv.fr/terminologies/icf#125852		
https://data.esante.gouv.fr/terminologies/icf#125854		
https://data.esante.gouv.fr/terminologies/icf#125979		
https://data.esante.gouv.fr/terminologies/icf#126005		
https://data.esante.gouv.fr/terminologies/icf#126063		
https://data.esante.gouv.fr/terminologies/icf#126084		
https://data.esante.gouv.fr/terminologies/icf#126128		
https://data.esante.gouv.fr/terminologies/icf#12616	s698	s698 structures related to the genitourinary and reproductive systems, other specified
https://data.esante.gouv.fr/terminologies/icf#12627	b750-b789	movement functions (b750-b789)
https://data.esante.gouv.fr/terminologies/icf#126314		
https://data.esante.gouv.fr/terminologies/icf#126319		
https://data.esante.gouv.fr/terminologies/icf#126383		
https://data.esante.gouv.fr/terminologies/icf#126413		
https://data.esante.gouv.fr/terminologies/icf#126561		
https://data.esante.gouv.fr/terminologies/icf#126757		
https://data.esante.gouv.fr/terminologies/icf#126776		
https://data.esante.gouv.fr/terminologies/icf#126934		
https://data.esante.gouv.fr/terminologies/icf#126997		
https://data.esante.gouv.fr/terminologies/icf#127023		
https://data.esante.gouv.fr/terminologies/icf#127055		
https://data.esante.gouv.fr/terminologies/icf#127061		
https://data.esante.gouv.fr/terminologies/icf#127166		
https://data.esante.gouv.fr/terminologies/icf#127204		
https://data.esante.gouv.fr/terminologies/icf#127251		
https://data.esante.gouv.fr/terminologies/icf#127376		
https://data.esante.gouv.fr/terminologies/icf#127456		
https://data.esante.gouv.fr/terminologies/icf#127503		
https://data.esante.gouv.fr/terminologies/icf#127566		
https://data.esante.gouv.fr/terminologies/icf#1276	s250	s250 structure of middle ear
https://data.esante.gouv.fr/terminologies/icf#127679		
https://data.esante.gouv.fr/terminologies/icf#127708		
https://data.esante.gouv.fr/terminologies/icf#127759		
https://data.esante.gouv.fr/terminologies/icf#127827		
https://data.esante.gouv.fr/terminologies/icf#127864		
https://data.esante.gouv.fr/terminologies/icf#127914		
https://data.esante.gouv.fr/terminologies/icf#128041		
https://data.esante.gouv.fr/terminologies/icf#128047		
https://data.esante.gouv.fr/terminologies/icf#128060		
https://data.esante.gouv.fr/terminologies/icf#128115		
https://data.esante.gouv.fr/terminologies/icf#128161		
https://data.esante.gouv.fr/terminologies/icf#12817	b5500	b5500 body temperature
https://data.esante.gouv.fr/terminologies/icf#128231		
https://data.esante.gouv.fr/terminologies/icf#128291		
https://data.esante.gouv.fr/terminologies/icf#128323		
https://data.esante.gouv.fr/terminologies/icf#128342		
https://data.esante.gouv.fr/terminologies/icf#128345		
https://data.esante.gouv.fr/terminologies/icf#128361		
https://data.esante.gouv.fr/terminologies/icf#128600		
https://data.esante.gouv.fr/terminologies/icf#128673		
https://data.esante.gouv.fr/terminologies/icf#128702		
https://data.esante.gouv.fr/terminologies/icf#128703		
https://data.esante.gouv.fr/terminologies/icf#128846		
https://data.esante.gouv.fr/terminologies/icf#128848		
https://data.esante.gouv.fr/terminologies/icf#128851		
https://data.esante.gouv.fr/terminologies/icf#128852		
https://data.esante.gouv.fr/terminologies/icf#128883		
https://data.esante.gouv.fr/terminologies/icf#128913		
https://data.esante.gouv.fr/terminologies/icf#128920		
https://data.esante.gouv.fr/terminologies/icf#128921		
https://data.esante.gouv.fr/terminologies/icf#128947		
https://data.esante.gouv.fr/terminologies/icf#128960		
https://data.esante.gouv.fr/terminologies/icf#129056		
https://data.esante.gouv.fr/terminologies/icf#129193		
https://data.esante.gouv.fr/terminologies/icf#129356		
https://data.esante.gouv.fr/terminologies/icf#129360		
https://data.esante.gouv.fr/terminologies/icf#12942	b1649	b1649 higher-level cognitive functions, unspecified
https://data.esante.gouv.fr/terminologies/icf#129423		
https://data.esante.gouv.fr/terminologies/icf#12952	d5700	d5700 ensuring one's physical comfort
https://data.esante.gouv.fr/terminologies/icf#12954	e550	e550 legal services, systems and policies
https://data.esante.gouv.fr/terminologies/icf#129549		
https://data.esante.gouv.fr/terminologies/icf#129668		
https://data.esante.gouv.fr/terminologies/icf#129675		
https://data.esante.gouv.fr/terminologies/icf#129752		
https://data.esante.gouv.fr/terminologies/icf#129798		
https://data.esante.gouv.fr/terminologies/icf#129850		
https://data.esante.gouv.fr/terminologies/icf#12988	s8101	s8101 skin of shoulder region
https://data.esante.gouv.fr/terminologies/icf#129901		
https://data.esante.gouv.fr/terminologies/icf#129917		
https://data.esante.gouv.fr/terminologies/icf#130019		
https://data.esante.gouv.fr/terminologies/icf#130061		
https://data.esante.gouv.fr/terminologies/icf#130085		
https://data.esante.gouv.fr/terminologies/icf#130117		
https://data.esante.gouv.fr/terminologies/icf#130154		
https://data.esante.gouv.fr/terminologies/icf#130225		
https://data.esante.gouv.fr/terminologies/icf#130250		
https://data.esante.gouv.fr/terminologies/icf#130315		
https://data.esante.gouv.fr/terminologies/icf#130374		
https://data.esante.gouv.fr/terminologies/icf#130396		
https://data.esante.gouv.fr/terminologies/icf#130438		
https://data.esante.gouv.fr/terminologies/icf#130455		
https://data.esante.gouv.fr/terminologies/icf#130496		
https://data.esante.gouv.fr/terminologies/icf#130578		
https://data.esante.gouv.fr/terminologies/icf#130621		
https://data.esante.gouv.fr/terminologies/icf#130630		
https://data.esante.gouv.fr/terminologies/icf#130649		
https://data.esante.gouv.fr/terminologies/icf#1307	e5151	e5151 architecture and construction systems
https://data.esante.gouv.fr/terminologies/icf#130706		
https://data.esante.gouv.fr/terminologies/icf#130714		
https://data.esante.gouv.fr/terminologies/icf#130732		
https://data.esante.gouv.fr/terminologies/icf#130787		
https://data.esante.gouv.fr/terminologies/icf#130965		
https://data.esante.gouv.fr/terminologies/icf#131054		
https://data.esante.gouv.fr/terminologies/icf#13106	s3109	s3109 structure of nose, unspecified
https://data.esante.gouv.fr/terminologies/icf#131072		
https://data.esante.gouv.fr/terminologies/icf#131077		
https://data.esante.gouv.fr/terminologies/icf#131094		
https://data.esante.gouv.fr/terminologies/icf#131231		
https://data.esante.gouv.fr/terminologies/icf#131274		
https://data.esante.gouv.fr/terminologies/icf#131290		
https://data.esante.gouv.fr/terminologies/icf#131305		
https://data.esante.gouv.fr/terminologies/icf#131336		
https://data.esante.gouv.fr/terminologies/icf#13143	d2409	d2409 handling stress and other psychological demands, unspecified
https://data.esante.gouv.fr/terminologies/icf#131439		
https://data.esante.gouv.fr/terminologies/icf#131470		
https://data.esante.gouv.fr/terminologies/icf#131536		
https://data.esante.gouv.fr/terminologies/icf#13154	b7502	b7502 reflexes generated by other exteroceptive stimuli
https://data.esante.gouv.fr/terminologies/icf#131547		
https://data.esante.gouv.fr/terminologies/icf#131644		
https://data.esante.gouv.fr/terminologies/icf#131683		
https://data.esante.gouv.fr/terminologies/icf#131702		
https://data.esante.gouv.fr/terminologies/icf#131748		
https://data.esante.gouv.fr/terminologies/icf#131751		
https://data.esante.gouv.fr/terminologies/icf#131791		
https://data.esante.gouv.fr/terminologies/icf#131939		
https://data.esante.gouv.fr/terminologies/icf#131985		
https://data.esante.gouv.fr/terminologies/icf#1320	d1508	d1508 learning to calculate, other specified
https://data.esante.gouv.fr/terminologies/icf#132053		
https://data.esante.gouv.fr/terminologies/icf#132094		
https://data.esante.gouv.fr/terminologies/icf#132098		
https://data.esante.gouv.fr/terminologies/icf#13215	d839	d839 education unspecified
https://data.esante.gouv.fr/terminologies/icf#132185		
https://data.esante.gouv.fr/terminologies/icf#132222		
https://data.esante.gouv.fr/terminologies/icf#132369		
https://data.esante.gouv.fr/terminologies/icf#132467		
https://data.esante.gouv.fr/terminologies/icf#132633		
https://data.esante.gouv.fr/terminologies/icf#132668		
https://data.esante.gouv.fr/terminologies/icf#132699		
https://data.esante.gouv.fr/terminologies/icf#132786		
https://data.esante.gouv.fr/terminologies/icf#132826		
https://data.esante.gouv.fr/terminologies/icf#13285	b4504	b4504 funtions related to mucus
https://data.esante.gouv.fr/terminologies/icf#132999		
https://data.esante.gouv.fr/terminologies/icf#133143		
https://data.esante.gouv.fr/terminologies/icf#133149		
https://data.esante.gouv.fr/terminologies/icf#133232		
https://data.esante.gouv.fr/terminologies/icf#133265		
https://data.esante.gouv.fr/terminologies/icf#133306		
https://data.esante.gouv.fr/terminologies/icf#133341		
https://data.esante.gouv.fr/terminologies/icf#133446		
https://data.esante.gouv.fr/terminologies/icf#133518		
https://data.esante.gouv.fr/terminologies/icf#133523		
https://data.esante.gouv.fr/terminologies/icf#133544		
https://data.esante.gouv.fr/terminologies/icf#133933		
https://data.esante.gouv.fr/terminologies/icf#134075		
https://data.esante.gouv.fr/terminologies/icf#134128		
https://data.esante.gouv.fr/terminologies/icf#134145		
https://data.esante.gouv.fr/terminologies/icf#134234		
https://data.esante.gouv.fr/terminologies/icf#134236		
https://data.esante.gouv.fr/terminologies/icf#134241		
https://data.esante.gouv.fr/terminologies/icf#134344		
https://data.esante.gouv.fr/terminologies/icf#134454		
https://data.esante.gouv.fr/terminologies/icf#134503		
https://data.esante.gouv.fr/terminologies/icf#134519		
https://data.esante.gouv.fr/terminologies/icf#134640		
https://data.esante.gouv.fr/terminologies/icf#134645		
https://data.esante.gouv.fr/terminologies/icf#134706		
https://data.esante.gouv.fr/terminologies/icf#134881		
https://data.esante.gouv.fr/terminologies/icf#134949		
https://data.esante.gouv.fr/terminologies/icf#134957		
https://data.esante.gouv.fr/terminologies/icf#135039		
https://data.esante.gouv.fr/terminologies/icf#135106		
https://data.esante.gouv.fr/terminologies/icf#135343		
https://data.esante.gouv.fr/terminologies/icf#135345		
https://data.esante.gouv.fr/terminologies/icf#135464		
https://data.esante.gouv.fr/terminologies/icf#135560		
https://data.esante.gouv.fr/terminologies/icf#13561	d1558	d1558 acquiring skills, other specified
https://data.esante.gouv.fr/terminologies/icf#135648		
https://data.esante.gouv.fr/terminologies/icf#135651		
https://data.esante.gouv.fr/terminologies/icf#135691		
https://data.esante.gouv.fr/terminologies/icf#135706		
https://data.esante.gouv.fr/terminologies/icf#135788		
https://data.esante.gouv.fr/terminologies/icf#135834		
https://data.esante.gouv.fr/terminologies/icf#135889		
https://data.esante.gouv.fr/terminologies/icf#135985		
https://data.esante.gouv.fr/terminologies/icf#136048		
https://data.esante.gouv.fr/terminologies/icf#136070		
https://data.esante.gouv.fr/terminologies/icf#136189		
https://data.esante.gouv.fr/terminologies/icf#136313		
https://data.esante.gouv.fr/terminologies/icf#136389		
https://data.esante.gouv.fr/terminologies/icf#136402		
https://data.esante.gouv.fr/terminologies/icf#136503		
https://data.esante.gouv.fr/terminologies/icf#136581		
https://data.esante.gouv.fr/terminologies/icf#136641		
https://data.esante.gouv.fr/terminologies/icf#136680		
https://data.esante.gouv.fr/terminologies/icf#136792		
https://data.esante.gouv.fr/terminologies/icf#136799		
https://data.esante.gouv.fr/terminologies/icf#136814		
https://data.esante.gouv.fr/terminologies/icf#136884		
https://data.esante.gouv.fr/terminologies/icf#136964		
https://data.esante.gouv.fr/terminologies/icf#136996		
https://data.esante.gouv.fr/terminologies/icf#13702	s2300	s2300 lachrymal gland and related structures
https://data.esante.gouv.fr/terminologies/icf#137046		
https://data.esante.gouv.fr/terminologies/icf#137099		
https://data.esante.gouv.fr/terminologies/icf#137205		
https://data.esante.gouv.fr/terminologies/icf#137215		
https://data.esante.gouv.fr/terminologies/icf#137227		
https://data.esante.gouv.fr/terminologies/icf#137236		
https://data.esante.gouv.fr/terminologies/icf#137412		
https://data.esante.gouv.fr/terminologies/icf#137465		
https://data.esante.gouv.fr/terminologies/icf#137505		
https://data.esante.gouv.fr/terminologies/icf#137615		
https://data.esante.gouv.fr/terminologies/icf#137625		
https://data.esante.gouv.fr/terminologies/icf#137644		
https://data.esante.gouv.fr/terminologies/icf#137724		
https://data.esante.gouv.fr/terminologies/icf#137744		
https://data.esante.gouv.fr/terminologies/icf#137823		
https://data.esante.gouv.fr/terminologies/icf#137857		
https://data.esante.gouv.fr/terminologies/icf#13804	b1403	b1403 sharing attention
https://data.esante.gouv.fr/terminologies/icf#138091		
https://data.esante.gouv.fr/terminologies/icf#138134		
https://data.esante.gouv.fr/terminologies/icf#138204		
https://data.esante.gouv.fr/terminologies/icf#138211		
https://data.esante.gouv.fr/terminologies/icf#138267		
https://data.esante.gouv.fr/terminologies/icf#138350		
https://data.esante.gouv.fr/terminologies/icf#138394		
https://data.esante.gouv.fr/terminologies/icf#138591		
https://data.esante.gouv.fr/terminologies/icf#1386	b7509	b7509 motor reflex functions, unspecified
https://data.esante.gouv.fr/terminologies/icf#138608		
https://data.esante.gouv.fr/terminologies/icf#138619		
https://data.esante.gouv.fr/terminologies/icf#138733		
https://data.esante.gouv.fr/terminologies/icf#138736		
https://data.esante.gouv.fr/terminologies/icf#138791		
https://data.esante.gouv.fr/terminologies/icf#138903		
https://data.esante.gouv.fr/terminologies/icf#139044		
https://data.esante.gouv.fr/terminologies/icf#139048		
https://data.esante.gouv.fr/terminologies/icf#139050		
https://data.esante.gouv.fr/terminologies/icf#139089		
https://data.esante.gouv.fr/terminologies/icf#139093		
https://data.esante.gouv.fr/terminologies/icf#139101		
https://data.esante.gouv.fr/terminologies/icf#139165		
https://data.esante.gouv.fr/terminologies/icf#139195		
https://data.esante.gouv.fr/terminologies/icf#139226		
https://data.esante.gouv.fr/terminologies/icf#139261		
https://data.esante.gouv.fr/terminologies/icf#139288		
https://data.esante.gouv.fr/terminologies/icf#139308		
https://data.esante.gouv.fr/terminologies/icf#13932	b117	b117 intellectual functions
https://data.esante.gouv.fr/terminologies/icf#139411		
https://data.esante.gouv.fr/terminologies/icf#139446		
https://data.esante.gouv.fr/terminologies/icf#139528		
https://data.esante.gouv.fr/terminologies/icf#139604		
https://data.esante.gouv.fr/terminologies/icf#139660		
https://data.esante.gouv.fr/terminologies/icf#139720		
https://data.esante.gouv.fr/terminologies/icf#139728		
https://data.esante.gouv.fr/terminologies/icf#139859		
https://data.esante.gouv.fr/terminologies/icf#139873		
https://data.esante.gouv.fr/terminologies/icf#139888		
https://data.esante.gouv.fr/terminologies/icf#139951		
https://data.esante.gouv.fr/terminologies/icf#139979		
https://data.esante.gouv.fr/terminologies/icf#1400	b7501	b7501 reflexes generated by noxious stimuli
https://data.esante.gouv.fr/terminologies/icf#140026		
https://data.esante.gouv.fr/terminologies/icf#140046		
https://data.esante.gouv.fr/terminologies/icf#14012	d3551	d3551 discussion with many people
https://data.esante.gouv.fr/terminologies/icf#140146		
https://data.esante.gouv.fr/terminologies/icf#140373		
https://data.esante.gouv.fr/terminologies/icf#140432		
https://data.esante.gouv.fr/terminologies/icf#140448		
https://data.esante.gouv.fr/terminologies/icf#140531		
https://data.esante.gouv.fr/terminologies/icf#140557		
https://data.esante.gouv.fr/terminologies/icf#140631		
https://data.esante.gouv.fr/terminologies/icf#140670		
https://data.esante.gouv.fr/terminologies/icf#140707		
https://data.esante.gouv.fr/terminologies/icf#140714		
https://data.esante.gouv.fr/terminologies/icf#140785		
https://data.esante.gouv.fr/terminologies/icf#140873		
https://data.esante.gouv.fr/terminologies/icf#140881		
https://data.esante.gouv.fr/terminologies/icf#141023		
https://data.esante.gouv.fr/terminologies/icf#141055		
https://data.esante.gouv.fr/terminologies/icf#141072		
https://data.esante.gouv.fr/terminologies/icf#141141		
https://data.esante.gouv.fr/terminologies/icf#141178		
https://data.esante.gouv.fr/terminologies/icf#141186		
https://data.esante.gouv.fr/terminologies/icf#141187		
https://data.esante.gouv.fr/terminologies/icf#141205		
https://data.esante.gouv.fr/terminologies/icf#141452		
https://data.esante.gouv.fr/terminologies/icf#141519		
https://data.esante.gouv.fr/terminologies/icf#141527		
https://data.esante.gouv.fr/terminologies/icf#141631		
https://data.esante.gouv.fr/terminologies/icf#141659		
https://data.esante.gouv.fr/terminologies/icf#141663		
https://data.esante.gouv.fr/terminologies/icf#141783		
https://data.esante.gouv.fr/terminologies/icf#1419	d4153	d4153 maintaining a sitting position
https://data.esante.gouv.fr/terminologies/icf#141921		
https://data.esante.gouv.fr/terminologies/icf#141954		
https://data.esante.gouv.fr/terminologies/icf#141967		
https://data.esante.gouv.fr/terminologies/icf#142018		
https://data.esante.gouv.fr/terminologies/icf#142145		
https://data.esante.gouv.fr/terminologies/icf#142150		
https://data.esante.gouv.fr/terminologies/icf#142339		
https://data.esante.gouv.fr/terminologies/icf#142353		
https://data.esante.gouv.fr/terminologies/icf#142412		
https://data.esante.gouv.fr/terminologies/icf#142470		
https://data.esante.gouv.fr/terminologies/icf#142480		
https://data.esante.gouv.fr/terminologies/icf#142525		
https://data.esante.gouv.fr/terminologies/icf#142559		
https://data.esante.gouv.fr/terminologies/icf#142624		
https://data.esante.gouv.fr/terminologies/icf#142684		
https://data.esante.gouv.fr/terminologies/icf#142734		
https://data.esante.gouv.fr/terminologies/icf#142827		
https://data.esante.gouv.fr/terminologies/icf#14285	d7202	d7202 regulating behaviours within interactions
https://data.esante.gouv.fr/terminologies/icf#142969		
https://data.esante.gouv.fr/terminologies/icf#142990		
https://data.esante.gouv.fr/terminologies/icf#143004		
https://data.esante.gouv.fr/terminologies/icf#143090		
https://data.esante.gouv.fr/terminologies/icf#143091		
https://data.esante.gouv.fr/terminologies/icf#143134		
https://data.esante.gouv.fr/terminologies/icf#143158		
https://data.esante.gouv.fr/terminologies/icf#143162		
https://data.esante.gouv.fr/terminologies/icf#143173		
https://data.esante.gouv.fr/terminologies/icf#143202		
https://data.esante.gouv.fr/terminologies/icf#14323	s4204	s4204 bone marrow
https://data.esante.gouv.fr/terminologies/icf#14327	e1408	e1408 products and technology for culture, recreation and sport, other specified
https://data.esante.gouv.fr/terminologies/icf#143303		
https://data.esante.gouv.fr/terminologies/icf#143497		
https://data.esante.gouv.fr/terminologies/icf#143566		
https://data.esante.gouv.fr/terminologies/icf#143585		
https://data.esante.gouv.fr/terminologies/icf#143586		
https://data.esante.gouv.fr/terminologies/icf#143623		
https://data.esante.gouv.fr/terminologies/icf#14369	e2255	e2255 seasonal variation
https://data.esante.gouv.fr/terminologies/icf#143696		
https://data.esante.gouv.fr/terminologies/icf#143760		
https://data.esante.gouv.fr/terminologies/icf#143761		
https://data.esante.gouv.fr/terminologies/icf#143775		
https://data.esante.gouv.fr/terminologies/icf#143853		
https://data.esante.gouv.fr/terminologies/icf#143862		
https://data.esante.gouv.fr/terminologies/icf#144004		
https://data.esante.gouv.fr/terminologies/icf#144266		
https://data.esante.gouv.fr/terminologies/icf#144335		
https://data.esante.gouv.fr/terminologies/icf#144420		
https://data.esante.gouv.fr/terminologies/icf#144424		
https://data.esante.gouv.fr/terminologies/icf#14462	b2801	b2801 pain in body part
https://data.esante.gouv.fr/terminologies/icf#144664		
https://data.esante.gouv.fr/terminologies/icf#144676		
https://data.esante.gouv.fr/terminologies/icf#144756		
https://data.esante.gouv.fr/terminologies/icf#144766		
https://data.esante.gouv.fr/terminologies/icf#144929		
https://data.esante.gouv.fr/terminologies/icf#145025		
https://data.esante.gouv.fr/terminologies/icf#145051		
https://data.esante.gouv.fr/terminologies/icf#145109		
https://data.esante.gouv.fr/terminologies/icf#145212		
https://data.esante.gouv.fr/terminologies/icf#145391		
https://data.esante.gouv.fr/terminologies/icf#145415		
https://data.esante.gouv.fr/terminologies/icf#145476		
https://data.esante.gouv.fr/terminologies/icf#145489		
https://data.esante.gouv.fr/terminologies/icf#145575		
https://data.esante.gouv.fr/terminologies/icf#145663		
https://data.esante.gouv.fr/terminologies/icf#145698		
https://data.esante.gouv.fr/terminologies/icf#145736		
https://data.esante.gouv.fr/terminologies/icf#145765		
https://data.esante.gouv.fr/terminologies/icf#145870		
https://data.esante.gouv.fr/terminologies/icf#145966		
https://data.esante.gouv.fr/terminologies/icf#14608	s3301	s3301 oral pharynx
https://data.esante.gouv.fr/terminologies/icf#146107		
https://data.esante.gouv.fr/terminologies/icf#146145		
https://data.esante.gouv.fr/terminologies/icf#146256		
https://data.esante.gouv.fr/terminologies/icf#146273		
https://data.esante.gouv.fr/terminologies/icf#146322		
https://data.esante.gouv.fr/terminologies/icf#146353		
https://data.esante.gouv.fr/terminologies/icf#146438		
https://data.esante.gouv.fr/terminologies/icf#14647	d7105	d7105 physical contact in relationships
https://data.esante.gouv.fr/terminologies/icf#146475		
https://data.esante.gouv.fr/terminologies/icf#146477		
https://data.esante.gouv.fr/terminologies/icf#146692		
https://data.esante.gouv.fr/terminologies/icf#146819		
https://data.esante.gouv.fr/terminologies/icf#147032		
https://data.esante.gouv.fr/terminologies/icf#147117		
https://data.esante.gouv.fr/terminologies/icf#147189		
https://data.esante.gouv.fr/terminologies/icf#147216		
https://data.esante.gouv.fr/terminologies/icf#147291		
https://data.esante.gouv.fr/terminologies/icf#147301		
https://data.esante.gouv.fr/terminologies/icf#147331		
https://data.esante.gouv.fr/terminologies/icf#147444		
https://data.esante.gouv.fr/terminologies/icf#147509		
https://data.esante.gouv.fr/terminologies/icf#147516		
https://data.esante.gouv.fr/terminologies/icf#14753	b5103	b5103 manipulation of food in the mouth
https://data.esante.gouv.fr/terminologies/icf#147552		
https://data.esante.gouv.fr/terminologies/icf#147591		
https://data.esante.gouv.fr/terminologies/icf#147618		
https://data.esante.gouv.fr/terminologies/icf#147666		
https://data.esante.gouv.fr/terminologies/icf#147759		
https://data.esante.gouv.fr/terminologies/icf#147869		
https://data.esante.gouv.fr/terminologies/icf#147942		
https://data.esante.gouv.fr/terminologies/icf#147973		
https://data.esante.gouv.fr/terminologies/icf#148008		
https://data.esante.gouv.fr/terminologies/icf#14805	b240	b240 sensations associated with hearing and vestibular function
https://data.esante.gouv.fr/terminologies/icf#148128		
https://data.esante.gouv.fr/terminologies/icf#148177		
https://data.esante.gouv.fr/terminologies/icf#148244		
https://data.esante.gouv.fr/terminologies/icf#148258		
https://data.esante.gouv.fr/terminologies/icf#148320		
https://data.esante.gouv.fr/terminologies/icf#148335		
https://data.esante.gouv.fr/terminologies/icf#148352		
https://data.esante.gouv.fr/terminologies/icf#148415		
https://data.esante.gouv.fr/terminologies/icf#148449		
https://data.esante.gouv.fr/terminologies/icf#148477		
https://data.esante.gouv.fr/terminologies/icf#14850	d120	d120 other purposeful sensing
https://data.esante.gouv.fr/terminologies/icf#148559		
https://data.esante.gouv.fr/terminologies/icf#148667		
https://data.esante.gouv.fr/terminologies/icf#148767		
https://data.esante.gouv.fr/terminologies/icf#148783		
https://data.esante.gouv.fr/terminologies/icf#148854		
https://data.esante.gouv.fr/terminologies/icf#148886		
https://data.esante.gouv.fr/terminologies/icf#148918		
https://data.esante.gouv.fr/terminologies/icf#149019		
https://data.esante.gouv.fr/terminologies/icf#149046		
https://data.esante.gouv.fr/terminologies/icf#149076		
https://data.esante.gouv.fr/terminologies/icf#14917	e1558	e1558 design, construction and building products and technology of buildings for private use, other specified
https://data.esante.gouv.fr/terminologies/icf#149263		
https://data.esante.gouv.fr/terminologies/icf#14927	d198	d198 learning and applying knowledge, other specified
https://data.esante.gouv.fr/terminologies/icf#149292		
https://data.esante.gouv.fr/terminologies/icf#149312		
https://data.esante.gouv.fr/terminologies/icf#149358		
https://data.esante.gouv.fr/terminologies/icf#149565		
https://data.esante.gouv.fr/terminologies/icf#149580		
https://data.esante.gouv.fr/terminologies/icf#149611		
https://data.esante.gouv.fr/terminologies/icf#14965	b51060	b51060 vomiting
https://data.esante.gouv.fr/terminologies/icf#149680		
https://data.esante.gouv.fr/terminologies/icf#149711		
https://data.esante.gouv.fr/terminologies/icf#149778		
https://data.esante.gouv.fr/terminologies/icf#149872		
https://data.esante.gouv.fr/terminologies/icf#149958		
https://data.esante.gouv.fr/terminologies/icf#15009	b6202	b6202 urinary continence
https://data.esante.gouv.fr/terminologies/icf#150300		
https://data.esante.gouv.fr/terminologies/icf#150359		
https://data.esante.gouv.fr/terminologies/icf#150375		
https://data.esante.gouv.fr/terminologies/icf#15040	b1344	b1344 functions involving the sleep cycle
https://data.esante.gouv.fr/terminologies/icf#150468		
https://data.esante.gouv.fr/terminologies/icf#150478		
https://data.esante.gouv.fr/terminologies/icf#150481		
https://data.esante.gouv.fr/terminologies/icf#150576		
https://data.esante.gouv.fr/terminologies/icf#150738		
https://data.esante.gouv.fr/terminologies/icf#150766		
https://data.esante.gouv.fr/terminologies/icf#151042		
https://data.esante.gouv.fr/terminologies/icf#151057		
https://data.esante.gouv.fr/terminologies/icf#151064		
https://data.esante.gouv.fr/terminologies/icf#151087		
https://data.esante.gouv.fr/terminologies/icf#151090		
https://data.esante.gouv.fr/terminologies/icf#151101		
https://data.esante.gouv.fr/terminologies/icf#151128		
https://data.esante.gouv.fr/terminologies/icf#151142		
https://data.esante.gouv.fr/terminologies/icf#151277		
https://data.esante.gouv.fr/terminologies/icf#151290		
https://data.esante.gouv.fr/terminologies/icf#151304		
https://data.esante.gouv.fr/terminologies/icf#151305		
https://data.esante.gouv.fr/terminologies/icf#151566		
https://data.esante.gouv.fr/terminologies/icf#151578		
https://data.esante.gouv.fr/terminologies/icf#151582		
https://data.esante.gouv.fr/terminologies/icf#151676		
https://data.esante.gouv.fr/terminologies/icf#151735		
https://data.esante.gouv.fr/terminologies/icf#151746		
https://data.esante.gouv.fr/terminologies/icf#151759		
https://data.esante.gouv.fr/terminologies/icf#151763		
https://data.esante.gouv.fr/terminologies/icf#151798		
https://data.esante.gouv.fr/terminologies/icf#15192	d4509	d4509 walking, unspecified
https://data.esante.gouv.fr/terminologies/icf#151985		
https://data.esante.gouv.fr/terminologies/icf#152024		
https://data.esante.gouv.fr/terminologies/icf#152025		
https://data.esante.gouv.fr/terminologies/icf#152055		
https://data.esante.gouv.fr/terminologies/icf#152103		
https://data.esante.gouv.fr/terminologies/icf#152114		
https://data.esante.gouv.fr/terminologies/icf#152174		
https://data.esante.gouv.fr/terminologies/icf#152182		
https://data.esante.gouv.fr/terminologies/icf#15226	b2350	b2350 vestibular function of position
https://data.esante.gouv.fr/terminologies/icf#152409		
https://data.esante.gouv.fr/terminologies/icf#15241	s6102	s6102 urinary bladder
https://data.esante.gouv.fr/terminologies/icf#152503		
https://data.esante.gouv.fr/terminologies/icf#152515		
https://data.esante.gouv.fr/terminologies/icf#152553		
https://data.esante.gouv.fr/terminologies/icf#152598		
https://data.esante.gouv.fr/terminologies/icf#152726		
https://data.esante.gouv.fr/terminologies/icf#152764		
https://data.esante.gouv.fr/terminologies/icf#152816		
https://data.esante.gouv.fr/terminologies/icf#152973		
https://data.esante.gouv.fr/terminologies/icf#153211		
https://data.esante.gouv.fr/terminologies/icf#153260		
https://data.esante.gouv.fr/terminologies/icf#153353		
https://data.esante.gouv.fr/terminologies/icf#153355		
https://data.esante.gouv.fr/terminologies/icf#153379		
https://data.esante.gouv.fr/terminologies/icf#153381		
https://data.esante.gouv.fr/terminologies/icf#153437		
https://data.esante.gouv.fr/terminologies/icf#153472		
https://data.esante.gouv.fr/terminologies/icf#153474		
https://data.esante.gouv.fr/terminologies/icf#153496		
https://data.esante.gouv.fr/terminologies/icf#153513		
https://data.esante.gouv.fr/terminologies/icf#153534		
https://data.esante.gouv.fr/terminologies/icf#153593		
https://data.esante.gouv.fr/terminologies/icf#153597		
https://data.esante.gouv.fr/terminologies/icf#153685		
https://data.esante.gouv.fr/terminologies/icf#15369	d1318	d1318 learning through actions with objects, other specified
https://data.esante.gouv.fr/terminologies/icf#153702		
https://data.esante.gouv.fr/terminologies/icf#153892		
https://data.esante.gouv.fr/terminologies/icf#154029		
https://data.esante.gouv.fr/terminologies/icf#154103		
https://data.esante.gouv.fr/terminologies/icf#154119		
https://data.esante.gouv.fr/terminologies/icf#154149		
https://data.esante.gouv.fr/terminologies/icf#154215		
https://data.esante.gouv.fr/terminologies/icf#154229		
https://data.esante.gouv.fr/terminologies/icf#154404		
https://data.esante.gouv.fr/terminologies/icf#154441		
https://data.esante.gouv.fr/terminologies/icf#154519		
https://data.esante.gouv.fr/terminologies/icf#154555		
https://data.esante.gouv.fr/terminologies/icf#154568		
https://data.esante.gouv.fr/terminologies/icf#154581		
https://data.esante.gouv.fr/terminologies/icf#154644		
https://data.esante.gouv.fr/terminologies/icf#154698		
https://data.esante.gouv.fr/terminologies/icf#154738		
https://data.esante.gouv.fr/terminologies/icf#154839		
https://data.esante.gouv.fr/terminologies/icf#154847		
https://data.esante.gouv.fr/terminologies/icf#154862		
https://data.esante.gouv.fr/terminologies/icf#154976		
https://data.esante.gouv.fr/terminologies/icf#15520	e1603	e1603 products and technology of parks, conservation and wildlife areas
https://data.esante.gouv.fr/terminologies/icf#155218		
https://data.esante.gouv.fr/terminologies/icf#155259		
https://data.esante.gouv.fr/terminologies/icf#155274		
https://data.esante.gouv.fr/terminologies/icf#155277		
https://data.esante.gouv.fr/terminologies/icf#155285		
https://data.esante.gouv.fr/terminologies/icf#15534	e1308	e1308 products and technology for education, other specified
https://data.esante.gouv.fr/terminologies/icf#155368		
https://data.esante.gouv.fr/terminologies/icf#155396		
https://data.esante.gouv.fr/terminologies/icf#155506		
https://data.esante.gouv.fr/terminologies/icf#155520		
https://data.esante.gouv.fr/terminologies/icf#155645		
https://data.esante.gouv.fr/terminologies/icf#155794		
https://data.esante.gouv.fr/terminologies/icf#155865		
https://data.esante.gouv.fr/terminologies/icf#155866		
https://data.esante.gouv.fr/terminologies/icf#155937		
https://data.esante.gouv.fr/terminologies/icf#155940		
https://data.esante.gouv.fr/terminologies/icf#156058		
https://data.esante.gouv.fr/terminologies/icf#156099		
https://data.esante.gouv.fr/terminologies/icf#156215		
https://data.esante.gouv.fr/terminologies/icf#156234		
https://data.esante.gouv.fr/terminologies/icf#156259		
https://data.esante.gouv.fr/terminologies/icf#156266		
https://data.esante.gouv.fr/terminologies/icf#156312		
https://data.esante.gouv.fr/terminologies/icf#156331		
https://data.esante.gouv.fr/terminologies/icf#15656	s75018	s75018 structure of lower leg, other specified
https://data.esante.gouv.fr/terminologies/icf#156562		
https://data.esante.gouv.fr/terminologies/icf#156601		
https://data.esante.gouv.fr/terminologies/icf#156611		
https://data.esante.gouv.fr/terminologies/icf#156654		
https://data.esante.gouv.fr/terminologies/icf#156754		
https://data.esante.gouv.fr/terminologies/icf#156831		
https://data.esante.gouv.fr/terminologies/icf#156888		
https://data.esante.gouv.fr/terminologies/icf#156891		
https://data.esante.gouv.fr/terminologies/icf#156915		
https://data.esante.gouv.fr/terminologies/icf#157076		
https://data.esante.gouv.fr/terminologies/icf#15729	b498	b498 functions of the cardiovascular, haematological, immunological and respiratory systems, other specified
https://data.esante.gouv.fr/terminologies/icf#157403		
https://data.esante.gouv.fr/terminologies/icf#157423		
https://data.esante.gouv.fr/terminologies/icf#157485		
https://data.esante.gouv.fr/terminologies/icf#157521		
https://data.esante.gouv.fr/terminologies/icf#157543		
https://data.esante.gouv.fr/terminologies/icf#157556		
https://data.esante.gouv.fr/terminologies/icf#157580		
https://data.esante.gouv.fr/terminologies/icf#157599		
https://data.esante.gouv.fr/terminologies/icf#15761	d1759	d1759 solving problems, unspecified
https://data.esante.gouv.fr/terminologies/icf#157734		
https://data.esante.gouv.fr/terminologies/icf#157909		
https://data.esante.gouv.fr/terminologies/icf#157979		
https://data.esante.gouv.fr/terminologies/icf#158008		
https://data.esante.gouv.fr/terminologies/icf#158026		
https://data.esante.gouv.fr/terminologies/icf#158091		
https://data.esante.gouv.fr/terminologies/icf#158096		
https://data.esante.gouv.fr/terminologies/icf#158118		
https://data.esante.gouv.fr/terminologies/icf#15813	b2409	b2409 sensations associated with hearing and vestibular function, unspecified
https://data.esante.gouv.fr/terminologies/icf#158143		
https://data.esante.gouv.fr/terminologies/icf#158147		
https://data.esante.gouv.fr/terminologies/icf#158203		
https://data.esante.gouv.fr/terminologies/icf#158212		
https://data.esante.gouv.fr/terminologies/icf#158247		
https://data.esante.gouv.fr/terminologies/icf#158271		
https://data.esante.gouv.fr/terminologies/icf#158286		
https://data.esante.gouv.fr/terminologies/icf#158414		
https://data.esante.gouv.fr/terminologies/icf#15842	d5301	d5301 regulating defecation
https://data.esante.gouv.fr/terminologies/icf#158421		
https://data.esante.gouv.fr/terminologies/icf#158555		
https://data.esante.gouv.fr/terminologies/icf#158609		
https://data.esante.gouv.fr/terminologies/icf#158719		
https://data.esante.gouv.fr/terminologies/icf#159005		
https://data.esante.gouv.fr/terminologies/icf#159060		
https://data.esante.gouv.fr/terminologies/icf#159154		
https://data.esante.gouv.fr/terminologies/icf#159194		
https://data.esante.gouv.fr/terminologies/icf#159198		
https://data.esante.gouv.fr/terminologies/icf#15925	b1266	b1266 confidence
https://data.esante.gouv.fr/terminologies/icf#159318		
https://data.esante.gouv.fr/terminologies/icf#159343		
https://data.esante.gouv.fr/terminologies/icf#159372		
https://data.esante.gouv.fr/terminologies/icf#159456		
https://data.esante.gouv.fr/terminologies/icf#159487		
https://data.esante.gouv.fr/terminologies/icf#159501		
https://data.esante.gouv.fr/terminologies/icf#159506		
https://data.esante.gouv.fr/terminologies/icf#15953	d9101	d9101 formal associations
https://data.esante.gouv.fr/terminologies/icf#159562		
https://data.esante.gouv.fr/terminologies/icf#15960	b4503	b4503 functions of yawning
https://data.esante.gouv.fr/terminologies/icf#159656		
https://data.esante.gouv.fr/terminologies/icf#159703		
https://data.esante.gouv.fr/terminologies/icf#159820		
https://data.esante.gouv.fr/terminologies/icf#160047		
https://data.esante.gouv.fr/terminologies/icf#160174		
https://data.esante.gouv.fr/terminologies/icf#16019	b2404	b2404 irritation in the ear
https://data.esante.gouv.fr/terminologies/icf#160211		
https://data.esante.gouv.fr/terminologies/icf#160216		
https://data.esante.gouv.fr/terminologies/icf#160377		
https://data.esante.gouv.fr/terminologies/icf#160451		
https://data.esante.gouv.fr/terminologies/icf#16048	b2308	b2308 hearing functions, other specified
https://data.esante.gouv.fr/terminologies/icf#160500		
https://data.esante.gouv.fr/terminologies/icf#160527		
https://data.esante.gouv.fr/terminologies/icf#160580		
https://data.esante.gouv.fr/terminologies/icf#160687		
https://data.esante.gouv.fr/terminologies/icf#16069	s7209	s7209 structure of shoulder region, unspecified
https://data.esante.gouv.fr/terminologies/icf#160713		
https://data.esante.gouv.fr/terminologies/icf#160725		
https://data.esante.gouv.fr/terminologies/icf#160778		
https://data.esante.gouv.fr/terminologies/icf#160822		
https://data.esante.gouv.fr/terminologies/icf#160902		
https://data.esante.gouv.fr/terminologies/icf#160919		
https://data.esante.gouv.fr/terminologies/icf#160927		
https://data.esante.gouv.fr/terminologies/icf#160940		
https://data.esante.gouv.fr/terminologies/icf#160974		
https://data.esante.gouv.fr/terminologies/icf#161022		
https://data.esante.gouv.fr/terminologies/icf#161163		
https://data.esante.gouv.fr/terminologies/icf#161237		
https://data.esante.gouv.fr/terminologies/icf#161246		
https://data.esante.gouv.fr/terminologies/icf#16139	d4101	d4101 squatting
https://data.esante.gouv.fr/terminologies/icf#161394		
https://data.esante.gouv.fr/terminologies/icf#161457		
https://data.esante.gouv.fr/terminologies/icf#161525		
https://data.esante.gouv.fr/terminologies/icf#161526		
https://data.esante.gouv.fr/terminologies/icf#161640		
https://data.esante.gouv.fr/terminologies/icf#161795		
https://data.esante.gouv.fr/terminologies/icf#161849		
https://data.esante.gouv.fr/terminologies/icf#161865		
https://data.esante.gouv.fr/terminologies/icf#161873		
https://data.esante.gouv.fr/terminologies/icf#16189	s2	the eye, ear and related structures
https://data.esante.gouv.fr/terminologies/icf#161921		
https://data.esante.gouv.fr/terminologies/icf#161925		
https://data.esante.gouv.fr/terminologies/icf#161977		
https://data.esante.gouv.fr/terminologies/icf#162052		
https://data.esante.gouv.fr/terminologies/icf#162142		
https://data.esante.gouv.fr/terminologies/icf#162275		
https://data.esante.gouv.fr/terminologies/icf#162421		
https://data.esante.gouv.fr/terminologies/icf#162444		
https://data.esante.gouv.fr/terminologies/icf#162462		
https://data.esante.gouv.fr/terminologies/icf#162513		
https://data.esante.gouv.fr/terminologies/icf#162575		
https://data.esante.gouv.fr/terminologies/icf#162588		
https://data.esante.gouv.fr/terminologies/icf#162623		
https://data.esante.gouv.fr/terminologies/icf#162661		
https://data.esante.gouv.fr/terminologies/icf#16273	b6201	b6201 frequency of urination
https://data.esante.gouv.fr/terminologies/icf#162735		
https://data.esante.gouv.fr/terminologies/icf#162744		
https://data.esante.gouv.fr/terminologies/icf#162745		
https://data.esante.gouv.fr/terminologies/icf#162766		
https://data.esante.gouv.fr/terminologies/icf#162776		
https://data.esante.gouv.fr/terminologies/icf#162799		
https://data.esante.gouv.fr/terminologies/icf#162806		
https://data.esante.gouv.fr/terminologies/icf#162828		
https://data.esante.gouv.fr/terminologies/icf#162865		
https://data.esante.gouv.fr/terminologies/icf#162906		
https://data.esante.gouv.fr/terminologies/icf#162935		
https://data.esante.gouv.fr/terminologies/icf#163062		
https://data.esante.gouv.fr/terminologies/icf#163073		
https://data.esante.gouv.fr/terminologies/icf#163195		
https://data.esante.gouv.fr/terminologies/icf#16321	e1250	e1250 general products and technology for communication
https://data.esante.gouv.fr/terminologies/icf#163262		
https://data.esante.gouv.fr/terminologies/icf#163303		
https://data.esante.gouv.fr/terminologies/icf#163324		
https://data.esante.gouv.fr/terminologies/icf#163422		
https://data.esante.gouv.fr/terminologies/icf#163424		
https://data.esante.gouv.fr/terminologies/icf#163433		
https://data.esante.gouv.fr/terminologies/icf#16356	b1264	b1264 openness to experience
https://data.esante.gouv.fr/terminologies/icf#163573		
https://data.esante.gouv.fr/terminologies/icf#163641		
https://data.esante.gouv.fr/terminologies/icf#163674		
https://data.esante.gouv.fr/terminologies/icf#163681		
https://data.esante.gouv.fr/terminologies/icf#163686		
https://data.esante.gouv.fr/terminologies/icf#163756		
https://data.esante.gouv.fr/terminologies/icf#163821		
https://data.esante.gouv.fr/terminologies/icf#163825		
https://data.esante.gouv.fr/terminologies/icf#16386	s43038	s43038 muscles of respiration, other specified
https://data.esante.gouv.fr/terminologies/icf#16389	d7602	d7602 sibling relationships
https://data.esante.gouv.fr/terminologies/icf#163929		
https://data.esante.gouv.fr/terminologies/icf#163976		
https://data.esante.gouv.fr/terminologies/icf#164043		
https://data.esante.gouv.fr/terminologies/icf#164054		
https://data.esante.gouv.fr/terminologies/icf#164102		
https://data.esante.gouv.fr/terminologies/icf#164222		
https://data.esante.gouv.fr/terminologies/icf#164381		
https://data.esante.gouv.fr/terminologies/icf#164459		
https://data.esante.gouv.fr/terminologies/icf#164691		
https://data.esante.gouv.fr/terminologies/icf#164698		
https://data.esante.gouv.fr/terminologies/icf#164756		
https://data.esante.gouv.fr/terminologies/icf#164765		
https://data.esante.gouv.fr/terminologies/icf#164965		
https://data.esante.gouv.fr/terminologies/icf#164978		
https://data.esante.gouv.fr/terminologies/icf#164988		
https://data.esante.gouv.fr/terminologies/icf#165072		
https://data.esante.gouv.fr/terminologies/icf#165253		
https://data.esante.gouv.fr/terminologies/icf#165331		
https://data.esante.gouv.fr/terminologies/icf#165492		
https://data.esante.gouv.fr/terminologies/icf#165539		
https://data.esante.gouv.fr/terminologies/icf#165654		
https://data.esante.gouv.fr/terminologies/icf#165706		
https://data.esante.gouv.fr/terminologies/icf#165762		
https://data.esante.gouv.fr/terminologies/icf#165771		
https://data.esante.gouv.fr/terminologies/icf#165806		
https://data.esante.gouv.fr/terminologies/icf#165834		
https://data.esante.gouv.fr/terminologies/icf#165845		
https://data.esante.gouv.fr/terminologies/icf#165902		
https://data.esante.gouv.fr/terminologies/icf#165905		
https://data.esante.gouv.fr/terminologies/icf#166040		
https://data.esante.gouv.fr/terminologies/icf#166057		
https://data.esante.gouv.fr/terminologies/icf#166094		
https://data.esante.gouv.fr/terminologies/icf#166128		
https://data.esante.gouv.fr/terminologies/icf#166161		
https://data.esante.gouv.fr/terminologies/icf#166182		
https://data.esante.gouv.fr/terminologies/icf#166193		
https://data.esante.gouv.fr/terminologies/icf#166257		
https://data.esante.gouv.fr/terminologies/icf#166283		
https://data.esante.gouv.fr/terminologies/icf#166298		
https://data.esante.gouv.fr/terminologies/icf#166329		
https://data.esante.gouv.fr/terminologies/icf#166438		
https://data.esante.gouv.fr/terminologies/icf#166455		
https://data.esante.gouv.fr/terminologies/icf#166476		
https://data.esante.gouv.fr/terminologies/icf#166512		
https://data.esante.gouv.fr/terminologies/icf#166524		
https://data.esante.gouv.fr/terminologies/icf#166625		
https://data.esante.gouv.fr/terminologies/icf#166774		
https://data.esante.gouv.fr/terminologies/icf#166781		
https://data.esante.gouv.fr/terminologies/icf#166950		
https://data.esante.gouv.fr/terminologies/icf#167085		
https://data.esante.gouv.fr/terminologies/icf#167157		
https://data.esante.gouv.fr/terminologies/icf#167238		
https://data.esante.gouv.fr/terminologies/icf#167248		
https://data.esante.gouv.fr/terminologies/icf#167317		
https://data.esante.gouv.fr/terminologies/icf#167345		
https://data.esante.gouv.fr/terminologies/icf#167376		
https://data.esante.gouv.fr/terminologies/icf#167393		
https://data.esante.gouv.fr/terminologies/icf#167399		
https://data.esante.gouv.fr/terminologies/icf#167426		
https://data.esante.gouv.fr/terminologies/icf#167537		
https://data.esante.gouv.fr/terminologies/icf#1677	d1310	d1310 learning through simple actions with a single object
https://data.esante.gouv.fr/terminologies/icf#167701		
https://data.esante.gouv.fr/terminologies/icf#167731		
https://data.esante.gouv.fr/terminologies/icf#167860		
https://data.esante.gouv.fr/terminologies/icf#167971		
https://data.esante.gouv.fr/terminologies/icf#167989		
https://data.esante.gouv.fr/terminologies/icf#168031		
https://data.esante.gouv.fr/terminologies/icf#168150		
https://data.esante.gouv.fr/terminologies/icf#16818	e1509	e1509 design, construction and building products and technology of buildings for public use, unspecified
https://data.esante.gouv.fr/terminologies/icf#168195		
https://data.esante.gouv.fr/terminologies/icf#168205		
https://data.esante.gouv.fr/terminologies/icf#168243		
https://data.esante.gouv.fr/terminologies/icf#168268		
https://data.esante.gouv.fr/terminologies/icf#168299		
https://data.esante.gouv.fr/terminologies/icf#168373		
https://data.esante.gouv.fr/terminologies/icf#168437		
https://data.esante.gouv.fr/terminologies/icf#168441		
https://data.esante.gouv.fr/terminologies/icf#168462		
https://data.esante.gouv.fr/terminologies/icf#168485		
https://data.esante.gouv.fr/terminologies/icf#168500		
https://data.esante.gouv.fr/terminologies/icf#168605		
https://data.esante.gouv.fr/terminologies/icf#168625		
https://data.esante.gouv.fr/terminologies/icf#168668		
https://data.esante.gouv.fr/terminologies/icf#16877	d3550	d3550 discussion with one person
https://data.esante.gouv.fr/terminologies/icf#16889	e2	natural environment and human-made changes to environment
https://data.esante.gouv.fr/terminologies/icf#168918		
https://data.esante.gouv.fr/terminologies/icf#168931		
https://data.esante.gouv.fr/terminologies/icf#169041		
https://data.esante.gouv.fr/terminologies/icf#169232		
https://data.esante.gouv.fr/terminologies/icf#169264		
https://data.esante.gouv.fr/terminologies/icf#169326		
https://data.esante.gouv.fr/terminologies/icf#169366		
https://data.esante.gouv.fr/terminologies/icf#169376		
https://data.esante.gouv.fr/terminologies/icf#169391		
https://data.esante.gouv.fr/terminologies/icf#169393		
https://data.esante.gouv.fr/terminologies/icf#169597		
https://data.esante.gouv.fr/terminologies/icf#169632		
https://data.esante.gouv.fr/terminologies/icf#169672		
https://data.esante.gouv.fr/terminologies/icf#169838		
https://data.esante.gouv.fr/terminologies/icf#169856		
https://data.esante.gouv.fr/terminologies/icf#169893		
https://data.esante.gouv.fr/terminologies/icf#169998		
https://data.esante.gouv.fr/terminologies/icf#170046		
https://data.esante.gouv.fr/terminologies/icf#170106		
https://data.esante.gouv.fr/terminologies/icf#170198		
https://data.esante.gouv.fr/terminologies/icf#170217		
https://data.esante.gouv.fr/terminologies/icf#17028	b140-b189	specific mental functions (b140-b189)
https://data.esante.gouv.fr/terminologies/icf#170306		
https://data.esante.gouv.fr/terminologies/icf#170313		
https://data.esante.gouv.fr/terminologies/icf#170362		
https://data.esante.gouv.fr/terminologies/icf#170407		
https://data.esante.gouv.fr/terminologies/icf#170451		
https://data.esante.gouv.fr/terminologies/icf#170508		
https://data.esante.gouv.fr/terminologies/icf#17051	e1659	e1659 assets, unspecified
https://data.esante.gouv.fr/terminologies/icf#170633		
https://data.esante.gouv.fr/terminologies/icf#170702		
https://data.esante.gouv.fr/terminologies/icf#170723		
https://data.esante.gouv.fr/terminologies/icf#170781		
https://data.esante.gouv.fr/terminologies/icf#170784		
https://data.esante.gouv.fr/terminologies/icf#170806		
https://data.esante.gouv.fr/terminologies/icf#17084	b1141	b1141 orientation to place
https://data.esante.gouv.fr/terminologies/icf#17102	b5151	b5151 breakdown of food
https://data.esante.gouv.fr/terminologies/icf#171073		
https://data.esante.gouv.fr/terminologies/icf#171077		
https://data.esante.gouv.fr/terminologies/icf#171116		
https://data.esante.gouv.fr/terminologies/icf#17134	d4458	d4458 hand and arm use, other specified
https://data.esante.gouv.fr/terminologies/icf#171420		
https://data.esante.gouv.fr/terminologies/icf#171427		
https://data.esante.gouv.fr/terminologies/icf#171434		
https://data.esante.gouv.fr/terminologies/icf#171450		
https://data.esante.gouv.fr/terminologies/icf#171606		
https://data.esante.gouv.fr/terminologies/icf#171652		
https://data.esante.gouv.fr/terminologies/icf#171803		
https://data.esante.gouv.fr/terminologies/icf#17187	d3509	d3509 conversation, unspecified
https://data.esante.gouv.fr/terminologies/icf#171990		
https://data.esante.gouv.fr/terminologies/icf#172117		
https://data.esante.gouv.fr/terminologies/icf#172281		
https://data.esante.gouv.fr/terminologies/icf#172341		
https://data.esante.gouv.fr/terminologies/icf#172406		
https://data.esante.gouv.fr/terminologies/icf#172421		
https://data.esante.gouv.fr/terminologies/icf#172486		
https://data.esante.gouv.fr/terminologies/icf#172533		
https://data.esante.gouv.fr/terminologies/icf#172562		
https://data.esante.gouv.fr/terminologies/icf#172596		
https://data.esante.gouv.fr/terminologies/icf#172656		
https://data.esante.gouv.fr/terminologies/icf#172669		
https://data.esante.gouv.fr/terminologies/icf#172752		
https://data.esante.gouv.fr/terminologies/icf#172772		
https://data.esante.gouv.fr/terminologies/icf#172875		
https://data.esante.gouv.fr/terminologies/icf#1730	d7203	d7203 interacting according to social rules
https://data.esante.gouv.fr/terminologies/icf#173050		
https://data.esante.gouv.fr/terminologies/icf#173076		
https://data.esante.gouv.fr/terminologies/icf#173078		
https://data.esante.gouv.fr/terminologies/icf#173103		
https://data.esante.gouv.fr/terminologies/icf#173149		
https://data.esante.gouv.fr/terminologies/icf#173196		
https://data.esante.gouv.fr/terminologies/icf#173201		
https://data.esante.gouv.fr/terminologies/icf#173253		
https://data.esante.gouv.fr/terminologies/icf#173257		
https://data.esante.gouv.fr/terminologies/icf#173312		
https://data.esante.gouv.fr/terminologies/icf#173472		
https://data.esante.gouv.fr/terminologies/icf#173510		
https://data.esante.gouv.fr/terminologies/icf#173631		
https://data.esante.gouv.fr/terminologies/icf#173688		
https://data.esante.gouv.fr/terminologies/icf#173729		
https://data.esante.gouv.fr/terminologies/icf#173805		
https://data.esante.gouv.fr/terminologies/icf#173999		
https://data.esante.gouv.fr/terminologies/icf#174019		
https://data.esante.gouv.fr/terminologies/icf#174030		
https://data.esante.gouv.fr/terminologies/icf#174132		
https://data.esante.gouv.fr/terminologies/icf#174163		
https://data.esante.gouv.fr/terminologies/icf#174367		
https://data.esante.gouv.fr/terminologies/icf#17437	d399	d399 communication, unspecified
https://data.esante.gouv.fr/terminologies/icf#174409		
https://data.esante.gouv.fr/terminologies/icf#174429		
https://data.esante.gouv.fr/terminologies/icf#17443	b1269	b1269 temperament and personality functions, unspecified
https://data.esante.gouv.fr/terminologies/icf#174572		
https://data.esante.gouv.fr/terminologies/icf#174581		
https://data.esante.gouv.fr/terminologies/icf#174624		
https://data.esante.gouv.fr/terminologies/icf#174641		
https://data.esante.gouv.fr/terminologies/icf#174682		
https://data.esante.gouv.fr/terminologies/icf#174700		
https://data.esante.gouv.fr/terminologies/icf#174712		
https://data.esante.gouv.fr/terminologies/icf#17486	b28018	b28018 pain in body part, other specified
https://data.esante.gouv.fr/terminologies/icf#174875		
https://data.esante.gouv.fr/terminologies/icf#174899		
https://data.esante.gouv.fr/terminologies/icf#174926		
https://data.esante.gouv.fr/terminologies/icf#174970		
https://data.esante.gouv.fr/terminologies/icf#175012		
https://data.esante.gouv.fr/terminologies/icf#175034		
https://data.esante.gouv.fr/terminologies/icf#175062		
https://data.esante.gouv.fr/terminologies/icf#17512	e5709	e5709 social security services, systems and policies, unspecified
https://data.esante.gouv.fr/terminologies/icf#175181		
https://data.esante.gouv.fr/terminologies/icf#17533	b710-b729	functions of the joints and bones (b710-b729)
https://data.esante.gouv.fr/terminologies/icf#175347		
https://data.esante.gouv.fr/terminologies/icf#175416		
https://data.esante.gouv.fr/terminologies/icf#175438		
https://data.esante.gouv.fr/terminologies/icf#175578		
https://data.esante.gouv.fr/terminologies/icf#175588		
https://data.esante.gouv.fr/terminologies/icf#175858		
https://data.esante.gouv.fr/terminologies/icf#175865		
https://data.esante.gouv.fr/terminologies/icf#175868		
https://data.esante.gouv.fr/terminologies/icf#175869		
https://data.esante.gouv.fr/terminologies/icf#175906		
https://data.esante.gouv.fr/terminologies/icf#175961		
https://data.esante.gouv.fr/terminologies/icf#176221		
https://data.esante.gouv.fr/terminologies/icf#17627	b1442	b1442 retrieval and processing of memory
https://data.esante.gouv.fr/terminologies/icf#176514		
https://data.esante.gouv.fr/terminologies/icf#176573		
https://data.esante.gouv.fr/terminologies/icf#176907		
https://data.esante.gouv.fr/terminologies/icf#176931		
https://data.esante.gouv.fr/terminologies/icf#17708	d4400	d4400 picking up
https://data.esante.gouv.fr/terminologies/icf#1771	d599	d599 self-care, unspecified
https://data.esante.gouv.fr/terminologies/icf#177164		
https://data.esante.gouv.fr/terminologies/icf#177206		
https://data.esante.gouv.fr/terminologies/icf#177262		
https://data.esante.gouv.fr/terminologies/icf#177296		
https://data.esante.gouv.fr/terminologies/icf#177383		
https://data.esante.gouv.fr/terminologies/icf#177384		
https://data.esante.gouv.fr/terminologies/icf#177547		
https://data.esante.gouv.fr/terminologies/icf#177609		
https://data.esante.gouv.fr/terminologies/icf#177836		
https://data.esante.gouv.fr/terminologies/icf#177837		
https://data.esante.gouv.fr/terminologies/icf#177840		
https://data.esante.gouv.fr/terminologies/icf#177843		
https://data.esante.gouv.fr/terminologies/icf#177874		
https://data.esante.gouv.fr/terminologies/icf#177930		
https://data.esante.gouv.fr/terminologies/icf#178017		
https://data.esante.gouv.fr/terminologies/icf#178083		
https://data.esante.gouv.fr/terminologies/icf#178188		
https://data.esante.gouv.fr/terminologies/icf#178274		
https://data.esante.gouv.fr/terminologies/icf#178400		
https://data.esante.gouv.fr/terminologies/icf#178413		
https://data.esante.gouv.fr/terminologies/icf#178414		
https://data.esante.gouv.fr/terminologies/icf#178415		
https://data.esante.gouv.fr/terminologies/icf#178439		
https://data.esante.gouv.fr/terminologies/icf#178490		
https://data.esante.gouv.fr/terminologies/icf#178498		
https://data.esante.gouv.fr/terminologies/icf#178508		
https://data.esante.gouv.fr/terminologies/icf#178609		
https://data.esante.gouv.fr/terminologies/icf#178691		
https://data.esante.gouv.fr/terminologies/icf#178705		
https://data.esante.gouv.fr/terminologies/icf#178713		
https://data.esante.gouv.fr/terminologies/icf#17874	e2408	e2408 light, other specified
https://data.esante.gouv.fr/terminologies/icf#178745		
https://data.esante.gouv.fr/terminologies/icf#178785		
https://data.esante.gouv.fr/terminologies/icf#178791		
https://data.esante.gouv.fr/terminologies/icf#17882	e198	e198 products and technology, other specified
https://data.esante.gouv.fr/terminologies/icf#178829		
https://data.esante.gouv.fr/terminologies/icf#178841		
https://data.esante.gouv.fr/terminologies/icf#178859		
https://data.esante.gouv.fr/terminologies/icf#178982		
https://data.esante.gouv.fr/terminologies/icf#178997		
https://data.esante.gouv.fr/terminologies/icf#179080		
https://data.esante.gouv.fr/terminologies/icf#179301		
https://data.esante.gouv.fr/terminologies/icf#179340		
https://data.esante.gouv.fr/terminologies/icf#179342		
https://data.esante.gouv.fr/terminologies/icf#17950	b21022	b21022 contrast sensitivity
https://data.esante.gouv.fr/terminologies/icf#179526		
https://data.esante.gouv.fr/terminologies/icf#179580		
https://data.esante.gouv.fr/terminologies/icf#179588		
https://data.esante.gouv.fr/terminologies/icf#179636		
https://data.esante.gouv.fr/terminologies/icf#179647		
https://data.esante.gouv.fr/terminologies/icf#17969	s75011	s75011 knee joint
https://data.esante.gouv.fr/terminologies/icf#179894		
https://data.esante.gouv.fr/terminologies/icf#179900		
https://data.esante.gouv.fr/terminologies/icf#17994	d5200	d5200 caring for skin
https://data.esante.gouv.fr/terminologies/icf#179959		
https://data.esante.gouv.fr/terminologies/icf#179971		
https://data.esante.gouv.fr/terminologies/icf#179987		
https://data.esante.gouv.fr/terminologies/icf#180028		
https://data.esante.gouv.fr/terminologies/icf#18009	b45041	b45041 transportation of mucus
https://data.esante.gouv.fr/terminologies/icf#180209		
https://data.esante.gouv.fr/terminologies/icf#180217		
https://data.esante.gouv.fr/terminologies/icf#1803	d3609	d3609 using communication devices and techniques, unspecified
https://data.esante.gouv.fr/terminologies/icf#180414		
https://data.esante.gouv.fr/terminologies/icf#180424		
https://data.esante.gouv.fr/terminologies/icf#180443		
https://data.esante.gouv.fr/terminologies/icf#180522		
https://data.esante.gouv.fr/terminologies/icf#180527		
https://data.esante.gouv.fr/terminologies/icf#18059	b1601	b1601 form of thought
https://data.esante.gouv.fr/terminologies/icf#180618		
https://data.esante.gouv.fr/terminologies/icf#180632		
https://data.esante.gouv.fr/terminologies/icf#180637		
https://data.esante.gouv.fr/terminologies/icf#180646		
https://data.esante.gouv.fr/terminologies/icf#180662		
https://data.esante.gouv.fr/terminologies/icf#180670		
https://data.esante.gouv.fr/terminologies/icf#18070	b280	b280 sensation of pain
https://data.esante.gouv.fr/terminologies/icf#180764		
https://data.esante.gouv.fr/terminologies/icf#180778		
https://data.esante.gouv.fr/terminologies/icf#180824		
https://data.esante.gouv.fr/terminologies/icf#181016		
https://data.esante.gouv.fr/terminologies/icf#181064		
https://data.esante.gouv.fr/terminologies/icf#181072		
https://data.esante.gouv.fr/terminologies/icf#181215		
https://data.esante.gouv.fr/terminologies/icf#181258		
https://data.esante.gouv.fr/terminologies/icf#181310		
https://data.esante.gouv.fr/terminologies/icf#181349		
https://data.esante.gouv.fr/terminologies/icf#181395		
https://data.esante.gouv.fr/terminologies/icf#181639		
https://data.esante.gouv.fr/terminologies/icf#181744		
https://data.esante.gouv.fr/terminologies/icf#181760		
https://data.esante.gouv.fr/terminologies/icf#181772		
https://data.esante.gouv.fr/terminologies/icf#181812		
https://data.esante.gouv.fr/terminologies/icf#18187	d1402	d1402 acquiring skills to understanding written words and phrases
https://data.esante.gouv.fr/terminologies/icf#182029		
https://data.esante.gouv.fr/terminologies/icf#182039		
https://data.esante.gouv.fr/terminologies/icf#182056		
https://data.esante.gouv.fr/terminologies/icf#182066		
https://data.esante.gouv.fr/terminologies/icf#182111		
https://data.esante.gouv.fr/terminologies/icf#182124		
https://data.esante.gouv.fr/terminologies/icf#182128		
https://data.esante.gouv.fr/terminologies/icf#182150		
https://data.esante.gouv.fr/terminologies/icf#182182		
https://data.esante.gouv.fr/terminologies/icf#182223		
https://data.esante.gouv.fr/terminologies/icf#182327		
https://data.esante.gouv.fr/terminologies/icf#182448		
https://data.esante.gouv.fr/terminologies/icf#182468		
https://data.esante.gouv.fr/terminologies/icf#182526		
https://data.esante.gouv.fr/terminologies/icf#182597		
https://data.esante.gouv.fr/terminologies/icf#182700		
https://data.esante.gouv.fr/terminologies/icf#182729		
https://data.esante.gouv.fr/terminologies/icf#182753		
https://data.esante.gouv.fr/terminologies/icf#182803		
https://data.esante.gouv.fr/terminologies/icf#182928		
https://data.esante.gouv.fr/terminologies/icf#182973		
https://data.esante.gouv.fr/terminologies/icf#183013		
https://data.esante.gouv.fr/terminologies/icf#183073		
https://data.esante.gouv.fr/terminologies/icf#183122		
https://data.esante.gouv.fr/terminologies/icf#183126		
https://data.esante.gouv.fr/terminologies/icf#183142		
https://data.esante.gouv.fr/terminologies/icf#183159		
https://data.esante.gouv.fr/terminologies/icf#183165		
https://data.esante.gouv.fr/terminologies/icf#183195		
https://data.esante.gouv.fr/terminologies/icf#18325	d4350	d4350 pushing with lower extremities
https://data.esante.gouv.fr/terminologies/icf#183264		
https://data.esante.gouv.fr/terminologies/icf#183288		
https://data.esante.gouv.fr/terminologies/icf#183308		
https://data.esante.gouv.fr/terminologies/icf#183409		
https://data.esante.gouv.fr/terminologies/icf#183531		
https://data.esante.gouv.fr/terminologies/icf#183556		
https://data.esante.gouv.fr/terminologies/icf#18368	s2509	s2509 structure of middle ear, unspecified
https://data.esante.gouv.fr/terminologies/icf#183710		
https://data.esante.gouv.fr/terminologies/icf#183735		
https://data.esante.gouv.fr/terminologies/icf#183773		
https://data.esante.gouv.fr/terminologies/icf#18378	b4359	b4359 immunological system functions, unspecified
https://data.esante.gouv.fr/terminologies/icf#183857		
https://data.esante.gouv.fr/terminologies/icf#183884		
https://data.esante.gouv.fr/terminologies/icf#18396	e1551	e1551 design, construction and building products and technology for gaining access to facilities in buildings for private use
https://data.esante.gouv.fr/terminologies/icf#184271		
https://data.esante.gouv.fr/terminologies/icf#184295		
https://data.esante.gouv.fr/terminologies/icf#184333		
https://data.esante.gouv.fr/terminologies/icf#184477		
https://data.esante.gouv.fr/terminologies/icf#184561		
https://data.esante.gouv.fr/terminologies/icf#184693		
https://data.esante.gouv.fr/terminologies/icf#18472	e399	e399 support and relationships, unspecified
https://data.esante.gouv.fr/terminologies/icf#184788		
https://data.esante.gouv.fr/terminologies/icf#184846		
https://data.esante.gouv.fr/terminologies/icf#184847		
https://data.esante.gouv.fr/terminologies/icf#184911		
https://data.esante.gouv.fr/terminologies/icf#184961		
https://data.esante.gouv.fr/terminologies/icf#185018		
https://data.esante.gouv.fr/terminologies/icf#185180		
https://data.esante.gouv.fr/terminologies/icf#185253		
https://data.esante.gouv.fr/terminologies/icf#185327		
https://data.esante.gouv.fr/terminologies/icf#185343		
https://data.esante.gouv.fr/terminologies/icf#185363		
https://data.esante.gouv.fr/terminologies/icf#185406		
https://data.esante.gouv.fr/terminologies/icf#185576		
https://data.esante.gouv.fr/terminologies/icf#185601		
https://data.esante.gouv.fr/terminologies/icf#185652		
https://data.esante.gouv.fr/terminologies/icf#18569	b3409	b3409 alternative vocalization functions, unspecified
https://data.esante.gouv.fr/terminologies/icf#185722		
https://data.esante.gouv.fr/terminologies/icf#185805		
https://data.esante.gouv.fr/terminologies/icf#185871		
https://data.esante.gouv.fr/terminologies/icf#186013		
https://data.esante.gouv.fr/terminologies/icf#186026		
https://data.esante.gouv.fr/terminologies/icf#186064		
https://data.esante.gouv.fr/terminologies/icf#186066		
https://data.esante.gouv.fr/terminologies/icf#186079		
https://data.esante.gouv.fr/terminologies/icf#186142		
https://data.esante.gouv.fr/terminologies/icf#186297		
https://data.esante.gouv.fr/terminologies/icf#186410		
https://data.esante.gouv.fr/terminologies/icf#186419		
https://data.esante.gouv.fr/terminologies/icf#186484		
https://data.esante.gouv.fr/terminologies/icf#186518		
https://data.esante.gouv.fr/terminologies/icf#186545		
https://data.esante.gouv.fr/terminologies/icf#186640		
https://data.esante.gouv.fr/terminologies/icf#186780		
https://data.esante.gouv.fr/terminologies/icf#187019		
https://data.esante.gouv.fr/terminologies/icf#187042		
https://data.esante.gouv.fr/terminologies/icf#187043		
https://data.esante.gouv.fr/terminologies/icf#187053		
https://data.esante.gouv.fr/terminologies/icf#187054		
https://data.esante.gouv.fr/terminologies/icf#187088		
https://data.esante.gouv.fr/terminologies/icf#187099		
https://data.esante.gouv.fr/terminologies/icf#187147		
https://data.esante.gouv.fr/terminologies/icf#187148		
https://data.esante.gouv.fr/terminologies/icf#187219		
https://data.esante.gouv.fr/terminologies/icf#187235		
https://data.esante.gouv.fr/terminologies/icf#187236		
https://data.esante.gouv.fr/terminologies/icf#187391		
https://data.esante.gouv.fr/terminologies/icf#187455		
https://data.esante.gouv.fr/terminologies/icf#187461		
https://data.esante.gouv.fr/terminologies/icf#187463		
https://data.esante.gouv.fr/terminologies/icf#187519		
https://data.esante.gouv.fr/terminologies/icf#187547		
https://data.esante.gouv.fr/terminologies/icf#187551		
https://data.esante.gouv.fr/terminologies/icf#187657		
https://data.esante.gouv.fr/terminologies/icf#187746		
https://data.esante.gouv.fr/terminologies/icf#187747		
https://data.esante.gouv.fr/terminologies/icf#187760		
https://data.esante.gouv.fr/terminologies/icf#187828		
https://data.esante.gouv.fr/terminologies/icf#187836		
https://data.esante.gouv.fr/terminologies/icf#187855		
https://data.esante.gouv.fr/terminologies/icf#187973		
https://data.esante.gouv.fr/terminologies/icf#188019		
https://data.esante.gouv.fr/terminologies/icf#18805	b630	b630 sensations associated with urinary functions
https://data.esante.gouv.fr/terminologies/icf#188050		
https://data.esante.gouv.fr/terminologies/icf#188207		
https://data.esante.gouv.fr/terminologies/icf#188354		
https://data.esante.gouv.fr/terminologies/icf#188378		
https://data.esante.gouv.fr/terminologies/icf#188555		
https://data.esante.gouv.fr/terminologies/icf#188628		
https://data.esante.gouv.fr/terminologies/icf#188692		
https://data.esante.gouv.fr/terminologies/icf#188826		
https://data.esante.gouv.fr/terminologies/icf#188876		
https://data.esante.gouv.fr/terminologies/icf#188903		
https://data.esante.gouv.fr/terminologies/icf#189140		
https://data.esante.gouv.fr/terminologies/icf#189416		
https://data.esante.gouv.fr/terminologies/icf#189423		
https://data.esante.gouv.fr/terminologies/icf#189433		
https://data.esante.gouv.fr/terminologies/icf#189443		
https://data.esante.gouv.fr/terminologies/icf#189468		
https://data.esante.gouv.fr/terminologies/icf#189656		
https://data.esante.gouv.fr/terminologies/icf#189807		
https://data.esante.gouv.fr/terminologies/icf#189842		
https://data.esante.gouv.fr/terminologies/icf#189920		
https://data.esante.gouv.fr/terminologies/icf#190004		
https://data.esante.gouv.fr/terminologies/icf#190058		
https://data.esante.gouv.fr/terminologies/icf#190069		
https://data.esante.gouv.fr/terminologies/icf#190102		
https://data.esante.gouv.fr/terminologies/icf#19011	d8502	d8502 full-time employment
https://data.esante.gouv.fr/terminologies/icf#190194		
https://data.esante.gouv.fr/terminologies/icf#190273		
https://data.esante.gouv.fr/terminologies/icf#19034	e2258	e2258 climate, other specified
https://data.esante.gouv.fr/terminologies/icf#190362		
https://data.esante.gouv.fr/terminologies/icf#190364		
https://data.esante.gouv.fr/terminologies/icf#19042	b515	b515 digestive functions
https://data.esante.gouv.fr/terminologies/icf#190463		
https://data.esante.gouv.fr/terminologies/icf#190471		
https://data.esante.gouv.fr/terminologies/icf#190472		
https://data.esante.gouv.fr/terminologies/icf#190530		
https://data.esante.gouv.fr/terminologies/icf#190542		
https://data.esante.gouv.fr/terminologies/icf#190592		
https://data.esante.gouv.fr/terminologies/icf#19070	d865	d865 complex economic transactions
https://data.esante.gouv.fr/terminologies/icf#190782		
https://data.esante.gouv.fr/terminologies/icf#191011		
https://data.esante.gouv.fr/terminologies/icf#191082		
https://data.esante.gouv.fr/terminologies/icf#191091		
https://data.esante.gouv.fr/terminologies/icf#191102		
https://data.esante.gouv.fr/terminologies/icf#191131		
https://data.esante.gouv.fr/terminologies/icf#191180		
https://data.esante.gouv.fr/terminologies/icf#191187		
https://data.esante.gouv.fr/terminologies/icf#191228		
https://data.esante.gouv.fr/terminologies/icf#191315		
https://data.esante.gouv.fr/terminologies/icf#191360		
https://data.esante.gouv.fr/terminologies/icf#191389		
https://data.esante.gouv.fr/terminologies/icf#191459		
https://data.esante.gouv.fr/terminologies/icf#191512		
https://data.esante.gouv.fr/terminologies/icf#191636		
https://data.esante.gouv.fr/terminologies/icf#191644		
https://data.esante.gouv.fr/terminologies/icf#191680		
https://data.esante.gouv.fr/terminologies/icf#191693		
https://data.esante.gouv.fr/terminologies/icf#19175	b5258	b5258 defecation functions, other specified
https://data.esante.gouv.fr/terminologies/icf#19185	d110-d129	purposeful sensory experiences (d110-d129)
https://data.esante.gouv.fr/terminologies/icf#191905		
https://data.esante.gouv.fr/terminologies/icf#19198	b7619	b7619 spontaneous movements, unspecified
https://data.esante.gouv.fr/terminologies/icf#192171		
https://data.esante.gouv.fr/terminologies/icf#192177		
https://data.esante.gouv.fr/terminologies/icf#192209		
https://data.esante.gouv.fr/terminologies/icf#19230	d6405	d6405 disposing of garbage
https://data.esante.gouv.fr/terminologies/icf#192332		
https://data.esante.gouv.fr/terminologies/icf#192358		
https://data.esante.gouv.fr/terminologies/icf#192390		
https://data.esante.gouv.fr/terminologies/icf#192394		
https://data.esante.gouv.fr/terminologies/icf#19259	e145	e145 products and technology for the practice of religion and spirituality
https://data.esante.gouv.fr/terminologies/icf#192596		
https://data.esante.gouv.fr/terminologies/icf#192667		
https://data.esante.gouv.fr/terminologies/icf#192698		
https://data.esante.gouv.fr/terminologies/icf#192742		
https://data.esante.gouv.fr/terminologies/icf#192809		
https://data.esante.gouv.fr/terminologies/icf#192823		
https://data.esante.gouv.fr/terminologies/icf#19284	b7618	b7618 spontaneous movements, other specified
https://data.esante.gouv.fr/terminologies/icf#192898		
https://data.esante.gouv.fr/terminologies/icf#192974		
https://data.esante.gouv.fr/terminologies/icf#193028		
https://data.esante.gouv.fr/terminologies/icf#193046		
https://data.esante.gouv.fr/terminologies/icf#193146		
https://data.esante.gouv.fr/terminologies/icf#193171		
https://data.esante.gouv.fr/terminologies/icf#193292		
https://data.esante.gouv.fr/terminologies/icf#19336	d2401	d2401 handling stress
https://data.esante.gouv.fr/terminologies/icf#19340	e5650	e5650 economic services
https://data.esante.gouv.fr/terminologies/icf#193403		
https://data.esante.gouv.fr/terminologies/icf#19349	b11421	b11421 orientation to others
https://data.esante.gouv.fr/terminologies/icf#193513		
https://data.esante.gouv.fr/terminologies/icf#193549		
https://data.esante.gouv.fr/terminologies/icf#193551		
https://data.esante.gouv.fr/terminologies/icf#193599		
https://data.esante.gouv.fr/terminologies/icf#193687		
https://data.esante.gouv.fr/terminologies/icf#19372	b2403	b2403 nausea associated with dizziness or vertigo
https://data.esante.gouv.fr/terminologies/icf#193744		
https://data.esante.gouv.fr/terminologies/icf#193804		
https://data.esante.gouv.fr/terminologies/icf#193888		
https://data.esante.gouv.fr/terminologies/icf#193905		
https://data.esante.gouv.fr/terminologies/icf#193924		
https://data.esante.gouv.fr/terminologies/icf#194045		
https://data.esante.gouv.fr/terminologies/icf#194062		
https://data.esante.gouv.fr/terminologies/icf#194113		
https://data.esante.gouv.fr/terminologies/icf#194132		
https://data.esante.gouv.fr/terminologies/icf#194271		
https://data.esante.gouv.fr/terminologies/icf#194297		
https://data.esante.gouv.fr/terminologies/icf#194299		
https://data.esante.gouv.fr/terminologies/icf#194328		
https://data.esante.gouv.fr/terminologies/icf#194347		
https://data.esante.gouv.fr/terminologies/icf#194396		
https://data.esante.gouv.fr/terminologies/icf#194403		
https://data.esante.gouv.fr/terminologies/icf#194406		
https://data.esante.gouv.fr/terminologies/icf#19455	b172	b172 calculation functions
https://data.esante.gouv.fr/terminologies/icf#194560		
https://data.esante.gouv.fr/terminologies/icf#194584		
https://data.esante.gouv.fr/terminologies/icf#194643		
https://data.esante.gouv.fr/terminologies/icf#194650		
https://data.esante.gouv.fr/terminologies/icf#194656		
https://data.esante.gouv.fr/terminologies/icf#194842		
https://data.esante.gouv.fr/terminologies/icf#194873		
https://data.esante.gouv.fr/terminologies/icf#194920		
https://data.esante.gouv.fr/terminologies/icf#195044		
https://data.esante.gouv.fr/terminologies/icf#195211		
https://data.esante.gouv.fr/terminologies/icf#195219		
https://data.esante.gouv.fr/terminologies/icf#195234		
https://data.esante.gouv.fr/terminologies/icf#195324		
https://data.esante.gouv.fr/terminologies/icf#195344		
https://data.esante.gouv.fr/terminologies/icf#195438		
https://data.esante.gouv.fr/terminologies/icf#195449		
https://data.esante.gouv.fr/terminologies/icf#195559		
https://data.esante.gouv.fr/terminologies/icf#195561		
https://data.esante.gouv.fr/terminologies/icf#19560	b5250	b5250 elimination of faeces
https://data.esante.gouv.fr/terminologies/icf#195694		
https://data.esante.gouv.fr/terminologies/icf#195738		
https://data.esante.gouv.fr/terminologies/icf#195895		
https://data.esante.gouv.fr/terminologies/icf#196262		
https://data.esante.gouv.fr/terminologies/icf#196315		
https://data.esante.gouv.fr/terminologies/icf#196319		
https://data.esante.gouv.fr/terminologies/icf#196346		
https://data.esante.gouv.fr/terminologies/icf#196388		
https://data.esante.gouv.fr/terminologies/icf#1964	b7303	b7303 power of muscles in lower half of the body
https://data.esante.gouv.fr/terminologies/icf#196510		
https://data.esante.gouv.fr/terminologies/icf#196543		
https://data.esante.gouv.fr/terminologies/icf#196587		
https://data.esante.gouv.fr/terminologies/icf#196679		
https://data.esante.gouv.fr/terminologies/icf#196747		
https://data.esante.gouv.fr/terminologies/icf#196904		
https://data.esante.gouv.fr/terminologies/icf#196967		
https://data.esante.gouv.fr/terminologies/icf#196984		
https://data.esante.gouv.fr/terminologies/icf#197012		
https://data.esante.gouv.fr/terminologies/icf#197026		
https://data.esante.gouv.fr/terminologies/icf#19703	d489	d489 moving around using transportation, other specified and unspecified
https://data.esante.gouv.fr/terminologies/icf#197230		
https://data.esante.gouv.fr/terminologies/icf#197327		
https://data.esante.gouv.fr/terminologies/icf#197368		
https://data.esante.gouv.fr/terminologies/icf#197374		
https://data.esante.gouv.fr/terminologies/icf#19739	b3101	b3101 quality of voice
https://data.esante.gouv.fr/terminologies/icf#197482		
https://data.esante.gouv.fr/terminologies/icf#197568		
https://data.esante.gouv.fr/terminologies/icf#197601		
https://data.esante.gouv.fr/terminologies/icf#197614		
https://data.esante.gouv.fr/terminologies/icf#197724		
https://data.esante.gouv.fr/terminologies/icf#197861		
https://data.esante.gouv.fr/terminologies/icf#197916		
https://data.esante.gouv.fr/terminologies/icf#19793	d8450	d8450 seeking employment
https://data.esante.gouv.fr/terminologies/icf#197943		
https://data.esante.gouv.fr/terminologies/icf#198034		
https://data.esante.gouv.fr/terminologies/icf#198279		
https://data.esante.gouv.fr/terminologies/icf#198295		
https://data.esante.gouv.fr/terminologies/icf#198428		
https://data.esante.gouv.fr/terminologies/icf#198471		
https://data.esante.gouv.fr/terminologies/icf#198528		
https://data.esante.gouv.fr/terminologies/icf#198530		
https://data.esante.gouv.fr/terminologies/icf#198553		
https://data.esante.gouv.fr/terminologies/icf#198554		
https://data.esante.gouv.fr/terminologies/icf#198610		
https://data.esante.gouv.fr/terminologies/icf#198712		
https://data.esante.gouv.fr/terminologies/icf#198726		
https://data.esante.gouv.fr/terminologies/icf#198901		
https://data.esante.gouv.fr/terminologies/icf#198951		
https://data.esante.gouv.fr/terminologies/icf#19903	d5101	d5101 washing whole body
https://data.esante.gouv.fr/terminologies/icf#199064		
https://data.esante.gouv.fr/terminologies/icf#199077		
https://data.esante.gouv.fr/terminologies/icf#199105		
https://data.esante.gouv.fr/terminologies/icf#19911	b310	b310 voice functions
https://data.esante.gouv.fr/terminologies/icf#199128		
https://data.esante.gouv.fr/terminologies/icf#199232		
https://data.esante.gouv.fr/terminologies/icf#199252		
https://data.esante.gouv.fr/terminologies/icf#199253		
https://data.esante.gouv.fr/terminologies/icf#199288		
https://data.esante.gouv.fr/terminologies/icf#199293		
https://data.esante.gouv.fr/terminologies/icf#199386		
https://data.esante.gouv.fr/terminologies/icf#199441		
https://data.esante.gouv.fr/terminologies/icf#199495		
https://data.esante.gouv.fr/terminologies/icf#199575		
https://data.esante.gouv.fr/terminologies/icf#199596		
https://data.esante.gouv.fr/terminologies/icf#199611		
https://data.esante.gouv.fr/terminologies/icf#199655		
https://data.esante.gouv.fr/terminologies/icf#199672		
https://data.esante.gouv.fr/terminologies/icf#199694		
https://data.esante.gouv.fr/terminologies/icf#199790		
https://data.esante.gouv.fr/terminologies/icf#199909		
https://data.esante.gouv.fr/terminologies/icf#199918		
https://data.esante.gouv.fr/terminologies/icf#199987		
https://data.esante.gouv.fr/terminologies/icf#20016	e1	products and technology
https://data.esante.gouv.fr/terminologies/icf#20068	d6404	d6404 storing daily necessities
https://data.esante.gouv.fr/terminologies/icf#2009	s8209	s8209 structure of skin glands, unspecified
https://data.esante.gouv.fr/terminologies/icf#20112	d4208	d4208 transferring oneself, other specified
https://data.esante.gouv.fr/terminologies/icf#20132	e5851	e5851 education and training systems
https://data.esante.gouv.fr/terminologies/icf#20193	e330	e330 people in positions of authority
https://data.esante.gouv.fr/terminologies/icf#202002		
https://data.esante.gouv.fr/terminologies/icf#202003		
https://data.esante.gouv.fr/terminologies/icf#202005		
https://data.esante.gouv.fr/terminologies/icf#202007		
https://data.esante.gouv.fr/terminologies/icf#202008		
https://data.esante.gouv.fr/terminologies/icf#202012		
https://data.esante.gouv.fr/terminologies/icf#202013		
https://data.esante.gouv.fr/terminologies/icf#202014		
https://data.esante.gouv.fr/terminologies/icf#202015		
https://data.esante.gouv.fr/terminologies/icf#202021		
https://data.esante.gouv.fr/terminologies/icf#202022		
https://data.esante.gouv.fr/terminologies/icf#202023		
https://data.esante.gouv.fr/terminologies/icf#202026		
https://data.esante.gouv.fr/terminologies/icf#202027		
https://data.esante.gouv.fr/terminologies/icf#202028		
https://data.esante.gouv.fr/terminologies/icf#202032		
https://data.esante.gouv.fr/terminologies/icf#202034		
https://data.esante.gouv.fr/terminologies/icf#202037		
https://data.esante.gouv.fr/terminologies/icf#202038		
https://data.esante.gouv.fr/terminologies/icf#202042		
https://data.esante.gouv.fr/terminologies/icf#202052		
https://data.esante.gouv.fr/terminologies/icf#202053		
https://data.esante.gouv.fr/terminologies/icf#202059		
https://data.esante.gouv.fr/terminologies/icf#202060		
https://data.esante.gouv.fr/terminologies/icf#202065		
https://data.esante.gouv.fr/terminologies/icf#202068		
https://data.esante.gouv.fr/terminologies/icf#202069		
https://data.esante.gouv.fr/terminologies/icf#202071		
https://data.esante.gouv.fr/terminologies/icf#202076		
https://data.esante.gouv.fr/terminologies/icf#202078		
https://data.esante.gouv.fr/terminologies/icf#202079		
https://data.esante.gouv.fr/terminologies/icf#202083		
https://data.esante.gouv.fr/terminologies/icf#202090		
https://data.esante.gouv.fr/terminologies/icf#202094		
https://data.esante.gouv.fr/terminologies/icf#202095		
https://data.esante.gouv.fr/terminologies/icf#202096		
https://data.esante.gouv.fr/terminologies/icf#202097		
https://data.esante.gouv.fr/terminologies/icf#202103		
https://data.esante.gouv.fr/terminologies/icf#202104		
https://data.esante.gouv.fr/terminologies/icf#202106		
https://data.esante.gouv.fr/terminologies/icf#202107		
https://data.esante.gouv.fr/terminologies/icf#202108		
https://data.esante.gouv.fr/terminologies/icf#202109		
https://data.esante.gouv.fr/terminologies/icf#202111		
https://data.esante.gouv.fr/terminologies/icf#202112		
https://data.esante.gouv.fr/terminologies/icf#202113		
https://data.esante.gouv.fr/terminologies/icf#202114		
https://data.esante.gouv.fr/terminologies/icf#202115		
https://data.esante.gouv.fr/terminologies/icf#202116		
https://data.esante.gouv.fr/terminologies/icf#202117		
https://data.esante.gouv.fr/terminologies/icf#202118		
https://data.esante.gouv.fr/terminologies/icf#202121		
https://data.esante.gouv.fr/terminologies/icf#202122		
https://data.esante.gouv.fr/terminologies/icf#202123		
https://data.esante.gouv.fr/terminologies/icf#202124		
https://data.esante.gouv.fr/terminologies/icf#202125		
https://data.esante.gouv.fr/terminologies/icf#202126		
https://data.esante.gouv.fr/terminologies/icf#202127		
https://data.esante.gouv.fr/terminologies/icf#202128		
https://data.esante.gouv.fr/terminologies/icf#202129		
https://data.esante.gouv.fr/terminologies/icf#202135		
https://data.esante.gouv.fr/terminologies/icf#202136		
https://data.esante.gouv.fr/terminologies/icf#202140		
https://data.esante.gouv.fr/terminologies/icf#202141		
https://data.esante.gouv.fr/terminologies/icf#202142		
https://data.esante.gouv.fr/terminologies/icf#202144		
https://data.esante.gouv.fr/terminologies/icf#202146		
https://data.esante.gouv.fr/terminologies/icf#202147		
https://data.esante.gouv.fr/terminologies/icf#202150		
https://data.esante.gouv.fr/terminologies/icf#202158		
https://data.esante.gouv.fr/terminologies/icf#202159		
https://data.esante.gouv.fr/terminologies/icf#202160		
https://data.esante.gouv.fr/terminologies/icf#202161		
https://data.esante.gouv.fr/terminologies/icf#202163		
https://data.esante.gouv.fr/terminologies/icf#202165		
https://data.esante.gouv.fr/terminologies/icf#202169		
https://data.esante.gouv.fr/terminologies/icf#202170		
https://data.esante.gouv.fr/terminologies/icf#202174		
https://data.esante.gouv.fr/terminologies/icf#202175		
https://data.esante.gouv.fr/terminologies/icf#202179		
https://data.esante.gouv.fr/terminologies/icf#202181		
https://data.esante.gouv.fr/terminologies/icf#202184		
https://data.esante.gouv.fr/terminologies/icf#202185		
https://data.esante.gouv.fr/terminologies/icf#202188		
https://data.esante.gouv.fr/terminologies/icf#202190		
https://data.esante.gouv.fr/terminologies/icf#202194		
https://data.esante.gouv.fr/terminologies/icf#202196		
https://data.esante.gouv.fr/terminologies/icf#202197		
https://data.esante.gouv.fr/terminologies/icf#202198		
https://data.esante.gouv.fr/terminologies/icf#202199		
https://data.esante.gouv.fr/terminologies/icf#202200		
https://data.esante.gouv.fr/terminologies/icf#202202		
https://data.esante.gouv.fr/terminologies/icf#202204		
https://data.esante.gouv.fr/terminologies/icf#202208		
https://data.esante.gouv.fr/terminologies/icf#202211		
https://data.esante.gouv.fr/terminologies/icf#202218		
https://data.esante.gouv.fr/terminologies/icf#202222		
https://data.esante.gouv.fr/terminologies/icf#202223		
https://data.esante.gouv.fr/terminologies/icf#202231		
https://data.esante.gouv.fr/terminologies/icf#202235		
https://data.esante.gouv.fr/terminologies/icf#202236		
https://data.esante.gouv.fr/terminologies/icf#202238		
https://data.esante.gouv.fr/terminologies/icf#20224	b660	b660 procreation functions
https://data.esante.gouv.fr/terminologies/icf#202241		
https://data.esante.gouv.fr/terminologies/icf#202243		
https://data.esante.gouv.fr/terminologies/icf#202244		
https://data.esante.gouv.fr/terminologies/icf#202246		
https://data.esante.gouv.fr/terminologies/icf#202259		
https://data.esante.gouv.fr/terminologies/icf#202260		
https://data.esante.gouv.fr/terminologies/icf#202262		
https://data.esante.gouv.fr/terminologies/icf#202266		
https://data.esante.gouv.fr/terminologies/icf#202270		
https://data.esante.gouv.fr/terminologies/icf#202271		
https://data.esante.gouv.fr/terminologies/icf#202272		
https://data.esante.gouv.fr/terminologies/icf#202273		
https://data.esante.gouv.fr/terminologies/icf#202276		
https://data.esante.gouv.fr/terminologies/icf#202277		
https://data.esante.gouv.fr/terminologies/icf#202279		
https://data.esante.gouv.fr/terminologies/icf#202280		
https://data.esante.gouv.fr/terminologies/icf#202281		
https://data.esante.gouv.fr/terminologies/icf#202282		
https://data.esante.gouv.fr/terminologies/icf#202283		
https://data.esante.gouv.fr/terminologies/icf#202284		
https://data.esante.gouv.fr/terminologies/icf#202285		
https://data.esante.gouv.fr/terminologies/icf#202291		
https://data.esante.gouv.fr/terminologies/icf#202292		
https://data.esante.gouv.fr/terminologies/icf#202300		
https://data.esante.gouv.fr/terminologies/icf#202308		
https://data.esante.gouv.fr/terminologies/icf#202311		
https://data.esante.gouv.fr/terminologies/icf#202314		
https://data.esante.gouv.fr/terminologies/icf#202323		
https://data.esante.gouv.fr/terminologies/icf#202330		
https://data.esante.gouv.fr/terminologies/icf#202331		
https://data.esante.gouv.fr/terminologies/icf#202336		
https://data.esante.gouv.fr/terminologies/icf#202337		
https://data.esante.gouv.fr/terminologies/icf#202341		
https://data.esante.gouv.fr/terminologies/icf#202344		
https://data.esante.gouv.fr/terminologies/icf#202345		
https://data.esante.gouv.fr/terminologies/icf#202346		
https://data.esante.gouv.fr/terminologies/icf#202347		
https://data.esante.gouv.fr/terminologies/icf#202352		
https://data.esante.gouv.fr/terminologies/icf#202353		
https://data.esante.gouv.fr/terminologies/icf#202356		
https://data.esante.gouv.fr/terminologies/icf#202360		
https://data.esante.gouv.fr/terminologies/icf#202362		
https://data.esante.gouv.fr/terminologies/icf#202363		
https://data.esante.gouv.fr/terminologies/icf#202364		
https://data.esante.gouv.fr/terminologies/icf#202365		
https://data.esante.gouv.fr/terminologies/icf#202374		
https://data.esante.gouv.fr/terminologies/icf#202379		
https://data.esante.gouv.fr/terminologies/icf#202380		
https://data.esante.gouv.fr/terminologies/icf#202381		
https://data.esante.gouv.fr/terminologies/icf#202382		
https://data.esante.gouv.fr/terminologies/icf#202383		
https://data.esante.gouv.fr/terminologies/icf#202386		
https://data.esante.gouv.fr/terminologies/icf#202388		
https://data.esante.gouv.fr/terminologies/icf#202389		
https://data.esante.gouv.fr/terminologies/icf#202390		
https://data.esante.gouv.fr/terminologies/icf#202391		
https://data.esante.gouv.fr/terminologies/icf#202393		
https://data.esante.gouv.fr/terminologies/icf#202394		
https://data.esante.gouv.fr/terminologies/icf#202395		
https://data.esante.gouv.fr/terminologies/icf#202397		
https://data.esante.gouv.fr/terminologies/icf#202398		
https://data.esante.gouv.fr/terminologies/icf#202399		
https://data.esante.gouv.fr/terminologies/icf#202400		
https://data.esante.gouv.fr/terminologies/icf#202402		
https://data.esante.gouv.fr/terminologies/icf#202403		
https://data.esante.gouv.fr/terminologies/icf#202406		
https://data.esante.gouv.fr/terminologies/icf#202409		
https://data.esante.gouv.fr/terminologies/icf#202412		
https://data.esante.gouv.fr/terminologies/icf#202414		
https://data.esante.gouv.fr/terminologies/icf#202418		
https://data.esante.gouv.fr/terminologies/icf#202421		
https://data.esante.gouv.fr/terminologies/icf#202425		
https://data.esante.gouv.fr/terminologies/icf#202429		
https://data.esante.gouv.fr/terminologies/icf#202430		
https://data.esante.gouv.fr/terminologies/icf#202431		
https://data.esante.gouv.fr/terminologies/icf#202432		
https://data.esante.gouv.fr/terminologies/icf#202436		
https://data.esante.gouv.fr/terminologies/icf#202438		
https://data.esante.gouv.fr/terminologies/icf#202439		
https://data.esante.gouv.fr/terminologies/icf#202448		
https://data.esante.gouv.fr/terminologies/icf#202450		
https://data.esante.gouv.fr/terminologies/icf#202451		
https://data.esante.gouv.fr/terminologies/icf#202453		
https://data.esante.gouv.fr/terminologies/icf#202455		
https://data.esante.gouv.fr/terminologies/icf#202456		
https://data.esante.gouv.fr/terminologies/icf#202458		
https://data.esante.gouv.fr/terminologies/icf#202459		
https://data.esante.gouv.fr/terminologies/icf#202461		
https://data.esante.gouv.fr/terminologies/icf#202463		
https://data.esante.gouv.fr/terminologies/icf#202465		
https://data.esante.gouv.fr/terminologies/icf#202467		
https://data.esante.gouv.fr/terminologies/icf#202468		
https://data.esante.gouv.fr/terminologies/icf#202471		
https://data.esante.gouv.fr/terminologies/icf#202474		
https://data.esante.gouv.fr/terminologies/icf#202475		
https://data.esante.gouv.fr/terminologies/icf#202476		
https://data.esante.gouv.fr/terminologies/icf#202477		
https://data.esante.gouv.fr/terminologies/icf#202478		
https://data.esante.gouv.fr/terminologies/icf#202479		
https://data.esante.gouv.fr/terminologies/icf#202481		
https://data.esante.gouv.fr/terminologies/icf#202492		
https://data.esante.gouv.fr/terminologies/icf#202493		
https://data.esante.gouv.fr/terminologies/icf#202500		
https://data.esante.gouv.fr/terminologies/icf#202502		
https://data.esante.gouv.fr/terminologies/icf#202505		
https://data.esante.gouv.fr/terminologies/icf#202506		
https://data.esante.gouv.fr/terminologies/icf#202507		
https://data.esante.gouv.fr/terminologies/icf#202509		
https://data.esante.gouv.fr/terminologies/icf#202513		
https://data.esante.gouv.fr/terminologies/icf#202516		
https://data.esante.gouv.fr/terminologies/icf#202517		
https://data.esante.gouv.fr/terminologies/icf#202518		
https://data.esante.gouv.fr/terminologies/icf#202519		
https://data.esante.gouv.fr/terminologies/icf#202524		
https://data.esante.gouv.fr/terminologies/icf#202525		
https://data.esante.gouv.fr/terminologies/icf#202526		
https://data.esante.gouv.fr/terminologies/icf#202527		
https://data.esante.gouv.fr/terminologies/icf#202532		
https://data.esante.gouv.fr/terminologies/icf#202534		
https://data.esante.gouv.fr/terminologies/icf#202541		
https://data.esante.gouv.fr/terminologies/icf#202542		
https://data.esante.gouv.fr/terminologies/icf#202543		
https://data.esante.gouv.fr/terminologies/icf#202545		
https://data.esante.gouv.fr/terminologies/icf#202546		
https://data.esante.gouv.fr/terminologies/icf#202549		
https://data.esante.gouv.fr/terminologies/icf#202551		
https://data.esante.gouv.fr/terminologies/icf#202552		
https://data.esante.gouv.fr/terminologies/icf#202554		
https://data.esante.gouv.fr/terminologies/icf#202555		
https://data.esante.gouv.fr/terminologies/icf#202556		
https://data.esante.gouv.fr/terminologies/icf#202557		
https://data.esante.gouv.fr/terminologies/icf#202558		
https://data.esante.gouv.fr/terminologies/icf#202559		
https://data.esante.gouv.fr/terminologies/icf#202561		
https://data.esante.gouv.fr/terminologies/icf#202563		
https://data.esante.gouv.fr/terminologies/icf#202570		
https://data.esante.gouv.fr/terminologies/icf#202571		
https://data.esante.gouv.fr/terminologies/icf#202572		
https://data.esante.gouv.fr/terminologies/icf#202574		
https://data.esante.gouv.fr/terminologies/icf#202575		
https://data.esante.gouv.fr/terminologies/icf#202577		
https://data.esante.gouv.fr/terminologies/icf#202580		
https://data.esante.gouv.fr/terminologies/icf#202581		
https://data.esante.gouv.fr/terminologies/icf#202582		
https://data.esante.gouv.fr/terminologies/icf#202583		
https://data.esante.gouv.fr/terminologies/icf#202584		
https://data.esante.gouv.fr/terminologies/icf#202586		
https://data.esante.gouv.fr/terminologies/icf#202587		
https://data.esante.gouv.fr/terminologies/icf#202588		
https://data.esante.gouv.fr/terminologies/icf#202589		
https://data.esante.gouv.fr/terminologies/icf#202594		
https://data.esante.gouv.fr/terminologies/icf#202596		
https://data.esante.gouv.fr/terminologies/icf#202601		
https://data.esante.gouv.fr/terminologies/icf#202603		
https://data.esante.gouv.fr/terminologies/icf#202608		
https://data.esante.gouv.fr/terminologies/icf#202609		
https://data.esante.gouv.fr/terminologies/icf#202610		
https://data.esante.gouv.fr/terminologies/icf#202611		
https://data.esante.gouv.fr/terminologies/icf#202612		
https://data.esante.gouv.fr/terminologies/icf#202614		
https://data.esante.gouv.fr/terminologies/icf#202615		
https://data.esante.gouv.fr/terminologies/icf#202617		
https://data.esante.gouv.fr/terminologies/icf#202620		
https://data.esante.gouv.fr/terminologies/icf#202621		
https://data.esante.gouv.fr/terminologies/icf#202624		
https://data.esante.gouv.fr/terminologies/icf#202628		
https://data.esante.gouv.fr/terminologies/icf#202631		
https://data.esante.gouv.fr/terminologies/icf#202635		
https://data.esante.gouv.fr/terminologies/icf#202650		
https://data.esante.gouv.fr/terminologies/icf#202653		
https://data.esante.gouv.fr/terminologies/icf#202659		
https://data.esante.gouv.fr/terminologies/icf#202662		
https://data.esante.gouv.fr/terminologies/icf#202663		
https://data.esante.gouv.fr/terminologies/icf#202665		
https://data.esante.gouv.fr/terminologies/icf#202670		
https://data.esante.gouv.fr/terminologies/icf#202673		
https://data.esante.gouv.fr/terminologies/icf#202675		
https://data.esante.gouv.fr/terminologies/icf#202680		
https://data.esante.gouv.fr/terminologies/icf#202682		
https://data.esante.gouv.fr/terminologies/icf#202683		
https://data.esante.gouv.fr/terminologies/icf#202684		
https://data.esante.gouv.fr/terminologies/icf#202688		
https://data.esante.gouv.fr/terminologies/icf#202690		
https://data.esante.gouv.fr/terminologies/icf#202691		
https://data.esante.gouv.fr/terminologies/icf#202696		
https://data.esante.gouv.fr/terminologies/icf#202701		
https://data.esante.gouv.fr/terminologies/icf#202702		
https://data.esante.gouv.fr/terminologies/icf#202708		
https://data.esante.gouv.fr/terminologies/icf#202709		
https://data.esante.gouv.fr/terminologies/icf#202710		
https://data.esante.gouv.fr/terminologies/icf#202712		
https://data.esante.gouv.fr/terminologies/icf#202714		
https://data.esante.gouv.fr/terminologies/icf#202718		
https://data.esante.gouv.fr/terminologies/icf#202719		
https://data.esante.gouv.fr/terminologies/icf#202720		
https://data.esante.gouv.fr/terminologies/icf#202723		
https://data.esante.gouv.fr/terminologies/icf#202732		
https://data.esante.gouv.fr/terminologies/icf#202736		
https://data.esante.gouv.fr/terminologies/icf#202741		
https://data.esante.gouv.fr/terminologies/icf#202745		
https://data.esante.gouv.fr/terminologies/icf#202746		
https://data.esante.gouv.fr/terminologies/icf#202747		
https://data.esante.gouv.fr/terminologies/icf#202748		
https://data.esante.gouv.fr/terminologies/icf#202751		
https://data.esante.gouv.fr/terminologies/icf#202753		
https://data.esante.gouv.fr/terminologies/icf#202755		
https://data.esante.gouv.fr/terminologies/icf#202756		
https://data.esante.gouv.fr/terminologies/icf#202763		
https://data.esante.gouv.fr/terminologies/icf#202764		
https://data.esante.gouv.fr/terminologies/icf#202765		
https://data.esante.gouv.fr/terminologies/icf#202768		
https://data.esante.gouv.fr/terminologies/icf#202769		
https://data.esante.gouv.fr/terminologies/icf#202772		
https://data.esante.gouv.fr/terminologies/icf#202773		
https://data.esante.gouv.fr/terminologies/icf#202774		
https://data.esante.gouv.fr/terminologies/icf#202777		
https://data.esante.gouv.fr/terminologies/icf#202779		
https://data.esante.gouv.fr/terminologies/icf#202780		
https://data.esante.gouv.fr/terminologies/icf#202781		
https://data.esante.gouv.fr/terminologies/icf#202785		
https://data.esante.gouv.fr/terminologies/icf#202787		
https://data.esante.gouv.fr/terminologies/icf#202788		
https://data.esante.gouv.fr/terminologies/icf#202790		
https://data.esante.gouv.fr/terminologies/icf#202791		
https://data.esante.gouv.fr/terminologies/icf#202792		
https://data.esante.gouv.fr/terminologies/icf#202793		
https://data.esante.gouv.fr/terminologies/icf#202795		
https://data.esante.gouv.fr/terminologies/icf#202800		
https://data.esante.gouv.fr/terminologies/icf#202804		
https://data.esante.gouv.fr/terminologies/icf#202807		
https://data.esante.gouv.fr/terminologies/icf#202809		
https://data.esante.gouv.fr/terminologies/icf#202811		
https://data.esante.gouv.fr/terminologies/icf#202815		
https://data.esante.gouv.fr/terminologies/icf#202816		
https://data.esante.gouv.fr/terminologies/icf#202818		
https://data.esante.gouv.fr/terminologies/icf#202819		
https://data.esante.gouv.fr/terminologies/icf#202823		
https://data.esante.gouv.fr/terminologies/icf#202826		
https://data.esante.gouv.fr/terminologies/icf#202827		
https://data.esante.gouv.fr/terminologies/icf#202831		
https://data.esante.gouv.fr/terminologies/icf#202832		
https://data.esante.gouv.fr/terminologies/icf#202836		
https://data.esante.gouv.fr/terminologies/icf#202837		
https://data.esante.gouv.fr/terminologies/icf#202838		
https://data.esante.gouv.fr/terminologies/icf#202841		
https://data.esante.gouv.fr/terminologies/icf#202843		
https://data.esante.gouv.fr/terminologies/icf#202845		
https://data.esante.gouv.fr/terminologies/icf#202846		
https://data.esante.gouv.fr/terminologies/icf#202850		
https://data.esante.gouv.fr/terminologies/icf#202852		
https://data.esante.gouv.fr/terminologies/icf#202856		
https://data.esante.gouv.fr/terminologies/icf#202857		
https://data.esante.gouv.fr/terminologies/icf#202858		
https://data.esante.gouv.fr/terminologies/icf#202861		
https://data.esante.gouv.fr/terminologies/icf#202867		
https://data.esante.gouv.fr/terminologies/icf#202869		
https://data.esante.gouv.fr/terminologies/icf#202870		
https://data.esante.gouv.fr/terminologies/icf#202873		
https://data.esante.gouv.fr/terminologies/icf#202874		
https://data.esante.gouv.fr/terminologies/icf#202876		
https://data.esante.gouv.fr/terminologies/icf#202878		
https://data.esante.gouv.fr/terminologies/icf#202880		
https://data.esante.gouv.fr/terminologies/icf#202884		
https://data.esante.gouv.fr/terminologies/icf#202885		
https://data.esante.gouv.fr/terminologies/icf#202886		
https://data.esante.gouv.fr/terminologies/icf#202887		
https://data.esante.gouv.fr/terminologies/icf#202888		
https://data.esante.gouv.fr/terminologies/icf#202889		
https://data.esante.gouv.fr/terminologies/icf#202890		
https://data.esante.gouv.fr/terminologies/icf#202892		
https://data.esante.gouv.fr/terminologies/icf#202896		
https://data.esante.gouv.fr/terminologies/icf#202897		
https://data.esante.gouv.fr/terminologies/icf#202900		
https://data.esante.gouv.fr/terminologies/icf#202901		
https://data.esante.gouv.fr/terminologies/icf#202904		
https://data.esante.gouv.fr/terminologies/icf#202907		
https://data.esante.gouv.fr/terminologies/icf#202913		
https://data.esante.gouv.fr/terminologies/icf#202914		
https://data.esante.gouv.fr/terminologies/icf#202915		
https://data.esante.gouv.fr/terminologies/icf#202917		
https://data.esante.gouv.fr/terminologies/icf#202918		
https://data.esante.gouv.fr/terminologies/icf#202920		
https://data.esante.gouv.fr/terminologies/icf#202921		
https://data.esante.gouv.fr/terminologies/icf#202922		
https://data.esante.gouv.fr/terminologies/icf#202923		
https://data.esante.gouv.fr/terminologies/icf#202928		
https://data.esante.gouv.fr/terminologies/icf#202932		
https://data.esante.gouv.fr/terminologies/icf#202933		
https://data.esante.gouv.fr/terminologies/icf#202936		
https://data.esante.gouv.fr/terminologies/icf#202938		
https://data.esante.gouv.fr/terminologies/icf#202942		
https://data.esante.gouv.fr/terminologies/icf#202946		
https://data.esante.gouv.fr/terminologies/icf#202949		
https://data.esante.gouv.fr/terminologies/icf#202952		
https://data.esante.gouv.fr/terminologies/icf#202953		
https://data.esante.gouv.fr/terminologies/icf#202956		
https://data.esante.gouv.fr/terminologies/icf#202961		
https://data.esante.gouv.fr/terminologies/icf#202965		
https://data.esante.gouv.fr/terminologies/icf#202966		
https://data.esante.gouv.fr/terminologies/icf#202968		
https://data.esante.gouv.fr/terminologies/icf#202969		
https://data.esante.gouv.fr/terminologies/icf#202971		
https://data.esante.gouv.fr/terminologies/icf#202973		
https://data.esante.gouv.fr/terminologies/icf#202976		
https://data.esante.gouv.fr/terminologies/icf#202980		
https://data.esante.gouv.fr/terminologies/icf#202982		
https://data.esante.gouv.fr/terminologies/icf#202983		
https://data.esante.gouv.fr/terminologies/icf#202985		
https://data.esante.gouv.fr/terminologies/icf#202986		
https://data.esante.gouv.fr/terminologies/icf#202989		
https://data.esante.gouv.fr/terminologies/icf#202992		
https://data.esante.gouv.fr/terminologies/icf#202995		
https://data.esante.gouv.fr/terminologies/icf#202998		
https://data.esante.gouv.fr/terminologies/icf#203002		
https://data.esante.gouv.fr/terminologies/icf#203005		
https://data.esante.gouv.fr/terminologies/icf#203006		
https://data.esante.gouv.fr/terminologies/icf#203007		
https://data.esante.gouv.fr/terminologies/icf#203008		
https://data.esante.gouv.fr/terminologies/icf#203009		
https://data.esante.gouv.fr/terminologies/icf#20302	s3205	s3205 philtrum
https://data.esante.gouv.fr/terminologies/icf#203026		
https://data.esante.gouv.fr/terminologies/icf#203030		
https://data.esante.gouv.fr/terminologies/icf#203031		
https://data.esante.gouv.fr/terminologies/icf#203032		
https://data.esante.gouv.fr/terminologies/icf#203034		
https://data.esante.gouv.fr/terminologies/icf#203036		
https://data.esante.gouv.fr/terminologies/icf#203038		
https://data.esante.gouv.fr/terminologies/icf#203039		
https://data.esante.gouv.fr/terminologies/icf#203040		
https://data.esante.gouv.fr/terminologies/icf#203045		
https://data.esante.gouv.fr/terminologies/icf#203056		
https://data.esante.gouv.fr/terminologies/icf#203058		
https://data.esante.gouv.fr/terminologies/icf#203061		
https://data.esante.gouv.fr/terminologies/icf#203062		
https://data.esante.gouv.fr/terminologies/icf#203063		
https://data.esante.gouv.fr/terminologies/icf#203064		
https://data.esante.gouv.fr/terminologies/icf#203068		
https://data.esante.gouv.fr/terminologies/icf#203070		
https://data.esante.gouv.fr/terminologies/icf#203071		
https://data.esante.gouv.fr/terminologies/icf#203072		
https://data.esante.gouv.fr/terminologies/icf#203076		
https://data.esante.gouv.fr/terminologies/icf#203078		
https://data.esante.gouv.fr/terminologies/icf#203080		
https://data.esante.gouv.fr/terminologies/icf#203082		
https://data.esante.gouv.fr/terminologies/icf#203086		
https://data.esante.gouv.fr/terminologies/icf#203088		
https://data.esante.gouv.fr/terminologies/icf#203091		
https://data.esante.gouv.fr/terminologies/icf#203093		
https://data.esante.gouv.fr/terminologies/icf#203095		
https://data.esante.gouv.fr/terminologies/icf#203096		
https://data.esante.gouv.fr/terminologies/icf#203101		
https://data.esante.gouv.fr/terminologies/icf#203102		
https://data.esante.gouv.fr/terminologies/icf#203108		
https://data.esante.gouv.fr/terminologies/icf#203110		
https://data.esante.gouv.fr/terminologies/icf#203111		
https://data.esante.gouv.fr/terminologies/icf#203112		
https://data.esante.gouv.fr/terminologies/icf#203118		
https://data.esante.gouv.fr/terminologies/icf#203119		
https://data.esante.gouv.fr/terminologies/icf#203123		
https://data.esante.gouv.fr/terminologies/icf#203125		
https://data.esante.gouv.fr/terminologies/icf#203127		
https://data.esante.gouv.fr/terminologies/icf#203134		
https://data.esante.gouv.fr/terminologies/icf#203135		
https://data.esante.gouv.fr/terminologies/icf#203137		
https://data.esante.gouv.fr/terminologies/icf#203140		
https://data.esante.gouv.fr/terminologies/icf#203142		
https://data.esante.gouv.fr/terminologies/icf#203146		
https://data.esante.gouv.fr/terminologies/icf#203147		
https://data.esante.gouv.fr/terminologies/icf#203148		
https://data.esante.gouv.fr/terminologies/icf#203149		
https://data.esante.gouv.fr/terminologies/icf#203158		
https://data.esante.gouv.fr/terminologies/icf#203159		
https://data.esante.gouv.fr/terminologies/icf#203168		
https://data.esante.gouv.fr/terminologies/icf#203170		
https://data.esante.gouv.fr/terminologies/icf#203171		
https://data.esante.gouv.fr/terminologies/icf#203172		
https://data.esante.gouv.fr/terminologies/icf#203173		
https://data.esante.gouv.fr/terminologies/icf#203174		
https://data.esante.gouv.fr/terminologies/icf#203175		
https://data.esante.gouv.fr/terminologies/icf#203178		
https://data.esante.gouv.fr/terminologies/icf#203179		
https://data.esante.gouv.fr/terminologies/icf#203180		
https://data.esante.gouv.fr/terminologies/icf#203183		
https://data.esante.gouv.fr/terminologies/icf#203184		
https://data.esante.gouv.fr/terminologies/icf#203185		
https://data.esante.gouv.fr/terminologies/icf#203187		
https://data.esante.gouv.fr/terminologies/icf#203188		
https://data.esante.gouv.fr/terminologies/icf#203189		
https://data.esante.gouv.fr/terminologies/icf#203193		
https://data.esante.gouv.fr/terminologies/icf#203197		
https://data.esante.gouv.fr/terminologies/icf#203198		
https://data.esante.gouv.fr/terminologies/icf#203202		
https://data.esante.gouv.fr/terminologies/icf#203204		
https://data.esante.gouv.fr/terminologies/icf#203206		
https://data.esante.gouv.fr/terminologies/icf#203208		
https://data.esante.gouv.fr/terminologies/icf#203211		
https://data.esante.gouv.fr/terminologies/icf#203213		
https://data.esante.gouv.fr/terminologies/icf#203214		
https://data.esante.gouv.fr/terminologies/icf#203215		
https://data.esante.gouv.fr/terminologies/icf#203217		
https://data.esante.gouv.fr/terminologies/icf#203219		
https://data.esante.gouv.fr/terminologies/icf#203221		
https://data.esante.gouv.fr/terminologies/icf#203223		
https://data.esante.gouv.fr/terminologies/icf#203226		
https://data.esante.gouv.fr/terminologies/icf#203229		
https://data.esante.gouv.fr/terminologies/icf#203230		
https://data.esante.gouv.fr/terminologies/icf#203233		
https://data.esante.gouv.fr/terminologies/icf#203235		
https://data.esante.gouv.fr/terminologies/icf#203237		
https://data.esante.gouv.fr/terminologies/icf#203239		
https://data.esante.gouv.fr/terminologies/icf#203240		
https://data.esante.gouv.fr/terminologies/icf#203243		
https://data.esante.gouv.fr/terminologies/icf#203244		
https://data.esante.gouv.fr/terminologies/icf#203245		
https://data.esante.gouv.fr/terminologies/icf#203246		
https://data.esante.gouv.fr/terminologies/icf#203248		
https://data.esante.gouv.fr/terminologies/icf#203249		
https://data.esante.gouv.fr/terminologies/icf#203250		
https://data.esante.gouv.fr/terminologies/icf#203253		
https://data.esante.gouv.fr/terminologies/icf#203254		
https://data.esante.gouv.fr/terminologies/icf#203257		
https://data.esante.gouv.fr/terminologies/icf#203263		
https://data.esante.gouv.fr/terminologies/icf#203264		
https://data.esante.gouv.fr/terminologies/icf#203265		
https://data.esante.gouv.fr/terminologies/icf#203267		
https://data.esante.gouv.fr/terminologies/icf#203268		
https://data.esante.gouv.fr/terminologies/icf#203270		
https://data.esante.gouv.fr/terminologies/icf#203273		
https://data.esante.gouv.fr/terminologies/icf#203275		
https://data.esante.gouv.fr/terminologies/icf#203279		
https://data.esante.gouv.fr/terminologies/icf#203280		
https://data.esante.gouv.fr/terminologies/icf#203282		
https://data.esante.gouv.fr/terminologies/icf#203283		
https://data.esante.gouv.fr/terminologies/icf#203284		
https://data.esante.gouv.fr/terminologies/icf#203285		
https://data.esante.gouv.fr/terminologies/icf#203291		
https://data.esante.gouv.fr/terminologies/icf#203298		
https://data.esante.gouv.fr/terminologies/icf#203302		
https://data.esante.gouv.fr/terminologies/icf#203304		
https://data.esante.gouv.fr/terminologies/icf#203308		
https://data.esante.gouv.fr/terminologies/icf#203309		
https://data.esante.gouv.fr/terminologies/icf#203311		
https://data.esante.gouv.fr/terminologies/icf#203313		
https://data.esante.gouv.fr/terminologies/icf#203314		
https://data.esante.gouv.fr/terminologies/icf#203317		
https://data.esante.gouv.fr/terminologies/icf#203318		
https://data.esante.gouv.fr/terminologies/icf#203323		
https://data.esante.gouv.fr/terminologies/icf#203324		
https://data.esante.gouv.fr/terminologies/icf#203325		
https://data.esante.gouv.fr/terminologies/icf#203326		
https://data.esante.gouv.fr/terminologies/icf#203336		
https://data.esante.gouv.fr/terminologies/icf#203338		
https://data.esante.gouv.fr/terminologies/icf#203342		
https://data.esante.gouv.fr/terminologies/icf#203343		
https://data.esante.gouv.fr/terminologies/icf#203345		
https://data.esante.gouv.fr/terminologies/icf#203353		
https://data.esante.gouv.fr/terminologies/icf#203354		
https://data.esante.gouv.fr/terminologies/icf#203358		
https://data.esante.gouv.fr/terminologies/icf#203360		
https://data.esante.gouv.fr/terminologies/icf#203361		
https://data.esante.gouv.fr/terminologies/icf#203362		
https://data.esante.gouv.fr/terminologies/icf#203364		
https://data.esante.gouv.fr/terminologies/icf#203369		
https://data.esante.gouv.fr/terminologies/icf#203371		
https://data.esante.gouv.fr/terminologies/icf#203372		
https://data.esante.gouv.fr/terminologies/icf#203374		
https://data.esante.gouv.fr/terminologies/icf#203375		
https://data.esante.gouv.fr/terminologies/icf#203376		
https://data.esante.gouv.fr/terminologies/icf#203378		
https://data.esante.gouv.fr/terminologies/icf#203381		
https://data.esante.gouv.fr/terminologies/icf#203382		
https://data.esante.gouv.fr/terminologies/icf#203385		
https://data.esante.gouv.fr/terminologies/icf#203387		
https://data.esante.gouv.fr/terminologies/icf#203391		
https://data.esante.gouv.fr/terminologies/icf#203393		
https://data.esante.gouv.fr/terminologies/icf#203394		
https://data.esante.gouv.fr/terminologies/icf#203395		
https://data.esante.gouv.fr/terminologies/icf#203402		
https://data.esante.gouv.fr/terminologies/icf#203403		
https://data.esante.gouv.fr/terminologies/icf#203404		
https://data.esante.gouv.fr/terminologies/icf#203407		
https://data.esante.gouv.fr/terminologies/icf#203408		
https://data.esante.gouv.fr/terminologies/icf#203409		
https://data.esante.gouv.fr/terminologies/icf#203413		
https://data.esante.gouv.fr/terminologies/icf#203414		
https://data.esante.gouv.fr/terminologies/icf#203416		
https://data.esante.gouv.fr/terminologies/icf#203418		
https://data.esante.gouv.fr/terminologies/icf#203420		
https://data.esante.gouv.fr/terminologies/icf#203423		
https://data.esante.gouv.fr/terminologies/icf#203425		
https://data.esante.gouv.fr/terminologies/icf#203426		
https://data.esante.gouv.fr/terminologies/icf#203429		
https://data.esante.gouv.fr/terminologies/icf#203430		
https://data.esante.gouv.fr/terminologies/icf#203433		
https://data.esante.gouv.fr/terminologies/icf#203436		
https://data.esante.gouv.fr/terminologies/icf#203437		
https://data.esante.gouv.fr/terminologies/icf#203440		
https://data.esante.gouv.fr/terminologies/icf#203442		
https://data.esante.gouv.fr/terminologies/icf#203445		
https://data.esante.gouv.fr/terminologies/icf#203449		
https://data.esante.gouv.fr/terminologies/icf#203450		
https://data.esante.gouv.fr/terminologies/icf#203451		
https://data.esante.gouv.fr/terminologies/icf#203452		
https://data.esante.gouv.fr/terminologies/icf#203453		
https://data.esante.gouv.fr/terminologies/icf#203456		
https://data.esante.gouv.fr/terminologies/icf#203459		
https://data.esante.gouv.fr/terminologies/icf#203460		
https://data.esante.gouv.fr/terminologies/icf#203461		
https://data.esante.gouv.fr/terminologies/icf#203462		
https://data.esante.gouv.fr/terminologies/icf#203465		
https://data.esante.gouv.fr/terminologies/icf#203468		
https://data.esante.gouv.fr/terminologies/icf#203472		
https://data.esante.gouv.fr/terminologies/icf#203474		
https://data.esante.gouv.fr/terminologies/icf#203475		
https://data.esante.gouv.fr/terminologies/icf#203476		
https://data.esante.gouv.fr/terminologies/icf#203479		
https://data.esante.gouv.fr/terminologies/icf#203481		
https://data.esante.gouv.fr/terminologies/icf#203482		
https://data.esante.gouv.fr/terminologies/icf#203483		
https://data.esante.gouv.fr/terminologies/icf#203484		
https://data.esante.gouv.fr/terminologies/icf#203485		
https://data.esante.gouv.fr/terminologies/icf#203486		
https://data.esante.gouv.fr/terminologies/icf#203488		
https://data.esante.gouv.fr/terminologies/icf#203491		
https://data.esante.gouv.fr/terminologies/icf#203492		
https://data.esante.gouv.fr/terminologies/icf#203495		
https://data.esante.gouv.fr/terminologies/icf#203497		
https://data.esante.gouv.fr/terminologies/icf#203498		
https://data.esante.gouv.fr/terminologies/icf#203504		
https://data.esante.gouv.fr/terminologies/icf#203507		
https://data.esante.gouv.fr/terminologies/icf#203508		
https://data.esante.gouv.fr/terminologies/icf#203510		
https://data.esante.gouv.fr/terminologies/icf#203515		
https://data.esante.gouv.fr/terminologies/icf#203516		
https://data.esante.gouv.fr/terminologies/icf#203517		
https://data.esante.gouv.fr/terminologies/icf#203519		
https://data.esante.gouv.fr/terminologies/icf#203521		
https://data.esante.gouv.fr/terminologies/icf#203523		
https://data.esante.gouv.fr/terminologies/icf#203524		
https://data.esante.gouv.fr/terminologies/icf#203525		
https://data.esante.gouv.fr/terminologies/icf#203527		
https://data.esante.gouv.fr/terminologies/icf#203528		
https://data.esante.gouv.fr/terminologies/icf#203530		
https://data.esante.gouv.fr/terminologies/icf#203534		
https://data.esante.gouv.fr/terminologies/icf#203538		
https://data.esante.gouv.fr/terminologies/icf#203542		
https://data.esante.gouv.fr/terminologies/icf#203544		
https://data.esante.gouv.fr/terminologies/icf#203545		
https://data.esante.gouv.fr/terminologies/icf#203546		
https://data.esante.gouv.fr/terminologies/icf#203547		
https://data.esante.gouv.fr/terminologies/icf#203548		
https://data.esante.gouv.fr/terminologies/icf#203549		
https://data.esante.gouv.fr/terminologies/icf#203554		
https://data.esante.gouv.fr/terminologies/icf#203556		
https://data.esante.gouv.fr/terminologies/icf#203558		
https://data.esante.gouv.fr/terminologies/icf#203561		
https://data.esante.gouv.fr/terminologies/icf#203564		
https://data.esante.gouv.fr/terminologies/icf#203565		
https://data.esante.gouv.fr/terminologies/icf#203568		
https://data.esante.gouv.fr/terminologies/icf#20357	s2302	s2302 external ocular muscles
https://data.esante.gouv.fr/terminologies/icf#203575		
https://data.esante.gouv.fr/terminologies/icf#203576		
https://data.esante.gouv.fr/terminologies/icf#203583		
https://data.esante.gouv.fr/terminologies/icf#203587		
https://data.esante.gouv.fr/terminologies/icf#203588		
https://data.esante.gouv.fr/terminologies/icf#203589		
https://data.esante.gouv.fr/terminologies/icf#203590		
https://data.esante.gouv.fr/terminologies/icf#203591		
https://data.esante.gouv.fr/terminologies/icf#203597		
https://data.esante.gouv.fr/terminologies/icf#203599		
https://data.esante.gouv.fr/terminologies/icf#203600		
https://data.esante.gouv.fr/terminologies/icf#203601		
https://data.esante.gouv.fr/terminologies/icf#203602		
https://data.esante.gouv.fr/terminologies/icf#203609		
https://data.esante.gouv.fr/terminologies/icf#203611		
https://data.esante.gouv.fr/terminologies/icf#203616		
https://data.esante.gouv.fr/terminologies/icf#203626		
https://data.esante.gouv.fr/terminologies/icf#203628		
https://data.esante.gouv.fr/terminologies/icf#203630		
https://data.esante.gouv.fr/terminologies/icf#203631		
https://data.esante.gouv.fr/terminologies/icf#203635		
https://data.esante.gouv.fr/terminologies/icf#203639		
https://data.esante.gouv.fr/terminologies/icf#203641		
https://data.esante.gouv.fr/terminologies/icf#203648		
https://data.esante.gouv.fr/terminologies/icf#203650		
https://data.esante.gouv.fr/terminologies/icf#203652		
https://data.esante.gouv.fr/terminologies/icf#203656		
https://data.esante.gouv.fr/terminologies/icf#203658		
https://data.esante.gouv.fr/terminologies/icf#203660		
https://data.esante.gouv.fr/terminologies/icf#203663		
https://data.esante.gouv.fr/terminologies/icf#203664		
https://data.esante.gouv.fr/terminologies/icf#203665		
https://data.esante.gouv.fr/terminologies/icf#203669		
https://data.esante.gouv.fr/terminologies/icf#203671		
https://data.esante.gouv.fr/terminologies/icf#203675		
https://data.esante.gouv.fr/terminologies/icf#203677		
https://data.esante.gouv.fr/terminologies/icf#203678		
https://data.esante.gouv.fr/terminologies/icf#203679		
https://data.esante.gouv.fr/terminologies/icf#203680		
https://data.esante.gouv.fr/terminologies/icf#203681		
https://data.esante.gouv.fr/terminologies/icf#203683		
https://data.esante.gouv.fr/terminologies/icf#203685		
https://data.esante.gouv.fr/terminologies/icf#203686		
https://data.esante.gouv.fr/terminologies/icf#203693		
https://data.esante.gouv.fr/terminologies/icf#203694		
https://data.esante.gouv.fr/terminologies/icf#203697		
https://data.esante.gouv.fr/terminologies/icf#203698		
https://data.esante.gouv.fr/terminologies/icf#203700		
https://data.esante.gouv.fr/terminologies/icf#203702		
https://data.esante.gouv.fr/terminologies/icf#203703		
https://data.esante.gouv.fr/terminologies/icf#203706		
https://data.esante.gouv.fr/terminologies/icf#203713		
https://data.esante.gouv.fr/terminologies/icf#203715		
https://data.esante.gouv.fr/terminologies/icf#203717		
https://data.esante.gouv.fr/terminologies/icf#203718		
https://data.esante.gouv.fr/terminologies/icf#203721		
https://data.esante.gouv.fr/terminologies/icf#203722		
https://data.esante.gouv.fr/terminologies/icf#203723		
https://data.esante.gouv.fr/terminologies/icf#203724		
https://data.esante.gouv.fr/terminologies/icf#203728		
https://data.esante.gouv.fr/terminologies/icf#203730		
https://data.esante.gouv.fr/terminologies/icf#203731		
https://data.esante.gouv.fr/terminologies/icf#203732		
https://data.esante.gouv.fr/terminologies/icf#203733		
https://data.esante.gouv.fr/terminologies/icf#203735		
https://data.esante.gouv.fr/terminologies/icf#203736		
https://data.esante.gouv.fr/terminologies/icf#203737		
https://data.esante.gouv.fr/terminologies/icf#203738		
https://data.esante.gouv.fr/terminologies/icf#203741		
https://data.esante.gouv.fr/terminologies/icf#203742		
https://data.esante.gouv.fr/terminologies/icf#203743		
https://data.esante.gouv.fr/terminologies/icf#203745		
https://data.esante.gouv.fr/terminologies/icf#203747		
https://data.esante.gouv.fr/terminologies/icf#203748		
https://data.esante.gouv.fr/terminologies/icf#203751		
https://data.esante.gouv.fr/terminologies/icf#203753		
https://data.esante.gouv.fr/terminologies/icf#203754		
https://data.esante.gouv.fr/terminologies/icf#203763		
https://data.esante.gouv.fr/terminologies/icf#203764		
https://data.esante.gouv.fr/terminologies/icf#203765		
https://data.esante.gouv.fr/terminologies/icf#203766		
https://data.esante.gouv.fr/terminologies/icf#203768		
https://data.esante.gouv.fr/terminologies/icf#203770		
https://data.esante.gouv.fr/terminologies/icf#203772		
https://data.esante.gouv.fr/terminologies/icf#203775		
https://data.esante.gouv.fr/terminologies/icf#203776		
https://data.esante.gouv.fr/terminologies/icf#203778		
https://data.esante.gouv.fr/terminologies/icf#203779		
https://data.esante.gouv.fr/terminologies/icf#203780		
https://data.esante.gouv.fr/terminologies/icf#203781		
https://data.esante.gouv.fr/terminologies/icf#203782		
https://data.esante.gouv.fr/terminologies/icf#203784		
https://data.esante.gouv.fr/terminologies/icf#203788		
https://data.esante.gouv.fr/terminologies/icf#203789		
https://data.esante.gouv.fr/terminologies/icf#203791		
https://data.esante.gouv.fr/terminologies/icf#203793		
https://data.esante.gouv.fr/terminologies/icf#203797		
https://data.esante.gouv.fr/terminologies/icf#203799		
https://data.esante.gouv.fr/terminologies/icf#203802		
https://data.esante.gouv.fr/terminologies/icf#203807		
https://data.esante.gouv.fr/terminologies/icf#203809		
https://data.esante.gouv.fr/terminologies/icf#203810		
https://data.esante.gouv.fr/terminologies/icf#203812		
https://data.esante.gouv.fr/terminologies/icf#203817		
https://data.esante.gouv.fr/terminologies/icf#203828		
https://data.esante.gouv.fr/terminologies/icf#203834		
https://data.esante.gouv.fr/terminologies/icf#203838		
https://data.esante.gouv.fr/terminologies/icf#203839		
https://data.esante.gouv.fr/terminologies/icf#203841		
https://data.esante.gouv.fr/terminologies/icf#203843		
https://data.esante.gouv.fr/terminologies/icf#203844		
https://data.esante.gouv.fr/terminologies/icf#203847		
https://data.esante.gouv.fr/terminologies/icf#203848		
https://data.esante.gouv.fr/terminologies/icf#203849		
https://data.esante.gouv.fr/terminologies/icf#203850		
https://data.esante.gouv.fr/terminologies/icf#203853		
https://data.esante.gouv.fr/terminologies/icf#203856		
https://data.esante.gouv.fr/terminologies/icf#203858		
https://data.esante.gouv.fr/terminologies/icf#203866		
https://data.esante.gouv.fr/terminologies/icf#203869		
https://data.esante.gouv.fr/terminologies/icf#203870		
https://data.esante.gouv.fr/terminologies/icf#203871		
https://data.esante.gouv.fr/terminologies/icf#203874		
https://data.esante.gouv.fr/terminologies/icf#203878		
https://data.esante.gouv.fr/terminologies/icf#203883		
https://data.esante.gouv.fr/terminologies/icf#203884		
https://data.esante.gouv.fr/terminologies/icf#203885		
https://data.esante.gouv.fr/terminologies/icf#203886		
https://data.esante.gouv.fr/terminologies/icf#203889		
https://data.esante.gouv.fr/terminologies/icf#203890		
https://data.esante.gouv.fr/terminologies/icf#203893		
https://data.esante.gouv.fr/terminologies/icf#203896		
https://data.esante.gouv.fr/terminologies/icf#203901		
https://data.esante.gouv.fr/terminologies/icf#203902		
https://data.esante.gouv.fr/terminologies/icf#203903		
https://data.esante.gouv.fr/terminologies/icf#203907		
https://data.esante.gouv.fr/terminologies/icf#203909		
https://data.esante.gouv.fr/terminologies/icf#203917		
https://data.esante.gouv.fr/terminologies/icf#203918		
https://data.esante.gouv.fr/terminologies/icf#203920		
https://data.esante.gouv.fr/terminologies/icf#203921		
https://data.esante.gouv.fr/terminologies/icf#203922		
https://data.esante.gouv.fr/terminologies/icf#203923		
https://data.esante.gouv.fr/terminologies/icf#203925		
https://data.esante.gouv.fr/terminologies/icf#203926		
https://data.esante.gouv.fr/terminologies/icf#203927		
https://data.esante.gouv.fr/terminologies/icf#203928		
https://data.esante.gouv.fr/terminologies/icf#203931		
https://data.esante.gouv.fr/terminologies/icf#203933		
https://data.esante.gouv.fr/terminologies/icf#203935		
https://data.esante.gouv.fr/terminologies/icf#203936		
https://data.esante.gouv.fr/terminologies/icf#203937		
https://data.esante.gouv.fr/terminologies/icf#203939		
https://data.esante.gouv.fr/terminologies/icf#203940		
https://data.esante.gouv.fr/terminologies/icf#203942		
https://data.esante.gouv.fr/terminologies/icf#203944		
https://data.esante.gouv.fr/terminologies/icf#203947		
https://data.esante.gouv.fr/terminologies/icf#203949		
https://data.esante.gouv.fr/terminologies/icf#203950		
https://data.esante.gouv.fr/terminologies/icf#203951		
https://data.esante.gouv.fr/terminologies/icf#203952		
https://data.esante.gouv.fr/terminologies/icf#203953		
https://data.esante.gouv.fr/terminologies/icf#203954		
https://data.esante.gouv.fr/terminologies/icf#203955		
https://data.esante.gouv.fr/terminologies/icf#203956		
https://data.esante.gouv.fr/terminologies/icf#203960		
https://data.esante.gouv.fr/terminologies/icf#203966		
https://data.esante.gouv.fr/terminologies/icf#203967		
https://data.esante.gouv.fr/terminologies/icf#203970		
https://data.esante.gouv.fr/terminologies/icf#203973		
https://data.esante.gouv.fr/terminologies/icf#203978		
https://data.esante.gouv.fr/terminologies/icf#203980		
https://data.esante.gouv.fr/terminologies/icf#203982		
https://data.esante.gouv.fr/terminologies/icf#203987		
https://data.esante.gouv.fr/terminologies/icf#203991		
https://data.esante.gouv.fr/terminologies/icf#203993		
https://data.esante.gouv.fr/terminologies/icf#203997		
https://data.esante.gouv.fr/terminologies/icf#204004		
https://data.esante.gouv.fr/terminologies/icf#204004_0		
https://data.esante.gouv.fr/terminologies/icf#204004_1		
https://data.esante.gouv.fr/terminologies/icf#204008		
https://data.esante.gouv.fr/terminologies/icf#204008_0		
https://data.esante.gouv.fr/terminologies/icf#204021		
https://data.esante.gouv.fr/terminologies/icf#204021_0		
https://data.esante.gouv.fr/terminologies/icf#204021_1		
https://data.esante.gouv.fr/terminologies/icf#204023		
https://data.esante.gouv.fr/terminologies/icf#204023_0		
https://data.esante.gouv.fr/terminologies/icf#204023_1		
https://data.esante.gouv.fr/terminologies/icf#204029		
https://data.esante.gouv.fr/terminologies/icf#204029_0		
https://data.esante.gouv.fr/terminologies/icf#204029_1		
https://data.esante.gouv.fr/terminologies/icf#204031		
https://data.esante.gouv.fr/terminologies/icf#204031_0		
https://data.esante.gouv.fr/terminologies/icf#204039		
https://data.esante.gouv.fr/terminologies/icf#204039_0		
https://data.esante.gouv.fr/terminologies/icf#204044		
https://data.esante.gouv.fr/terminologies/icf#204044_0		
https://data.esante.gouv.fr/terminologies/icf#204048		
https://data.esante.gouv.fr/terminologies/icf#204048_0		
https://data.esante.gouv.fr/terminologies/icf#204057		
https://data.esante.gouv.fr/terminologies/icf#204057_0		
https://data.esante.gouv.fr/terminologies/icf#204060		
https://data.esante.gouv.fr/terminologies/icf#204060_0		
https://data.esante.gouv.fr/terminologies/icf#204060_1		
https://data.esante.gouv.fr/terminologies/icf#204060_2		
https://data.esante.gouv.fr/terminologies/icf#204063		
https://data.esante.gouv.fr/terminologies/icf#204063_0		
https://data.esante.gouv.fr/terminologies/icf#204063_1		
https://data.esante.gouv.fr/terminologies/icf#204066		
https://data.esante.gouv.fr/terminologies/icf#204066_0		
https://data.esante.gouv.fr/terminologies/icf#204066_1		
https://data.esante.gouv.fr/terminologies/icf#204066_2		
https://data.esante.gouv.fr/terminologies/icf#20407	s7403	s7403 ligaments and fasciae of pelvic region
https://data.esante.gouv.fr/terminologies/icf#204085		
https://data.esante.gouv.fr/terminologies/icf#204085_0		
https://data.esante.gouv.fr/terminologies/icf#204085_1		
https://data.esante.gouv.fr/terminologies/icf#204090		
https://data.esante.gouv.fr/terminologies/icf#204090_0		
https://data.esante.gouv.fr/terminologies/icf#204106		
https://data.esante.gouv.fr/terminologies/icf#204106_0		
https://data.esante.gouv.fr/terminologies/icf#204117		
https://data.esante.gouv.fr/terminologies/icf#204117_0		
https://data.esante.gouv.fr/terminologies/icf#204141		
https://data.esante.gouv.fr/terminologies/icf#204141_0		
https://data.esante.gouv.fr/terminologies/icf#204142		
https://data.esante.gouv.fr/terminologies/icf#204142_0		
https://data.esante.gouv.fr/terminologies/icf#204149		
https://data.esante.gouv.fr/terminologies/icf#204149_0		
https://data.esante.gouv.fr/terminologies/icf#204160		
https://data.esante.gouv.fr/terminologies/icf#204160_0		
https://data.esante.gouv.fr/terminologies/icf#204180		
https://data.esante.gouv.fr/terminologies/icf#204180_0		
https://data.esante.gouv.fr/terminologies/icf#204180_1		
https://data.esante.gouv.fr/terminologies/icf#204184		
https://data.esante.gouv.fr/terminologies/icf#204184_0		
https://data.esante.gouv.fr/terminologies/icf#204184_1		
https://data.esante.gouv.fr/terminologies/icf#204205		
https://data.esante.gouv.fr/terminologies/icf#204205_0		
https://data.esante.gouv.fr/terminologies/icf#204205_1		
https://data.esante.gouv.fr/terminologies/icf#204207		
https://data.esante.gouv.fr/terminologies/icf#204207_0		
https://data.esante.gouv.fr/terminologies/icf#204207_1		
https://data.esante.gouv.fr/terminologies/icf#204244		
https://data.esante.gouv.fr/terminologies/icf#204244_0		
https://data.esante.gouv.fr/terminologies/icf#204254		
https://data.esante.gouv.fr/terminologies/icf#204254_0		
https://data.esante.gouv.fr/terminologies/icf#204254_1		
https://data.esante.gouv.fr/terminologies/icf#204255		
https://data.esante.gouv.fr/terminologies/icf#204255_0		
https://data.esante.gouv.fr/terminologies/icf#204259		
https://data.esante.gouv.fr/terminologies/icf#204259_0		
https://data.esante.gouv.fr/terminologies/icf#204259_1		
https://data.esante.gouv.fr/terminologies/icf#20428	b7301	b7301 power of muscles of one limb
https://data.esante.gouv.fr/terminologies/icf#204289		
https://data.esante.gouv.fr/terminologies/icf#204289_0		
https://data.esante.gouv.fr/terminologies/icf#204289_1		
https://data.esante.gouv.fr/terminologies/icf#204289_2		
https://data.esante.gouv.fr/terminologies/icf#204289_3		
https://data.esante.gouv.fr/terminologies/icf#204309		
https://data.esante.gouv.fr/terminologies/icf#204309_0		
https://data.esante.gouv.fr/terminologies/icf#204309_1		
https://data.esante.gouv.fr/terminologies/icf#204317		
https://data.esante.gouv.fr/terminologies/icf#204317_0		
https://data.esante.gouv.fr/terminologies/icf#204318		
https://data.esante.gouv.fr/terminologies/icf#204318_0		
https://data.esante.gouv.fr/terminologies/icf#204324		
https://data.esante.gouv.fr/terminologies/icf#204324_0		
https://data.esante.gouv.fr/terminologies/icf#204324_1		
https://data.esante.gouv.fr/terminologies/icf#204324_2		
https://data.esante.gouv.fr/terminologies/icf#204331		
https://data.esante.gouv.fr/terminologies/icf#204331_0		
https://data.esante.gouv.fr/terminologies/icf#204344		
https://data.esante.gouv.fr/terminologies/icf#204344_0		
https://data.esante.gouv.fr/terminologies/icf#204348		
https://data.esante.gouv.fr/terminologies/icf#204348_0		
https://data.esante.gouv.fr/terminologies/icf#204349		
https://data.esante.gouv.fr/terminologies/icf#204349_0		
https://data.esante.gouv.fr/terminologies/icf#204349_1		
https://data.esante.gouv.fr/terminologies/icf#204349_2		
https://data.esante.gouv.fr/terminologies/icf#204349_3		
https://data.esante.gouv.fr/terminologies/icf#204349_4		
https://data.esante.gouv.fr/terminologies/icf#204355		
https://data.esante.gouv.fr/terminologies/icf#204355_0		
https://data.esante.gouv.fr/terminologies/icf#204356		
https://data.esante.gouv.fr/terminologies/icf#204356_0		
https://data.esante.gouv.fr/terminologies/icf#204360		
https://data.esante.gouv.fr/terminologies/icf#204360_0		
https://data.esante.gouv.fr/terminologies/icf#204376		
https://data.esante.gouv.fr/terminologies/icf#204376_0		
https://data.esante.gouv.fr/terminologies/icf#204380		
https://data.esante.gouv.fr/terminologies/icf#204380_0		
https://data.esante.gouv.fr/terminologies/icf#204380_1		
https://data.esante.gouv.fr/terminologies/icf#204380_2		
https://data.esante.gouv.fr/terminologies/icf#204386		
https://data.esante.gouv.fr/terminologies/icf#204386_0		
https://data.esante.gouv.fr/terminologies/icf#204395		
https://data.esante.gouv.fr/terminologies/icf#204395_0		
https://data.esante.gouv.fr/terminologies/icf#204395_1		
https://data.esante.gouv.fr/terminologies/icf#204412		
https://data.esante.gouv.fr/terminologies/icf#204412_0		
https://data.esante.gouv.fr/terminologies/icf#20442	s4202	s4202 thymus
https://data.esante.gouv.fr/terminologies/icf#204426		
https://data.esante.gouv.fr/terminologies/icf#204426_0		
https://data.esante.gouv.fr/terminologies/icf#204426_1		
https://data.esante.gouv.fr/terminologies/icf#204434		
https://data.esante.gouv.fr/terminologies/icf#204434_0		
https://data.esante.gouv.fr/terminologies/icf#204434_1		
https://data.esante.gouv.fr/terminologies/icf#204434_2		
https://data.esante.gouv.fr/terminologies/icf#204437		
https://data.esante.gouv.fr/terminologies/icf#204437_0		
https://data.esante.gouv.fr/terminologies/icf#204437_1		
https://data.esante.gouv.fr/terminologies/icf#204437_2		
https://data.esante.gouv.fr/terminologies/icf#204440		
https://data.esante.gouv.fr/terminologies/icf#204440_0		
https://data.esante.gouv.fr/terminologies/icf#204440_1		
https://data.esante.gouv.fr/terminologies/icf#204440_2		
https://data.esante.gouv.fr/terminologies/icf#204448		
https://data.esante.gouv.fr/terminologies/icf#204448_0		
https://data.esante.gouv.fr/terminologies/icf#204452		
https://data.esante.gouv.fr/terminologies/icf#204452_0		
https://data.esante.gouv.fr/terminologies/icf#204452_1		
https://data.esante.gouv.fr/terminologies/icf#204452_2		
https://data.esante.gouv.fr/terminologies/icf#204452_3		
https://data.esante.gouv.fr/terminologies/icf#204452_4		
https://data.esante.gouv.fr/terminologies/icf#204452_5		
https://data.esante.gouv.fr/terminologies/icf#204452_6		
https://data.esante.gouv.fr/terminologies/icf#204453		
https://data.esante.gouv.fr/terminologies/icf#204453_0		
https://data.esante.gouv.fr/terminologies/icf#204460		
https://data.esante.gouv.fr/terminologies/icf#204460_0		
https://data.esante.gouv.fr/terminologies/icf#204460_1		
https://data.esante.gouv.fr/terminologies/icf#204460_2		
https://data.esante.gouv.fr/terminologies/icf#204473		
https://data.esante.gouv.fr/terminologies/icf#204473_0		
https://data.esante.gouv.fr/terminologies/icf#204473_1		
https://data.esante.gouv.fr/terminologies/icf#204498		
https://data.esante.gouv.fr/terminologies/icf#204498_0		
https://data.esante.gouv.fr/terminologies/icf#204500		
https://data.esante.gouv.fr/terminologies/icf#204500_0		
https://data.esante.gouv.fr/terminologies/icf#204503		
https://data.esante.gouv.fr/terminologies/icf#204503_0		
https://data.esante.gouv.fr/terminologies/icf#204503_1		
https://data.esante.gouv.fr/terminologies/icf#204527		
https://data.esante.gouv.fr/terminologies/icf#204527_0		
https://data.esante.gouv.fr/terminologies/icf#204531		
https://data.esante.gouv.fr/terminologies/icf#204531_0		
https://data.esante.gouv.fr/terminologies/icf#204532		
https://data.esante.gouv.fr/terminologies/icf#204532_0		
https://data.esante.gouv.fr/terminologies/icf#204542		
https://data.esante.gouv.fr/terminologies/icf#204542_0		
https://data.esante.gouv.fr/terminologies/icf#204542_1		
https://data.esante.gouv.fr/terminologies/icf#204550		
https://data.esante.gouv.fr/terminologies/icf#204550_0		
https://data.esante.gouv.fr/terminologies/icf#204560		
https://data.esante.gouv.fr/terminologies/icf#204560_0		
https://data.esante.gouv.fr/terminologies/icf#204580		
https://data.esante.gouv.fr/terminologies/icf#204580_0		
https://data.esante.gouv.fr/terminologies/icf#204580_1		
https://data.esante.gouv.fr/terminologies/icf#204580_2		
https://data.esante.gouv.fr/terminologies/icf#204587		
https://data.esante.gouv.fr/terminologies/icf#204587_0		
https://data.esante.gouv.fr/terminologies/icf#204587_1		
https://data.esante.gouv.fr/terminologies/icf#204587_2		
https://data.esante.gouv.fr/terminologies/icf#204592		
https://data.esante.gouv.fr/terminologies/icf#204592_0		
https://data.esante.gouv.fr/terminologies/icf#204611		
https://data.esante.gouv.fr/terminologies/icf#204611_0		
https://data.esante.gouv.fr/terminologies/icf#204618		
https://data.esante.gouv.fr/terminologies/icf#204618_0		
https://data.esante.gouv.fr/terminologies/icf#204633		
https://data.esante.gouv.fr/terminologies/icf#204633_0		
https://data.esante.gouv.fr/terminologies/icf#204634		
https://data.esante.gouv.fr/terminologies/icf#204634_0		
https://data.esante.gouv.fr/terminologies/icf#204641		
https://data.esante.gouv.fr/terminologies/icf#204641_0		
https://data.esante.gouv.fr/terminologies/icf#204646		
https://data.esante.gouv.fr/terminologies/icf#204646_0		
https://data.esante.gouv.fr/terminologies/icf#204646_1		
https://data.esante.gouv.fr/terminologies/icf#204646_2		
https://data.esante.gouv.fr/terminologies/icf#204650		
https://data.esante.gouv.fr/terminologies/icf#204650_0		
https://data.esante.gouv.fr/terminologies/icf#204664		
https://data.esante.gouv.fr/terminologies/icf#204664_0		
https://data.esante.gouv.fr/terminologies/icf#204670		
https://data.esante.gouv.fr/terminologies/icf#204670_0		
https://data.esante.gouv.fr/terminologies/icf#204677		
https://data.esante.gouv.fr/terminologies/icf#204677_0		
https://data.esante.gouv.fr/terminologies/icf#204677_1		
https://data.esante.gouv.fr/terminologies/icf#204677_2		
https://data.esante.gouv.fr/terminologies/icf#204684		
https://data.esante.gouv.fr/terminologies/icf#204684_0		
https://data.esante.gouv.fr/terminologies/icf#204684_1		
https://data.esante.gouv.fr/terminologies/icf#204684_2		
https://data.esante.gouv.fr/terminologies/icf#204684_3		
https://data.esante.gouv.fr/terminologies/icf#204684_4		
https://data.esante.gouv.fr/terminologies/icf#204722		
https://data.esante.gouv.fr/terminologies/icf#204722_0		
https://data.esante.gouv.fr/terminologies/icf#204728		
https://data.esante.gouv.fr/terminologies/icf#204728_0		
https://data.esante.gouv.fr/terminologies/icf#204731		
https://data.esante.gouv.fr/terminologies/icf#204731_0		
https://data.esante.gouv.fr/terminologies/icf#204731_1		
https://data.esante.gouv.fr/terminologies/icf#204732		
https://data.esante.gouv.fr/terminologies/icf#204732_0		
https://data.esante.gouv.fr/terminologies/icf#204739		
https://data.esante.gouv.fr/terminologies/icf#204739_0		
https://data.esante.gouv.fr/terminologies/icf#204742		
https://data.esante.gouv.fr/terminologies/icf#204742_0		
https://data.esante.gouv.fr/terminologies/icf#204743		
https://data.esante.gouv.fr/terminologies/icf#204743_0		
https://data.esante.gouv.fr/terminologies/icf#204759		
https://data.esante.gouv.fr/terminologies/icf#204759_0		
https://data.esante.gouv.fr/terminologies/icf#204759_1		
https://data.esante.gouv.fr/terminologies/icf#204762		
https://data.esante.gouv.fr/terminologies/icf#204762_0		
https://data.esante.gouv.fr/terminologies/icf#204764		
https://data.esante.gouv.fr/terminologies/icf#204764_0		
https://data.esante.gouv.fr/terminologies/icf#204767		
https://data.esante.gouv.fr/terminologies/icf#204767_0		
https://data.esante.gouv.fr/terminologies/icf#204767_1		
https://data.esante.gouv.fr/terminologies/icf#204783		
https://data.esante.gouv.fr/terminologies/icf#204783_0		
https://data.esante.gouv.fr/terminologies/icf#204791		
https://data.esante.gouv.fr/terminologies/icf#204791_0		
https://data.esante.gouv.fr/terminologies/icf#204792		
https://data.esante.gouv.fr/terminologies/icf#204792_0		
https://data.esante.gouv.fr/terminologies/icf#204799		
https://data.esante.gouv.fr/terminologies/icf#204799_0		
https://data.esante.gouv.fr/terminologies/icf#204799_1		
https://data.esante.gouv.fr/terminologies/icf#204799_2		
https://data.esante.gouv.fr/terminologies/icf#204801		
https://data.esante.gouv.fr/terminologies/icf#204801_0		
https://data.esante.gouv.fr/terminologies/icf#204811		
https://data.esante.gouv.fr/terminologies/icf#204811_0		
https://data.esante.gouv.fr/terminologies/icf#204811_1		
https://data.esante.gouv.fr/terminologies/icf#204811_2		
https://data.esante.gouv.fr/terminologies/icf#204814		
https://data.esante.gouv.fr/terminologies/icf#204814_0		
https://data.esante.gouv.fr/terminologies/icf#204818		
https://data.esante.gouv.fr/terminologies/icf#204818_0		
https://data.esante.gouv.fr/terminologies/icf#204821		
https://data.esante.gouv.fr/terminologies/icf#204821_0		
https://data.esante.gouv.fr/terminologies/icf#204823		
https://data.esante.gouv.fr/terminologies/icf#204823_0		
https://data.esante.gouv.fr/terminologies/icf#204826		
https://data.esante.gouv.fr/terminologies/icf#204826_0		
https://data.esante.gouv.fr/terminologies/icf#204826_1		
https://data.esante.gouv.fr/terminologies/icf#204826_2		
https://data.esante.gouv.fr/terminologies/icf#204826_3		
https://data.esante.gouv.fr/terminologies/icf#204830		
https://data.esante.gouv.fr/terminologies/icf#204830_0		
https://data.esante.gouv.fr/terminologies/icf#204832		
https://data.esante.gouv.fr/terminologies/icf#204832_0		
https://data.esante.gouv.fr/terminologies/icf#204836		
https://data.esante.gouv.fr/terminologies/icf#204836_0		
https://data.esante.gouv.fr/terminologies/icf#204858		
https://data.esante.gouv.fr/terminologies/icf#204858_0		
https://data.esante.gouv.fr/terminologies/icf#204867		
https://data.esante.gouv.fr/terminologies/icf#204867_0		
https://data.esante.gouv.fr/terminologies/icf#204867_1		
https://data.esante.gouv.fr/terminologies/icf#204886		
https://data.esante.gouv.fr/terminologies/icf#204886_0		
https://data.esante.gouv.fr/terminologies/icf#204886_1		
https://data.esante.gouv.fr/terminologies/icf#204886_2		
https://data.esante.gouv.fr/terminologies/icf#204888		
https://data.esante.gouv.fr/terminologies/icf#204888_0		
https://data.esante.gouv.fr/terminologies/icf#204896		
https://data.esante.gouv.fr/terminologies/icf#204896_0		
https://data.esante.gouv.fr/terminologies/icf#204905		
https://data.esante.gouv.fr/terminologies/icf#204905_0		
https://data.esante.gouv.fr/terminologies/icf#204908		
https://data.esante.gouv.fr/terminologies/icf#204908_0		
https://data.esante.gouv.fr/terminologies/icf#204908_1		
https://data.esante.gouv.fr/terminologies/icf#204916		
https://data.esante.gouv.fr/terminologies/icf#204916_0		
https://data.esante.gouv.fr/terminologies/icf#204916_1		
https://data.esante.gouv.fr/terminologies/icf#204917		
https://data.esante.gouv.fr/terminologies/icf#204917_0		
https://data.esante.gouv.fr/terminologies/icf#204917_1		
https://data.esante.gouv.fr/terminologies/icf#204927		
https://data.esante.gouv.fr/terminologies/icf#204927_0		
https://data.esante.gouv.fr/terminologies/icf#204927_1		
https://data.esante.gouv.fr/terminologies/icf#204927_2		
https://data.esante.gouv.fr/terminologies/icf#204927_3		
https://data.esante.gouv.fr/terminologies/icf#204927_4		
https://data.esante.gouv.fr/terminologies/icf#204927_5		
https://data.esante.gouv.fr/terminologies/icf#204927_6		
https://data.esante.gouv.fr/terminologies/icf#204944		
https://data.esante.gouv.fr/terminologies/icf#204944_0		
https://data.esante.gouv.fr/terminologies/icf#204946		
https://data.esante.gouv.fr/terminologies/icf#204946_0		
https://data.esante.gouv.fr/terminologies/icf#204953		
https://data.esante.gouv.fr/terminologies/icf#204953_0		
https://data.esante.gouv.fr/terminologies/icf#204981		
https://data.esante.gouv.fr/terminologies/icf#204981_0		
https://data.esante.gouv.fr/terminologies/icf#204982		
https://data.esante.gouv.fr/terminologies/icf#204982_0		
https://data.esante.gouv.fr/terminologies/icf#204983		
https://data.esante.gouv.fr/terminologies/icf#204983_0		
https://data.esante.gouv.fr/terminologies/icf#204985		
https://data.esante.gouv.fr/terminologies/icf#204985_0		
https://data.esante.gouv.fr/terminologies/icf#204987		
https://data.esante.gouv.fr/terminologies/icf#204987_0		
https://data.esante.gouv.fr/terminologies/icf#204987_1		
https://data.esante.gouv.fr/terminologies/icf#204993		
https://data.esante.gouv.fr/terminologies/icf#204993_0		
https://data.esante.gouv.fr/terminologies/icf#205004		
https://data.esante.gouv.fr/terminologies/icf#205004_0		
https://data.esante.gouv.fr/terminologies/icf#205004_1		
https://data.esante.gouv.fr/terminologies/icf#205014		
https://data.esante.gouv.fr/terminologies/icf#205014_0		
https://data.esante.gouv.fr/terminologies/icf#205022		
https://data.esante.gouv.fr/terminologies/icf#205022_0		
https://data.esante.gouv.fr/terminologies/icf#205023		
https://data.esante.gouv.fr/terminologies/icf#205023_0		
https://data.esante.gouv.fr/terminologies/icf#205023_1		
https://data.esante.gouv.fr/terminologies/icf#205027		
https://data.esante.gouv.fr/terminologies/icf#205027_0		
https://data.esante.gouv.fr/terminologies/icf#205027_1		
https://data.esante.gouv.fr/terminologies/icf#205031		
https://data.esante.gouv.fr/terminologies/icf#205031_0		
https://data.esante.gouv.fr/terminologies/icf#205031_1		
https://data.esante.gouv.fr/terminologies/icf#205031_2		
https://data.esante.gouv.fr/terminologies/icf#205042		
https://data.esante.gouv.fr/terminologies/icf#205042_0		
https://data.esante.gouv.fr/terminologies/icf#205042_1		
https://data.esante.gouv.fr/terminologies/icf#205042_2		
https://data.esante.gouv.fr/terminologies/icf#205042_3		
https://data.esante.gouv.fr/terminologies/icf#205042_4		
https://data.esante.gouv.fr/terminologies/icf#205058		
https://data.esante.gouv.fr/terminologies/icf#205058_0		
https://data.esante.gouv.fr/terminologies/icf#205058_1		
https://data.esante.gouv.fr/terminologies/icf#205058_2		
https://data.esante.gouv.fr/terminologies/icf#205058_3		
https://data.esante.gouv.fr/terminologies/icf#205058_4		
https://data.esante.gouv.fr/terminologies/icf#205066		
https://data.esante.gouv.fr/terminologies/icf#205066_0		
https://data.esante.gouv.fr/terminologies/icf#20507	b4303	b4303 clotting functions
https://data.esante.gouv.fr/terminologies/icf#205070		
https://data.esante.gouv.fr/terminologies/icf#205070_0		
https://data.esante.gouv.fr/terminologies/icf#205078		
https://data.esante.gouv.fr/terminologies/icf#205078_0		
https://data.esante.gouv.fr/terminologies/icf#205086		
https://data.esante.gouv.fr/terminologies/icf#205086_0		
https://data.esante.gouv.fr/terminologies/icf#205086_1		
https://data.esante.gouv.fr/terminologies/icf#205095		
https://data.esante.gouv.fr/terminologies/icf#205095_0		
https://data.esante.gouv.fr/terminologies/icf#205109		
https://data.esante.gouv.fr/terminologies/icf#205109_0		
https://data.esante.gouv.fr/terminologies/icf#205113		
https://data.esante.gouv.fr/terminologies/icf#205113_0		
https://data.esante.gouv.fr/terminologies/icf#205113_1		
https://data.esante.gouv.fr/terminologies/icf#205115		
https://data.esante.gouv.fr/terminologies/icf#205115_0		
https://data.esante.gouv.fr/terminologies/icf#205156		
https://data.esante.gouv.fr/terminologies/icf#205156_0		
https://data.esante.gouv.fr/terminologies/icf#205156_1		
https://data.esante.gouv.fr/terminologies/icf#205156_2		
https://data.esante.gouv.fr/terminologies/icf#205159		
https://data.esante.gouv.fr/terminologies/icf#205159_0		
https://data.esante.gouv.fr/terminologies/icf#205159_1		
https://data.esante.gouv.fr/terminologies/icf#205181		
https://data.esante.gouv.fr/terminologies/icf#205181_0		
https://data.esante.gouv.fr/terminologies/icf#205181_1		
https://data.esante.gouv.fr/terminologies/icf#205181_2		
https://data.esante.gouv.fr/terminologies/icf#205204		
https://data.esante.gouv.fr/terminologies/icf#205204_0		
https://data.esante.gouv.fr/terminologies/icf#205204_1		
https://data.esante.gouv.fr/terminologies/icf#205214		
https://data.esante.gouv.fr/terminologies/icf#205214_0		
https://data.esante.gouv.fr/terminologies/icf#205225		
https://data.esante.gouv.fr/terminologies/icf#205225_0		
https://data.esante.gouv.fr/terminologies/icf#205232		
https://data.esante.gouv.fr/terminologies/icf#205232_0		
https://data.esante.gouv.fr/terminologies/icf#205232_1		
https://data.esante.gouv.fr/terminologies/icf#205236		
https://data.esante.gouv.fr/terminologies/icf#205236_0		
https://data.esante.gouv.fr/terminologies/icf#205243		
https://data.esante.gouv.fr/terminologies/icf#205243_0		
https://data.esante.gouv.fr/terminologies/icf#205245		
https://data.esante.gouv.fr/terminologies/icf#205245_0		
https://data.esante.gouv.fr/terminologies/icf#205245_1		
https://data.esante.gouv.fr/terminologies/icf#205245_2		
https://data.esante.gouv.fr/terminologies/icf#205264		
https://data.esante.gouv.fr/terminologies/icf#205264_0		
https://data.esante.gouv.fr/terminologies/icf#205264_1		
https://data.esante.gouv.fr/terminologies/icf#205273		
https://data.esante.gouv.fr/terminologies/icf#205273_0		
https://data.esante.gouv.fr/terminologies/icf#205273_1		
https://data.esante.gouv.fr/terminologies/icf#205288		
https://data.esante.gouv.fr/terminologies/icf#205288_0		
https://data.esante.gouv.fr/terminologies/icf#205288_1		
https://data.esante.gouv.fr/terminologies/icf#205288_2		
https://data.esante.gouv.fr/terminologies/icf#205296		
https://data.esante.gouv.fr/terminologies/icf#205296_0		
https://data.esante.gouv.fr/terminologies/icf#205296_1		
https://data.esante.gouv.fr/terminologies/icf#205299		
https://data.esante.gouv.fr/terminologies/icf#205299_0		
https://data.esante.gouv.fr/terminologies/icf#205305		
https://data.esante.gouv.fr/terminologies/icf#205305_0		
https://data.esante.gouv.fr/terminologies/icf#205323		
https://data.esante.gouv.fr/terminologies/icf#205323_0		
https://data.esante.gouv.fr/terminologies/icf#205323_1		
https://data.esante.gouv.fr/terminologies/icf#205323_2		
https://data.esante.gouv.fr/terminologies/icf#205323_3		
https://data.esante.gouv.fr/terminologies/icf#205323_4		
https://data.esante.gouv.fr/terminologies/icf#205323_5		
https://data.esante.gouv.fr/terminologies/icf#205323_6		
https://data.esante.gouv.fr/terminologies/icf#205325		
https://data.esante.gouv.fr/terminologies/icf#205325_0		
https://data.esante.gouv.fr/terminologies/icf#205327		
https://data.esante.gouv.fr/terminologies/icf#205327_0		
https://data.esante.gouv.fr/terminologies/icf#205331		
https://data.esante.gouv.fr/terminologies/icf#205331_0		
https://data.esante.gouv.fr/terminologies/icf#205333		
https://data.esante.gouv.fr/terminologies/icf#205333_0		
https://data.esante.gouv.fr/terminologies/icf#205355		
https://data.esante.gouv.fr/terminologies/icf#205355_0		
https://data.esante.gouv.fr/terminologies/icf#205360		
https://data.esante.gouv.fr/terminologies/icf#205360_0		
https://data.esante.gouv.fr/terminologies/icf#205360_1		
https://data.esante.gouv.fr/terminologies/icf#205360_2		
https://data.esante.gouv.fr/terminologies/icf#205382		
https://data.esante.gouv.fr/terminologies/icf#205382_0		
https://data.esante.gouv.fr/terminologies/icf#205382_1		
https://data.esante.gouv.fr/terminologies/icf#205392		
https://data.esante.gouv.fr/terminologies/icf#205392_0		
https://data.esante.gouv.fr/terminologies/icf#205413		
https://data.esante.gouv.fr/terminologies/icf#205413_0		
https://data.esante.gouv.fr/terminologies/icf#205413_1		
https://data.esante.gouv.fr/terminologies/icf#205413_2		
https://data.esante.gouv.fr/terminologies/icf#205413_3		
https://data.esante.gouv.fr/terminologies/icf#205413_4		
https://data.esante.gouv.fr/terminologies/icf#205413_5		
https://data.esante.gouv.fr/terminologies/icf#205415		
https://data.esante.gouv.fr/terminologies/icf#205415_0		
https://data.esante.gouv.fr/terminologies/icf#205415_1		
https://data.esante.gouv.fr/terminologies/icf#205421		
https://data.esante.gouv.fr/terminologies/icf#205421_0		
https://data.esante.gouv.fr/terminologies/icf#205453		
https://data.esante.gouv.fr/terminologies/icf#205453_0		
https://data.esante.gouv.fr/terminologies/icf#205453_1		
https://data.esante.gouv.fr/terminologies/icf#205453_2		
https://data.esante.gouv.fr/terminologies/icf#205465		
https://data.esante.gouv.fr/terminologies/icf#205465_0		
https://data.esante.gouv.fr/terminologies/icf#205465_1		
https://data.esante.gouv.fr/terminologies/icf#205465_2		
https://data.esante.gouv.fr/terminologies/icf#205472		
https://data.esante.gouv.fr/terminologies/icf#205472_0		
https://data.esante.gouv.fr/terminologies/icf#205475		
https://data.esante.gouv.fr/terminologies/icf#205475_0		
https://data.esante.gouv.fr/terminologies/icf#205475_1		
https://data.esante.gouv.fr/terminologies/icf#205478		
https://data.esante.gouv.fr/terminologies/icf#205478_0		
https://data.esante.gouv.fr/terminologies/icf#205478_1		
https://data.esante.gouv.fr/terminologies/icf#205483		
https://data.esante.gouv.fr/terminologies/icf#205483_0		
https://data.esante.gouv.fr/terminologies/icf#205483_1		
https://data.esante.gouv.fr/terminologies/icf#205496		
https://data.esante.gouv.fr/terminologies/icf#205496_0		
https://data.esante.gouv.fr/terminologies/icf#205496_1		
https://data.esante.gouv.fr/terminologies/icf#205496_2		
https://data.esante.gouv.fr/terminologies/icf#205496_3		
https://data.esante.gouv.fr/terminologies/icf#205538		
https://data.esante.gouv.fr/terminologies/icf#205538_0		
https://data.esante.gouv.fr/terminologies/icf#205538_1		
https://data.esante.gouv.fr/terminologies/icf#205553		
https://data.esante.gouv.fr/terminologies/icf#205553_0		
https://data.esante.gouv.fr/terminologies/icf#205563		
https://data.esante.gouv.fr/terminologies/icf#205563_0		
https://data.esante.gouv.fr/terminologies/icf#205570		
https://data.esante.gouv.fr/terminologies/icf#205570_0		
https://data.esante.gouv.fr/terminologies/icf#205570_1		
https://data.esante.gouv.fr/terminologies/icf#205570_2		
https://data.esante.gouv.fr/terminologies/icf#205570_3		
https://data.esante.gouv.fr/terminologies/icf#205570_4		
https://data.esante.gouv.fr/terminologies/icf#205570_5		
https://data.esante.gouv.fr/terminologies/icf#205582		
https://data.esante.gouv.fr/terminologies/icf#205582_0		
https://data.esante.gouv.fr/terminologies/icf#205586		
https://data.esante.gouv.fr/terminologies/icf#205586_0		
https://data.esante.gouv.fr/terminologies/icf#205590		
https://data.esante.gouv.fr/terminologies/icf#205590_0		
https://data.esante.gouv.fr/terminologies/icf#205590_1		
https://data.esante.gouv.fr/terminologies/icf#205590_2		
https://data.esante.gouv.fr/terminologies/icf#205605		
https://data.esante.gouv.fr/terminologies/icf#205605_0		
https://data.esante.gouv.fr/terminologies/icf#205605_1		
https://data.esante.gouv.fr/terminologies/icf#205614		
https://data.esante.gouv.fr/terminologies/icf#205614_0		
https://data.esante.gouv.fr/terminologies/icf#205616		
https://data.esante.gouv.fr/terminologies/icf#205616_0		
https://data.esante.gouv.fr/terminologies/icf#205617		
https://data.esante.gouv.fr/terminologies/icf#205617_0		
https://data.esante.gouv.fr/terminologies/icf#205621		
https://data.esante.gouv.fr/terminologies/icf#205621_0		
https://data.esante.gouv.fr/terminologies/icf#205621_1		
https://data.esante.gouv.fr/terminologies/icf#205621_2		
https://data.esante.gouv.fr/terminologies/icf#205623		
https://data.esante.gouv.fr/terminologies/icf#205623_0		
https://data.esante.gouv.fr/terminologies/icf#205623_1		
https://data.esante.gouv.fr/terminologies/icf#20563	b7309	b7309 muscle power functions, unspecified
https://data.esante.gouv.fr/terminologies/icf#205630		
https://data.esante.gouv.fr/terminologies/icf#205630_0		
https://data.esante.gouv.fr/terminologies/icf#205632		
https://data.esante.gouv.fr/terminologies/icf#205632_0		
https://data.esante.gouv.fr/terminologies/icf#205635		
https://data.esante.gouv.fr/terminologies/icf#205635_0		
https://data.esante.gouv.fr/terminologies/icf#205637		
https://data.esante.gouv.fr/terminologies/icf#205637_0		
https://data.esante.gouv.fr/terminologies/icf#205645		
https://data.esante.gouv.fr/terminologies/icf#205645_0		
https://data.esante.gouv.fr/terminologies/icf#205645_1		
https://data.esante.gouv.fr/terminologies/icf#205645_2		
https://data.esante.gouv.fr/terminologies/icf#205645_3		
https://data.esante.gouv.fr/terminologies/icf#205645_4		
https://data.esante.gouv.fr/terminologies/icf#205661		
https://data.esante.gouv.fr/terminologies/icf#205661_0		
https://data.esante.gouv.fr/terminologies/icf#205664		
https://data.esante.gouv.fr/terminologies/icf#205664_0		
https://data.esante.gouv.fr/terminologies/icf#205681		
https://data.esante.gouv.fr/terminologies/icf#205681_0		
https://data.esante.gouv.fr/terminologies/icf#205681_1		
https://data.esante.gouv.fr/terminologies/icf#205686		
https://data.esante.gouv.fr/terminologies/icf#205686_0		
https://data.esante.gouv.fr/terminologies/icf#205705		
https://data.esante.gouv.fr/terminologies/icf#205705_0		
https://data.esante.gouv.fr/terminologies/icf#205713		
https://data.esante.gouv.fr/terminologies/icf#205713_0		
https://data.esante.gouv.fr/terminologies/icf#205713_1		
https://data.esante.gouv.fr/terminologies/icf#205717		
https://data.esante.gouv.fr/terminologies/icf#205717_0		
https://data.esante.gouv.fr/terminologies/icf#205723		
https://data.esante.gouv.fr/terminologies/icf#205723_0		
https://data.esante.gouv.fr/terminologies/icf#205723_1		
https://data.esante.gouv.fr/terminologies/icf#205747		
https://data.esante.gouv.fr/terminologies/icf#205747_0		
https://data.esante.gouv.fr/terminologies/icf#205748		
https://data.esante.gouv.fr/terminologies/icf#205748_0		
https://data.esante.gouv.fr/terminologies/icf#205749		
https://data.esante.gouv.fr/terminologies/icf#205749_0		
https://data.esante.gouv.fr/terminologies/icf#205749_1		
https://data.esante.gouv.fr/terminologies/icf#205755		
https://data.esante.gouv.fr/terminologies/icf#205755_0		
https://data.esante.gouv.fr/terminologies/icf#205755_1		
https://data.esante.gouv.fr/terminologies/icf#205757		
https://data.esante.gouv.fr/terminologies/icf#205757_0		
https://data.esante.gouv.fr/terminologies/icf#205757_1		
https://data.esante.gouv.fr/terminologies/icf#205765		
https://data.esante.gouv.fr/terminologies/icf#205765_0		
https://data.esante.gouv.fr/terminologies/icf#205765_1		
https://data.esante.gouv.fr/terminologies/icf#205791		
https://data.esante.gouv.fr/terminologies/icf#205791_0		
https://data.esante.gouv.fr/terminologies/icf#205805		
https://data.esante.gouv.fr/terminologies/icf#205805_0		
https://data.esante.gouv.fr/terminologies/icf#205810		
https://data.esante.gouv.fr/terminologies/icf#205810_0		
https://data.esante.gouv.fr/terminologies/icf#205812		
https://data.esante.gouv.fr/terminologies/icf#205812_0		
https://data.esante.gouv.fr/terminologies/icf#205812_1		
https://data.esante.gouv.fr/terminologies/icf#205812_2		
https://data.esante.gouv.fr/terminologies/icf#205812_3		
https://data.esante.gouv.fr/terminologies/icf#205831		
https://data.esante.gouv.fr/terminologies/icf#205831_0		
https://data.esante.gouv.fr/terminologies/icf#205836		
https://data.esante.gouv.fr/terminologies/icf#205836_0		
https://data.esante.gouv.fr/terminologies/icf#205836_1		
https://data.esante.gouv.fr/terminologies/icf#205838		
https://data.esante.gouv.fr/terminologies/icf#205838_0		
https://data.esante.gouv.fr/terminologies/icf#205838_1		
https://data.esante.gouv.fr/terminologies/icf#205838_2		
https://data.esante.gouv.fr/terminologies/icf#205842		
https://data.esante.gouv.fr/terminologies/icf#205842_0		
https://data.esante.gouv.fr/terminologies/icf#205842_1		
https://data.esante.gouv.fr/terminologies/icf#205842_2		
https://data.esante.gouv.fr/terminologies/icf#205849		
https://data.esante.gouv.fr/terminologies/icf#205849_0		
https://data.esante.gouv.fr/terminologies/icf#205849_1		
https://data.esante.gouv.fr/terminologies/icf#205855		
https://data.esante.gouv.fr/terminologies/icf#205855_0		
https://data.esante.gouv.fr/terminologies/icf#205855_1		
https://data.esante.gouv.fr/terminologies/icf#205855_2		
https://data.esante.gouv.fr/terminologies/icf#205855_3		
https://data.esante.gouv.fr/terminologies/icf#205855_4		
https://data.esante.gouv.fr/terminologies/icf#205867		
https://data.esante.gouv.fr/terminologies/icf#205867_0		
https://data.esante.gouv.fr/terminologies/icf#205872		
https://data.esante.gouv.fr/terminologies/icf#205872_0		
https://data.esante.gouv.fr/terminologies/icf#205872_1		
https://data.esante.gouv.fr/terminologies/icf#205872_2		
https://data.esante.gouv.fr/terminologies/icf#205872_3		
https://data.esante.gouv.fr/terminologies/icf#205872_4		
https://data.esante.gouv.fr/terminologies/icf#205874		
https://data.esante.gouv.fr/terminologies/icf#205874_0		
https://data.esante.gouv.fr/terminologies/icf#205879		
https://data.esante.gouv.fr/terminologies/icf#205879_0		
https://data.esante.gouv.fr/terminologies/icf#205879_1		
https://data.esante.gouv.fr/terminologies/icf#205880		
https://data.esante.gouv.fr/terminologies/icf#205880_0		
https://data.esante.gouv.fr/terminologies/icf#205886		
https://data.esante.gouv.fr/terminologies/icf#205886_0		
https://data.esante.gouv.fr/terminologies/icf#205886_1		
https://data.esante.gouv.fr/terminologies/icf#205895		
https://data.esante.gouv.fr/terminologies/icf#205895_0		
https://data.esante.gouv.fr/terminologies/icf#205897		
https://data.esante.gouv.fr/terminologies/icf#205897_0		
https://data.esante.gouv.fr/terminologies/icf#205897_1		
https://data.esante.gouv.fr/terminologies/icf#205897_2		
https://data.esante.gouv.fr/terminologies/icf#205897_3		
https://data.esante.gouv.fr/terminologies/icf#205897_4		
https://data.esante.gouv.fr/terminologies/icf#205913		
https://data.esante.gouv.fr/terminologies/icf#205913_0		
https://data.esante.gouv.fr/terminologies/icf#205913_1		
https://data.esante.gouv.fr/terminologies/icf#205914		
https://data.esante.gouv.fr/terminologies/icf#205914_0		
https://data.esante.gouv.fr/terminologies/icf#205928		
https://data.esante.gouv.fr/terminologies/icf#205928_0		
https://data.esante.gouv.fr/terminologies/icf#205930		
https://data.esante.gouv.fr/terminologies/icf#205930_0		
https://data.esante.gouv.fr/terminologies/icf#205946		
https://data.esante.gouv.fr/terminologies/icf#205946_0		
https://data.esante.gouv.fr/terminologies/icf#205946_1		
https://data.esante.gouv.fr/terminologies/icf#205946_2		
https://data.esante.gouv.fr/terminologies/icf#205946_3		
https://data.esante.gouv.fr/terminologies/icf#205946_4		
https://data.esante.gouv.fr/terminologies/icf#205946_5		
https://data.esante.gouv.fr/terminologies/icf#205958		
https://data.esante.gouv.fr/terminologies/icf#205958_0		
https://data.esante.gouv.fr/terminologies/icf#205963		
https://data.esante.gouv.fr/terminologies/icf#205963_0		
https://data.esante.gouv.fr/terminologies/icf#205963_1		
https://data.esante.gouv.fr/terminologies/icf#205966		
https://data.esante.gouv.fr/terminologies/icf#205966_0		
https://data.esante.gouv.fr/terminologies/icf#205980		
https://data.esante.gouv.fr/terminologies/icf#205980_0		
https://data.esante.gouv.fr/terminologies/icf#205980_1		
https://data.esante.gouv.fr/terminologies/icf#205987		
https://data.esante.gouv.fr/terminologies/icf#205987_0		
https://data.esante.gouv.fr/terminologies/icf#205988		
https://data.esante.gouv.fr/terminologies/icf#205988_0		
https://data.esante.gouv.fr/terminologies/icf#206001		
https://data.esante.gouv.fr/terminologies/icf#206004		
https://data.esante.gouv.fr/terminologies/icf#206017		
https://data.esante.gouv.fr/terminologies/icf#206027		
https://data.esante.gouv.fr/terminologies/icf#206067		
https://data.esante.gouv.fr/terminologies/icf#206075		
https://data.esante.gouv.fr/terminologies/icf#206078		
https://data.esante.gouv.fr/terminologies/icf#206083		
https://data.esante.gouv.fr/terminologies/icf#206111		
https://data.esante.gouv.fr/terminologies/icf#206121		
https://data.esante.gouv.fr/terminologies/icf#206129		
https://data.esante.gouv.fr/terminologies/icf#206130		
https://data.esante.gouv.fr/terminologies/icf#206138		
https://data.esante.gouv.fr/terminologies/icf#206145		
https://data.esante.gouv.fr/terminologies/icf#206148		
https://data.esante.gouv.fr/terminologies/icf#206157		
https://data.esante.gouv.fr/terminologies/icf#206183		
https://data.esante.gouv.fr/terminologies/icf#206197		
https://data.esante.gouv.fr/terminologies/icf#206241		
https://data.esante.gouv.fr/terminologies/icf#206242		
https://data.esante.gouv.fr/terminologies/icf#206247		
https://data.esante.gouv.fr/terminologies/icf#206263		
https://data.esante.gouv.fr/terminologies/icf#206264		
https://data.esante.gouv.fr/terminologies/icf#206317		
https://data.esante.gouv.fr/terminologies/icf#206319		
https://data.esante.gouv.fr/terminologies/icf#20632	e5109	e5109 services, systems and policies for the production of consumer goods, unspecified
https://data.esante.gouv.fr/terminologies/icf#206326		
https://data.esante.gouv.fr/terminologies/icf#206341		
https://data.esante.gouv.fr/terminologies/icf#206354		
https://data.esante.gouv.fr/terminologies/icf#206355		
https://data.esante.gouv.fr/terminologies/icf#206362		
https://data.esante.gouv.fr/terminologies/icf#206366		
https://data.esante.gouv.fr/terminologies/icf#206372		
https://data.esante.gouv.fr/terminologies/icf#206377		
https://data.esante.gouv.fr/terminologies/icf#206383		
https://data.esante.gouv.fr/terminologies/icf#206384		
https://data.esante.gouv.fr/terminologies/icf#206385		
https://data.esante.gouv.fr/terminologies/icf#206415		
https://data.esante.gouv.fr/terminologies/icf#206431		
https://data.esante.gouv.fr/terminologies/icf#206442		
https://data.esante.gouv.fr/terminologies/icf#206460		
https://data.esante.gouv.fr/terminologies/icf#206461		
https://data.esante.gouv.fr/terminologies/icf#206467		
https://data.esante.gouv.fr/terminologies/icf#206488		
https://data.esante.gouv.fr/terminologies/icf#206498		
https://data.esante.gouv.fr/terminologies/icf#206501		
https://data.esante.gouv.fr/terminologies/icf#206513		
https://data.esante.gouv.fr/terminologies/icf#206536		
https://data.esante.gouv.fr/terminologies/icf#206539		
https://data.esante.gouv.fr/terminologies/icf#206541		
https://data.esante.gouv.fr/terminologies/icf#206543		
https://data.esante.gouv.fr/terminologies/icf#206544		
https://data.esante.gouv.fr/terminologies/icf#206547		
https://data.esante.gouv.fr/terminologies/icf#206563		
https://data.esante.gouv.fr/terminologies/icf#206566		
https://data.esante.gouv.fr/terminologies/icf#206578		
https://data.esante.gouv.fr/terminologies/icf#206581		
https://data.esante.gouv.fr/terminologies/icf#206585		
https://data.esante.gouv.fr/terminologies/icf#206590		
https://data.esante.gouv.fr/terminologies/icf#206598		
https://data.esante.gouv.fr/terminologies/icf#206617		
https://data.esante.gouv.fr/terminologies/icf#206620		
https://data.esante.gouv.fr/terminologies/icf#206623		
https://data.esante.gouv.fr/terminologies/icf#206638		
https://data.esante.gouv.fr/terminologies/icf#206644		
https://data.esante.gouv.fr/terminologies/icf#206648		
https://data.esante.gouv.fr/terminologies/icf#206682		
https://data.esante.gouv.fr/terminologies/icf#206684		
https://data.esante.gouv.fr/terminologies/icf#206707		
https://data.esante.gouv.fr/terminologies/icf#206711		
https://data.esante.gouv.fr/terminologies/icf#206712		
https://data.esante.gouv.fr/terminologies/icf#206769		
https://data.esante.gouv.fr/terminologies/icf#206791		
https://data.esante.gouv.fr/terminologies/icf#206794		
https://data.esante.gouv.fr/terminologies/icf#206822		
https://data.esante.gouv.fr/terminologies/icf#206828		
https://data.esante.gouv.fr/terminologies/icf#206835		
https://data.esante.gouv.fr/terminologies/icf#206836		
https://data.esante.gouv.fr/terminologies/icf#206838		
https://data.esante.gouv.fr/terminologies/icf#206846		
https://data.esante.gouv.fr/terminologies/icf#206849		
https://data.esante.gouv.fr/terminologies/icf#206868		
https://data.esante.gouv.fr/terminologies/icf#206874		
https://data.esante.gouv.fr/terminologies/icf#206883		
https://data.esante.gouv.fr/terminologies/icf#206890		
https://data.esante.gouv.fr/terminologies/icf#206901		
https://data.esante.gouv.fr/terminologies/icf#206902		
https://data.esante.gouv.fr/terminologies/icf#206912		
https://data.esante.gouv.fr/terminologies/icf#206918		
https://data.esante.gouv.fr/terminologies/icf#206939		
https://data.esante.gouv.fr/terminologies/icf#206959		
https://data.esante.gouv.fr/terminologies/icf#206960		
https://data.esante.gouv.fr/terminologies/icf#206963		
https://data.esante.gouv.fr/terminologies/icf#206969		
https://data.esante.gouv.fr/terminologies/icf#206979		
https://data.esante.gouv.fr/terminologies/icf#206986		
https://data.esante.gouv.fr/terminologies/icf#207005		
https://data.esante.gouv.fr/terminologies/icf#207022		
https://data.esante.gouv.fr/terminologies/icf#207042		
https://data.esante.gouv.fr/terminologies/icf#207046		
https://data.esante.gouv.fr/terminologies/icf#207050		
https://data.esante.gouv.fr/terminologies/icf#207066		
https://data.esante.gouv.fr/terminologies/icf#207095		
https://data.esante.gouv.fr/terminologies/icf#207098		
https://data.esante.gouv.fr/terminologies/icf#207110		
https://data.esante.gouv.fr/terminologies/icf#207119		
https://data.esante.gouv.fr/terminologies/icf#207130		
https://data.esante.gouv.fr/terminologies/icf#207146		
https://data.esante.gouv.fr/terminologies/icf#207150		
https://data.esante.gouv.fr/terminologies/icf#207151		
https://data.esante.gouv.fr/terminologies/icf#207173		
https://data.esante.gouv.fr/terminologies/icf#207181		
https://data.esante.gouv.fr/terminologies/icf#207201		
https://data.esante.gouv.fr/terminologies/icf#207208		
https://data.esante.gouv.fr/terminologies/icf#207219		
https://data.esante.gouv.fr/terminologies/icf#207265		
https://data.esante.gouv.fr/terminologies/icf#207278		
https://data.esante.gouv.fr/terminologies/icf#207296		
https://data.esante.gouv.fr/terminologies/icf#207330		
https://data.esante.gouv.fr/terminologies/icf#207340		
https://data.esante.gouv.fr/terminologies/icf#207366		
https://data.esante.gouv.fr/terminologies/icf#207389		
https://data.esante.gouv.fr/terminologies/icf#207400		
https://data.esante.gouv.fr/terminologies/icf#207409		
https://data.esante.gouv.fr/terminologies/icf#207413		
https://data.esante.gouv.fr/terminologies/icf#207421		
https://data.esante.gouv.fr/terminologies/icf#207463		
https://data.esante.gouv.fr/terminologies/icf#207464		
https://data.esante.gouv.fr/terminologies/icf#207479		
https://data.esante.gouv.fr/terminologies/icf#207485		
https://data.esante.gouv.fr/terminologies/icf#207494		
https://data.esante.gouv.fr/terminologies/icf#207505		
https://data.esante.gouv.fr/terminologies/icf#207508		
https://data.esante.gouv.fr/terminologies/icf#207557		
https://data.esante.gouv.fr/terminologies/icf#207559		
https://data.esante.gouv.fr/terminologies/icf#207568		
https://data.esante.gouv.fr/terminologies/icf#207580		
https://data.esante.gouv.fr/terminologies/icf#207596		
https://data.esante.gouv.fr/terminologies/icf#207608		
https://data.esante.gouv.fr/terminologies/icf#207621		
https://data.esante.gouv.fr/terminologies/icf#207627		
https://data.esante.gouv.fr/terminologies/icf#207651		
https://data.esante.gouv.fr/terminologies/icf#207662		
https://data.esante.gouv.fr/terminologies/icf#207686		
https://data.esante.gouv.fr/terminologies/icf#207733		
https://data.esante.gouv.fr/terminologies/icf#207741		
https://data.esante.gouv.fr/terminologies/icf#207751		
https://data.esante.gouv.fr/terminologies/icf#207771		
https://data.esante.gouv.fr/terminologies/icf#207773		
https://data.esante.gouv.fr/terminologies/icf#207786		
https://data.esante.gouv.fr/terminologies/icf#207797		
https://data.esante.gouv.fr/terminologies/icf#207805		
https://data.esante.gouv.fr/terminologies/icf#207831		
https://data.esante.gouv.fr/terminologies/icf#207868		
https://data.esante.gouv.fr/terminologies/icf#207878		
https://data.esante.gouv.fr/terminologies/icf#207879		
https://data.esante.gouv.fr/terminologies/icf#207882		
https://data.esante.gouv.fr/terminologies/icf#207886		
https://data.esante.gouv.fr/terminologies/icf#207891		
https://data.esante.gouv.fr/terminologies/icf#207897		
https://data.esante.gouv.fr/terminologies/icf#207907		
https://data.esante.gouv.fr/terminologies/icf#207924		
https://data.esante.gouv.fr/terminologies/icf#207932		
https://data.esante.gouv.fr/terminologies/icf#207937		
https://data.esante.gouv.fr/terminologies/icf#207939		
https://data.esante.gouv.fr/terminologies/icf#207952		
https://data.esante.gouv.fr/terminologies/icf#207971		
https://data.esante.gouv.fr/terminologies/icf#207974		
https://data.esante.gouv.fr/terminologies/icf#207981		
https://data.esante.gouv.fr/terminologies/icf#207989		
https://data.esante.gouv.fr/terminologies/icf#2080	e5600	e5600 media services
https://data.esante.gouv.fr/terminologies/icf#20973	d6408	d6408 doing housework, other specified
https://data.esante.gouv.fr/terminologies/icf#21004	b670	b670 sensations associated with genital and reproductive functions
https://data.esante.gouv.fr/terminologies/icf#21028	d4709	d4709 using transportation, unspecified
https://data.esante.gouv.fr/terminologies/icf#21082	b55500	b55500 body and pubic hair development
https://data.esante.gouv.fr/terminologies/icf#21107	d1452	d1452 acquiring skills to write words and phrases
https://data.esante.gouv.fr/terminologies/icf#211098	s41000	
https://data.esante.gouv.fr/terminologies/icf#211370	s41008	
https://data.esante.gouv.fr/terminologies/icf#21148	s410	s410 structure of cardiovascular system
https://data.esante.gouv.fr/terminologies/icf#211526	s41009	
https://data.esante.gouv.fr/terminologies/icf#211563	s2303	
https://data.esante.gouv.fr/terminologies/icf#211678	s41001	
https://data.esante.gouv.fr/terminologies/icf#2130	b6	genitourinary and reproductive functions
https://data.esante.gouv.fr/terminologies/icf#21454	s7108	s7108 structure of head and neck region, other specified
https://data.esante.gouv.fr/terminologies/icf#21483	b820	b820 repair functions of the skin
https://data.esante.gouv.fr/terminologies/icf#21514	s4208	s4208 structure of immune system, other specified
https://data.esante.gouv.fr/terminologies/icf#21573	d4359	d4359 moving objects with lower extremities, unspecified
https://data.esante.gouv.fr/terminologies/icf#2161	d3158	d3158 communicating with - receiving - nonverbal messages, other specified
https://data.esante.gouv.fr/terminologies/icf#21732	d2102	d2102 undertaking a single task independently
https://data.esante.gouv.fr/terminologies/icf#21818	b1265	b1265 optimism
https://data.esante.gouv.fr/terminologies/icf#21869	b1479	b1479 psychomotor functions, unspecified
https://data.esante.gouv.fr/terminologies/icf#21871	b6403	b6403 functions of sexual resolution phase
https://data.esante.gouv.fr/terminologies/icf#21904	s2609	s2609 structure of inner ear, unspecified
https://data.esante.gouv.fr/terminologies/icf#21926	d6503	d6503 maintaining vehicles
https://data.esante.gouv.fr/terminologies/icf#21959	e5451	e5451 civil protection systems
https://data.esante.gouv.fr/terminologies/icf#22090	e5609	e5609 media services, systems and policies, unspecified
https://data.esante.gouv.fr/terminologies/icf#22184	d166	d166 reading
https://data.esante.gouv.fr/terminologies/icf#22205	d1322	d1322 acquiring syntax
https://data.esante.gouv.fr/terminologies/icf#22225	b749	b749 muscle functions, other specified and unspecified
https://data.esante.gouv.fr/terminologies/icf#22321	b2804	b2804 radiating pain in a segment or region
https://data.esante.gouv.fr/terminologies/icf#22506	s63012	s63012 fallopian tubes
https://data.esante.gouv.fr/terminologies/icf#22609	d4105	d4105 bending
https://data.esante.gouv.fr/terminologies/icf#22619	s73003	s73003 ligaments and fasciae of upper arm
https://data.esante.gouv.fr/terminologies/icf#22636	b5458	b5458 water, mineral and electrolyte balance functions, other specified
https://data.esante.gouv.fr/terminologies/icf#22758	d430	d430 lifting and carrying objects
https://data.esante.gouv.fr/terminologies/icf#22825	d870	d870 economic self-sufficiency
https://data.esante.gouv.fr/terminologies/icf#22924	d1319	d1319 learning through actions with objects, unspecified
https://data.esante.gouv.fr/terminologies/icf#22975	s5808	s5808 structure of endocrine glands, other specified
https://data.esante.gouv.fr/terminologies/icf#22978	e5852	e5852 education and training policies
https://data.esante.gouv.fr/terminologies/icf#23020	b545	b545 water, mineral and electrolyte balance functions
https://data.esante.gouv.fr/terminologies/icf#23022	d6309	d6309 preparing meals, unspecified
https://data.esante.gouv.fr/terminologies/icf#23057	b6200	b6200 urination
https://data.esante.gouv.fr/terminologies/icf#23110	s8104	s8104 skin of lower extremity
https://data.esante.gouv.fr/terminologies/icf#23139	s2309	s2309 structures around eye, unspecified
https://data.esante.gouv.fr/terminologies/icf#23154	b7300	b7300 power of isolated muscles and muscle groups
https://data.esante.gouv.fr/terminologies/icf#23220	s7201	s7201 joints of shoulder region
https://data.esante.gouv.fr/terminologies/icf#23221	s599	s599 structures related to the digestive, metabolic and endocrine systems, unspecified
https://data.esante.gouv.fr/terminologies/icf#23249	d730-d779	particular interpersonal relationships (d730-d779)
https://data.esante.gouv.fr/terminologies/icf#23251	s75001	s75001 hip joint
https://data.esante.gouv.fr/terminologies/icf#23289	s75022	s75022 muscles of ankle and foot
https://data.esante.gouv.fr/terminologies/icf#23337	e5358	e5358 communication services, systems and policies, other specified
https://data.esante.gouv.fr/terminologies/icf#23365	d5401	d5401 taking off clothes
https://data.esante.gouv.fr/terminologies/icf#23432	d470	d470 using transportation
https://data.esante.gouv.fr/terminologies/icf#23512	d159	d159 basic learning, other specified and unspecified
https://data.esante.gouv.fr/terminologies/icf#23571	e1259	e1259 products and technology for communication, unspecified
https://data.esante.gouv.fr/terminologies/icf#23587	b28014	b28014 pain in upper limb
https://data.esante.gouv.fr/terminologies/icf#23664	b7653	b7653 stereotypies and motor perseveration
https://data.esante.gouv.fr/terminologies/icf#23804	s110	s110 structure of brain
https://data.esante.gouv.fr/terminologies/icf#23926	b16701	b16701 reception of written language
https://data.esante.gouv.fr/terminologies/icf#24001	b7611	b7611 specific spontaneous movements
https://data.esante.gouv.fr/terminologies/icf#24073	e580	e580 health services, systems and policies
https://data.esante.gouv.fr/terminologies/icf#24092	e2601	e2601 outdoor air quality
https://data.esante.gouv.fr/terminologies/icf#24163	d4554	d4554 swimming
https://data.esante.gouv.fr/terminologies/icf#24170	b230-b249	hearing and vestibular functions (b230-b249)
https://data.esante.gouv.fr/terminologies/icf#24245	b2358	b2358 vestibular functions, other specified
https://data.esante.gouv.fr/terminologies/icf#24253	d9208	d9208 recreation and leisure, other specified
https://data.esante.gouv.fr/terminologies/icf#24306	d2304	d2304 adapting to changes in daily routine
https://data.esante.gouv.fr/terminologies/icf#24307	d130-d159	basic learning (d130-d159)
https://data.esante.gouv.fr/terminologies/icf#24323	d1201	d1201 touching
https://data.esante.gouv.fr/terminologies/icf#2437	d6300	d6300 preparing simple meals
https://data.esante.gouv.fr/terminologies/icf#24391	d1371	d1371 acquiring complex concepts
https://data.esante.gouv.fr/terminologies/icf#24484	b1565	b1565 visuospatial perception
https://data.esante.gouv.fr/terminologies/icf#24506	d160	d160 focusing attention
https://data.esante.gouv.fr/terminologies/icf#24815	d4304	d4304 carrying on the head
https://data.esante.gouv.fr/terminologies/icf#24868	d4108	d4108 changing basic body position, other specified
https://data.esante.gouv.fr/terminologies/icf#24915	d6409	d6409 doing housework, unspecified
https://data.esante.gouv.fr/terminologies/icf#25047	d7600	d7600 parent-child relationships
https://data.esante.gouv.fr/terminologies/icf#25117	b1448	b1448 memory functions, other specified
https://data.esante.gouv.fr/terminologies/icf#25210	d860-d879	economic life (d860-d879)
https://data.esante.gouv.fr/terminologies/icf#25247	s11003	s11003 occipital lobe
https://data.esante.gouv.fr/terminologies/icf#25292	b4559	b4559 exercise tolerance functions, unspecified
https://data.esante.gouv.fr/terminologies/icf#25293	s340	s340 structure of larynx
https://data.esante.gouv.fr/terminologies/icf#25299	s11000	s11000 frontal lobe
https://data.esante.gouv.fr/terminologies/icf#25322	s8400	s8400 head hair
https://data.esante.gouv.fr/terminologies/icf#25470	d315	d315 communicating with - receiving - nonverbal messages
https://data.esante.gouv.fr/terminologies/icf#25528	s620	s620 structure of pelvic floor
https://data.esante.gouv.fr/terminologies/icf#25545	d7501	d7501 informal relationships with neighbours
https://data.esante.gouv.fr/terminologies/icf#25611	d6608	d6608 assisting others, other specified
https://data.esante.gouv.fr/terminologies/icf#25785	b761	b761 spontaneous movements
https://data.esante.gouv.fr/terminologies/icf#25801	b7610	b7610 general movements
https://data.esante.gouv.fr/terminologies/icf#25814	b5550	b5550 pubertal functions
https://data.esante.gouv.fr/terminologies/icf#25824	s5801	s5801 thyroid gland
https://data.esante.gouv.fr/terminologies/icf#2592	s570	s570 structure of gall bladder and ducts
https://data.esante.gouv.fr/terminologies/icf#2607	d9203	d9203 crafts
https://data.esante.gouv.fr/terminologies/icf#26165	d131	d131 learning through actions with objects
https://data.esante.gouv.fr/terminologies/icf#2623	s76004	s76004 coccyx
https://data.esante.gouv.fr/terminologies/icf#26247	b4353	b4353 functions of lymph nodes
https://data.esante.gouv.fr/terminologies/icf#26410	b1609	b1609 thought functions, unspecified
https://data.esante.gouv.fr/terminologies/icf#26422	b735	b735 muscle tone functions
https://data.esante.gouv.fr/terminologies/icf#26440	b510-b539	functions related to the digestive system (b510-b539)
https://data.esante.gouv.fr/terminologies/icf#26489	b5252	b5252 frequency of defecation
https://data.esante.gouv.fr/terminologies/icf#26502	s7105	s7105 ligaments and fasciae of head and neck region
https://data.esante.gouv.fr/terminologies/icf#26658	e5901	e5901 labour and employment systems
https://data.esante.gouv.fr/terminologies/icf#2681	b21000	b21000 binocular acuity of distant vision
https://data.esante.gouv.fr/terminologies/icf#27000	e2458	e2458 time-related changes, other specified
https://data.esante.gouv.fr/terminologies/icf#27038	d7	interpersonal interactions and relationships
https://data.esante.gouv.fr/terminologies/icf#27092	s75003	s75003 ligaments and fasciae of thigh
https://data.esante.gouv.fr/terminologies/icf#2717	s73002	s73002 muscles of upper arm
https://data.esante.gouv.fr/terminologies/icf#27219	e1309	e1309 products and technology for education, unspecified
https://data.esante.gouv.fr/terminologies/icf#2726	b798	b798 neuromusculoskeletal and movement-related functions, other specified
https://data.esante.gouv.fr/terminologies/icf#2735	d815	d815 preschool education
https://data.esante.gouv.fr/terminologies/icf#27379	b7809	b7809 sensations related to muscles and movement functions, unspecified
https://data.esante.gouv.fr/terminologies/icf#2752	b6603	b6603 lactation
https://data.esante.gouv.fr/terminologies/icf#27539	e530	e530 utilities services, systems and policies
https://data.esante.gouv.fr/terminologies/icf#27551	s8300	s8300 finger nails
https://data.esante.gouv.fr/terminologies/icf#27600	d729	d729 general interpersonal interactions, other specified and unspecified
https://data.esante.gouv.fr/terminologies/icf#27641	b5	functions of the digestive, metabolic and endocrine systems
https://data.esante.gouv.fr/terminologies/icf#27642	d4500	d4500 walking short distances
https://data.esante.gouv.fr/terminologies/icf#27666	d4209	d4209 transferring oneself, unspecified
https://data.esante.gouv.fr/terminologies/icf#27689	d5408	d5408 dressing, other specified
https://data.esante.gouv.fr/terminologies/icf#2769	d1500	d1500 acquiring basic skills of numeracy
https://data.esante.gouv.fr/terminologies/icf#27703	d845	d845 acquiring, keeping and terminating a job
https://data.esante.gouv.fr/terminologies/icf#2786	d5309	d5309 toileting, unspecified
https://data.esante.gouv.fr/terminologies/icf#27860	b3300	b3300 fluency of speech
https://data.esante.gouv.fr/terminologies/icf#27972	e1209	e1209 products and technology for personal indoor and outdoor mobility and transportation, unspecified
https://data.esante.gouv.fr/terminologies/icf#28018	b2108	b2108 seeing functions, other specified
https://data.esante.gouv.fr/terminologies/icf#281	d999	d999 community, social and civic life, unspecified
https://data.esante.gouv.fr/terminologies/icf#28378	d2303	d2303 managing one's own activity level
https://data.esante.gouv.fr/terminologies/icf#28385	d7100	d7100 respect and warmth in relationships
https://data.esante.gouv.fr/terminologies/icf#28541	s11050	s11050 medulla oblongata
https://data.esante.gouv.fr/terminologies/icf#28646	d1501	d1501 acquiring skills to recognize numerals, arithmetic signs and symbols
https://data.esante.gouv.fr/terminologies/icf#28701	b16713	b16713 expression of body language
https://data.esante.gouv.fr/terminologies/icf#28730	s6300	s6300 ovaries
https://data.esante.gouv.fr/terminologies/icf#28731	e5201	e5201 open space planning systems
https://data.esante.gouv.fr/terminologies/icf#28745	s73028	s73028 structure of hand, other specified
https://data.esante.gouv.fr/terminologies/icf#28754	b5253	b5253 faecal continence
https://data.esante.gouv.fr/terminologies/icf#28914	s8403	s8403 pubic hair
https://data.esante.gouv.fr/terminologies/icf#28921	d132	d132 acquiring language
https://data.esante.gouv.fr/terminologies/icf#29060	b440	b440 respiration functions
https://data.esante.gouv.fr/terminologies/icf#29062	d720	d720 complex interpersonal interactions
https://data.esante.gouv.fr/terminologies/icf#2909	b699	b699 genitourinary and reproductive functions, unspecified
https://data.esante.gouv.fr/terminologies/icf#29138	b2159	b2159 functions of structures adjoining the eye, unspecified
https://data.esante.gouv.fr/terminologies/icf#29146	b1301	b1301 motivation
https://data.esante.gouv.fr/terminologies/icf#29227	d840	d840 apprenticeship (work preparation)
https://data.esante.gouv.fr/terminologies/icf#29252	b539	b539 functions related to the digestive system, other specified and unspecified
https://data.esante.gouv.fr/terminologies/icf#29260	b51058	b51058 swallowing, other specified
https://data.esante.gouv.fr/terminologies/icf#29521	d455	d455 moving around
https://data.esante.gouv.fr/terminologies/icf#29554	b4308	b4308 haematological system functions, other specified
https://data.esante.gouv.fr/terminologies/icf#29639	b167	b167 mental functions of language
https://data.esante.gouv.fr/terminologies/icf#29723	d8709	d8709 economic self-sufficiency, unspecified
https://data.esante.gouv.fr/terminologies/icf#29725	e1101	e1101 drugs
https://data.esante.gouv.fr/terminologies/icf#29740	e160	e160 products and technology of land development
https://data.esante.gouv.fr/terminologies/icf#29830	s11009	s11009 structure of cortical lobes, unspecified
https://data.esante.gouv.fr/terminologies/icf#29947	e1650	e1650 financial assets
https://data.esante.gouv.fr/terminologies/icf#300000		
https://data.esante.gouv.fr/terminologies/icf#30021	b7200	b7200 mobility of scapula
https://data.esante.gouv.fr/terminologies/icf#301381	d1331	
https://data.esante.gouv.fr/terminologies/icf#30324	s580	s580 structure of endocrine glands
https://data.esante.gouv.fr/terminologies/icf#30407	d3608	d3608 using communication devices and techniques, other specified
https://data.esante.gouv.fr/terminologies/icf#30430	b7201	b7201 mobility of pelvis
https://data.esante.gouv.fr/terminologies/icf#30443	e5909	e5909 labour and employment services, systems and policies, unspecified
https://data.esante.gouv.fr/terminologies/icf#30481	b1648	b1648 higher-level cognitive functions, other specified
https://data.esante.gouv.fr/terminologies/icf#30606	e1401	e1401 assistive products and technology for culture, recreation and sport
https://data.esante.gouv.fr/terminologies/icf#30628	b1802	b1802 experience of time
https://data.esante.gouv.fr/terminologies/icf#30675	s6	structures related to the genitourinary and reproductive systems
https://data.esante.gouv.fr/terminologies/icf#30685	d629	d629 acquisition of necessities, other specified and unspecified
https://data.esante.gouv.fr/terminologies/icf#307018	d816	
https://data.esante.gouv.fr/terminologies/icf#30727	b5509	b5509 thermoregulatory functions, unspecified
https://data.esante.gouv.fr/terminologies/icf#30791	e1400	e1400 general products and technology for culture, recreation and sport
https://data.esante.gouv.fr/terminologies/icf#308779	d1339	
https://data.esante.gouv.fr/terminologies/icf#30883	d350-d369	conversation and use of communication devices and techniques (d350-d369)
https://data.esante.gouv.fr/terminologies/icf#30922	b5459	b5459 water, mineral and electrolyte balance functions, unspecified
https://data.esante.gouv.fr/terminologies/icf#31001	s7601	s7601 muscles of trunk
https://data.esante.gouv.fr/terminologies/icf#31063	b8	functions of the skin and related structures
https://data.esante.gouv.fr/terminologies/icf#31067	d1720	d1720 using skills and strategies to perform simple numeric calculations
https://data.esante.gouv.fr/terminologies/icf#31078	d475	d475 driving
https://data.esante.gouv.fr/terminologies/icf#31079	s4100	s4100 heart
https://data.esante.gouv.fr/terminologies/icf#31195	s73001	s73001 elbow joint
https://data.esante.gouv.fr/terminologies/icf#3130	d9	community, social and civic life
https://data.esante.gouv.fr/terminologies/icf#31318	e5408	e5408 transportation services, systems and policies, other specified
https://data.esante.gouv.fr/terminologies/icf#31390	d7101	d7101 appreciation in relationships
https://data.esante.gouv.fr/terminologies/icf#31432	d630	d630 preparing meals
https://data.esante.gouv.fr/terminologies/icf#3146	s8402	s8402 axillary hair
https://data.esante.gouv.fr/terminologies/icf#31549	b4350	b4350 immune response
https://data.esante.gouv.fr/terminologies/icf#31550	e5602	e5602 media policies
https://data.esante.gouv.fr/terminologies/icf#31556	d5209	d5209 caring for body parts, unspecified
https://data.esante.gouv.fr/terminologies/icf#31561	d669	d669 caring for household objects and assisting others, other specified and unspecified
https://data.esante.gouv.fr/terminologies/icf#315632	b125	
https://data.esante.gouv.fr/terminologies/icf#31681	d898	d898 major life areas, other specified
https://data.esante.gouv.fr/terminologies/icf#31712	d445	d445 hand and arm use
https://data.esante.gouv.fr/terminologies/icf#31715	s4200	s4200 lymphatic vessels
https://data.esante.gouv.fr/terminologies/icf#31727	s2501	s2501 eustachian canal
https://data.esante.gouv.fr/terminologies/icf#31785	e5501	e5501 legal systems
https://data.esante.gouv.fr/terminologies/icf#32101	s398	s398 structures involved in voice and speech, other specified
https://data.esante.gouv.fr/terminologies/icf#32113	s3201	s3201 gums
https://data.esante.gouv.fr/terminologies/icf#32166	s498	s498 structures of the cardiovascular, immunological and respiratory systems, other specified
https://data.esante.gouv.fr/terminologies/icf#3218	d799	d799 interpersonal interactions and relationships, unspecified
https://data.esante.gouv.fr/terminologies/icf#32198	d9209	d9209 recreation and leisure, unspecified
https://data.esante.gouv.fr/terminologies/icf#32210	b7400	b7400 endurance of isolated muscles
https://data.esante.gouv.fr/terminologies/icf#32259	b5102	b5102 chewing
https://data.esante.gouv.fr/terminologies/icf#32287	b4501	b4501 functions of coughing
https://data.esante.gouv.fr/terminologies/icf#32297	d6403	d6403 using household appliances
https://data.esante.gouv.fr/terminologies/icf#32306	e5102	e5102 policies for the production of consumer goods
https://data.esante.gouv.fr/terminologies/icf#32398	e5250	e5250 housing services
https://data.esante.gouv.fr/terminologies/icf#32462	e1258	e1258 products and technology for communication, other specified
https://data.esante.gouv.fr/terminologies/icf#32480	e420	e420 individual attitudes of friends
https://data.esante.gouv.fr/terminologies/icf#32501	e2100	e2100 landforms
https://data.esante.gouv.fr/terminologies/icf#32563	e140	e140 products and technology for culture, recreation and sport
https://data.esante.gouv.fr/terminologies/icf#32593	e5200	e5200 open space planning services
https://data.esante.gouv.fr/terminologies/icf#32623	s4303	s4303 muscles of respiration
https://data.esante.gouv.fr/terminologies/icf#32710	d4200	d4200 transferring oneself while sitting
https://data.esante.gouv.fr/terminologies/icf#32725	e5259	e5259 housing services, systems and policies, unspecified
https://data.esante.gouv.fr/terminologies/icf#32760	b6701	b6701 sensations associated with the menstrual cycle
https://data.esante.gouv.fr/terminologies/icf#32790	d230	d230 carrying out daily routine
https://data.esante.gouv.fr/terminologies/icf#32815	d210	d210 undertaking a single task
https://data.esante.gouv.fr/terminologies/icf#32849	b5350	b5350 sensation of nausea
https://data.esante.gouv.fr/terminologies/icf#32999	e5850	e5850 education and training services
https://data.esante.gouv.fr/terminologies/icf#33052	e2500	e2500 sound intensity
https://data.esante.gouv.fr/terminologies/icf#33055	s3409	s3409 structure of larynx, unspecified
https://data.esante.gouv.fr/terminologies/icf#33056	d3109	d3109 communicating with - receiving - spoken messages,unspecified
https://data.esante.gouv.fr/terminologies/icf#33120	s299	s299 eye, ear and related structures, unspecified
https://data.esante.gouv.fr/terminologies/icf#332039	b163	
https://data.esante.gouv.fr/terminologies/icf#332369	d571	
https://data.esante.gouv.fr/terminologies/icf#332597	b569	
https://data.esante.gouv.fr/terminologies/icf#33399	b6408	b6408 sexual functions, other specified
https://data.esante.gouv.fr/terminologies/icf#334465	d880	
https://data.esante.gouv.fr/terminologies/icf#33500	b152	b152 emotional functions
https://data.esante.gouv.fr/terminologies/icf#33585	b445	b445 respiratory muscle functions
https://data.esante.gouv.fr/terminologies/icf#33758	d7106	d7106 differentiation of familiar persons
https://data.esante.gouv.fr/terminologies/icf#33841	b2405	b2405 aural pressure
https://data.esante.gouv.fr/terminologies/icf#33868	b55501	b55501 breast and nipple development
https://data.esante.gouv.fr/terminologies/icf#33889	d4750	d4750 driving human-powered transportation
https://data.esante.gouv.fr/terminologies/icf#33910	b415	b415 blood vessel functions
https://data.esante.gouv.fr/terminologies/icf#33920	e	environmental factors
https://data.esante.gouv.fr/terminologies/icf#33958	e5400	e5400 transportation services
https://data.esante.gouv.fr/terminologies/icf#339967	b1259	
https://data.esante.gouv.fr/terminologies/icf#34017	d5108	d5108 washing oneself, other specified
https://data.esante.gouv.fr/terminologies/icf#3413	b43501	b43501 non-specific immune response
https://data.esante.gouv.fr/terminologies/icf#34156	d4450	d4450 pulling
https://data.esante.gouv.fr/terminologies/icf#34288	d4109	d4109 changing basic body position, unspecified
https://data.esante.gouv.fr/terminologies/icf#34319	s32000	s32000 primary dentition
https://data.esante.gouv.fr/terminologies/icf#34330	d1502	d1502 acquiring skills in using basic operations
https://data.esante.gouv.fr/terminologies/icf#34351	d199	d199 learning and applying knowledge, unspecified
https://data.esante.gouv.fr/terminologies/icf#34385	e1502	e1502 design, construction and building products and technology for way finding, path routing and designation of locations in buildings for public use
https://data.esante.gouv.fr/terminologies/icf#34464	e5608	e5608 media services, systems and policies, other specified
https://data.esante.gouv.fr/terminologies/icf#3451	s73022	s73022 muscles of hand
https://data.esante.gouv.fr/terminologies/icf#34561	s32021	s32021 soft palate
https://data.esante.gouv.fr/terminologies/icf#345975	d134	
https://data.esante.gouv.fr/terminologies/icf#34616	b469	b469 additional functions and sensations of the cardiovascular and respiratory systems, other specified and unspecified
https://data.esante.gouv.fr/terminologies/icf#347479	b1255	
https://data.esante.gouv.fr/terminologies/icf#3483	b1602	b1602 content of thought
https://data.esante.gouv.fr/terminologies/icf#34874	d220	d220 undertaking multiple tasks
https://data.esante.gouv.fr/terminologies/icf#34899	s7602	s7602 ligaments and fasciae of trunk
https://data.esante.gouv.fr/terminologies/icf#350081	d1332	
https://data.esante.gouv.fr/terminologies/icf#35025	d1600	d1600 focusing attention on the person
https://data.esante.gouv.fr/terminologies/icf#35031	b210-b229	seeing and related functions (b210-b229)
https://data.esante.gouv.fr/terminologies/icf#35042	s2603	s2603 internal auditory meatus
https://data.esante.gouv.fr/terminologies/icf#35129	d1708	d1708 writing, other specified
https://data.esante.gouv.fr/terminologies/icf#35146	e298	e298 natural environment and human-made changes to environment, other specified
https://data.esante.gouv.fr/terminologies/icf#35229	b198	b198 mental functions, other specified
https://data.esante.gouv.fr/terminologies/icf#35247	e5800	e5800 health services
https://data.esante.gouv.fr/terminologies/icf#35249	d1751	d1751 solving complex problems
https://data.esante.gouv.fr/terminologies/icf#352699	b1250	
https://data.esante.gouv.fr/terminologies/icf#35370	b45040	b45040 production of mucus
https://data.esante.gouv.fr/terminologies/icf#35386	s75013	s75013 ligaments and fasciae of lower leg
https://data.esante.gouv.fr/terminologies/icf#35430	d1401	d1401 acquiring skills to sound out written words
https://data.esante.gouv.fr/terminologies/icf#35431	e1158	e1158 products and technology for personal use in daily living, other specified
https://data.esante.gouv.fr/terminologies/icf#35442	d3108	d3108 communicating with - receiving - spoken messages, other specified
https://data.esante.gouv.fr/terminologies/icf#35445	b639	b639 urinary functions, other specified and unspecified
https://data.esante.gouv.fr/terminologies/icf#35515	d4455	d4455 catching
https://data.esante.gouv.fr/terminologies/icf#35516	b430	b430 haematological system functions
https://data.esante.gouv.fr/terminologies/icf#35541	s7502	s7502 structure of ankle and foot
https://data.esante.gouv.fr/terminologies/icf#35548	d450-d469	walking and moving (d450-d469)
https://data.esante.gouv.fr/terminologies/icf#355574	b1253	
https://data.esante.gouv.fr/terminologies/icf#35628	b265	b265 touch function
https://data.esante.gouv.fr/terminologies/icf#356560	b1254	
https://data.esante.gouv.fr/terminologies/icf#35737	d8501	d8501 part-time employment
https://data.esante.gouv.fr/terminologies/icf#35759	e355	e355 health professionals
https://data.esante.gouv.fr/terminologies/icf#358734	b1252	
https://data.esante.gouv.fr/terminologies/icf#35908	s7203	s7203 ligaments and fasciae of shoulder region
https://data.esante.gouv.fr/terminologies/icf#35923	b730	b730 muscle power functions
https://data.esante.gouv.fr/terminologies/icf#3606	s8208	s8208 structure of skin glands, other specified
https://data.esante.gouv.fr/terminologies/icf#36098	e5459	e5459 civil protection services, systems and policies, unspecified
https://data.esante.gouv.fr/terminologies/icf#36117	b6100	b6100 filtration of urine
https://data.esante.gouv.fr/terminologies/icf#36131	s540	s540 structure of intestine
https://data.esante.gouv.fr/terminologies/icf#36148	e1358	e1358 products and technology for employment, other specified
https://data.esante.gouv.fr/terminologies/icf#36177	b2158	b2158 functions of structures adjoining the eye, other specified
https://data.esante.gouv.fr/terminologies/icf#36186	d345	d345 writing messages
https://data.esante.gouv.fr/terminologies/icf#36206	d4454	d4454 throwing
https://data.esante.gouv.fr/terminologies/icf#36221	d1729	d1729 calculating, unspecified
https://data.esante.gouv.fr/terminologies/icf#36313	d6108	d6108 acquiring a place to live, other specified
https://data.esante.gouv.fr/terminologies/icf#36321	d3151	d3151 communicating with - receiving - general signs and symbols
https://data.esante.gouv.fr/terminologies/icf#36327	d340	d340 producing messages in formal sign language
https://data.esante.gouv.fr/terminologies/icf#36344	d6602	d6602 assisting others in communication
https://data.esante.gouv.fr/terminologies/icf#36346	b1441	b1441 long-term memory
https://data.esante.gouv.fr/terminologies/icf#36423	d6200	d6200 shopping
https://data.esante.gouv.fr/terminologies/icf#36444	b156	b156 perceptual functions
https://data.esante.gouv.fr/terminologies/icf#365070	d1314	
https://data.esante.gouv.fr/terminologies/icf#36531	s1105	s1105 structure of brain stem
https://data.esante.gouv.fr/terminologies/icf#36607	s32009	s32009 teeth, unspecified
https://data.esante.gouv.fr/terminologies/icf#36614	b4458	b4458 respiratory muscle functions, other specified
https://data.esante.gouv.fr/terminologies/icf#36632	d1758	d1758 solving problems, other specified
https://data.esante.gouv.fr/terminologies/icf#366447	d8800	
https://data.esante.gouv.fr/terminologies/icf#366611	d161	
https://data.esante.gouv.fr/terminologies/icf#36668	e1651	e1651 tangible assets
https://data.esante.gouv.fr/terminologies/icf#3673	d6600	d6600 assisting others with self-care
https://data.esante.gouv.fr/terminologies/icf#36745	s2600	s2600 cochlea
https://data.esante.gouv.fr/terminologies/icf#36796	b7602	b7602 coordination of voluntary movements
https://data.esante.gouv.fr/terminologies/icf#36886	b1349	b1349 sleep functions, unspecified
https://data.esante.gouv.fr/terminologies/icf#36912	b1443	b1443 working memory
https://data.esante.gouv.fr/terminologies/icf#37089	d4	mobility
https://data.esante.gouv.fr/terminologies/icf#37170	b5450	b5450 water balance
https://data.esante.gouv.fr/terminologies/icf#37304	d3150	d3150 communicating with - receiving - body gestures
https://data.esante.gouv.fr/terminologies/icf#373865	d1330	
https://data.esante.gouv.fr/terminologies/icf#375081	d8803	
https://data.esante.gouv.fr/terminologies/icf#375332	d8802	
https://data.esante.gouv.fr/terminologies/icf#37732	d6501	d6501 maintaining dwelling and furnishings
https://data.esante.gouv.fr/terminologies/icf#37774	e1208	e1208 products and technology for personal indoor and outdoor mobility and transportation, other specified
https://data.esante.gouv.fr/terminologies/icf#37871	e5559	e5559 associations and organizational services, systems and policies, unspecified
https://data.esante.gouv.fr/terminologies/icf#37881	e5801	e5801 health systems
https://data.esante.gouv.fr/terminologies/icf#37919	b1260	b1260 extraversion
https://data.esante.gouv.fr/terminologies/icf#38165	b2150	b2150 functions of internal muscles of the eye
https://data.esante.gouv.fr/terminologies/icf#38191	d610	d610 acquiring a place to live
https://data.esante.gouv.fr/terminologies/icf#382501	b560	
https://data.esante.gouv.fr/terminologies/icf#38461	s11058	s11058 structure of brain stem, other specified
https://data.esante.gouv.fr/terminologies/icf#38469	d5100	d5100 washing body parts
https://data.esante.gouv.fr/terminologies/icf#3847	e595	e595 political services, systems and policies
https://data.esante.gouv.fr/terminologies/icf#384859	b1251	
https://data.esante.gouv.fr/terminologies/icf#38494	e2101	e2101 bodies of water
https://data.esante.gouv.fr/terminologies/icf#38617	s3400	s3400 vocal folds
https://data.esante.gouv.fr/terminologies/icf#386701	d8809	
https://data.esante.gouv.fr/terminologies/icf#38804	e225	e225 climate
https://data.esante.gouv.fr/terminologies/icf#38815	b43500	b43500 specific immune response
https://data.esante.gouv.fr/terminologies/icf#38825	e445	e445 individual attitudes of strangers
https://data.esante.gouv.fr/terminologies/icf#38838	d130	d130 copying
https://data.esante.gouv.fr/terminologies/icf#389190	d8801	
https://data.esante.gouv.fr/terminologies/icf#38944	d1202	d1202 smelling
https://data.esante.gouv.fr/terminologies/icf#38976	b750	b750 motor reflex functions
https://data.esante.gouv.fr/terminologies/icf#38998	d6308	d6308 preparing meals, other specified
https://data.esante.gouv.fr/terminologies/icf#39005	b4208	b4208 blood pressure functions, other specified
https://data.esante.gouv.fr/terminologies/icf#39060	b2351	b2351 vestibular function of balance
https://data.esante.gouv.fr/terminologies/icf#39143	s2500	s2500 tympanic membrane
https://data.esante.gouv.fr/terminologies/icf#39205	d6505	d6505 taking care of plants, indoors and outdoors
https://data.esante.gouv.fr/terminologies/icf#39221	b51069	b51069 functions of expelling the contents of the stomach,oesophagus, or pharynx, unspecified
https://data.esante.gouv.fr/terminologies/icf#39243	d7401	d7401 relating with subordinates
https://data.esante.gouv.fr/terminologies/icf#39307	b7500	b7500 stretch motor reflex
https://data.esante.gouv.fr/terminologies/icf#39355	s798	s798 structures related to movement, other specified
https://data.esante.gouv.fr/terminologies/icf#39408	d4452	d4452 reaching
https://data.esante.gouv.fr/terminologies/icf#39428	s3408	s3408 structure of larynx, other specified
https://data.esante.gouv.fr/terminologies/icf#394533	b1258	
https://data.esante.gouv.fr/terminologies/icf#39463	s4203	s4203 spleen
https://data.esante.gouv.fr/terminologies/icf#39499	e1150	e1150 general products and technology for personal use in daily living
https://data.esante.gouv.fr/terminologies/icf#39576	d4107	d4107 rolling over
https://data.esante.gouv.fr/terminologies/icf#39656	b6504	b6504 cessation of menstruation
https://data.esante.gouv.fr/terminologies/icf#39705	d5708	d5708 looking after one's health, other specified
https://data.esante.gouv.fr/terminologies/icf#39739	e2252	e2252 atmospheric pressure
https://data.esante.gouv.fr/terminologies/icf#399544	d8808	
https://data.esante.gouv.fr/terminologies/icf#39964	d8451	d8451 maintaining a job
https://data.esante.gouv.fr/terminologies/icf#399711	d1338	
https://data.esante.gouv.fr/terminologies/icf#39975	d310	d310 communicating with - receiving - spoken messages
https://data.esante.gouv.fr/terminologies/icf#40000	s7402	s7402 muscles of pelvic region
https://data.esante.gouv.fr/terminologies/icf#40010	b4352	b4352 functions of lymphatic vessels
https://data.esante.gouv.fr/terminologies/icf#40012	e435	e435 individual attitudes of people in subordinate positions
https://data.esante.gouv.fr/terminologies/icf#40022	e1553	e1553 design, construction and building products and technology for physical safety of persons in buildings for private use
https://data.esante.gouv.fr/terminologies/icf#40034	d4154	d4154 maintaining a standing position
https://data.esante.gouv.fr/terminologies/icf#40046	s75000	s75000 bones of thigh
https://data.esante.gouv.fr/terminologies/icf#40079	s73010	s73010 bones of forearm
https://data.esante.gouv.fr/terminologies/icf#40093	s73029	s73029 structure of hand, unspecified
https://data.esante.gouv.fr/terminologies/icf#40132	e2109	e2109 physical geography, unspecified
https://data.esante.gouv.fr/terminologies/icf#40203	d4752	d4752 driving animal-powered vehicles
https://data.esante.gouv.fr/terminologies/icf#40210	d840-d859	work and employment (d840-d859)
https://data.esante.gouv.fr/terminologies/icf#40231	b6101	b6101 collection of urine
https://data.esante.gouv.fr/terminologies/icf#40279	e5950	e5950 political services
https://data.esante.gouv.fr/terminologies/icf#4049	b4500	b4500 functions of breathing thorugh the mouth
https://data.esante.gouv.fr/terminologies/icf#40600	d1609	d1609 focusing attention, unspecified
https://data.esante.gouv.fr/terminologies/icf#40614	d7200	d7200 forming relationships
https://data.esante.gouv.fr/terminologies/icf#40663	b2100	b2100 visual acuity functions
https://data.esante.gouv.fr/terminologies/icf#40724	d550	d550 eating
https://data.esante.gouv.fr/terminologies/icf#40833	b399	b399 voice and speech functions, unspecified
https://data.esante.gouv.fr/terminologies/icf#40861	b7356	b7356 tone of all muscles of the body
https://data.esante.gouv.fr/terminologies/icf#40866	s6301	s6301 structure of uterus
https://data.esante.gouv.fr/terminologies/icf#40900	d4609	d4609 moving around in different locations, unspecified
https://data.esante.gouv.fr/terminologies/icf#41150	e5751	e5751 general social support systems
https://data.esante.gouv.fr/terminologies/icf#41199	s220	s220 structure of eyeball
https://data.esante.gouv.fr/terminologies/icf#41219	b730-b749	muscle functions (b730-b749)
https://data.esante.gouv.fr/terminologies/icf#4126	d810-d839	education (d810-d839)
https://data.esante.gouv.fr/terminologies/icf#41282	d355	d355 discussion
https://data.esante.gouv.fr/terminologies/icf#41313	b51061	b51061 regurgitation
https://data.esante.gouv.fr/terminologies/icf#4135	d440	d440 fine hand use
https://data.esante.gouv.fr/terminologies/icf#4139	s610	s610 structure of urinary system
https://data.esante.gouv.fr/terminologies/icf#41411	d5204	d5204 caring for toenails
https://data.esante.gouv.fr/terminologies/icf#41494	s210	s210 structure of eye socket
https://data.esante.gouv.fr/terminologies/icf#41527	b28011	b28011 pain in chest
https://data.esante.gouv.fr/terminologies/icf#41623	e5659	e5659 economic services, systems and policies, unspecified
https://data.esante.gouv.fr/terminologies/icf#41628	b6702	b6702 sensations associated with menopause
https://data.esante.gouv.fr/terminologies/icf#41689	d7502	d7502 informal relationships with acquaintances
https://data.esante.gouv.fr/terminologies/icf#41700	d4601	d4601 moving around within buildings other than home
https://data.esante.gouv.fr/terminologies/icf#41776	s720	s720 structure of shoulder region
https://data.esante.gouv.fr/terminologies/icf#41847	b2101	b2101 visual field functions
https://data.esante.gouv.fr/terminologies/icf#41880	d6506	d6506 taking care of animals
https://data.esante.gouv.fr/terminologies/icf#41975	s12000	s12000 cervical spinal cord
https://data.esante.gouv.fr/terminologies/icf#41990	d8	major life areas
https://data.esante.gouv.fr/terminologies/icf#4200	d6603	d6603 assisting others in interpersonal relations
https://data.esante.gouv.fr/terminologies/icf#42058	e115	e115 products and technology for personal use in daily living
https://data.esante.gouv.fr/terminologies/icf#42072	b6208	b6208 urination functions, other specified
https://data.esante.gouv.fr/terminologies/icf#42100	d2302	d2302 completing the daily routine
https://data.esante.gouv.fr/terminologies/icf#42346	e425	e425 individual attitudes of acquaintances, peers, colleagues, neighbours and community members
https://data.esante.gouv.fr/terminologies/icf#42393	b54508	b54508 water balance functions, other specified
https://data.esante.gouv.fr/terminologies/icf#42435	d133	d133 acquiring an additional language
https://data.esante.gouv.fr/terminologies/icf#42584	e5652	e5652 economic policies
https://data.esante.gouv.fr/terminologies/icf#42605	b4201	b4201 decreased blood pressure
https://data.esante.gouv.fr/terminologies/icf#42740	e360	e360 other professionals
https://data.esante.gouv.fr/terminologies/icf#42763	d498	d498 mobility, other specified
https://data.esante.gouv.fr/terminologies/icf#42792	d310-d329	communicating - receiving (d310-d329)
https://data.esante.gouv.fr/terminologies/icf#42825	e560	e560 media services, systems and policies
https://data.esante.gouv.fr/terminologies/icf#42839	e5808	e5808 health services, systems and policies, other specified
https://data.esante.gouv.fr/terminologies/icf#42862	b7308	b7308 muscle power functions, other specified
https://data.esante.gouv.fr/terminologies/icf#42943	d3501	d3501 sustaining a conversation
https://data.esante.gouv.fr/terminologies/icf#43156	b6602	b6602 functions related to childbirth
https://data.esante.gouv.fr/terminologies/icf#4320	b220	b220 sensations associated with the eye and adjoining structures
https://data.esante.gouv.fr/terminologies/icf#43201	e5108	e5108 services, systems and policies for the production of consumer goods, other specified
https://data.esante.gouv.fr/terminologies/icf#43270	s3209	s3209 structure of mouth, unspecified
https://data.esante.gouv.fr/terminologies/icf#43294	e1559	e1559 design, construction and building products and technology of buildings for private use, unspecified
https://data.esante.gouv.fr/terminologies/icf#43381	e535	e535 communication services, systems and policies
https://data.esante.gouv.fr/terminologies/icf#43395	d7400	d7400 relating with persons in authority
https://data.esante.gouv.fr/terminologies/icf#43461	b440-b449	functions of the respiratory system (b440-b449)
https://data.esante.gouv.fr/terminologies/icf#43527	b810-b849	functions of the skin (b810-b849)
https://data.esante.gouv.fr/terminologies/icf#43547	b550	b550 thermoregulatory functions
https://data.esante.gouv.fr/terminologies/icf#43678	e1501	e1501 design, construction and building products and technology for gaining access to facilities inside buildings for public use
https://data.esante.gouv.fr/terminologies/icf#43722	d2301	d2301 managing daily routine
https://data.esante.gouv.fr/terminologies/icf#43782	b250-b279	additional sensory functions (b250-b279)
https://data.esante.gouv.fr/terminologies/icf#43811	d5208	d5208 caring for body parts, other specified
https://data.esante.gouv.fr/terminologies/icf#43861	b610	b610 urinary excretory functions
https://data.esante.gouv.fr/terminologies/icf#43907	b2352	b2352 vestibular function of determination of movement
https://data.esante.gouv.fr/terminologies/icf#43934	b7801	b7801 sensation of muscle spasm
https://data.esante.gouv.fr/terminologies/icf#43941	b7108	b7108 mobility of joint functions, other specified
https://data.esante.gouv.fr/terminologies/icf#43977	d6100	d6100 buying a place to live
https://data.esante.gouv.fr/terminologies/icf#43980	s76003	s76003 sacral vertebral column
https://data.esante.gouv.fr/terminologies/icf#44072	e5359	e5359 communication services, systems and policies, unspecified
https://data.esante.gouv.fr/terminologies/icf#44114	b1342	b1342 maintenance of sleep
https://data.esante.gouv.fr/terminologies/icf#44139	d4552	d4552 running
https://data.esante.gouv.fr/terminologies/icf#44289	s5401	s5401 large intestine
https://data.esante.gouv.fr/terminologies/icf#44360	b4	functions of the cardiovascular, haematological, immunological and respiratory systems
https://data.esante.gouv.fr/terminologies/icf#44376	s7509	s7509 structure of lower extremity, unspecified
https://data.esante.gouv.fr/terminologies/icf#44403	d330	d330 speaking
https://data.esante.gouv.fr/terminologies/icf#44441	e1301	e1301 assistive products and technology for education
https://data.esante.gouv.fr/terminologies/icf#44492	d520	d520 caring for body parts
https://data.esante.gouv.fr/terminologies/icf#445	b43508	b43508 immune response, other specified
https://data.esante.gouv.fr/terminologies/icf#44558	s7100	s7100 bones of cranium
https://data.esante.gouv.fr/terminologies/icf#44569	s73012	s73012 muscles of forearm
https://data.esante.gouv.fr/terminologies/icf#44586	e165	e165 assets
https://data.esante.gouv.fr/terminologies/icf#44589	s2202	s2202 iris
https://data.esante.gouv.fr/terminologies/icf#44680	s8301	s8301 toe nails
https://data.esante.gouv.fr/terminologies/icf#44979	e555	e555 associations and organizational services, systems and policies
https://data.esante.gouv.fr/terminologies/icf#44985	d155	d155 acquiring skills
https://data.esante.gouv.fr/terminologies/icf#45051	d830	d830 higher education
https://data.esante.gouv.fr/terminologies/icf#45108	b1560	b1560 auditory perception
https://data.esante.gouv.fr/terminologies/icf#45167	s7	structures related to movement
https://data.esante.gouv.fr/terminologies/icf#45174	d135	d135 rehearsing
https://data.esante.gouv.fr/terminologies/icf#45192	b4351	b4351 hypersensitivity reactions
https://data.esante.gouv.fr/terminologies/icf#45326	d6502	d6502 maintaining domestic appliances
https://data.esante.gouv.fr/terminologies/icf#45420	d7601	d7601 child-parent relationships
https://data.esante.gouv.fr/terminologies/icf#45450	b610-b639	urinary functions (b610-b639)
https://data.esante.gouv.fr/terminologies/icf#45481	b5108	b5108 ingestion functions, other specified
https://data.esante.gouv.fr/terminologies/icf#45533	s	body structures
https://data.esante.gouv.fr/terminologies/icf#45609	b2102	b2102 quality of vision
https://data.esante.gouv.fr/terminologies/icf#45632	b460	b460 sensations associated with cardiovascular and respiratory functions
https://data.esante.gouv.fr/terminologies/icf#45645	s75008	s75008 structure of thigh, other specified
https://data.esante.gouv.fr/terminologies/icf#45649	d7504	d7504 informal relationships with peers
https://data.esante.gouv.fr/terminologies/icf#45666	d5	self-care
https://data.esante.gouv.fr/terminologies/icf#45682	b340	b340 alternative vocalization functions
https://data.esante.gouv.fr/terminologies/icf#45714	e2151	e2151 population density
https://data.esante.gouv.fr/terminologies/icf#45738	b5359	b5359 sensations associated with the digestive system, unspecified
https://data.esante.gouv.fr/terminologies/icf#45830	d859	d859 work and employment, other specified and unspecified
https://data.esante.gouv.fr/terminologies/icf#45899	s1201	s1201 spinal nerves
https://data.esante.gouv.fr/terminologies/icf#45906	s4101	s4101 arteries
https://data.esante.gouv.fr/terminologies/icf#45918	b7409	b7409 muscle endurance functions, unspecified
https://data.esante.gouv.fr/terminologies/icf#45992	e410	e410 individual attitudes of immediate family members
https://data.esante.gouv.fr/terminologies/icf#45993	e5702	e5702 social security policies
https://data.esante.gouv.fr/terminologies/icf#45994	d3	communication
https://data.esante.gouv.fr/terminologies/icf#46086	s5802	s5802 parathyroid gland
https://data.esante.gouv.fr/terminologies/icf#4610	e155	e155 design, construction and building products and technology of buildings for private use
https://data.esante.gouv.fr/terminologies/icf#4613	d7209	d7209 complex interpersonal interactions, unspecified
https://data.esante.gouv.fr/terminologies/icf#46134	b6600	b6600 functions related to fertility
https://data.esante.gouv.fr/terminologies/icf#46184	b2803	b2803 radiating pain in a dermatome
https://data.esante.gouv.fr/terminologies/icf#46225	b54501	b54501 maintenance of water balance
https://data.esante.gouv.fr/terminologies/icf#4629	s630	s630 structure of reproductive system
https://data.esante.gouv.fr/terminologies/icf#46304	b2402	b2402 sensation of falling
https://data.esante.gouv.fr/terminologies/icf#46314	e5401	e5401 transportation systems
https://data.esante.gouv.fr/terminologies/icf#46333	d7603	d7603 extended family relationships
https://data.esante.gouv.fr/terminologies/icf#46347	b21008	b21008 visual acuity functions, other specified
https://data.esante.gouv.fr/terminologies/icf#46376	d4559	d4559 moving around, unspecified
https://data.esante.gouv.fr/terminologies/icf#46496	e1658	e1658 assets, other specified
https://data.esante.gouv.fr/terminologies/icf#46502	s4300	s4300 trachea
https://data.esante.gouv.fr/terminologies/icf#46672	s530	s530 structure of stomach
https://data.esante.gouv.fr/terminologies/icf#46702	d779	d779 particular interpersonal relationships, other specified and unspecified
https://data.esante.gouv.fr/terminologies/icf#46708	b899	b899 functions of the skin and related structures, unspecified
https://data.esante.gouv.fr/terminologies/icf#46806	b2708	b2708 sensory functions related to temperature and other stimuli, other specified
https://data.esante.gouv.fr/terminologies/icf#47138	d5400	d5400 putting on clothes
https://data.esante.gouv.fr/terminologies/icf#47219	d5302	d5302 menstrual care
https://data.esante.gouv.fr/terminologies/icf#47222	e2451	e2451 lunar cycles
https://data.esante.gouv.fr/terminologies/icf#47335	b1261	b1261 agreeableness
https://data.esante.gouv.fr/terminologies/icf#47360	d1750	d1750 solving simple problems
https://data.esante.gouv.fr/terminologies/icf#4743	s8200	s8200 sweat glands
https://data.esante.gouv.fr/terminologies/icf#47440	s710	s710 structure of head and neck region
https://data.esante.gouv.fr/terminologies/icf#47632	d429	d429 changing and maintaining body position, other specified and unspecified
https://data.esante.gouv.fr/terminologies/icf#47635	d2	general tasks and demands
https://data.esante.gouv.fr/terminologies/icf#47788	s5800	s5800 pituitary gland
https://data.esante.gouv.fr/terminologies/icf#47813	b1340	b1340 amount of sleep
https://data.esante.gouv.fr/terminologies/icf#47856	s320	s320 structure of mouth
https://data.esante.gouv.fr/terminologies/icf#47872	b4558	b4558 exercise tolerance functions, other specified
https://data.esante.gouv.fr/terminologies/icf#47889	s3308	s3308 structure of pharynx, other specified
https://data.esante.gouv.fr/terminologies/icf#48025	e235	e235 human-caused events
https://data.esante.gouv.fr/terminologies/icf#48164	b144	b144 memory functions
https://data.esante.gouv.fr/terminologies/icf#48242	s43039	s43039 muscles of respiration, unspecified
https://data.esante.gouv.fr/terminologies/icf#48245	d4503	d4503 walking around obstacles
https://data.esante.gouv.fr/terminologies/icf#4847	e2250	e2250 temperature
https://data.esante.gouv.fr/terminologies/icf#48472	e1300	e1300 general products and technology for education
https://data.esante.gouv.fr/terminologies/icf#48574	e598	e598 services, systems and policies, other specified
https://data.esante.gouv.fr/terminologies/icf#48644	d4152	d4152 maintaining a kneeling position
https://data.esante.gouv.fr/terminologies/icf#48724	e150	e150 design, construction and building products and technology of buildings for public use
https://data.esante.gouv.fr/terminologies/icf#48740	e2108	e2108 physical geography, other specified
https://data.esante.gouv.fr/terminologies/icf#48774	s8109	s8109 structure of areas of skin, unspecified
https://data.esante.gouv.fr/terminologies/icf#48778	d1203	d1203 tasting
https://data.esante.gouv.fr/terminologies/icf#48870	b7650	b7650 involuntary contractions of muscles
https://data.esante.gouv.fr/terminologies/icf#48904	e2150	e2150 demographic change
https://data.esante.gouv.fr/terminologies/icf#49040	d3301	d3301 producing simple spoken messages
https://data.esante.gouv.fr/terminologies/icf#49080	d5308	d5308 toileting, other specified
https://data.esante.gouv.fr/terminologies/icf#49142	b4209	b4209 blood pressure functions, unspecified
https://data.esante.gouv.fr/terminologies/icf#49197	b7158	b7158 stability of joint functions, other specified
https://data.esante.gouv.fr/terminologies/icf#49217	d499	d499 mobility, unspecified
https://data.esante.gouv.fr/terminologies/icf#49238	b7608	b7608 control of voluntary movement functions, other specified
https://data.esante.gouv.fr/terminologies/icf#49260	b770	b770 gait pattern functions
https://data.esante.gouv.fr/terminologies/icf#49301	b4459	b4459 respiratory muscle functions, unspecified
https://data.esante.gouv.fr/terminologies/icf#49314	d3500	d3500 starting a conversation
https://data.esante.gouv.fr/terminologies/icf#49433	s8100	s8100 skin of head and neck region
https://data.esante.gouv.fr/terminologies/icf#49461	d9300	d9300 organized religion
https://data.esante.gouv.fr/terminologies/icf#49474	e5651	e5651 economic systems
https://data.esante.gouv.fr/terminologies/icf#49478	d920	d920 recreation and leisure
https://data.esante.gouv.fr/terminologies/icf#49573	d835	d835 education life
https://data.esante.gouv.fr/terminologies/icf#49599	b840	b840 sensation related to the skin
https://data.esante.gouv.fr/terminologies/icf#49600	s298	s298 eye, ear and related structures, other specified
https://data.esante.gouv.fr/terminologies/icf#49627	d1601	d1601 focusing attention on the environment
https://data.esante.gouv.fr/terminologies/icf#49765	s12003	s12003 cauda equina
https://data.esante.gouv.fr/terminologies/icf#49812	d3600	d3600 using telecommunication devices
https://data.esante.gouv.fr/terminologies/icf#49896	s11002	s11002 parietal lobe
https://data.esante.gouv.fr/terminologies/icf#4999	d480	d480 riding animals for transportation
https://data.esante.gouv.fr/terminologies/icf#50058	e1109	e1109 products or substances for personal consumption, unspecified
https://data.esante.gouv.fr/terminologies/icf#50251	d8509	d8509 remunerative employment, unspecified
https://data.esante.gouv.fr/terminologies/icf#50321	b134	b134 sleep functions
https://data.esante.gouv.fr/terminologies/icf#50484	b3303	b3303 melody of speech
https://data.esante.gouv.fr/terminologies/icf#50608	b1408	b1408 attention functions, other specified
https://data.esante.gouv.fr/terminologies/icf#50643	e5302	e5302 utilities policies
https://data.esante.gouv.fr/terminologies/icf#50647	b1144	b1144 orientation to space
https://data.esante.gouv.fr/terminologies/icf#50706	s2301	s2301 eyelid
https://data.esante.gouv.fr/terminologies/icf#5087	b1568	b1568 perceptual functions, other specified
https://data.esante.gouv.fr/terminologies/icf#50919	d4305	d4305 putting down objects
https://data.esante.gouv.fr/terminologies/icf#50946	s8408	s8408 structure of hair, other specified
https://data.esante.gouv.fr/terminologies/icf#50987	b7352	b7352 tone of muscles of one side of body
https://data.esante.gouv.fr/terminologies/icf#50991	d7503	d7503 informal relationships with co-inhabitants
https://data.esante.gouv.fr/terminologies/icf#5101	b780	b780 sensations related to muscles and movement functions
https://data.esante.gouv.fr/terminologies/icf#51033	b28019	b28019 pain in body part, unspecified
https://data.esante.gouv.fr/terminologies/icf#51080	b5351	b5351 feeling bloated
https://data.esante.gouv.fr/terminologies/icf#5114	d7402	d7402 relating with equals
https://data.esante.gouv.fr/terminologies/icf#51372	d4103	d4103 sitting
https://data.esante.gouv.fr/terminologies/icf#51431	s7500	s7500 structure of thigh
https://data.esante.gouv.fr/terminologies/icf#51449	s73021	s73021 joints of hand and fingers
https://data.esante.gouv.fr/terminologies/icf#51456	e2450	e2450 day/night cycles
https://data.esante.gouv.fr/terminologies/icf#51531	b1	mental functions
https://data.esante.gouv.fr/terminologies/icf#51549	e1409	e1409 products and technology for culture, recreation and sport, unspecified
https://data.esante.gouv.fr/terminologies/icf#51569	d6601	d6601 assisting others in movement
https://data.esante.gouv.fr/terminologies/icf#51652	s7104	s7104 muscles of head and neck region
https://data.esante.gouv.fr/terminologies/icf#51811	b5451	b5451 mineral balance
https://data.esante.gouv.fr/terminologies/icf#51844	b535	b535 sensations associated with the digestive system
https://data.esante.gouv.fr/terminologies/icf#51925	b698	b698 genitourinary and reproductive functions, other specified
https://data.esante.gouv.fr/terminologies/icf#51931	s760	s760 structure of trunk
https://data.esante.gouv.fr/terminologies/icf#51937	d172	d172 calculating
https://data.esante.gouv.fr/terminologies/icf#51942	ICF	CIF|ICF
https://data.esante.gouv.fr/terminologies/icf#51959	b455	b455 exercise tolerance functions
https://data.esante.gouv.fr/terminologies/icf#51967	s6109	s6109 structure of urinary system, unspecified
https://data.esante.gouv.fr/terminologies/icf#51995	d4150	d4150 maintaining a lying position
https://data.esante.gouv.fr/terminologies/icf#52052	d2108	d2108 undertaking single tasks, other specified
https://data.esante.gouv.fr/terminologies/icf#52056	d4358	d4358 moving objects with lower extremities, other specified
https://data.esante.gouv.fr/terminologies/icf#52063	d110	d110 watching
https://data.esante.gouv.fr/terminologies/icf#52072	d1450	d1450 acquiring skills to use writing implements
https://data.esante.gouv.fr/terminologies/icf#52142	d750	d750 informal social relationships
https://data.esante.gouv.fr/terminologies/icf#52146	b598	b598 functions of the digestive, metabolic and endocrine systems, other specified
https://data.esante.gouv.fr/terminologies/icf#52179	d3504	d3504 conversing with many people
https://data.esante.gouv.fr/terminologies/icf#52208	e260	e260 air quality
https://data.esante.gouv.fr/terminologies/icf#52252	b45049	b45049 functions related to mucus, not specified
https://data.esante.gouv.fr/terminologies/icf#52254	b2401	b2401 dizziness
https://data.esante.gouv.fr/terminologies/icf#52320	e1350	e1350 general products and technology for employment
https://data.esante.gouv.fr/terminologies/icf#52351	e5458	e5458 civil protection services, systems and policies, other specified
https://data.esante.gouv.fr/terminologies/icf#524	e5952	e5952 political policy
https://data.esante.gouv.fr/terminologies/icf#52408	e5900	e5900 labour and employment services
https://data.esante.gouv.fr/terminologies/icf#52433	b3	voice and speech functions
https://data.esante.gouv.fr/terminologies/icf#52484	s63010	s63010 body of uterus
https://data.esante.gouv.fr/terminologies/icf#52507	b299	b299 sensory functions and pain, unspecified
https://data.esante.gouv.fr/terminologies/icf#52577	b2109	b2109 seeing functions, unspecified
https://data.esante.gouv.fr/terminologies/icf#52776	s6101	s6101 ureters
https://data.esante.gouv.fr/terminologies/icf#52807	s230	s230 structures around eye
https://data.esante.gouv.fr/terminologies/icf#52933	b620	b620 urination functions
https://data.esante.gouv.fr/terminologies/icf#53000	s12009	s12009 structure of spinal cord, unspecified
https://data.esante.gouv.fr/terminologies/icf#5301	e2201	e2201 animals
https://data.esante.gouv.fr/terminologies/icf#53134	e5152	e5152 architecture and construction policies
https://data.esante.gouv.fr/terminologies/icf#53153	b799	b799 neuromusculoskeletal and movement-related functions, unspecified
https://data.esante.gouv.fr/terminologies/icf#53209	d730	d730 relating with strangers
https://data.esante.gouv.fr/terminologies/icf#53217	b2301	b2301 sound discrimination
https://data.esante.gouv.fr/terminologies/icf#53249	d3558	d3558 discussion, other specified
https://data.esante.gouv.fr/terminologies/icf#53270	s7501	s7501 structure of lower leg
https://data.esante.gouv.fr/terminologies/icf#53294	d6402	d6402 cleaning living area
https://data.esante.gouv.fr/terminologies/icf#53415	b2309	b2309 hearing functions, unspecified
https://data.esante.gouv.fr/terminologies/icf#53417	d850	d850 remunerative employment
https://data.esante.gouv.fr/terminologies/icf#53500	d4102	d4102 kneeling
https://data.esante.gouv.fr/terminologies/icf#53586	b1304	b1304 impulse control
https://data.esante.gouv.fr/terminologies/icf#53663	d163	d163 thinking
https://data.esante.gouv.fr/terminologies/icf#53672	e1251	e1251 assistive products and technology for communication
https://data.esante.gouv.fr/terminologies/icf#53754	s6302	s6302 breast and nipple
https://data.esante.gouv.fr/terminologies/icf#53776	d145	d145 learning to write
https://data.esante.gouv.fr/terminologies/icf#53796	s8	skin and related structures
https://data.esante.gouv.fr/terminologies/icf#5387	d5402	d5402 putting on footwear
https://data.esante.gouv.fr/terminologies/icf#53893	b7600	b7600 control of simple voluntary movements
https://data.esante.gouv.fr/terminologies/icf#53971	b229	b229 seeing and related functions, other specified and unspecified
https://data.esante.gouv.fr/terminologies/icf#53990	b16710	b16710 expression of spoken language
https://data.esante.gouv.fr/terminologies/icf#5405	s899	s899 skin and related structures, unspecified
https://data.esante.gouv.fr/terminologies/icf#54084	b279	b279 additional sensory functions, other specified and unspecified
https://data.esante.gouv.fr/terminologies/icf#54109	d1208	d1208 other purposeful sensing, other specified
https://data.esante.gouv.fr/terminologies/icf#5411	d7500	d7500 informal relationships with friends
https://data.esante.gouv.fr/terminologies/icf#54220	d8701	d8701 public economic entitlements
https://data.esante.gouv.fr/terminologies/icf#54269	b5400	b5400 basal metabolic rate
https://data.esante.gouv.fr/terminologies/icf#5429	d6500	d6500 making and repairing clothes
https://data.esante.gouv.fr/terminologies/icf#54381	d7409	d7409 formal relationships, unspecified
https://data.esante.gouv.fr/terminologies/icf#54554	s7208	s7208 structure of shoulder region, other specified
https://data.esante.gouv.fr/terminologies/icf#54603	e5951	e5951 political systems
https://data.esante.gouv.fr/terminologies/icf#54638	d410-d429	changing and maintaining body position (d410-d429)
https://data.esante.gouv.fr/terminologies/icf#54650	d9308	d9308 religion and spirituality, other specified
https://data.esante.gouv.fr/terminologies/icf#54727	d470-d489	moving around using transportation (d470-d489)
https://data.esante.gouv.fr/terminologies/icf#54813	e1503	e1503 design, construction and building products and technology for physical safety of persons in buildings for public use
https://data.esante.gouv.fr/terminologies/icf#54876	b5153	b5153 tolerance to food
https://data.esante.gouv.fr/terminologies/icf#55041	b410	b410 heart functions
https://data.esante.gouv.fr/terminologies/icf#55044	d369	d369 conversation and use of communication devices and techniques, other specified and unspecified
https://data.esante.gouv.fr/terminologies/icf#55068	b16719	b16719 expression of language, unspecified
https://data.esante.gouv.fr/terminologies/icf#5514	s120	s120 spinal cord and related structures
https://data.esante.gouv.fr/terminologies/icf#55157	b5408	b5408 general metabolic functions, other specified
https://data.esante.gouv.fr/terminologies/icf#55259	b1471	b1471 quality of psychomotor functions
https://data.esante.gouv.fr/terminologies/icf#55265	d4708	d4708 using transportation, other specified
https://data.esante.gouv.fr/terminologies/icf#55275	d330-d349	communicating - producing (d330-d349)
https://data.esante.gouv.fr/terminologies/icf#55316	e5809	e5809 health services, systems and policies, unspecified
https://data.esante.gouv.fr/terminologies/icf#55321	s770	s770 additional musculoskeletal structures related to movement
https://data.esante.gouv.fr/terminologies/icf#55344	b450	b450 additional functions of the respiratory system
https://data.esante.gouv.fr/terminologies/icf#55346	b28010	b28010 pain in head and neck
https://data.esante.gouv.fr/terminologies/icf#55358	s32001	s32001 permanent dentition
https://data.esante.gouv.fr/terminologies/icf#55370	d3351	d3351 producing signs and symbols
https://data.esante.gouv.fr/terminologies/icf#55475	d1400	d1400 acquiring skills to recognize symbols
https://data.esante.gouv.fr/terminologies/icf#5549	d4300	d4300 lifting
https://data.esante.gouv.fr/terminologies/icf#55567	s1102	s1102 structure of diencephalon
https://data.esante.gouv.fr/terminologies/icf#55939	d3308	d3308 speaking, other specified
https://data.esante.gouv.fr/terminologies/icf#55991	b4100	b4100 heart rate
https://data.esante.gouv.fr/terminologies/icf#56126	s75020	s75020 bones of ankle and foot
https://data.esante.gouv.fr/terminologies/icf#56380	s8308	s8308 structure of nails, other specified
https://data.esante.gouv.fr/terminologies/icf#564	e345	e345 strangers
https://data.esante.gouv.fr/terminologies/icf#56414	e5209	e5209 open space planning services, systems and policies, unspecified
https://data.esante.gouv.fr/terminologies/icf#56466	b410-b429	functions of the cardiovascular system (b410-b429)
https://data.esante.gouv.fr/terminologies/icf#56477	s840	s840 structure of hair
https://data.esante.gouv.fr/terminologies/icf#56505	b7159	b7159 stability of joint functions, unspecified
https://data.esante.gouv.fr/terminologies/icf#56539	b5452	b5452 electrolyte balance
https://data.esante.gouv.fr/terminologies/icf#56749	d9201	d9201 sports
https://data.esante.gouv.fr/terminologies/icf#56801	e2251	e2251 humidity
https://data.esante.gouv.fr/terminologies/icf#56843	s4	structures of the cardiovascular, immunological and respiratory systems
https://data.esante.gouv.fr/terminologies/icf#56877	s75019	s75019 structure of lower leg, unspecified
https://data.esante.gouv.fr/terminologies/icf#5706	e120	e120 products and technology for personal indoor and outdoor mobility and transportation
https://data.esante.gouv.fr/terminologies/icf#5724	b5352	b5352 sensation of abdominal cramp
https://data.esante.gouv.fr/terminologies/icf#5731	b7401	b7401 endurance of muscle groups
https://data.esante.gouv.fr/terminologies/icf#57346	s63019	s63019 structure of uterus, unspecified
https://data.esante.gouv.fr/terminologies/icf#57435	s6100	s6100 kidney
https://data.esante.gouv.fr/terminologies/icf#57527	s73019	s73019 structure of forearm, unspecified
https://data.esante.gouv.fr/terminologies/icf#57558	s6308	s6308 structures of reproductive system, other specified
https://data.esante.gouv.fr/terminologies/icf#57702	d1	learning and applying knowledge
https://data.esante.gouv.fr/terminologies/icf#57721	d5201	d5201 caring for teeth
https://data.esante.gouv.fr/terminologies/icf#57766	d4451	d4451 pushing
https://data.esante.gouv.fr/terminologies/icf#57831	d298	d298 general tasks and demands, other specified
https://data.esante.gouv.fr/terminologies/icf#57852	b4302	b4302 metabolite-carrying functions of the blood
https://data.esante.gouv.fr/terminologies/icf#57898	d4453	d4453 turning or twisting the hands or arms
https://data.esante.gouv.fr/terminologies/icf#5796	e1151	e1151 assistive products and technology for personal use in daily living
https://data.esante.gouv.fr/terminologies/icf#58004	b5104	b5104 salivation
https://data.esante.gouv.fr/terminologies/icf#58262	e1552	e1552 design, construction and building products and technology for way finding, path routing and designation of locations in buildings for private use
https://data.esante.gouv.fr/terminologies/icf#58263	s1101	s1101 structure of midbrain
https://data.esante.gouv.fr/terminologies/icf#58372	b420	b420 blood pressure functions
https://data.esante.gouv.fr/terminologies/icf#58385	d650	d650 caring for household objects
https://data.esante.gouv.fr/terminologies/icf#58432	b4159	b4159 blood vessel functions, unspecified
https://data.esante.gouv.fr/terminologies/icf#58651	s5408	s5408 structure of intestine, other specified
https://data.esante.gouv.fr/terminologies/icf#58672	b21001	b21001 monocular acuity of distant vision
https://data.esante.gouv.fr/terminologies/icf#58684	b1149	b1149 orientation functions, unspecified
https://data.esante.gouv.fr/terminologies/icf#58740	e1601	e1601 products and technology of suburban land development
https://data.esante.gouv.fr/terminologies/icf#58800	s32040	s32040 upper lip
https://data.esante.gouv.fr/terminologies/icf#58891	b1608	b1608 thought functions, other specified
https://data.esante.gouv.fr/terminologies/icf#5890	s5809	s5809 structure of endocrine glands, unspecified
https://data.esante.gouv.fr/terminologies/icf#58911	e465	e465 social norms, practices and ideologies
https://data.esante.gouv.fr/terminologies/icf#58929	s3101	s3101 nasal septum
https://data.esante.gouv.fr/terminologies/icf#58953	b4402	b4402 depth of respiration
https://data.esante.gouv.fr/terminologies/icf#58988	s73013	s73013 ligaments and fasciae of forearm
https://data.esante.gouv.fr/terminologies/icf#59000	d4158	d4158 maintaining a body position, other specified
https://data.esante.gouv.fr/terminologies/icf#59007	d7102	d7102 tolerance in relationships
https://data.esante.gouv.fr/terminologies/icf#59133	s560	s560 structure of liver
https://data.esante.gouv.fr/terminologies/icf#59221	b2408	b2408 sensations associated with hearing and vestibular function, other specified
https://data.esante.gouv.fr/terminologies/icf#59282	b280-b289	pain (b280-b289)
https://data.esante.gouv.fr/terminologies/icf#59301	b7808	b7808 sensations related to muscles and movement functions, other specified
https://data.esante.gouv.fr/terminologies/icf#59377	b4409	b4409 respiration functions, unspecified
https://data.esante.gouv.fr/terminologies/icf#59412	b449	b449 functions of the respiratory system, other specified and unspecified
https://data.esante.gouv.fr/terminologies/icf#59420	b139	b139 global mental functions, other specified and unspecified
https://data.esante.gouv.fr/terminologies/icf#59444	e5550	e5550 associations and organizational services
https://data.esante.gouv.fr/terminologies/icf#59500	b249	b249 hearing and vestibular functions, other specified and unspecified
https://data.esante.gouv.fr/terminologies/icf#59530	s8102	s8102 skin of upper extremity
https://data.esante.gouv.fr/terminologies/icf#59559	d4551	d4551 climbing
https://data.esante.gouv.fr/terminologies/icf#59632	d930	d930 religion and spirituality
https://data.esante.gouv.fr/terminologies/icf#59694	s3100	s3100 external nose
https://data.esante.gouv.fr/terminologies/icf#59796	e2259	e2259 climate, unspecified
https://data.esante.gouv.fr/terminologies/icf#59798	e460	e460 societal attitudes
https://data.esante.gouv.fr/terminologies/icf#59988	d1451	d1451 acquiring skills to write symbols, characters and alphabet letters
https://data.esante.gouv.fr/terminologies/icf#60040	b7353	b7353 tone of muscles of lower half of body
https://data.esante.gouv.fr/terminologies/icf#60075	e5402	e5402 transportation policies
https://data.esante.gouv.fr/terminologies/icf#60141	e135	e135 products and technology for employment
https://data.esante.gouv.fr/terminologies/icf#60196	e5700	e5700 social security services
https://data.esante.gouv.fr/terminologies/icf#6028	s1106	s1106 structure of cranial nerves
https://data.esante.gouv.fr/terminologies/icf#60300	b898	b898 functions of the skin and related structures, other specified
https://data.esante.gouv.fr/terminologies/icf#60328	d2209	d2209 undertaking multiple tasks, unspecified
https://data.esante.gouv.fr/terminologies/icf#60347	d8700	d8700 personal economic resources
https://data.esante.gouv.fr/terminologies/icf#60357	b1267	b1267 trustworthiness
https://data.esante.gouv.fr/terminologies/icf#60363	e2209	e2209 fauna and flora, unspecified
https://data.esante.gouv.fr/terminologies/icf#60403	d2308	d2308 carrying out daily routine, other specified
https://data.esante.gouv.fr/terminologies/icf#60456	d3101	d3101 communicating with - receiving - complex spoken messages
https://data.esante.gouv.fr/terminologies/icf#60508	e1458	e1458 products and technology for the practice of religion or spirituality, other specified
https://data.esante.gouv.fr/terminologies/icf#60536	s75010	s75010 bones of lower leg
https://data.esante.gouv.fr/terminologies/icf#60616	d7201	d7201 terminating relationships
https://data.esante.gouv.fr/terminologies/icf#60631	b6703	b6703 sensations associated with genital functions
https://data.esante.gouv.fr/terminologies/icf#60775	d4308	d4308 lifting and carrying, other specified
https://data.esante.gouv.fr/terminologies/icf#60809	d7700	d7700 romantic relationships
https://data.esante.gouv.fr/terminologies/icf#60886	s740	s740 structure of pelvic region
https://data.esante.gouv.fr/terminologies/icf#60961	s11051	s11051 pons
https://data.esante.gouv.fr/terminologies/icf#60967	d3350	d3350 producing body language
https://data.esante.gouv.fr/terminologies/icf#61020	e510	e510 services, systems and policies for the production of consumer goods
https://data.esante.gouv.fr/terminologies/icf#61061	b4152	b4152 functions of veins
https://data.esante.gouv.fr/terminologies/icf#61136	b720	b720 mobility of bone functions
https://data.esante.gouv.fr/terminologies/icf#61211	d3302	d3302 producing complex spoken messages
https://data.esante.gouv.fr/terminologies/icf#61232	b2800	b2800 generalized pain
https://data.esante.gouv.fr/terminologies/icf#61283	d2402	d2402 handling crisis
https://data.esante.gouv.fr/terminologies/icf#61317	s1208	s1208 spinal cord and related structures, other specified
https://data.esante.gouv.fr/terminologies/icf#61386	b4309	b4309 haematological system functions, unspecified
https://data.esante.gouv.fr/terminologies/icf#6140	b7652	b7652 tics and mannerisms
https://data.esante.gouv.fr/terminologies/icf#61407	d4701	d4701 using private motorized transportation
https://data.esante.gouv.fr/terminologies/icf#61446	s2201	s2201 cornea
https://data.esante.gouv.fr/terminologies/icf#61508	s4201	s4201 lymphatic nodes
https://data.esante.gouv.fr/terminologies/icf#61525	b7658	b7658 involuntary movement functions, other specified
https://data.esante.gouv.fr/terminologies/icf#61573	e5301	e5301 utilities systems
https://data.esante.gouv.fr/terminologies/icf#6161	b1402	b1402 dividing attention
https://data.esante.gouv.fr/terminologies/icf#61641	b4408	b4408 respiration functions, other specified
https://data.esante.gouv.fr/terminologies/icf#61737	s75029	s75029 structure of ankle and foot, unspecified
https://data.esante.gouv.fr/terminologies/icf#61846	d1509	d1509 learning to calculate, unspecified
https://data.esante.gouv.fr/terminologies/icf#61858	d1728	d1728 calculating, other specified
https://data.esante.gouv.fr/terminologies/icf#61896	d1550	d1550 acquiring basic skills
https://data.esante.gouv.fr/terminologies/icf#61920	e5	services, systems and policies
https://data.esante.gouv.fr/terminologies/icf#61956	s7301	s7301 structure of forearm
https://data.esante.gouv.fr/terminologies/icf#62389	b6708	b6708 sensations associated with genital and reproductive functions, other specified
https://data.esante.gouv.fr/terminologies/icf#62553	b4102	b4102 contraction force of ventricular muscles
https://data.esante.gouv.fr/terminologies/icf#62616	d8500	d8500 self employment
https://data.esante.gouv.fr/terminologies/icf#62617	d4702	d4702 using public motorized transportation
https://data.esante.gouv.fr/terminologies/icf#62639	b1142	b1142 orientation to person
https://data.esante.gouv.fr/terminologies/icf#62766	s63051	s63051 shaft of penis
https://data.esante.gouv.fr/terminologies/icf#62914	b1520	b1520 appropriateness of emotion
https://data.esante.gouv.fr/terminologies/icf#62934	d4201	d4201 transferring oneself while lying
https://data.esante.gouv.fr/terminologies/icf#6294	b2709	b2709 sensory functions related to temperature and other stimuli, unspecified
https://data.esante.gouv.fr/terminologies/icf#62940	s240	s240 structure of external ear
https://data.esante.gouv.fr/terminologies/icf#62957	b755	b755 involuntary movement reaction functions
https://data.esante.gouv.fr/terminologies/icf#62971	d860	d860 basic economic transactions
https://data.esante.gouv.fr/terminologies/icf#63033	b235	b235 vestibular functions
https://data.esante.gouv.fr/terminologies/icf#63042	b1720	b1720 simple calculation
https://data.esante.gouv.fr/terminologies/icf#63075	b28013	b28013 pain in back
https://data.esante.gouv.fr/terminologies/icf#63084	d4602	d4602 moving around outside the home and other buildings
https://data.esante.gouv.fr/terminologies/icf#63127	d7108	d7108 basic interpersonal interactions, other specified
https://data.esante.gouv.fr/terminologies/icf#63131	e1652	e1652 intangible assets
https://data.esante.gouv.fr/terminologies/icf#63179	d6509	d6509 caring for household objects, unspecified
https://data.esante.gouv.fr/terminologies/icf#63222	b3302	b3302 speed of speech
https://data.esante.gouv.fr/terminologies/icf#63316	d398	d398 communication, other specified
https://data.esante.gouv.fr/terminologies/icf#63346	b16712	b16712 expression of sign language
https://data.esante.gouv.fr/terminologies/icf#63403	b189	b189 specific mental functions, other specified and unspecified
https://data.esante.gouv.fr/terminologies/icf#63538	d5404	d5404 choosing appropriate clothing
https://data.esante.gouv.fr/terminologies/icf#63562	b2802	b2802 pain in multiple body parts
https://data.esante.gouv.fr/terminologies/icf#63631	s73008	s73008 structure of upper arm, other specified
https://data.esante.gouv.fr/terminologies/icf#63635	e545	e545 civil protection services, systems and policies
https://data.esante.gouv.fr/terminologies/icf#63653	s7102	s7102 bones of neck region
https://data.esante.gouv.fr/terminologies/icf#63784	d6101	d6101 renting a place to live
https://data.esante.gouv.fr/terminologies/icf#63928	d2408	d2408 handling stress and other psychological demands, other specified
https://data.esante.gouv.fr/terminologies/icf#64098	d4553	d4553 jumping
https://data.esante.gouv.fr/terminologies/icf#64104	b1263	b1263 psychic stability
https://data.esante.gouv.fr/terminologies/icf#64125	e5959	e5959 political services, systems and policies, unspecified
https://data.esante.gouv.fr/terminologies/icf#64231	b1808	b1808 experience of self and time functions, other specified
https://data.esante.gouv.fr/terminologies/icf#64253	d560	d560 drinking
https://data.esante.gouv.fr/terminologies/icf#64290	d9200	d9200 play
https://data.esante.gouv.fr/terminologies/icf#64334	d7509	d7509 informal social relationships, unspecified
https://data.esante.gouv.fr/terminologies/icf#64375	b2153	b2153 functions of lachrymal glands
https://data.esante.gouv.fr/terminologies/icf#64381	e5350	e5350 communication services
https://data.esante.gouv.fr/terminologies/icf#64399	b1109	b1109 consciousness functions, unspecified
https://data.esante.gouv.fr/terminologies/icf#6441	s7200	s7200 bones of shoulder region
https://data.esante.gouv.fr/terminologies/icf#64484	b16702	b16702 reception of sign language
https://data.esante.gouv.fr/terminologies/icf#64524	e130	e130 products and technology for education
https://data.esante.gouv.fr/terminologies/icf#64877	d138	d138 acquiring information
https://data.esante.gouv.fr/terminologies/icf#64943	s75028	s75028 structure of ankle and foot, other specified
https://data.esante.gouv.fr/terminologies/icf#64982	e5409	e5409 transportation services, systems and policies, unspecified
https://data.esante.gouv.fr/terminologies/icf#65084	b51050	b51050 oral swallowing
https://data.esante.gouv.fr/terminologies/icf#65120	d1721	d1721 using skills and strategies to perform complex numeric operations and calculations
https://data.esante.gouv.fr/terminologies/icf#65208	b4101	b4101 heart rhythm
https://data.esante.gouv.fr/terminologies/icf#65218	s4102	s4102 veins
https://data.esante.gouv.fr/terminologies/icf#65282	e1600	e1600 products and technology of rural land development
https://data.esante.gouv.fr/terminologies/icf#65291	d5409	d5409 dressing, unspecified
https://data.esante.gouv.fr/terminologies/icf#65391	s73023	s73023 ligaments and fasciae of hand
https://data.esante.gouv.fr/terminologies/icf#65530	s7608	s7608 structure of trunk, other specified
https://data.esante.gouv.fr/terminologies/icf#65620	d3358	d3358 producing nonverbal messages, other specified
https://data.esante.gouv.fr/terminologies/icf#65635	b860	b860 functions of nails
https://data.esante.gouv.fr/terminologies/icf#65721	b1603	b1603 control of thought
https://data.esante.gouv.fr/terminologies/icf#65738	s43011	s43011 alveoli
https://data.esante.gouv.fr/terminologies/icf#65752	d9202	d9202 arts and culture
https://data.esante.gouv.fr/terminologies/icf#65793	s8105	s8105 skin of trunk and back
https://data.esante.gouv.fr/terminologies/icf#65832	e5552	e5552 associations and organizational policies
https://data.esante.gouv.fr/terminologies/icf#65838	s43010	s43010 bronchial tree
https://data.esante.gouv.fr/terminologies/icf#65852	s750	s750 structure of lower extremity
https://data.esante.gouv.fr/terminologies/icf#6587	b640	b640 sexual functions
https://data.esante.gouv.fr/terminologies/icf#65870	d1551	d1551 acquiring complex skills
https://data.esante.gouv.fr/terminologies/icf#65875	d3100	d3100 communicating with - receiving - simple spoken messages
https://data.esante.gouv.fr/terminologies/icf#65982	b1671	b1671 expression of language
https://data.esante.gouv.fr/terminologies/icf#6603	b530	b530 weight maintenance functions
https://data.esante.gouv.fr/terminologies/icf#66065	e5802	e5802 health policies
https://data.esante.gouv.fr/terminologies/icf#66239	b1670	b1670 reception of language
https://data.esante.gouv.fr/terminologies/icf#66356	d332	d332 singing
https://data.esante.gouv.fr/terminologies/icf#66381	b140	b140 attention functions
https://data.esante.gouv.fr/terminologies/icf#66405	b1478	b1478 psychomotor functions, other specified
https://data.esante.gouv.fr/terminologies/icf#66536	d9205	d9205 socializing
https://data.esante.gouv.fr/terminologies/icf#66598	b54500	b54500 water retention
https://data.esante.gouv.fr/terminologies/icf#66620	b4358	b4358 immunological system functions, other specified
https://data.esante.gouv.fr/terminologies/icf#66622	b21020	b21020 light sensitivity
https://data.esante.gouv.fr/terminologies/icf#66660	b5251	b5251 faecal consistency
https://data.esante.gouv.fr/terminologies/icf#66677	d7609	d7609 family relationships, unspecified
https://data.esante.gouv.fr/terminologies/icf#66720	s3200	s3200 teeth
https://data.esante.gouv.fr/terminologies/icf#66721	d9204	d9204 hobbies
https://data.esante.gouv.fr/terminologies/icf#66817	b4509	b4509 additional functions of the respiratory system, unspecified
https://data.esante.gouv.fr/terminologies/icf#66996	s598	s598 structures related to the digestive, metabolic and endocrine systems, other specified
https://data.esante.gouv.fr/terminologies/icf#6707	b4400	b4400 respiration rate
https://data.esante.gouv.fr/terminologies/icf#67155	d140	d140 learning to read
https://data.esante.gouv.fr/terminologies/icf#67225	s63059	s63059 structure of penis, unspecified
https://data.esante.gouv.fr/terminologies/icf#67360	b3401	b3401 making a range of sounds
https://data.esante.gouv.fr/terminologies/icf#6739	b7350	b7350 tone of isolated muscles and muscle groups
https://data.esante.gouv.fr/terminologies/icf#67408	s520	s520 structure of oesophagus
https://data.esante.gouv.fr/terminologies/icf#67461	b1562	b1562 olfactory perception
https://data.esante.gouv.fr/terminologies/icf#67565	d6508	d6508 caring for household objects, other specified
https://data.esante.gouv.fr/terminologies/icf#67566	s5803	s5803 adrenal gland
https://data.esante.gouv.fr/terminologies/icf#67646	b1800	b1800 experience of self
https://data.esante.gouv.fr/terminologies/icf#6771	b250	b250 taste function
https://data.esante.gouv.fr/terminologies/icf#67806	d899	d899 major life areas, unspecified
https://data.esante.gouv.fr/terminologies/icf#67812	d3309	d3309 speaking, unspecified
https://data.esante.gouv.fr/terminologies/icf#67816	d6209	d6209 acquisition of goods and services, unspecified
https://data.esante.gouv.fr/terminologies/icf#67820	e255	e255 vibration
https://data.esante.gouv.fr/terminologies/icf#67827	b126	b126 temperament and personality functions
https://data.esante.gouv.fr/terminologies/icf#67859	b1728	b1728 calculation functions, other specified
https://data.esante.gouv.fr/terminologies/icf#67875	b430-b439	functions of the haematological and immunological systems (b430-b439)
https://data.esante.gouv.fr/terminologies/icf#67931	d4401	d4401 grasping
https://data.esante.gouv.fr/terminologies/icf#68194	e3	support and relationships
https://data.esante.gouv.fr/terminologies/icf#68248	d9309	d9309 religion and spirituality, unspecified
https://data.esante.gouv.fr/terminologies/icf#68347	s75009	s75009 structure of thigh, unspecified
https://data.esante.gouv.fr/terminologies/icf#68361	d2109	d2109 undertaking single tasks, unspecified
https://data.esante.gouv.fr/terminologies/icf#68442	b5409	b5409 general metabolic functions, unspecified
https://data.esante.gouv.fr/terminologies/icf#68530	s7709	s7709 additional musculoskeletal structures related to movement, unspecified
https://data.esante.gouv.fr/terminologies/icf#68535	d7608	d7608 family relationships, other specified
https://data.esante.gouv.fr/terminologies/icf#68542	b7202	b7202 mobility of carpal bones
https://data.esante.gouv.fr/terminologies/icf#68543	d3602	d3602 using communication techniques
https://data.esante.gouv.fr/terminologies/icf#68548	d9109	d9109 community life, unspecified
https://data.esante.gouv.fr/terminologies/icf#68619	e525	e525 housing services, systems and policies
https://data.esante.gouv.fr/terminologies/icf#68638	d650-d669	caring for household objects and assisting others (d650-d669)
https://data.esante.gouv.fr/terminologies/icf#68663	d450	d450 walking
https://data.esante.gouv.fr/terminologies/icf#68678	d2201	d2201 completing multiple tasks
https://data.esante.gouv.fr/terminologies/icf#68681	s1108	s1108 structure of brain, other specified
https://data.esante.gouv.fr/terminologies/icf#68771	b5106	b5106 functions of expelling the contents of the stomach, oesophagus or pharynx
https://data.esante.gouv.fr/terminologies/icf#69022	b729	b729 functions of the joints and bones, other specified and unspecified
https://data.esante.gouv.fr/terminologies/icf#69175	b21021	b21021 colour vision
https://data.esante.gouv.fr/terminologies/icf#69207	e5502	e5502 legal policies
https://data.esante.gouv.fr/terminologies/icf#69223	s2308	s2308 structures around eye, other specified
https://data.esante.gouv.fr/terminologies/icf#69238	b1521	b1521 regulation of emotion
https://data.esante.gouv.fr/terminologies/icf#69361	d649	d649 household tasks, other specified and unspecified
https://data.esante.gouv.fr/terminologies/icf#69362	s2205	s2205 vitreous body
https://data.esante.gouv.fr/terminologies/icf#69375	b21023	b21023 visual picture quality
https://data.esante.gouv.fr/terminologies/icf#69479	b5109	b5109 ingestion functions, unspecified
https://data.esante.gouv.fr/terminologies/icf#69539	e245	e245 time-related changes
https://data.esante.gouv.fr/terminologies/icf#69546	b1268	b1268 temperament and personality functions, other specified
https://data.esante.gouv.fr/terminologies/icf#69553	b7101	b7101 mobility of several joints
https://data.esante.gouv.fr/terminologies/icf#69604	s73020	s73020 bones of hand
https://data.esante.gouv.fr/terminologies/icf#69608	b4401	b4401 respiratory rhythm
https://data.esante.gouv.fr/terminologies/icf#69811	b7150	b7150 stability of a single joint
https://data.esante.gouv.fr/terminologies/icf#69888	s7101	s7101 bones of face
https://data.esante.gouv.fr/terminologies/icf#6989	b5501	b5501 maintenance of body temperature
https://data.esante.gouv.fr/terminologies/icf#69954	s1103	s1103 basal ganglia and related structures
https://data.esante.gouv.fr/terminologies/icf#70040	e1159	e1159 products and technology for personal use in daily living, unspecified
https://data.esante.gouv.fr/terminologies/icf#70070	s7302	s7302 structure of hand
https://data.esante.gouv.fr/terminologies/icf#70086	s3203	s3203 tongue
https://data.esante.gouv.fr/terminologies/icf#7009	s11001	s11001 temporal lobe
https://data.esante.gouv.fr/terminologies/icf#70212	s150	s150 structure of parasympathetic nervous system
https://data.esante.gouv.fr/terminologies/icf#70276	s699	s699 structures related to the genitourinary and reproductive systems, unspecified
https://data.esante.gouv.fr/terminologies/icf#70344	s5409	s5409 structure of intestine, unspecified
https://data.esante.gouv.fr/terminologies/icf#70377	b3309	b3309 fluency and rhythm of speech functions, unspecified
https://data.esante.gouv.fr/terminologies/icf#70389	d5109	d5109 washing oneself, unspecified
https://data.esante.gouv.fr/terminologies/icf#70394	b7208	b7208 mobility of bone functions, other specified
https://data.esante.gouv.fr/terminologies/icf#70460	b2152	b2152 functions of external muscles of the eye
https://data.esante.gouv.fr/terminologies/icf#70466	e565	e565 economic services, systems and policies
https://data.esante.gouv.fr/terminologies/icf#70510	b2702	b2702 sensitivity to pressure
https://data.esante.gouv.fr/terminologies/icf#70629	b3100	b3100 production of voice
https://data.esante.gouv.fr/terminologies/icf#70725	b6209	b6209 urination functions, unspecified
https://data.esante.gouv.fr/terminologies/icf#70804	s1109	s1109 structure of brain, unspecified
https://data.esante.gouv.fr/terminologies/icf#70821	b54509	b54509 water balance functions, unspecified
https://data.esante.gouv.fr/terminologies/icf#70906	s8103	s8103 skin of pelvic region
https://data.esante.gouv.fr/terminologies/icf#70943	d4759	d4759 driving, unspecified
https://data.esante.gouv.fr/terminologies/icf#7099	e5352	e5352 communication policies
https://data.esante.gouv.fr/terminologies/icf#71068	b4550	b4550 general physical endurance
https://data.esante.gouv.fr/terminologies/icf#71106	s2208	s2208 structure of eyeball, other specified
https://data.esante.gouv.fr/terminologies/icf#7119	b6402	b6402 functions of orgasmic phase
https://data.esante.gouv.fr/terminologies/icf#71203	d6504	d6504 maintaining assistive devices
https://data.esante.gouv.fr/terminologies/icf#71228	d5403	d5403 taking off footwear
https://data.esante.gouv.fr/terminologies/icf#71230	d1702	d1702 using general skills and strategies to write compositions
https://data.esante.gouv.fr/terminologies/icf#71493	s63011	s63011 cervix
https://data.esante.gouv.fr/terminologies/icf#7174	s310	s310 structure of nose
https://data.esante.gouv.fr/terminologies/icf#71854	s2502	s2502 ossicles
https://data.esante.gouv.fr/terminologies/icf#71931	d7702	d7702 sexual relationships
https://data.esante.gouv.fr/terminologies/icf#71987	b3308	b3308 fluency and rhythm of speech functions, other specified
https://data.esante.gouv.fr/terminologies/icf#72024	d2202	d2202 undertaking multiple tasks independently
https://data.esante.gouv.fr/terminologies/icf#72029	s63058	s63058 structure of penis, other specified
https://data.esante.gouv.fr/terminologies/icf#72066	b7354	b7354 tone of muscles of all limbs
https://data.esante.gouv.fr/terminologies/icf#7216	d1313	d1313 learning by relating symbolically to objects
https://data.esante.gouv.fr/terminologies/icf#72366	b1644	b1644 insight
https://data.esante.gouv.fr/terminologies/icf#72369	d449	d449 carrying, moving and handling objects, other specified and unspecified
https://data.esante.gouv.fr/terminologies/icf#72430	b16718	b16718 expression of language, other specified
https://data.esante.gouv.fr/terminologies/icf#72432	b1642	b1642 time management
https://data.esante.gouv.fr/terminologies/icf#7249	s7609	s7609 structure of trunk, unspecified
https://data.esante.gouv.fr/terminologies/icf#72577	b6700	b6700 sensations associated with sexual intercourse
https://data.esante.gouv.fr/terminologies/icf#7260	s7700	s7700 bones
https://data.esante.gouv.fr/terminologies/icf#72608	e590	e590 labour and employment services, systems and policies
https://data.esante.gouv.fr/terminologies/icf#72621	s12002	s12002 lumbosacral spinal cord
https://data.esante.gouv.fr/terminologies/icf#72808	b2303	b2303 lateralization of sound
https://data.esante.gouv.fr/terminologies/icf#72829	e5750	e5750 general social support services
https://data.esante.gouv.fr/terminologies/icf#72832	b2151	b2151 functions of the eyelid
https://data.esante.gouv.fr/terminologies/icf#72845	d1320	d1320 acquiring single words or meaningful symbols
https://data.esante.gouv.fr/terminologies/icf#73041	s63030	s63030 clitoris
https://data.esante.gouv.fr/terminologies/icf#73433	b5403	b5403 fat metabolism
https://data.esante.gouv.fr/terminologies/icf#73439	d798	d798 interpersonal interactions and relationships, other specified
https://data.esante.gouv.fr/terminologies/icf#73471	s4301	s4301 lungs
https://data.esante.gouv.fr/terminologies/icf#73473	d469	d469 walking and moving, other specified and unspecified
https://data.esante.gouv.fr/terminologies/icf#73491	s7702	s7702 muscles
https://data.esante.gouv.fr/terminologies/icf#73519	d2400	d2400 handling responsibilities
https://data.esante.gouv.fr/terminologies/icf#73525	b4151	b4151 functions of capillaries
https://data.esante.gouv.fr/terminologies/icf#73654	s6103	s6103 urethra
https://data.esante.gouv.fr/terminologies/icf#73754	s198	s198 structure of the nervous system, other specified
https://data.esante.gouv.fr/terminologies/icf#73755	e325	e325 acquaintances, peers, colleagues, neighbours and community members
https://data.esante.gouv.fr/terminologies/icf#73782	s7703	s7703 extra-articular ligaments, fasciae, extramuscular aponeuroses, retinacula, septa, bursae, unspecified
https://data.esante.gouv.fr/terminologies/icf#73816	b2304	b2304 speech discrimination
https://data.esante.gouv.fr/terminologies/icf#73864	d4558	d4558 moving around, other specified
https://data.esante.gouv.fr/terminologies/icf#73876	d331	d331 non-speech vocal expression
https://data.esante.gouv.fr/terminologies/icf#73933	d2103	d2103 undertaking a single task in a group
https://data.esante.gouv.fr/terminologies/icf#73942	d6605	d6605 assisting others in health maintenance
https://data.esante.gouv.fr/terminologies/icf#740	b5101	b5101 biting
https://data.esante.gouv.fr/terminologies/icf#74019	b1672	b1672 integrative language functions
https://data.esante.gouv.fr/terminologies/icf#7404	b51051	b51051 pharyngeal swallowing
https://data.esante.gouv.fr/terminologies/icf#74054	d460	d460 moving around in different locations
https://data.esante.gouv.fr/terminologies/icf#74062	d9301	d9301 spirituality
https://data.esante.gouv.fr/terminologies/icf#74064	d838	d838 education, other specified
https://data.esante.gouv.fr/terminologies/icf#74076	b5402	b5402 protein metabolism
https://data.esante.gouv.fr/terminologies/icf#74119	d2100	d2100 undertaking a simple task
https://data.esante.gouv.fr/terminologies/icf#74153	s3108	s3108 structure of nose, other specified
https://data.esante.gouv.fr/terminologies/icf#74272	d5102	d5102 drying oneself
https://data.esante.gouv.fr/terminologies/icf#74274	d435	d435 moving objects with lower extremities
https://data.esante.gouv.fr/terminologies/icf#7429	b16709	b16709 reception of language, unspecified
https://data.esante.gouv.fr/terminologies/icf#74376	d855	d855 non-remunerative employment
https://data.esante.gouv.fr/terminologies/icf#74377	e1100	e1100 food
https://data.esante.gouv.fr/terminologies/icf#74394	d3352	d3352 producing drawings and photographs
https://data.esante.gouv.fr/terminologies/icf#74415	b28012	b28012 pain in stomach or abdomen
https://data.esante.gouv.fr/terminologies/icf#74440	s3204	s3204 structure of lips
https://data.esante.gouv.fr/terminologies/icf#74450	b810	b810 protective functions of the skin
https://data.esante.gouv.fr/terminologies/icf#7450	s63050	s63050 glans penis
https://data.esante.gouv.fr/terminologies/icf#74539	d4155	d4155 maintaining head position
https://data.esante.gouv.fr/terminologies/icf#74585	e1550	e1550 design, construction and building products and technology for entering and exiting of buildings for private use
https://data.esante.gouv.fr/terminologies/icf#74586	b7408	b7408 muscle endurance functions, other specified
https://data.esante.gouv.fr/terminologies/icf#74605	s75021	s75021 ankle joint and joints of foot and toes
https://data.esante.gouv.fr/terminologies/icf#7478	b7109	b7109 mobility of joint functions, unspecified
https://data.esante.gouv.fr/terminologies/icf#74801	d446	d446 fine foot use
https://data.esante.gouv.fr/terminologies/icf#74853	s63018	s63018 structure of uterus, other specified
https://data.esante.gouv.fr/terminologies/icf#74990	d4301	d4301 carrying in the hands
https://data.esante.gouv.fr/terminologies/icf#75002	d4303	d4303 carrying on shoulders, hip and back
https://data.esante.gouv.fr/terminologies/icf#75024	s43030	s43030 intercostal muscles
https://data.esante.gouv.fr/terminologies/icf#75028	e5252	e5252 housing policies
https://data.esante.gouv.fr/terminologies/icf#75030	d6208	d6208 acquisition of goods and services, other specified
https://data.esante.gouv.fr/terminologies/icf#75032	d3503	d3503 conversing with one person
https://data.esante.gouv.fr/terminologies/icf#75044	d4302	d4302 carrying in the arms
https://data.esante.gouv.fr/terminologies/icf#75107	s2508	s2508 structure of middle ear, other specified
https://data.esante.gouv.fr/terminologies/icf#75122	s7202	s7202 muscles of shoulder region
https://data.esante.gouv.fr/terminologies/icf#7515	b230	b230 hearing functions
https://data.esante.gouv.fr/terminologies/icf#75172	s330	s330 structure of pharynx
https://data.esante.gouv.fr/terminologies/icf#75195	b5259	b5259 defecation functions, unspecified
https://data.esante.gouv.fr/terminologies/icf#75236	e5251	e5251 housing systems
https://data.esante.gouv.fr/terminologies/icf#75277	s830	s830 structure of nails
https://data.esante.gouv.fr/terminologies/icf#75354	d5202	d5202 caring for hair
https://data.esante.gouv.fr/terminologies/icf#75430	b6502	b6502 extent of menstrual bleeding
https://data.esante.gouv.fr/terminologies/icf#75454	b3408	b3408 alternative vocalization functions, other specified
https://data.esante.gouv.fr/terminologies/icf#75505	d115	d115 listening
https://data.esante.gouv.fr/terminologies/icf#75653	b1102	b1102 quality of consciousness
https://data.esante.gouv.fr/terminologies/icf#75686	s898	s898 skin and related structures, other specified
https://data.esante.gouv.fr/terminologies/icf#75702	e2609	e2609 air quality, unspecified
https://data.esante.gouv.fr/terminologies/icf#75766	s4302	s4302 thoracic cage
https://data.esante.gouv.fr/terminologies/icf#75846	b5152	b5152 absorption of nutrients
https://data.esante.gouv.fr/terminologies/icf#75870	d465	d465 moving around using equipment
https://data.esante.gouv.fr/terminologies/icf#75886	b1645	b1645 judgement
https://data.esante.gouv.fr/terminologies/icf#76056	e498	e498 attitudes, other specified
https://data.esante.gouv.fr/terminologies/icf#76063	b7359	b7359 muscle tone functions, unspecified
https://data.esante.gouv.fr/terminologies/icf#76121	b7209	b7209 mobility of bone functions, specified
https://data.esante.gouv.fr/terminologies/icf#76128	s75023	s75023 ligaments and fasciae of ankle and foot
https://data.esante.gouv.fr/terminologies/icf#76153	s7309	s7309 structure of upper extremity, unspecified
https://data.esante.gouv.fr/terminologies/icf#76253	d137	d137 acquiring concepts
https://data.esante.gouv.fr/terminologies/icf#76265	s76001	s76001 thoracic vertebral column
https://data.esante.gouv.fr/terminologies/icf#76273	e398	e398 support and relationships, other specified
https://data.esante.gouv.fr/terminologies/icf#76280	s2204	s2204 lens of eyeball
https://data.esante.gouv.fr/terminologies/icf#76282	s76002	s76002 lumbar vertebral column
https://data.esante.gouv.fr/terminologies/icf#76317	b176	b176 mental function of sequencing complex movements
https://data.esante.gouv.fr/terminologies/icf#7639	b6501	b6501 interval between menstruation
https://data.esante.gouv.fr/terminologies/icf#76448	s12001	s12001 thoracic spinal cord
https://data.esante.gouv.fr/terminologies/icf#76663	b1561	b1561 visual perception
https://data.esante.gouv.fr/terminologies/icf#76741	e2459	e2459 time-related changes, unspecified
https://data.esante.gouv.fr/terminologies/icf#76775	d710-d729	general interpersonal interactions (d710-d729)
https://data.esante.gouv.fr/terminologies/icf#76836	s820	s820 structure of skin glands
https://data.esante.gouv.fr/terminologies/icf#7687	e540	e540 transportation services, systems and policies
https://data.esante.gouv.fr/terminologies/icf#77027	d8508	d8508 remunerative employment, other specified
https://data.esante.gouv.fr/terminologies/icf#77044	e5351	e5351 communication systems
https://data.esante.gouv.fr/terminologies/icf#77063	b510	b510 ingestion functions
https://data.esante.gouv.fr/terminologies/icf#77087	d740	d740 formal relationships
https://data.esante.gouv.fr/terminologies/icf#77106	e5309	e5309 utilities services, systems and policies, unspecified
https://data.esante.gouv.fr/terminologies/icf#77229	d6109	d6109 acquiring a place to live, unspecified
https://data.esante.gouv.fr/terminologies/icf#77275	e340	e340 personal care providers and personal assistants
https://data.esante.gouv.fr/terminologies/icf#77288	b6601	b6601 functions related to pregnancy
https://data.esante.gouv.fr/terminologies/icf#77289	e5752	e5752 general social support policies
https://data.esante.gouv.fr/terminologies/icf#77338	e440	e440 individual attitudes of personal care providers and personal assistants
https://data.esante.gouv.fr/terminologies/icf#77377	s43019	s43019 structure of lungs, unspecified
https://data.esante.gouv.fr/terminologies/icf#77430	d940	d940 human rights
https://data.esante.gouv.fr/terminologies/icf#77446	b4450	b4450 functions of the thoracic respiratory muscles
https://data.esante.gouv.fr/terminologies/icf#77595	b4200	b4200 increased blood pressure
https://data.esante.gouv.fr/terminologies/icf#77634	b1303	b1303 craving
https://data.esante.gouv.fr/terminologies/icf#77703	b6609	b6609 procreation functions, unspecified
https://data.esante.gouv.fr/terminologies/icf#77705	b765	b765 involuntary movement functions
https://data.esante.gouv.fr/terminologies/icf#77792	d415	d415 maintaining a body position
https://data.esante.gouv.fr/terminologies/icf#77873	e450	e450 individual attitudes of health professionals
https://data.esante.gouv.fr/terminologies/icf#77875	s4108	s4108 structure of cardiovascular system, other specified
https://data.esante.gouv.fr/terminologies/icf#78004	s76009	s76009 structure of vertebral column, specified
https://data.esante.gouv.fr/terminologies/icf#78024	e125	e125 products and technology for communication
https://data.esante.gouv.fr/terminologies/icf#78049	b16700	b16700 reception of spoken language
https://data.esante.gouv.fr/terminologies/icf#78219	e5452	e5452 civil protection policies
https://data.esante.gouv.fr/terminologies/icf#78512	b1143	b1143 orientation to objects
https://data.esante.gouv.fr/terminologies/icf#78521	d1459	d1459 learning to write, unspecified
https://data.esante.gouv.fr/terminologies/icf#78522	d2208	d2208 undertaking multiple tasks, other specified
https://data.esante.gouv.fr/terminologies/icf#78546	b4300	b4300 production of blood
https://data.esante.gouv.fr/terminologies/icf#78602	b7355	b7355 tone of muscles of trunk
https://data.esante.gouv.fr/terminologies/icf#78639	b7603	b7603 supportive functions of arm or leg
https://data.esante.gouv.fr/terminologies/icf#78678	d530	d530 toileting
https://data.esante.gouv.fr/terminologies/icf#78821	s550	s550 structure of pancreas
https://data.esante.gouv.fr/terminologies/icf#789	s73018	s73018 structure of forearm, other specified
https://data.esante.gouv.fr/terminologies/icf#78904	b650	b650 menstruation functions
https://data.esante.gouv.fr/terminologies/icf#78937	d5709	d5709 looking after one's health, unspecified
https://data.esante.gouv.fr/terminologies/icf#78964	b1302	b1302 appetite
https://data.esante.gouv.fr/terminologies/icf#79207	d3508	d3508 conversation, other specified
https://data.esante.gouv.fr/terminologies/icf#79217	e2400	e2400 light intensity
https://data.esante.gouv.fr/terminologies/icf#79360	b4301	b4301 oxygen-carrying functions of the blood
https://data.esante.gouv.fr/terminologies/icf#79404	b830	b830 other functions of the skin
https://data.esante.gouv.fr/terminologies/icf#79456	e5300	e5300 utilities services
https://data.esante.gouv.fr/terminologies/icf#79464	d6102	d6102 furnishing a place to live
https://data.esante.gouv.fr/terminologies/icf#7961	b160	b160 thought functions
https://data.esante.gouv.fr/terminologies/icf#79767	d4758	d4758 driving, other specified
https://data.esante.gouv.fr/terminologies/icf#79775	b215	b215 functions of structures adjoining the eye
https://data.esante.gouv.fr/terminologies/icf#79896	b7601	b7601 control of complex voluntary movements
https://data.esante.gouv.fr/terminologies/icf#79940	s799	s799 structures related to movement, unspecified
https://data.esante.gouv.fr/terminologies/icf#79945	b1101	b1101 continuity of consciousness
https://data.esante.gouv.fr/terminologies/icf#80002	b1729	b1729 calculation functions, unspecified
https://data.esante.gouv.fr/terminologies/icf#80070	d7208	d7208 complex interpersonal interactions, other specified
https://data.esante.gouv.fr/terminologies/icf#80196	d5300	d5300 regulating urination
https://data.esante.gouv.fr/terminologies/icf#80306	d2101	d2101 undertaking a complex task
https://data.esante.gouv.fr/terminologies/icf#80635	s5400	s5400 small intestine
https://data.esante.gouv.fr/terminologies/icf#8074	s3300	s3300 nasal pharynx
https://data.esante.gouv.fr/terminologies/icf#80743	d1379	d1379 acquiring concepts, unspecified
https://data.esante.gouv.fr/terminologies/icf#80771	b21009	b21009 visual acuity functions, unspecified
https://data.esante.gouv.fr/terminologies/icf#80838	d9108	d9108 community life, other specified
https://data.esante.gouv.fr/terminologies/icf#80863	b5150	b5150 transport of food through stomach and intestines
https://data.esante.gouv.fr/terminologies/icf#80873	d4100	d4100 lying down
https://data.esante.gouv.fr/terminologies/icf#80895	b1140	b1140 orientation to time
https://data.esante.gouv.fr/terminologies/icf#80896	b520	b520 assimilation functions
https://data.esante.gouv.fr/terminologies/icf#80977	d570	d570 looking after one's health
https://data.esante.gouv.fr/terminologies/icf#81068	d1458	d1458 learning to write, other specified
https://data.esante.gouv.fr/terminologies/icf#81081	e350	e350 domesticated animals
https://data.esante.gouv.fr/terminologies/icf#8110	s1209	s1209 spinal cord and related structures, unspecified
https://data.esante.gouv.fr/terminologies/icf#81134	d4508	d4508 walking, other specified
https://data.esante.gouv.fr/terminologies/icf#81175	e5658	e5658 economic services, systems and policies, other specified
https://data.esante.gouv.fr/terminologies/icf#81252	d660	d660 assisting others
https://data.esante.gouv.fr/terminologies/icf#81337	b1409	b1409 attention functions, unspecified
https://data.esante.gouv.fr/terminologies/icf#81397	d7204	d7204 maintaining social space
https://data.esante.gouv.fr/terminologies/icf#81448	s6303	s6303 structure of vagina and external genitalia
https://data.esante.gouv.fr/terminologies/icf#81493	b4150	b4150 functions of arteries
https://data.esante.gouv.fr/terminologies/icf#81505	s7701	s7701 joints
https://data.esante.gouv.fr/terminologies/icf#81516	b4502	b4502 functions of sneezing
https://data.esante.gouv.fr/terminologies/icf#81558	e1508	e1508 design, construction and building products and technology of buildings for public use, other specified
https://data.esante.gouv.fr/terminologies/icf#81590	b6508	b6508 menstruation functions, other specified
https://data.esante.gouv.fr/terminologies/icf#81632	b6401	b6401 functions of sexual preparatory phase
https://data.esante.gouv.fr/terminologies/icf#81726	b1679	b1679 mental functions of language, unspecified
https://data.esante.gouv.fr/terminologies/icf#818	d4104	d4104 standing
https://data.esante.gouv.fr/terminologies/icf#81880	b1528	b1528 emotional functions, other specified
https://data.esante.gouv.fr/terminologies/icf#81887	s8309	s8309 structure of nails, unspecified
https://data.esante.gouv.fr/terminologies/icf#81893	b1600	b1600 pace of thought
https://data.esante.gouv.fr/terminologies/icf#81894	b28015	b28015 pain in lower limb
https://data.esante.gouv.fr/terminologies/icf#81916	b1809	b1809 experience of self and time functions, unspecified
https://data.esante.gouv.fr/terminologies/icf#81940	d240	d240 handling stress and other psychological demands
https://data.esante.gouv.fr/terminologies/icf#81969	e2253	e2253 precipitation
https://data.esante.gouv.fr/terminologies/icf#81981	d329	d329 communicating - receiving, other specified and unspecified
https://data.esante.gouv.fr/terminologies/icf#82033	e2509	e2509 sound, unspecified
https://data.esante.gouv.fr/terminologies/icf#82062	s1104	s1104 structure of cerebellum
https://data.esante.gouv.fr/terminologies/icf#82125	b1563	b1563 gustatory perception
https://data.esante.gouv.fr/terminologies/icf#82300	e1459	e1459 products and technology for the practice of religion or spirituality, unspecified
https://data.esante.gouv.fr/terminologies/icf#82302	d170	d170 writing
https://data.esante.gouv.fr/terminologies/icf#82312	b3400	b3400 production of tones
https://data.esante.gouv.fr/terminologies/icf#82344	b4551	b4551 aerobic capacity
https://data.esante.gouv.fr/terminologies/icf#82444	s2608	s2608 structure of inner ear, other specified
https://data.esante.gouv.fr/terminologies/icf#82488	d349	d349 communication - producing, other specified and unspecified
https://data.esante.gouv.fr/terminologies/icf#82519	e199	e199 products and technology, unspecified
https://data.esante.gouv.fr/terminologies/icf#82621	b7358	b7358 muscle tone functions, other specified
https://data.esante.gouv.fr/terminologies/icf#82693	d5203	d5203 caring for fingernails
https://data.esante.gouv.fr/terminologies/icf#82700	e415	e415 individual attitudes of extended family members
https://data.esante.gouv.fr/terminologies/icf#82751	d410	d410 changing basic body position
https://data.esante.gouv.fr/terminologies/icf#82883	b28016	b28016 pain in joints
https://data.esante.gouv.fr/terminologies/icf#82903	d2200	d2200 carrying out multiple tasks
https://data.esante.gouv.fr/terminologies/icf#82909	d7104	d7104 social cues in relationships
https://data.esante.gouv.fr/terminologies/icf#8291	d3601	d3601 using writing machines
https://data.esante.gouv.fr/terminologies/icf#82918	e1200	e1200 general products and technology for personal indoor and outdoor mobility and transportation
https://data.esante.gouv.fr/terminologies/icf#83012	e220	e220 flora and fauna
https://data.esante.gouv.fr/terminologies/icf#83178	s73011	s73011 wrist joint
https://data.esante.gouv.fr/terminologies/icf#83232	e5558	e5558 associations and organizational services, systems and policies, other specified
https://data.esante.gouv.fr/terminologies/icf#83291	d8452	d8452 terminating a job
https://data.esante.gouv.fr/terminologies/icf#83315	d1200	d1200 mouthing
https://data.esante.gouv.fr/terminologies/icf#83355	d1328	d1328 acquiring language, other specified
https://data.esante.gouv.fr/terminologies/icf#83376	b51068	b51068 functions of expelling the contents of the stomach, oesophagus, or pharynx, other specified
https://data.esante.gouv.fr/terminologies/icf#83644	b	body functions
https://data.esante.gouv.fr/terminologies/icf#83738	s2209	s2209 structure of eyeball, unspecified
https://data.esante.gouv.fr/terminologies/icf#83811	e2254	e2254 wind
https://data.esante.gouv.fr/terminologies/icf#8386	b11429	b11429 orientation to person, unspecified
https://data.esante.gouv.fr/terminologies/icf#83877	s2601	s2601 vestibular labyrinth
https://data.esante.gouv.fr/terminologies/icf#8393	s499	s499 structures of the cardiovascular, immunological and respiratory systems, unspecified
https://data.esante.gouv.fr/terminologies/icf#84062	d1329	d1329 acquiring language, unspecified
https://data.esante.gouv.fr/terminologies/icf#84078	b55508	b55508 pubertal functions, other specified
https://data.esante.gouv.fr/terminologies/icf#84185	b1678	b1678 mental functions of language, other specified
https://data.esante.gouv.fr/terminologies/icf#84252	b210	b210 seeing functions
https://data.esante.gouv.fr/terminologies/icf#84306	e5150	e5150 architecture and construction services
https://data.esante.gouv.fr/terminologies/icf#8441	d3159	d3159 communicating with - receiving - nonverbal messages, unspecified
https://data.esante.gouv.fr/terminologies/icf#84413	b7100	b7100 mobility of a single joint
https://data.esante.gouv.fr/terminologies/icf#84417	b789	b789 movement functions, other specified and unspecified
https://data.esante.gouv.fr/terminologies/icf#84458	d320	d320 communicating with - receiving - formal sign language messages
https://data.esante.gouv.fr/terminologies/icf#84524	e2508	e2508 sound, other specified
https://data.esante.gouv.fr/terminologies/icf#84563	d430-d449	carrying, moving and handling objects (d430-d449)
https://data.esante.gouv.fr/terminologies/icf#84570	s63033	s63033 vaginal canal
https://data.esante.gouv.fr/terminologies/icf#84661	e455	e455 individual attitudes of other professionals
https://data.esante.gouv.fr/terminologies/icf#84698	b2701	b2701 sensitivity to vibration
https://data.esante.gouv.fr/terminologies/icf#84736	s260	s260 structure of inner ear
https://data.esante.gouv.fr/terminologies/icf#84741	b45048	b45048 functions related to mucus, other specified
https://data.esante.gouv.fr/terminologies/icf#8478	b4202	b4202 maintenance of blood pressure
https://data.esante.gouv.fr/terminologies/icf#84824	s6309	s6309 structures of reproductive system, unspecified
https://data.esante.gouv.fr/terminologies/icf#8487	b51052	b51052 oesophageal swallowing
https://data.esante.gouv.fr/terminologies/icf#84892	e5759	e5759 general social support services, systems and policies, unspecified
https://data.esante.gouv.fr/terminologies/icf#84990	b2359	b2359 vestibular functions, unspecified
https://data.esante.gouv.fr/terminologies/icf#85049	b7508	b7508 motor reflex functions, other specified
https://data.esante.gouv.fr/terminologies/icf#85059	b1308	b1308 energy and drive functions, other specified
https://data.esante.gouv.fr/terminologies/icf#85124	e520	e520 open space planning services, systems and policies
https://data.esante.gouv.fr/terminologies/icf#85191	d1608	d1608 focusing attention, other specified
https://data.esante.gouv.fr/terminologies/icf#85231	s8404	s8404 body hair
https://data.esante.gouv.fr/terminologies/icf#85236	d150	d150 learning to calculate
https://data.esante.gouv.fr/terminologies/icf#85418	b4451	b4451 functions of the diaphragm
https://data.esante.gouv.fr/terminologies/icf#85501	b1470	b1470 psychomotor control
https://data.esante.gouv.fr/terminologies/icf#85551	b114	b114 orientation functions
https://data.esante.gouv.fr/terminologies/icf#85654	b869	b869 functions of the hair and nails, other specified and unspecified
https://data.esante.gouv.fr/terminologies/icf#85727	d4703	d4703 using humans for transportation
https://data.esante.gouv.fr/terminologies/icf#85736	d3559	d3559 discussion, unspecified
https://data.esante.gouv.fr/terminologies/icf#85831	s8401	s8401 facial hair
https://data.esante.gouv.fr/terminologies/icf#85914	d7508	d7508 informal social relationships, other specified
https://data.esante.gouv.fr/terminologies/icf#85915	b16711	b16711 expression of written language
https://data.esante.gouv.fr/terminologies/icf#85917	d6604	d6604 assisting others in nutrition
https://data.esante.gouv.fr/terminologies/icf#85926	s3102	s3102 nasal fossae
https://data.esante.gouv.fr/terminologies/icf#85927	b5105	b5105 swallowing
https://data.esante.gouv.fr/terminologies/icf#85968	d175	d175 solving problems
https://data.esante.gouv.fr/terminologies/icf#86130	b55509	b55509 pubertal functions, unspecified
https://data.esante.gouv.fr/terminologies/icf#86250	b1262	b1262 conscientiousness
https://data.esante.gouv.fr/terminologies/icf#86251	e2208	e2208 fauna and flora, other specified
https://data.esante.gouv.fr/terminologies/icf#86295	s4103	s4103 capillaries
https://data.esante.gouv.fr/terminologies/icf#8647	e335	e335 people in subordinate positions
https://data.esante.gouv.fr/terminologies/icf#86528	e320	e320 friends
https://data.esante.gouv.fr/terminologies/icf#86548	b850	b850 functions of hair
https://data.esante.gouv.fr/terminologies/icf#86572	b3109	b3109 voice functions, unspecified
https://data.esante.gouv.fr/terminologies/icf#86576	e5758	e5758 general social support services, systems and policies, other specified
https://data.esante.gouv.fr/terminologies/icf#86602	s3202	s3202 structure of palate
https://data.esante.gouv.fr/terminologies/icf#86663	s7508	s7508 structure of lower extremity, other specified
https://data.esante.gouv.fr/terminologies/icf#86739	d4309	d4309 lifting and carrying, unspecified
https://data.esante.gouv.fr/terminologies/icf#86771	e5551	e5551 associations and organizational systems
https://data.esante.gouv.fr/terminologies/icf#86800	d177	d177 making decisions
https://data.esante.gouv.fr/terminologies/icf#86848	s420	s420 structure of immune system
https://data.esante.gouv.fr/terminologies/icf#8685	s7600	s7600 structure of vertebral column
https://data.esante.gouv.fr/terminologies/icf#86902	b1569	b1569 perceptual functions, unspecified
https://data.esante.gouv.fr/terminologies/icf#86925	e2409	e2409 light, unspecified
https://data.esante.gouv.fr/terminologies/icf#86943	e5450	e5450 civil protection services
https://data.esante.gouv.fr/terminologies/icf#87028	b11420	b11420 orientation to self
https://data.esante.gouv.fr/terminologies/icf#87098	b710	b710 mobility of joint functions
https://data.esante.gouv.fr/terminologies/icf#87100	s12008	s12008 structure of spinal cord, other specified
https://data.esante.gouv.fr/terminologies/icf#87119	b260	b260 proprioceptive function
https://data.esante.gouv.fr/terminologies/icf#87125	b849	b849 functions of the skin, other specified and unspecified
https://data.esante.gouv.fr/terminologies/icf#87141	b147	b147 psychomotor functions
https://data.esante.gouv.fr/terminologies/icf#87171	e215	e215 population
https://data.esante.gouv.fr/terminologies/icf#87226	d699	d699 domestic life, unspecified
https://data.esante.gouv.fr/terminologies/icf#87252	b110-b139	global mental functions (b110-b139)
https://data.esante.gouv.fr/terminologies/icf#8733	b5254	b5254 flatulence
https://data.esante.gouv.fr/terminologies/icf#87378	b7659	b7659 involuntary movement functions, unspecified
https://data.esante.gouv.fr/terminologies/icf#87391	b7304	b7304 power of muscles of all limbs
https://data.esante.gouv.fr/terminologies/icf#87400	s199	s199 structure of the nervous system, unspecified
https://data.esante.gouv.fr/terminologies/icf#87513	s5	structures related to the digestive, metabolic and endocrine systems
https://data.esante.gouv.fr/terminologies/icf#87515	s2200	s2200 conjunctiva, sclera, choroid
https://data.esante.gouv.fr/terminologies/icf#87626	b164	b164 higher-level cognitive functions
https://data.esante.gouv.fr/terminologies/icf#87652	d	activities and participation
https://data.esante.gouv.fr/terminologies/icf#87661	b1641	b1641 organization and planning
https://data.esante.gouv.fr/terminologies/icf#87765	s140	s140 structure of sympathetic nervous system
https://data.esante.gouv.fr/terminologies/icf#87774	b1108	b1108 consciousness functions, other specified
https://data.esante.gouv.fr/terminologies/icf#87843	s7300	s7300 structure of upper arm
https://data.esante.gouv.fr/terminologies/icf#87881	b21003	b21003 monocular acuity of near vision
https://data.esante.gouv.fr/terminologies/icf#87950	e110	e110 products or substances for personal consumption
https://data.esante.gouv.fr/terminologies/icf#87975	b1721	b1721 complex calculation
https://data.esante.gouv.fr/terminologies/icf#87981	d698	d698 domestic life, other specified
https://data.esante.gouv.fr/terminologies/icf#88044	e1359	e1359 products and technology for employment, unspecified
https://data.esante.gouv.fr/terminologies/icf#88080	d4550	d4550 crawling
https://data.esante.gouv.fr/terminologies/icf#88105	e1450	e1450 general products and technology for the practice of religion or spirituality
https://data.esante.gouv.fr/terminologies/icf#88169	e1451	e1451 assistive products and technology for the practice of religion or spirituality
https://data.esante.gouv.fr/terminologies/icf#88460	b16703	b16703 reception of body language
https://data.esante.gouv.fr/terminologies/icf#88472	b540-b559	functions related to metabolism and the endocrine system (b540-b559)
https://data.esante.gouv.fr/terminologies/icf#88505	d1370	d1370 acquiring basic concepts
https://data.esante.gouv.fr/terminologies/icf#88528	d540	d540 dressing
https://data.esante.gouv.fr/terminologies/icf#8854	b7203	b7203 mobility of tarsal bones
https://data.esante.gouv.fr/terminologies/icf#88599	e5908	e5908 labour and employment services, systems and policies, other specified
https://data.esante.gouv.fr/terminologies/icf#88610	d1409	d1409 learning to read, unspecified
https://data.esante.gouv.fr/terminologies/icf#88677	b640-b679	genital and reproductive functions (b640-b679)
https://data.esante.gouv.fr/terminologies/icf#88704	b16708	b16708 reception of language, other specified
https://data.esante.gouv.fr/terminologies/icf#88733	d4402	d4402 manipulating
https://data.esante.gouv.fr/terminologies/icf#88813	s32008	s32008 teeth, other specified
https://data.esante.gouv.fr/terminologies/icf#89018	e5701	e5701 social security systems
https://data.esante.gouv.fr/terminologies/icf#89103	e2501	e2501 sound quality
https://data.esante.gouv.fr/terminologies/icf#89133	d3359	d3359 producing nonverbal messages, unspecified
https://data.esante.gouv.fr/terminologies/icf#89138	e5100	e5100 services for the production of consumer goods
https://data.esante.gouv.fr/terminologies/icf#89223	d4751	d4751 driving motorized vehicles
https://data.esante.gouv.fr/terminologies/icf#89263	d9100	d9100 informal associations
https://data.esante.gouv.fr/terminologies/icf#89289	s32020	s32020 hard palate
https://data.esante.gouv.fr/terminologies/icf#89344	b7651	b7651 tremor
https://data.esante.gouv.fr/terminologies/icf#89384	b4552	b4552 fatiguability
https://data.esante.gouv.fr/terminologies/icf#89568	e5708	e5708 social security services, systems and policies, other specified
https://data.esante.gouv.fr/terminologies/icf#89585	d4351	d4351 kicking
https://data.esante.gouv.fr/terminologies/icf#89690	s7103	s7103 joints of head and neck region
https://data.esante.gouv.fr/terminologies/icf#89720	e5158	e5158 architecture and construction services, systems and policies, other specified
https://data.esante.gouv.fr/terminologies/icf#89734	b559	b559 functions related to metabolism and the endocrine system, other specified and unspecified
https://data.esante.gouv.fr/terminologies/icf#8975	b320	b320 articulation functions
https://data.esante.gouv.fr/terminologies/icf#89893	b6409	b6409 sexual functions, unspecified
https://data.esante.gouv.fr/terminologies/icf#89928	b1440	b1440 short-term memory
https://data.esante.gouv.fr/terminologies/icf#89990	d820	d820 school education
https://data.esante.gouv.fr/terminologies/icf#90130	b1646	b1646 problem solving
https://data.esante.gouv.fr/terminologies/icf#90148	d510	d510 washing oneself
https://data.esante.gouv.fr/terminologies/icf#90290	b5358	b5358 sensations associated with the digestive system, other specified
https://data.esante.gouv.fr/terminologies/icf#90382	d620	d620 acquisition of goods and services
https://data.esante.gouv.fr/terminologies/icf#90428	d4409	d4409 fine hand use, unspecified
https://data.esante.gouv.fr/terminologies/icf#90457	b7402	b7402 endurance of all muscles of the body
https://data.esante.gouv.fr/terminologies/icf#90592	b5100	b5100 sucking
https://data.esante.gouv.fr/terminologies/icf#90655	e2158	e2158 population, other specified
https://data.esante.gouv.fr/terminologies/icf#90666	b3301	b3301 rhythm of speech
https://data.esante.gouv.fr/terminologies/icf#9067	s73000	s73000 bones of upper arm
https://data.esante.gouv.fr/terminologies/icf#90831	s8108	s8108 structure of areas of skin, other specified
https://data.esante.gouv.fr/terminologies/icf#90845	s43018	s43018 structure of lungs, other specified
https://data.esante.gouv.fr/terminologies/icf#90921	e2600	e2600 indoor air quality
https://data.esante.gouv.fr/terminologies/icf#90966	b51059	b51059 swallowing, unspecified
https://data.esante.gouv.fr/terminologies/icf#91088	b1148	b1148 orientation functions, other specified
https://data.esante.gouv.fr/terminologies/icf#91111	d640	d640 doing housework
https://data.esante.gouv.fr/terminologies/icf#9115	e5508	e5508 legal services, systems and policies, other specified
https://data.esante.gouv.fr/terminologies/icf#91202	d1378	d1378 acquiring concepts, other specified
https://data.esante.gouv.fr/terminologies/icf#91209	d3300	d3300 producing meaningful sounds
https://data.esante.gouv.fr/terminologies/icf#91281	d4408	d4408 fine hand use, other specified
https://data.esante.gouv.fr/terminologies/icf#91304	d5702	d5702 maintaining one's health
https://data.esante.gouv.fr/terminologies/icf#91375	b180	b180 experience of self and time functions
https://data.esante.gouv.fr/terminologies/icf#91393	e1351	e1351 assistive products and technology for employment
https://data.esante.gouv.fr/terminologies/icf#91407	d7109	d7109 basic interpersonal interactions, unspecified
https://data.esante.gouv.fr/terminologies/icf#91419	d2309	d2309 carrying out daily routine, unspecified
https://data.esante.gouv.fr/terminologies/icf#91564	b4103	b4103 blood supply to the heart
https://data.esante.gouv.fr/terminologies/icf#9158	s4109	s4109 structure of cardiovascular system, unspecified
https://data.esante.gouv.fr/terminologies/icf#91698	e2159	e2159 population, unspecified
https://data.esante.gouv.fr/terminologies/icf#91793	d6609	d6609 assisting others, unspecified
https://data.esante.gouv.fr/terminologies/icf#91849	b21002	b21002 binocular acuity of near vision
https://data.esante.gouv.fr/terminologies/icf#91908	e2608	e2608 air quality, other specified
https://data.esante.gouv.fr/terminologies/icf#91917	b1401	b1401 shifting attention
https://data.esante.gouv.fr/terminologies/icf#91936	d4608	d4608 moving around in different locations, other specified
https://data.esante.gouv.fr/terminologies/icf#92046	b2	sensory functions and pain
https://data.esante.gouv.fr/terminologies/icf#9216	s7308	s7308 structure of upper extremity, other specified
https://data.esante.gouv.fr/terminologies/icf#92170	s75002	s75002 muscles of thigh
https://data.esante.gouv.fr/terminologies/icf#92173	b1529	b1529 emotional functions, unspecified
https://data.esante.gouv.fr/terminologies/icf#92249	d879	d879 economic life, other specified and unspecified
https://data.esante.gouv.fr/terminologies/icf#92279	e210	e210 physical geography
https://data.esante.gouv.fr/terminologies/icf#923	b21028	b21028 quality of vision, other specified
https://data.esante.gouv.fr/terminologies/icf#92308	b1343	b1343 quality of sleep
https://data.esante.gouv.fr/terminologies/icf#92374	b2302	b2302 localization of sound source
https://data.esante.gouv.fr/terminologies/icf#92423	b6608	b6608 procreation functions, other specified
https://data.esante.gouv.fr/terminologies/icf#92448	s6305	s6305 structure of the penis
https://data.esante.gouv.fr/terminologies/icf#92480	s6108	s6108 structure of urinary system, other specified
https://data.esante.gouv.fr/terminologies/icf#92507	d9102	d9102 ceremonies
https://data.esante.gouv.fr/terminologies/icf#92593	b4108	b4108 heart functions, other specified
https://data.esante.gouv.fr/terminologies/icf#92658	b43509	b43509 immune response, unspecified
https://data.esante.gouv.fr/terminologies/icf#92660	b122	b122 global psychosocial functions
https://data.esante.gouv.fr/terminologies/icf#92688	b679	b679 genital and reproductive functions, other specified and unspecified
https://data.esante.gouv.fr/terminologies/icf#92750	b7351	b7351 tone of muscles of one limb
https://data.esante.gouv.fr/terminologies/icf#92835	b298	b298 sensory functions and pain, other specified
https://data.esante.gouv.fr/terminologies/icf#92881	e575	e575 general social support services, systems and policies
https://data.esante.gouv.fr/terminologies/icf#92889	b7609	b7609 control of voluntary movement functions, unspecified
https://data.esante.gouv.fr/terminologies/icf#9289	b5158	b5158 digestive functions, other specified
https://data.esante.gouv.fr/terminologies/icf#92912	e1500	e1500 design, construction and building products and technology for entering and exiting buildings for public use
https://data.esante.gouv.fr/terminologies/icf#93061	e1108	e1108 products or substances for personal consumption, other specified
https://data.esante.gouv.fr/terminologies/icf#93080	d7708	d7708 intimate relationships, other specified
https://data.esante.gouv.fr/terminologies/icf#93149	e5159	e5159 architecture and construction services, systems and policies, unspecified
https://data.esante.gouv.fr/terminologies/icf#93172	b7151	b7151 stability of several joints
https://data.esante.gouv.fr/terminologies/icf#9321	d7701	d7701 spousal relationships
https://data.esante.gouv.fr/terminologies/icf#9323	d1321	d1321 combining words into phrases
https://data.esante.gouv.fr/terminologies/icf#93253	s810	s810 structure of areas of skin
https://data.esante.gouv.fr/terminologies/icf#93403	s75012	s75012 muscles of lower leg
https://data.esante.gouv.fr/terminologies/icf#93475	d6201	d6201 gathering daily necessities
https://data.esante.gouv.fr/terminologies/icf#93489	d2203	d2203 undertaking multiple tasks in a group
https://data.esante.gouv.fr/terminologies/icf#93587	e240	e240 light
https://data.esante.gouv.fr/terminologies/icf#93596	s7708	s7708 additional musculoskeletal structures related to movement, other specified
https://data.esante.gouv.fr/terminologies/icf#93600	d160-d179	applying knowledge (d160-d179)
https://data.esante.gouv.fr/terminologies/icf#93604	s4308	s4308 structure of respiratory system, other specified
https://data.esante.gouv.fr/terminologies/icf#93648	d4403	d4403 releasing
https://data.esante.gouv.fr/terminologies/icf#93661	e5858	e5858 education and training services, systems and policies, other specified
https://data.esante.gouv.fr/terminologies/icf#93677	e1201	e1201 assistive products and technology for personal indoor and outdoor mobility and transportation
https://data.esante.gouv.fr/terminologies/icf#93678	b1341	b1341 onset of sleep
https://data.esante.gouv.fr/terminologies/icf#93696	d1701	d1701 using grammatical conventions in writing compositions
https://data.esante.gouv.fr/terminologies/icf#93902	s11008	s11008 structure of cortical lobes, other specified
https://data.esante.gouv.fr/terminologies/icf#93933	e5101	e5101 systems for the production of consumer goods
https://data.esante.gouv.fr/terminologies/icf#93960	b21029	b21029 quality of vision, unspecified
https://data.esante.gouv.fr/terminologies/icf#93997	d7408	d7408 formal relationships, other specified
https://data.esante.gouv.fr/terminologies/icf#94014	e5958	e5958 political services, systems and policies, other specified
https://data.esante.gouv.fr/terminologies/icf#94089	s3309	s3309 structure of pharynx, unspecified
https://data.esante.gouv.fr/terminologies/icf#94151	d7103	d7103 criticism in relationships
https://data.esante.gouv.fr/terminologies/icf#9417	b2700	b2700 sensitivity to temperature
https://data.esante.gouv.fr/terminologies/icf#94234	s7109	s7109 structure of head and neck region, unspecified
https://data.esante.gouv.fr/terminologies/icf#94324	d760	d760 family relationships
https://data.esante.gouv.fr/terminologies/icf#94343	b5401	b5401 carbohydrate metabolism
https://data.esante.gouv.fr/terminologies/icf#94380	e250	e250 sound
https://data.esante.gouv.fr/terminologies/icf#94401	b330	b330 fluency and rhythm of speech functions
https://data.esante.gouv.fr/terminologies/icf#94402	b5159	b5159 digestive functions, unspecified
https://data.esante.gouv.fr/terminologies/icf#94434	e430	e430 individual attitudes of people in positions of authority
https://data.esante.gouv.fr/terminologies/icf#94498	b540	b540 general metabolic functions
https://data.esante.gouv.fr/terminologies/icf#946	s7401	s7401 joints of pelvic region
https://data.esante.gouv.fr/terminologies/icf#94654	s510	s510 structure of salivary glands
https://data.esante.gouv.fr/terminologies/icf#94660	b1640	b1640 abstraction
https://data.esante.gouv.fr/terminologies/icf#94736	b1801	b1801 body image
https://data.esante.gouv.fr/terminologies/icf#94754	s399	s399 structures involved in voice and speech, unspecified
https://data.esante.gouv.fr/terminologies/icf#94766	b1309	b1309 energy and drive functions, unspecified
https://data.esante.gouv.fr/terminologies/icf#94800	d3152	d3152 communicating with - receiving - drawings and photographs
https://data.esante.gouv.fr/terminologies/icf#94866	s8201	s8201 sebaceous glands
https://data.esante.gouv.fr/terminologies/icf#94941	b7800	b7800 sensation of muscle stiffness
https://data.esante.gouv.fr/terminologies/icf#94986	e5601	e5601 media systems
https://data.esante.gouv.fr/terminologies/icf#95036	e315	e315 extended family
https://data.esante.gouv.fr/terminologies/icf#95049	d5205	d5205 caring for nose
https://data.esante.gouv.fr/terminologies/icf#95255	b4452	b4452 functions of accessory respiratory muscles
https://data.esante.gouv.fr/terminologies/icf#95299	b760	b760 control of voluntary movement functions
https://data.esante.gouv.fr/terminologies/icf#95374	b5508	b5508 thermoregulatory functions, other specified
https://data.esante.gouv.fr/terminologies/icf#95380	e4	attitudes
https://data.esante.gouv.fr/terminologies/icf#95421	b1522	b1522 range of emotion
https://data.esante.gouv.fr/terminologies/icf#95551	d350	d350 conversation
https://data.esante.gouv.fr/terminologies/icf#95570	d1559	d1559 acquiring skills, unspecified
https://data.esante.gouv.fr/terminologies/icf#95576	e299	e299 natural environment and human-made changes to environment, unspecified
https://data.esante.gouv.fr/terminologies/icf#95585	e570	e570 social security services, systems and policies
https://data.esante.gouv.fr/terminologies/icf#95600	b6500	b6500 regularity of menstrual cycle
https://data.esante.gouv.fr/terminologies/icf#95655	e5258	e5258 housing services, systems and policies, other specified
https://data.esante.gouv.fr/terminologies/icf#95705	s73009	s73009 structure of upper arm, unspecified
https://data.esante.gouv.fr/terminologies/icf#95811	d325	d325 communicating with - receiving - written messages
https://data.esante.gouv.fr/terminologies/icf#95901	s8409	s8409 structure of hair, unspecified
https://data.esante.gouv.fr/terminologies/icf#95933	b4109	b4109 heart functions, unspecified
https://data.esante.gouv.fr/terminologies/icf#9594	b4508	b4508 additional functions of the respiratory system, other specified
https://data.esante.gouv.fr/terminologies/icf#95953	s4309	s4309 structure of respiratory system, unspecified
https://data.esante.gouv.fr/terminologies/icf#95964	b1100	b1100 state of consciousness
https://data.esante.gouv.fr/terminologies/icf#95994	b555	b555 endocrine gland functions
https://data.esante.gouv.fr/terminologies/icf#96120	d910	d910 community life
https://data.esante.gouv.fr/terminologies/icf#96320	e585	e585 education and training services, systems and policies
https://data.esante.gouv.fr/terminologies/icf#96325	s63031	s63031 labia majora
https://data.esante.gouv.fr/terminologies/icf#96407	b2300	b2300 sound detection
https://data.esante.gouv.fr/terminologies/icf#96470	e515	e515 architecture and construction services, systems and policies
https://data.esante.gouv.fr/terminologies/icf#96552	d4151	d4151 maintaining a squatting position
https://data.esante.gouv.fr/terminologies/icf#9656	b6109	b6109 urinary excretory functions, unspecified
https://data.esante.gouv.fr/terminologies/icf#96637	s430	s430 structure of respiratory system
https://data.esante.gouv.fr/terminologies/icf#96654	d1700	d1700 using general skills and strategies of the writing process
https://data.esante.gouv.fr/terminologies/icf#96681	b1348	b1348 sleep functions, other specified
https://data.esante.gouv.fr/terminologies/icf#96701	b6709	b6709 sensations associated with genital and reproductive functions, unspecified
https://data.esante.gouv.fr/terminologies/icf#96886	s7400	s7400 bones of pelvic region
https://data.esante.gouv.fr/terminologies/icf#96996	b3108	b3108 voice functions, other specified
https://data.esante.gouv.fr/terminologies/icf#9716	d6401	d6401 cleaning cooking area and utensils
https://data.esante.gouv.fr/terminologies/icf#97182	d710	d710 basic interpersonal interactions
https://data.esante.gouv.fr/terminologies/icf#97238	e5859	e5859 education and training services, systems and policies, unspecified
https://data.esante.gouv.fr/terminologies/icf#97248	d4159	d4159 maintaining a body position, unspecified
https://data.esante.gouv.fr/terminologies/icf#97309	s1	structures of the nervous system
https://data.esante.gouv.fr/terminologies/icf#97406	s6306	s6306 prostate
https://data.esante.gouv.fr/terminologies/icf#97465	e5509	e5509 legal services, systems and policies, unspecified
https://data.esante.gouv.fr/terminologies/icf#97569	e599	e599 services, systems and policies, unspecified
https://data.esante.gouv.fr/terminologies/icf#97597	d4600	d4600 moving around within the home
https://data.esante.gouv.fr/terminologies/icf#97681	s76008	s76008 structure of vertebral column, other specified
https://data.esante.gouv.fr/terminologies/icf#97787	d8708	d8708 economic self-sufficiency, other specified
https://data.esante.gouv.fr/terminologies/icf#97794	b7302	b7302 power of muscles of one side of the body
https://data.esante.gouv.fr/terminologies/icf#97813	d360	d360 using communication devices and techniques
https://data.esante.gouv.fr/terminologies/icf#97823	e230	e230 natural events
https://data.esante.gouv.fr/terminologies/icf#97850	s3208	s3208 structure of mouth, other specified
https://data.esante.gouv.fr/terminologies/icf#97995	b199	b199 mental functions, unspecified
https://data.esante.gouv.fr/terminologies/icf#98083	b11428	b11428 orientation to person, other specified
https://data.esante.gouv.fr/terminologies/icf#98152	b435	b435 immunological system functions
https://data.esante.gouv.fr/terminologies/icf#98179	d4459	d4459 hand and arm use, unspecified
https://data.esante.gouv.fr/terminologies/icf#98265	e2401	e2401 light quality
https://data.esante.gouv.fr/terminologies/icf#98314	s63032	s63032 labia minora
https://data.esante.gouv.fr/terminologies/icf#98423	d420	d420 transferring oneself
https://data.esante.gouv.fr/terminologies/icf#98457	s4209	s4209 structure of immune system, unspecified
https://data.esante.gouv.fr/terminologies/icf#98468	s11059	s11059 structure of brain stem, unspecified
https://data.esante.gouv.fr/terminologies/icf#98484	e5208	e5208 open space planning services, systems and policies, other specified
https://data.esante.gouv.fr/terminologies/icf#98485	b439	b439 functions of the haematological and immunological systems, other specified and unspecified
https://data.esante.gouv.fr/terminologies/icf#98494	d5701	d5701 managing diet and fitness
https://data.esante.gouv.fr/terminologies/icf#98553	s1100	s1100 structure of cortical lobes
https://data.esante.gouv.fr/terminologies/icf#9868	b7306	b7306 power of all muscles of the body
https://data.esante.gouv.fr/terminologies/icf#9869	d825	d825 vocational training
https://data.esante.gouv.fr/terminologies/icf#98721	b6503	b6503 onset of menstruation
https://data.esante.gouv.fr/terminologies/icf#98751	b4158	b4158 blood vessel functions, other specified
https://data.esante.gouv.fr/terminologies/icf#98818	e1608	e1608 products and technology of land development, other specified
https://data.esante.gouv.fr/terminologies/icf#98850	b6509	b6509 menstruation functions, unspecified
https://data.esante.gouv.fr/terminologies/icf#98886	e2200	e2200 plants
https://data.esante.gouv.fr/terminologies/icf#98898	s7409	s7409 structure of pelvic region, unspecified
https://data.esante.gouv.fr/terminologies/icf#98953	e5500	e5500 legal services
https://data.esante.gouv.fr/terminologies/icf#98992	b599	b599 functions of the digestive, metabolic and endocrine systems, unspecified
https://data.esante.gouv.fr/terminologies/icf#99004	s76000	s76000 cervical vertebral column
https://data.esante.gouv.fr/terminologies/icf#99210	b499	b499 functions of the cardiovascular, haematological, immunological and respiratory systems, unspecified
https://data.esante.gouv.fr/terminologies/icf#99223	s730	s730 structure of upper extremity
https://data.esante.gouv.fr/terminologies/icf#99345	e499	e499 attitudes, unspecified
https://data.esante.gouv.fr/terminologies/icf#99403	d6	domestic life
https://data.esante.gouv.fr/terminologies/icf#99487	d4502	d4502 walking on different surfaces
https://data.esante.gouv.fr/terminologies/icf#99523	s130	s130 structure of meninges
https://data.esante.gouv.fr/terminologies/icf#99543	s2602	s2602 semicircular canals
https://data.esante.gouv.fr/terminologies/icf#99613	d1312	d1312 learning through actions by relating objects with regard tospecific features
https://data.esante.gouv.fr/terminologies/icf#99645	b1400	b1400 sustaining attention
https://data.esante.gouv.fr/terminologies/icf#99686	b270	b270 sensory functions related to temperature and other stimuli
https://data.esante.gouv.fr/terminologies/icf#9969	e1602	e1602 products and technology of urban land development
https://data.esante.gouv.fr/terminologies/icf#99701	d179	d179 applying knowledge, other specified and unspecified
https://data.esante.gouv.fr/terminologies/icf#99746	b7305	b7305 power of muscles of the trunk
https://data.esante.gouv.fr/terminologies/icf#99882	d1311	d1311 learning through actions by relating objects
https://data.esante.gouv.fr/terminologies/icf#99965	s32041	s32041 lower lip
