subject_id	predicate_id	object_id	mapping_justification	author_id	mapping_date	confidence
http://id.who.int/icd/entity/882590883	skos:exactMatch	https://data.esante.gouv.fr/terminologies/icf#87252	semapv:ManualMappingCuration	orcid:0009-0000-5160-7927	2025-11-06	1
http://id.who.int/icd/entity/1060289548	skos:exactMatch	https://data.esante.gouv.fr/terminologies/icf#1256	semapv:ManualMappingCuration	orcid:0009-0000-5160-7927	2025-11-06	1
http://id.who.int/icd/entity/2052181562	skos:exactMatch	https://data.esante.gouv.fr/terminologies/icf#95964	semapv:ManualMappingCuration	orcid:0009-0000-5160-7927	2025-11-06	1
http://id.who.int/icd/entity/1836690170	skos:exactMatch	https://data.esante.gouv.fr/terminologies/icf#79945	semapv:ManualMappingCuration	orcid:0009-0000-5160-7927	2025-11-06	1
http://id.who.int/icd/entity/1409353658	skos:exactMatch	https://data.esante.gouv.fr/terminologies/icf#75653	semapv:ManualMappingCuration	orcid:0009-0000-5160-7927	2025-11-06	1
http://id.who.int/icd/entity/1670590220	skos:exactMatch	https://data.esante.gouv.fr/terminologies/icf#85551	semapv:ManualMappingCuration	orcid:0009-0000-5160-7927	2025-11-06	1
http://id.who.int/icd/entity/324489319	skos:exactMatch	https://data.esante.gouv.fr/terminologies/icf#80895	semapv:ManualMappingCuration	orcid:0009-0000-5160-7927	2025-11-06	1
http://id.who.int/icd/entity/75445415	skos:exactMatch	https://data.esante.gouv.fr/terminologies/icf#17084	semapv:ManualMappingCuration	orcid:0009-0000-5160-7927	2025-11-06	1
http://id.who.int/icd/entity/1023908327	skos:exactMatch	https://data.esante.gouv.fr/terminologies/icf#62639	semapv:ManualMappingCuration	orcid:0009-0000-5160-7927	2025-11-06	1
http://id.who.int/icd/entity/736292398	skos:exactMatch	https://data.esante.gouv.fr/terminologies/icf#87028	semapv:ManualMappingCuration	orcid:0009-0000-5160-7927	2025-11-06	1
http://id.who.int/icd/entity/1019906798	skos:exactMatch	https://data.esante.gouv.fr/terminologies/icf#19349	semapv:ManualMappingCuration	orcid:0009-0000-5160-7927	2025-11-06	1
http://id.who.int/icd/entity/707788071	skos:exactMatch	https://data.esante.gouv.fr/terminologies/icf#78512	semapv:ManualMappingCuration	orcid:0009-0000-5160-7927	2025-11-06	1
http://id.who.int/icd/entity/1341571943	skos:exactMatch	https://data.esante.gouv.fr/terminologies/icf#50647	semapv:ManualMappingCuration	orcid:0009-0000-5160-7927	2025-11-06	1
http://id.who.int/icd/entity/1525383756	skos:exactMatch	https://data.esante.gouv.fr/terminologies/icf#13932	semapv:ManualMappingCuration	orcid:0009-0000-5160-7927	2025-11-06	1
http://id.who.int/icd/entity/1232919716	skos:exactMatch	https://data.esante.gouv.fr/terminologies/icf#92660	semapv:ManualMappingCuration	orcid:0009-0000-5160-7927	2025-11-06	1
http://id.who.int/icd/entity/366825380	skos:exactMatch	https://data.esante.gouv.fr/terminologies/icf#67827	semapv:ManualMappingCuration	orcid:0009-0000-5160-7927	2025-11-06	1
http://id.who.int/icd/entity/943419794	skos:exactMatch	https://data.esante.gouv.fr/terminologies/icf#37919	semapv:ManualMappingCuration	orcid:0009-0000-5160-7927	2025-11-06	1
http://id.who.int/icd/entity/789779794	skos:exactMatch	https://data.esante.gouv.fr/terminologies/icf#47335	semapv:ManualMappingCuration	orcid:0009-0000-5160-7927	2025-11-06	1
http://id.who.int/icd/entity/376158226	skos:exactMatch	https://data.esante.gouv.fr/terminologies/icf#86250	semapv:ManualMappingCuration	orcid:0009-0000-5160-7927	2025-11-06	1
http://id.who.int/icd/entity/21224658	skos:exactMatch	https://data.esante.gouv.fr/terminologies/icf#64104	semapv:ManualMappingCuration	orcid:0009-0000-5160-7927	2025-11-06	1
http://id.who.int/icd/entity/1687872146	skos:exactMatch	https://data.esante.gouv.fr/terminologies/icf#16356	semapv:ManualMappingCuration	orcid:0009-0000-5160-7927	2025-11-06	1
http://id.who.int/icd/entity/1941079634	skos:exactMatch	https://data.esante.gouv.fr/terminologies/icf#21818	semapv:ManualMappingCuration	orcid:0009-0000-5160-7927	2025-11-06	1
http://id.who.int/icd/entity/1254763282	skos:exactMatch	https://data.esante.gouv.fr/terminologies/icf#15925	semapv:ManualMappingCuration	orcid:0009-0000-5160-7927	2025-11-06	1
http://id.who.int/icd/entity/1575112658	skos:exactMatch	https://data.esante.gouv.fr/terminologies/icf#60357	semapv:ManualMappingCuration	orcid:0009-0000-5160-7927	2025-11-06	1
http://id.who.int/icd/entity/723665457	skos:exactMatch	https://data.esante.gouv.fr/terminologies/icf#11541	semapv:ManualMappingCuration	orcid:0009-0000-5160-7927	2025-11-06	1
http://id.who.int/icd/entity/1864074583	skos:exactMatch	https://data.esante.gouv.fr/terminologies/icf#1160	semapv:ManualMappingCuration	orcid:0009-0000-5160-7927	2025-11-06	1
http://id.who.int/icd/entity/2016666007	skos:exactMatch	https://data.esante.gouv.fr/terminologies/icf#29146	semapv:ManualMappingCuration	orcid:0009-0000-5160-7927	2025-11-06	1
http://id.who.int/icd/entity/1095453911	skos:exactMatch	https://data.esante.gouv.fr/terminologies/icf#78964	semapv:ManualMappingCuration	orcid:0009-0000-5160-7927	2025-11-06	1
http://id.who.int/icd/entity/1449338903	skos:exactMatch	https://data.esante.gouv.fr/terminologies/icf#77634	semapv:ManualMappingCuration	orcid:0009-0000-5160-7927	2025-11-06	1
http://id.who.int/icd/entity/867833431	skos:exactMatch	https://data.esante.gouv.fr/terminologies/icf#53586	semapv:ManualMappingCuration	orcid:0009-0000-5160-7927	2025-11-06	1
http://id.who.int/icd/entity/2122861806	skos:exactMatch	https://data.esante.gouv.fr/terminologies/icf#50321	semapv:ManualMappingCuration	orcid:0009-0000-5160-7927	2025-11-06	1
http://id.who.int/icd/entity/102570762	skos:exactMatch	https://data.esante.gouv.fr/terminologies/icf#47813	semapv:ManualMappingCuration	orcid:0009-0000-5160-7927	2025-11-06	1
http://id.who.int/icd/entity/288718794	skos:exactMatch	https://data.esante.gouv.fr/terminologies/icf#93678	semapv:ManualMappingCuration	orcid:0009-0000-5160-7927	2025-11-06	1
http://id.who.int/icd/entity/676188810	skos:exactMatch	https://data.esante.gouv.fr/terminologies/icf#44114	semapv:ManualMappingCuration	orcid:0009-0000-5160-7927	2025-11-06	1
http://id.who.int/icd/entity/1063630410	skos:exactMatch	https://data.esante.gouv.fr/terminologies/icf#92308	semapv:ManualMappingCuration	orcid:0009-0000-5160-7927	2025-11-06	1
http://id.who.int/icd/entity/1522305034	skos:exactMatch	https://data.esante.gouv.fr/terminologies/icf#15040	semapv:ManualMappingCuration	orcid:0009-0000-5160-7927	2025-11-06	1
http://id.who.int/icd/entity/134464731	skos:exactMatch	https://data.esante.gouv.fr/terminologies/icf#17028	semapv:ManualMappingCuration	orcid:0009-0000-5160-7927	2025-11-06	1
http://id.who.int/icd/entity/1709276036	skos:exactMatch	https://data.esante.gouv.fr/terminologies/icf#66381	semapv:ManualMappingCuration	orcid:0009-0000-5160-7927	2025-11-06	1
http://id.who.int/icd/entity/1210515855	skos:exactMatch	https://data.esante.gouv.fr/terminologies/icf#99645	semapv:ManualMappingCuration	orcid:0009-0000-5160-7927	2025-11-06	1
http://id.who.int/icd/entity/1594844495	skos:exactMatch	https://data.esante.gouv.fr/terminologies/icf#91917	semapv:ManualMappingCuration	orcid:0009-0000-5160-7927	2025-11-06	1
http://id.who.int/icd/entity/1719126031	skos:exactMatch	https://data.esante.gouv.fr/terminologies/icf#6161	semapv:ManualMappingCuration	orcid:0009-0000-5160-7927	2025-11-06	1
http://id.who.int/icd/entity/1902095567	skos:exactMatch	https://data.esante.gouv.fr/terminologies/icf#13804	semapv:ManualMappingCuration	orcid:0009-0000-5160-7927	2025-11-06	1
http://id.who.int/icd/entity/1920216617	skos:exactMatch	https://data.esante.gouv.fr/terminologies/icf#48164	semapv:ManualMappingCuration	orcid:0009-0000-5160-7927	2025-11-06	1
http://id.who.int/icd/entity/555851728	skos:exactMatch	https://data.esante.gouv.fr/terminologies/icf#89928	semapv:ManualMappingCuration	orcid:0009-0000-5160-7927	2025-11-06	1
http://id.who.int/icd/entity/906623760	skos:exactMatch	https://data.esante.gouv.fr/terminologies/icf#36346	semapv:ManualMappingCuration	orcid:0009-0000-5160-7927	2025-11-06	1
http://id.who.int/icd/entity/259085904	skos:exactMatch	https://data.esante.gouv.fr/terminologies/icf#17627	semapv:ManualMappingCuration	orcid:0009-0000-5160-7927	2025-11-06	1
http://id.who.int/icd/entity/408498832	skos:exactMatch	https://data.esante.gouv.fr/terminologies/icf#36912	semapv:ManualMappingCuration	orcid:0009-0000-5160-7927	2025-11-06	1
http://id.who.int/icd/entity/1295484620	skos:exactMatch	https://data.esante.gouv.fr/terminologies/icf#87141	semapv:ManualMappingCuration	orcid:0009-0000-5160-7927	2025-11-06	1
http://id.who.int/icd/entity/2034185976	skos:exactMatch	https://data.esante.gouv.fr/terminologies/icf#85501	semapv:ManualMappingCuration	orcid:0009-0000-5160-7927	2025-11-06	1
http://id.who.int/icd/entity/1847022136	skos:exactMatch	https://data.esante.gouv.fr/terminologies/icf#55259	semapv:ManualMappingCuration	orcid:0009-0000-5160-7927	2025-11-06	1
http://id.who.int/icd/entity/668868854	skos:exactMatch	https://data.esante.gouv.fr/terminologies/icf#33500	semapv:ManualMappingCuration	orcid:0009-0000-5160-7927	2025-11-06	1
http://id.who.int/icd/entity/1979804439	skos:exactMatch	https://data.esante.gouv.fr/terminologies/icf#62914	semapv:ManualMappingCuration	orcid:0009-0000-5160-7927	2025-11-06	1
http://id.who.int/icd/entity/1630080983	skos:exactMatch	https://data.esante.gouv.fr/terminologies/icf#69238	semapv:ManualMappingCuration	orcid:0009-0000-5160-7927	2025-11-06	1
http://id.who.int/icd/entity/1481745047	skos:exactMatch	https://data.esante.gouv.fr/terminologies/icf#95421	semapv:ManualMappingCuration	orcid:0009-0000-5160-7927	2025-11-06	1
http://id.who.int/icd/entity/616921299	skos:exactMatch	https://data.esante.gouv.fr/terminologies/icf#36444	semapv:ManualMappingCuration	orcid:0009-0000-5160-7927	2025-11-06	1
http://id.who.int/icd/entity/520615240	skos:exactMatch	https://data.esante.gouv.fr/terminologies/icf#45108	semapv:ManualMappingCuration	orcid:0009-0000-5160-7927	2025-11-06	1
http://id.who.int/icd/entity/137335176	skos:exactMatch	https://data.esante.gouv.fr/terminologies/icf#76663	semapv:ManualMappingCuration	orcid:0009-0000-5160-7927	2025-11-06	1
http://id.who.int/icd/entity/827800776	skos:exactMatch	https://data.esante.gouv.fr/terminologies/icf#67461	semapv:ManualMappingCuration	orcid:0009-0000-5160-7927	2025-11-06	1
http://id.who.int/icd/entity/645879816	skos:exactMatch	https://data.esante.gouv.fr/terminologies/icf#82125	semapv:ManualMappingCuration	orcid:0009-0000-5160-7927	2025-11-06	1
http://id.who.int/icd/entity/1134978632	skos:exactMatch	https://data.esante.gouv.fr/terminologies/icf#11817	semapv:ManualMappingCuration	orcid:0009-0000-5160-7927	2025-11-06	1
http://id.who.int/icd/entity/1418592904	skos:exactMatch	https://data.esante.gouv.fr/terminologies/icf#24484	semapv:ManualMappingCuration	orcid:0009-0000-5160-7927	2025-11-06	1
http://id.who.int/icd/entity/237669243	skos:exactMatch	https://data.esante.gouv.fr/terminologies/icf#7961	semapv:ManualMappingCuration	orcid:0009-0000-5160-7927	2025-11-06	1
http://id.who.int/icd/entity/1567443680	skos:exactMatch	https://data.esante.gouv.fr/terminologies/icf#81893	semapv:ManualMappingCuration	orcid:0009-0000-5160-7927	2025-11-06	1
http://id.who.int/icd/entity/1246047776	skos:exactMatch	https://data.esante.gouv.fr/terminologies/icf#18059	semapv:ManualMappingCuration	orcid:0009-0000-5160-7927	2025-11-06	1
http://id.who.int/icd/entity/1933411168	skos:exactMatch	https://data.esante.gouv.fr/terminologies/icf#3483	semapv:ManualMappingCuration	orcid:0009-0000-5160-7927	2025-11-06	1
http://id.who.int/icd/entity/1679157152	skos:exactMatch	https://data.esante.gouv.fr/terminologies/icf#65721	semapv:ManualMappingCuration	orcid:0009-0000-5160-7927	2025-11-06	1
http://id.who.int/icd/entity/1384847483	skos:exactMatch	https://data.esante.gouv.fr/terminologies/icf#87626	semapv:ManualMappingCuration	orcid:0009-0000-5160-7927	2025-11-06	1
http://id.who.int/icd/entity/879482047	skos:exactMatch	https://data.esante.gouv.fr/terminologies/icf#94660	semapv:ManualMappingCuration	orcid:0009-0000-5160-7927	2025-11-06	1
http://id.who.int/icd/entity/591638655	skos:exactMatch	https://data.esante.gouv.fr/terminologies/icf#87661	semapv:ManualMappingCuration	orcid:0009-0000-5160-7927	2025-11-06	1
http://id.who.int/icd/entity/440081727	skos:exactMatch	https://data.esante.gouv.fr/terminologies/icf#72432	semapv:ManualMappingCuration	orcid:0009-0000-5160-7927	2025-11-06	1
http://id.who.int/icd/entity/219380223	skos:exactMatch	https://data.esante.gouv.fr/terminologies/icf#11187	semapv:ManualMappingCuration	orcid:0009-0000-5160-7927	2025-11-06	1
http://id.who.int/icd/entity/1758087103	skos:exactMatch	https://data.esante.gouv.fr/terminologies/icf#72366	semapv:ManualMappingCuration	orcid:0009-0000-5160-7927	2025-11-06	1
http://id.who.int/icd/entity/2145526655	skos:exactMatch	https://data.esante.gouv.fr/terminologies/icf#75886	semapv:ManualMappingCuration	orcid:0009-0000-5160-7927	2025-11-06	1
http://id.who.int/icd/entity/1184534079	skos:exactMatch	https://data.esante.gouv.fr/terminologies/icf#90130	semapv:ManualMappingCuration	orcid:0009-0000-5160-7927	2025-11-06	1
http://id.who.int/icd/entity/1811133755	skos:exactMatch	https://data.esante.gouv.fr/terminologies/icf#29639	semapv:ManualMappingCuration	orcid:0009-0000-5160-7927	2025-11-06	1
http://id.who.int/icd/entity/1819639191	skos:exactMatch	https://data.esante.gouv.fr/terminologies/icf#66239	semapv:ManualMappingCuration	orcid:0009-0000-5160-7927	2025-11-06	1
http://id.who.int/icd/entity/75971722	skos:exactMatch	https://data.esante.gouv.fr/terminologies/icf#78049	semapv:ManualMappingCuration	orcid:0009-0000-5160-7927	2025-11-06	1
http://id.who.int/icd/entity/330258506	skos:exactMatch	https://data.esante.gouv.fr/terminologies/icf#23926	semapv:ManualMappingCuration	orcid:0009-0000-5160-7927	2025-11-06	1
http://id.who.int/icd/entity/718796042	skos:exactMatch	https://data.esante.gouv.fr/terminologies/icf#64484	semapv:ManualMappingCuration	orcid:0009-0000-5160-7927	2025-11-06	1
http://id.who.int/icd/entity/1040159178	skos:exactMatch	https://data.esante.gouv.fr/terminologies/icf#88460	semapv:ManualMappingCuration	orcid:0009-0000-5160-7927	2025-11-06	1
http://id.who.int/icd/entity/2069698903	skos:exactMatch	https://data.esante.gouv.fr/terminologies/icf#65982	semapv:ManualMappingCuration	orcid:0009-0000-5160-7927	2025-11-06	1
http://id.who.int/icd/entity/2052957777	skos:exactMatch	https://data.esante.gouv.fr/terminologies/icf#53990	semapv:ManualMappingCuration	orcid:0009-0000-5160-7927	2025-11-06	1
http://id.who.int/icd/entity/1836434065	skos:exactMatch	https://data.esante.gouv.fr/terminologies/icf#85915	semapv:ManualMappingCuration	orcid:0009-0000-5160-7927	2025-11-06	1
http://id.who.int/icd/entity/1410166737	skos:exactMatch	https://data.esante.gouv.fr/terminologies/icf#63346	semapv:ManualMappingCuration	orcid:0009-0000-5160-7927	2025-11-06	1
http://id.who.int/icd/entity/1126501137	skos:exactMatch	https://data.esante.gouv.fr/terminologies/icf#28701	semapv:ManualMappingCuration	orcid:0009-0000-5160-7927	2025-11-06	1
http://id.who.int/icd/entity/1109767191	skos:exactMatch	https://data.esante.gouv.fr/terminologies/icf#74019	semapv:ManualMappingCuration	orcid:0009-0000-5160-7927	2025-11-06	1
http://id.who.int/icd/entity/1587599396	skos:exactMatch	https://data.esante.gouv.fr/terminologies/icf#19455	semapv:ManualMappingCuration	orcid:0009-0000-5160-7927	2025-11-06	1
http://id.who.int/icd/entity/1665867896	skos:exactMatch	https://data.esante.gouv.fr/terminologies/icf#63042	semapv:ManualMappingCuration	orcid:0009-0000-5160-7927	2025-11-06	1
http://id.who.int/icd/entity/1952662712	skos:exactMatch	https://data.esante.gouv.fr/terminologies/icf#87975	semapv:ManualMappingCuration	orcid:0009-0000-5160-7927	2025-11-06	1
http://id.who.int/icd/entity/33639204	skos:exactMatch	https://data.esante.gouv.fr/terminologies/icf#76317	semapv:ManualMappingCuration	orcid:0009-0000-5160-7927	2025-11-06	1
http://id.who.int/icd/entity/1813702037	skos:exactMatch	https://data.esante.gouv.fr/terminologies/icf#91375	semapv:ManualMappingCuration	orcid:0009-0000-5160-7927	2025-11-06	1
http://id.who.int/icd/entity/932887277	skos:exactMatch	https://data.esante.gouv.fr/terminologies/icf#67646	semapv:ManualMappingCuration	orcid:0009-0000-5160-7927	2025-11-06	1
http://id.who.int/icd/entity/548593197	skos:exactMatch	https://data.esante.gouv.fr/terminologies/icf#94736	semapv:ManualMappingCuration	orcid:0009-0000-5160-7927	2025-11-06	1
http://id.who.int/icd/entity/432698221	skos:exactMatch	https://data.esante.gouv.fr/terminologies/icf#30628	semapv:ManualMappingCuration	orcid:0009-0000-5160-7927	2025-11-06	1
http://id.who.int/icd/entity/890173921	skos:exactMatch	https://data.esante.gouv.fr/terminologies/icf#35031	semapv:ManualMappingCuration	orcid:0009-0000-5160-7927	2025-11-06	1
http://id.who.int/icd/entity/848997900	skos:exactMatch	https://data.esante.gouv.fr/terminologies/icf#84252	semapv:ManualMappingCuration	orcid:0009-0000-5160-7927	2025-11-06	1
http://id.who.int/icd/entity/2022689055	skos:exactMatch	https://data.esante.gouv.fr/terminologies/icf#40663	semapv:ManualMappingCuration	orcid:0009-0000-5160-7927	2025-11-06	1
http://id.who.int/icd/entity/1662217755	skos:exactMatch	https://data.esante.gouv.fr/terminologies/icf#2681	semapv:ManualMappingCuration	orcid:0009-0000-5160-7927	2025-11-06	1
http://id.who.int/icd/entity/1950026459	skos:exactMatch	https://data.esante.gouv.fr/terminologies/icf#58672	semapv:ManualMappingCuration	orcid:0009-0000-5160-7927	2025-11-06	1
http://id.who.int/icd/entity/1296279451	skos:exactMatch	https://data.esante.gouv.fr/terminologies/icf#91849	semapv:ManualMappingCuration	orcid:0009-0000-5160-7927	2025-11-06	1
http://id.who.int/icd/entity/1517011803	skos:exactMatch	https://data.esante.gouv.fr/terminologies/icf#87881	semapv:ManualMappingCuration	orcid:0009-0000-5160-7927	2025-11-06	1
http://id.who.int/icd/entity/1873259999	skos:exactMatch	https://data.esante.gouv.fr/terminologies/icf#41847	semapv:ManualMappingCuration	orcid:0009-0000-5160-7927	2025-11-06	1
http://id.who.int/icd/entity/1457455263	skos:exactMatch	https://data.esante.gouv.fr/terminologies/icf#45609	semapv:ManualMappingCuration	orcid:0009-0000-5160-7927	2025-11-06	1
http://id.who.int/icd/entity/1171742188	skos:exactMatch	https://data.esante.gouv.fr/terminologies/icf#66622	semapv:ManualMappingCuration	orcid:0009-0000-5160-7927	2025-11-06	1
http://id.who.int/icd/entity/1392458028	skos:exactMatch	https://data.esante.gouv.fr/terminologies/icf#69175	semapv:ManualMappingCuration	orcid:0009-0000-5160-7927	2025-11-06	1
http://id.who.int/icd/entity/1804047468	skos:exactMatch	https://data.esante.gouv.fr/terminologies/icf#17950	semapv:ManualMappingCuration	orcid:0009-0000-5160-7927	2025-11-06	1
http://id.who.int/icd/entity/2091905196	skos:exactMatch	https://data.esante.gouv.fr/terminologies/icf#69375	semapv:ManualMappingCuration	orcid:0009-0000-5160-7927	2025-11-06	1
http://id.who.int/icd/entity/2031311308	skos:exactMatch	https://data.esante.gouv.fr/terminologies/icf#79775	semapv:ManualMappingCuration	orcid:0009-0000-5160-7927	2025-11-06	1
http://id.who.int/icd/entity/1867763097	skos:exactMatch	https://data.esante.gouv.fr/terminologies/icf#38165	semapv:ManualMappingCuration	orcid:0009-0000-5160-7927	2025-11-06	1
http://id.who.int/icd/entity/2021370201	skos:exactMatch	https://data.esante.gouv.fr/terminologies/icf#72832	semapv:ManualMappingCuration	orcid:0009-0000-5160-7927	2025-11-06	1
http://id.who.int/icd/entity/1090716697	skos:exactMatch	https://data.esante.gouv.fr/terminologies/icf#70460	semapv:ManualMappingCuration	orcid:0009-0000-5160-7927	2025-11-06	1
http://id.who.int/icd/entity/1445683417	skos:exactMatch	https://data.esante.gouv.fr/terminologies/icf#64375	semapv:ManualMappingCuration	orcid:0009-0000-5160-7927	2025-11-06	1
http://id.who.int/icd/entity/1787037476	skos:exactMatch	https://data.esante.gouv.fr/terminologies/icf#4320	semapv:ManualMappingCuration	orcid:0009-0000-5160-7927	2025-11-06	1
http://id.who.int/icd/entity/1255154286	skos:exactMatch	https://data.esante.gouv.fr/terminologies/icf#24170	semapv:ManualMappingCuration	orcid:0009-0000-5160-7927	2025-11-06	1
http://id.who.int/icd/entity/341745147	skos:exactMatch	https://data.esante.gouv.fr/terminologies/icf#7515	semapv:ManualMappingCuration	orcid:0009-0000-5160-7927	2025-11-06	1
http://id.who.int/icd/entity/1841660530	skos:exactMatch	https://data.esante.gouv.fr/terminologies/icf#96407	semapv:ManualMappingCuration	orcid:0009-0000-5160-7927	2025-11-06	1
http://id.who.int/icd/entity/2062411442	skos:exactMatch	https://data.esante.gouv.fr/terminologies/icf#53217	semapv:ManualMappingCuration	orcid:0009-0000-5160-7927	2025-11-06	1
http://id.who.int/icd/entity/1133857778	skos:exactMatch	https://data.esante.gouv.fr/terminologies/icf#92374	semapv:ManualMappingCuration	orcid:0009-0000-5160-7927	2025-11-06	1
http://id.who.int/icd/entity/1421684530	skos:exactMatch	https://data.esante.gouv.fr/terminologies/icf#72808	semapv:ManualMappingCuration	orcid:0009-0000-5160-7927	2025-11-06	1
http://id.who.int/icd/entity/828641650	skos:exactMatch	https://data.esante.gouv.fr/terminologies/icf#73816	semapv:ManualMappingCuration	orcid:0009-0000-5160-7927	2025-11-06	1
http://id.who.int/icd/entity/1607952955	skos:exactMatch	https://data.esante.gouv.fr/terminologies/icf#63033	semapv:ManualMappingCuration	orcid:0009-0000-5160-7927	2025-11-06	1
http://id.who.int/icd/entity/2048493302	skos:exactMatch	https://data.esante.gouv.fr/terminologies/icf#15226	semapv:ManualMappingCuration	orcid:0009-0000-5160-7927	2025-11-06	1
http://id.who.int/icd/entity/1831985718	skos:exactMatch	https://data.esante.gouv.fr/terminologies/icf#39060	semapv:ManualMappingCuration	orcid:0009-0000-5160-7927	2025-11-06	1
http://id.who.int/icd/entity/1414090614	skos:exactMatch	https://data.esante.gouv.fr/terminologies/icf#43907	semapv:ManualMappingCuration	orcid:0009-0000-5160-7927	2025-11-06	1
http://id.who.int/icd/entity/625388172	skos:exactMatch	https://data.esante.gouv.fr/terminologies/icf#14805	semapv:ManualMappingCuration	orcid:0009-0000-5160-7927	2025-11-06	1
http://id.who.int/icd/entity/1257834152	skos:exactMatch	https://data.esante.gouv.fr/terminologies/icf#11700	semapv:ManualMappingCuration	orcid:0009-0000-5160-7927	2025-11-06	1
http://id.who.int/icd/entity/1574003304	skos:exactMatch	https://data.esante.gouv.fr/terminologies/icf#52254	semapv:ManualMappingCuration	orcid:0009-0000-5160-7927	2025-11-06	1
http://id.who.int/icd/entity/1688850216	skos:exactMatch	https://data.esante.gouv.fr/terminologies/icf#46304	semapv:ManualMappingCuration	orcid:0009-0000-5160-7927	2025-11-06	1
http://id.who.int/icd/entity/1937877992	skos:exactMatch	https://data.esante.gouv.fr/terminologies/icf#19372	semapv:ManualMappingCuration	orcid:0009-0000-5160-7927	2025-11-06	1
http://id.who.int/icd/entity/374904232	skos:exactMatch	https://data.esante.gouv.fr/terminologies/icf#16019	semapv:ManualMappingCuration	orcid:0009-0000-5160-7927	2025-11-06	1
http://id.who.int/icd/entity/24179048	skos:exactMatch	https://data.esante.gouv.fr/terminologies/icf#33841	semapv:ManualMappingCuration	orcid:0009-0000-5160-7927	2025-11-06	1
http://id.who.int/icd/entity/1495468066	skos:exactMatch	https://data.esante.gouv.fr/terminologies/icf#43782	semapv:ManualMappingCuration	orcid:0009-0000-5160-7927	2025-11-06	1
http://id.who.int/icd/entity/1536962645	skos:exactMatch	https://data.esante.gouv.fr/terminologies/icf#6771	semapv:ManualMappingCuration	orcid:0009-0000-5160-7927	2025-11-06	1
http://id.who.int/icd/entity/269862805	skos:exactMatch	https://data.esante.gouv.fr/terminologies/icf#10812	semapv:ManualMappingCuration	orcid:0009-0000-5160-7927	2025-11-06	1
http://id.who.int/icd/entity/58890621	skos:exactMatch	https://data.esante.gouv.fr/terminologies/icf#87119	semapv:ManualMappingCuration	orcid:0009-0000-5160-7927	2025-11-06	1
http://id.who.int/icd/entity/1208708797	skos:exactMatch	https://data.esante.gouv.fr/terminologies/icf#35628	semapv:ManualMappingCuration	orcid:0009-0000-5160-7927	2025-11-06	1
http://id.who.int/icd/entity/2102920100	skos:exactMatch	https://data.esante.gouv.fr/terminologies/icf#99686	semapv:ManualMappingCuration	orcid:0009-0000-5160-7927	2025-11-06	1
http://id.who.int/icd/entity/1196496048	skos:exactMatch	https://data.esante.gouv.fr/terminologies/icf#9417	semapv:ManualMappingCuration	orcid:0009-0000-5160-7927	2025-11-06	1
http://id.who.int/icd/entity/1350135920	skos:exactMatch	https://data.esante.gouv.fr/terminologies/icf#84698	semapv:ManualMappingCuration	orcid:0009-0000-5160-7927	2025-11-06	1
http://id.who.int/icd/entity/1761729840	skos:exactMatch	https://data.esante.gouv.fr/terminologies/icf#70510	semapv:ManualMappingCuration	orcid:0009-0000-5160-7927	2025-11-06	1
http://id.who.int/icd/entity/2116663792	skos:exactMatch	https://data.esante.gouv.fr/terminologies/icf#11231	semapv:ManualMappingCuration	orcid:0009-0000-5160-7927	2025-11-06	1
http://id.who.int/icd/entity/203515404	skos:exactMatch	https://data.esante.gouv.fr/terminologies/icf#59282	semapv:ManualMappingCuration	orcid:0009-0000-5160-7927	2025-11-06	1
http://id.who.int/icd/entity/894218497	skos:exactMatch	https://data.esante.gouv.fr/terminologies/icf#18070	semapv:ManualMappingCuration	orcid:0009-0000-5160-7927	2025-11-06	1
http://id.who.int/icd/entity/893697482	skos:exactMatch	https://data.esante.gouv.fr/terminologies/icf#61232	semapv:ManualMappingCuration	orcid:0009-0000-5160-7927	2025-11-06	1
http://id.who.int/icd/entity/577558794	skos:exactMatch	https://data.esante.gouv.fr/terminologies/icf#14462	semapv:ManualMappingCuration	orcid:0009-0000-5160-7927	2025-11-06	1
http://id.who.int/icd/entity/299098423	skos:exactMatch	https://data.esante.gouv.fr/terminologies/icf#55346	semapv:ManualMappingCuration	orcid:0009-0000-5160-7927	2025-11-06	1
http://id.who.int/icd/entity/117147127	skos:exactMatch	https://data.esante.gouv.fr/terminologies/icf#41527	semapv:ManualMappingCuration	orcid:0009-0000-5160-7927	2025-11-06	1
http://id.who.int/icd/entity/1065560247	skos:exactMatch	https://data.esante.gouv.fr/terminologies/icf#74415	semapv:ManualMappingCuration	orcid:0009-0000-5160-7927	2025-11-06	1
http://id.who.int/icd/entity/682314871	skos:exactMatch	https://data.esante.gouv.fr/terminologies/icf#63075	semapv:ManualMappingCuration	orcid:0009-0000-5160-7927	2025-11-06	1
http://id.who.int/icd/entity/1299345975	skos:exactMatch	https://data.esante.gouv.fr/terminologies/icf#23587	semapv:ManualMappingCuration	orcid:0009-0000-5160-7927	2025-11-06	1
http://id.who.int/icd/entity/1515853559	skos:exactMatch	https://data.esante.gouv.fr/terminologies/icf#81894	semapv:ManualMappingCuration	orcid:0009-0000-5160-7927	2025-11-06	1
http://id.who.int/icd/entity/1663220663	skos:exactMatch	https://data.esante.gouv.fr/terminologies/icf#82883	semapv:ManualMappingCuration	orcid:0009-0000-5160-7927	2025-11-06	1
http://id.who.int/icd/entity/454325322	skos:exactMatch	https://data.esante.gouv.fr/terminologies/icf#63562	semapv:ManualMappingCuration	orcid:0009-0000-5160-7927	2025-11-06	1
http://id.who.int/icd/entity/205262986	skos:exactMatch	https://data.esante.gouv.fr/terminologies/icf#46184	semapv:ManualMappingCuration	orcid:0009-0000-5160-7927	2025-11-06	1
http://id.who.int/icd/entity/1776627402	skos:exactMatch	https://data.esante.gouv.fr/terminologies/icf#22321	semapv:ManualMappingCuration	orcid:0009-0000-5160-7927	2025-11-06	1
http://id.who.int/icd/entity/712570723	skos:exactMatch	https://data.esante.gouv.fr/terminologies/icf#19911	semapv:ManualMappingCuration	orcid:0009-0000-5160-7927	2025-11-06	1
http://id.who.int/icd/entity/2033857540	skos:exactMatch	https://data.esante.gouv.fr/terminologies/icf#70629	semapv:ManualMappingCuration	orcid:0009-0000-5160-7927	2025-11-06	1
http://id.who.int/icd/entity/1846694084	skos:exactMatch	https://data.esante.gouv.fr/terminologies/icf#19739	semapv:ManualMappingCuration	orcid:0009-0000-5160-7927	2025-11-06	1
http://id.who.int/icd/entity/1919311435	skos:exactMatch	https://data.esante.gouv.fr/terminologies/icf#8975	semapv:ManualMappingCuration	orcid:0009-0000-5160-7927	2025-11-06	1
http://id.who.int/icd/entity/213697684	skos:exactMatch	https://data.esante.gouv.fr/terminologies/icf#94401	semapv:ManualMappingCuration	orcid:0009-0000-5160-7927	2025-11-06	1
http://id.who.int/icd/entity/1819311981	skos:exactMatch	https://data.esante.gouv.fr/terminologies/icf#27860	semapv:ManualMappingCuration	orcid:0009-0000-5160-7927	2025-11-06	1
http://id.who.int/icd/entity/2069371821	skos:exactMatch	https://data.esante.gouv.fr/terminologies/icf#90666	semapv:ManualMappingCuration	orcid:0009-0000-5160-7927	2025-11-06	1
http://id.who.int/icd/entity/1109440237	skos:exactMatch	https://data.esante.gouv.fr/terminologies/icf#63222	semapv:ManualMappingCuration	orcid:0009-0000-5160-7927	2025-11-06	1
http://id.who.int/icd/entity/1426641453	skos:exactMatch	https://data.esante.gouv.fr/terminologies/icf#50484	semapv:ManualMappingCuration	orcid:0009-0000-5160-7927	2025-11-06	1
http://id.who.int/icd/entity/1034220517	skos:exactMatch	https://data.esante.gouv.fr/terminologies/icf#45682	semapv:ManualMappingCuration	orcid:0009-0000-5160-7927	2025-11-06	1
http://id.who.int/icd/entity/1263336373	skos:exactMatch	https://data.esante.gouv.fr/terminologies/icf#82312	semapv:ManualMappingCuration	orcid:0009-0000-5160-7927	2025-11-06	1
http://id.who.int/icd/entity/1550098293	skos:exactMatch	https://data.esante.gouv.fr/terminologies/icf#67360	semapv:ManualMappingCuration	orcid:0009-0000-5160-7927	2025-11-06	1
http://id.who.int/icd/entity/719872561	skos:exactMatch	https://data.esante.gouv.fr/terminologies/icf#56466	semapv:ManualMappingCuration	orcid:0009-0000-5160-7927	2025-11-06	1
http://id.who.int/icd/entity/222589883	skos:exactMatch	https://data.esante.gouv.fr/terminologies/icf#55041	semapv:ManualMappingCuration	orcid:0009-0000-5160-7927	2025-11-06	1
http://id.who.int/icd/entity/2100545361	skos:exactMatch	https://data.esante.gouv.fr/terminologies/icf#55991	semapv:ManualMappingCuration	orcid:0009-0000-5160-7927	2025-11-06	1
http://id.who.int/icd/entity/1780196241	skos:exactMatch	https://data.esante.gouv.fr/terminologies/icf#65208	semapv:ManualMappingCuration	orcid:0009-0000-5160-7927	2025-11-06	1
http://id.who.int/icd/entity/1399000785	skos:exactMatch	https://data.esante.gouv.fr/terminologies/icf#62553	semapv:ManualMappingCuration	orcid:0009-0000-5160-7927	2025-11-06	1
http://id.who.int/icd/entity/1145793041	skos:exactMatch	https://data.esante.gouv.fr/terminologies/icf#91564	semapv:ManualMappingCuration	orcid:0009-0000-5160-7927	2025-11-06	1
http://id.who.int/icd/entity/1187873915	skos:exactMatch	https://data.esante.gouv.fr/terminologies/icf#33910	semapv:ManualMappingCuration	orcid:0009-0000-5160-7927	2025-11-06	1
http://id.who.int/icd/entity/1794098135	skos:exactMatch	https://data.esante.gouv.fr/terminologies/icf#81493	semapv:ManualMappingCuration	orcid:0009-0000-5160-7927	2025-11-06	1
http://id.who.int/icd/entity/2110236439	skos:exactMatch	https://data.esante.gouv.fr/terminologies/icf#73525	semapv:ManualMappingCuration	orcid:0009-0000-5160-7927	2025-11-06	1
http://id.who.int/icd/entity/1153370711	skos:exactMatch	https://data.esante.gouv.fr/terminologies/icf#61061	semapv:ManualMappingCuration	orcid:0009-0000-5160-7927	2025-11-06	1
http://id.who.int/icd/entity/1432017555	skos:exactMatch	https://data.esante.gouv.fr/terminologies/icf#58372	semapv:ManualMappingCuration	orcid:0009-0000-5160-7927	2025-11-06	1
http://id.who.int/icd/entity/1889260887	skos:exactMatch	https://data.esante.gouv.fr/terminologies/icf#77595	semapv:ManualMappingCuration	orcid:0009-0000-5160-7927	2025-11-06	1
http://id.who.int/icd/entity/1739829655	skos:exactMatch	https://data.esante.gouv.fr/terminologies/icf#42605	semapv:ManualMappingCuration	orcid:0009-0000-5160-7927	2025-11-06	1
http://id.who.int/icd/entity/1590369495	skos:exactMatch	https://data.esante.gouv.fr/terminologies/icf#8478	semapv:ManualMappingCuration	orcid:0009-0000-5160-7927	2025-11-06	1
http://id.who.int/icd/entity/490101380	skos:exactMatch	https://data.esante.gouv.fr/terminologies/icf#67875	semapv:ManualMappingCuration	orcid:0009-0000-5160-7927	2025-11-06	1
http://id.who.int/icd/entity/729825354	skos:exactMatch	https://data.esante.gouv.fr/terminologies/icf#35516	semapv:ManualMappingCuration	orcid:0009-0000-5160-7927	2025-11-06	1
http://id.who.int/icd/entity/1752796224	skos:exactMatch	https://data.esante.gouv.fr/terminologies/icf#78546	semapv:ManualMappingCuration	orcid:0009-0000-5160-7927	2025-11-06	1
http://id.who.int/icd/entity/2136074496	skos:exactMatch	https://data.esante.gouv.fr/terminologies/icf#79360	semapv:ManualMappingCuration	orcid:0009-0000-5160-7927	2025-11-06	1
http://id.who.int/icd/entity/1177109952	skos:exactMatch	https://data.esante.gouv.fr/terminologies/icf#57852	semapv:ManualMappingCuration	orcid:0009-0000-5160-7927	2025-11-06	1
http://id.who.int/icd/entity/1359028608	skos:exactMatch	https://data.esante.gouv.fr/terminologies/icf#20507	semapv:ManualMappingCuration	orcid:0009-0000-5160-7927	2025-11-06	1
http://id.who.int/icd/entity/1611249546	skos:exactMatch	https://data.esante.gouv.fr/terminologies/icf#98152	semapv:ManualMappingCuration	orcid:0009-0000-5160-7927	2025-11-06	1
http://id.who.int/icd/entity/2141554872	skos:exactMatch	https://data.esante.gouv.fr/terminologies/icf#31549	semapv:ManualMappingCuration	orcid:0009-0000-5160-7927	2025-11-06	1
http://id.who.int/icd/entity/615771736	skos:exactMatch	https://data.esante.gouv.fr/terminologies/icf#38815	semapv:ManualMappingCuration	orcid:0009-0000-5160-7927	2025-11-06	1
http://id.who.int/icd/entity/865831576	skos:exactMatch	https://data.esante.gouv.fr/terminologies/icf#3413	semapv:ManualMappingCuration	orcid:0009-0000-5160-7927	2025-11-06	1
http://id.who.int/icd/entity/1754131576	skos:exactMatch	https://data.esante.gouv.fr/terminologies/icf#45192	semapv:ManualMappingCuration	orcid:0009-0000-5160-7927	2025-11-06	1
http://id.who.int/icd/entity/1375027512	skos:exactMatch	https://data.esante.gouv.fr/terminologies/icf#40010	semapv:ManualMappingCuration	orcid:0009-0000-5160-7927	2025-11-06	1
http://id.who.int/icd/entity/1188898296	skos:exactMatch	https://data.esante.gouv.fr/terminologies/icf#26247	semapv:ManualMappingCuration	orcid:0009-0000-5160-7927	2025-11-06	1
http://id.who.int/icd/entity/744367503	skos:exactMatch	https://data.esante.gouv.fr/terminologies/icf#43461	semapv:ManualMappingCuration	orcid:0009-0000-5160-7927	2025-11-06	1
http://id.who.int/icd/entity/446199613	skos:exactMatch	https://data.esante.gouv.fr/terminologies/icf#29060	semapv:ManualMappingCuration	orcid:0009-0000-5160-7927	2025-11-06	1
http://id.who.int/icd/entity/1329924326	skos:exactMatch	https://data.esante.gouv.fr/terminologies/icf#6707	semapv:ManualMappingCuration	orcid:0009-0000-5160-7927	2025-11-06	1
http://id.who.int/icd/entity/1483566118	skos:exactMatch	https://data.esante.gouv.fr/terminologies/icf#69608	semapv:ManualMappingCuration	orcid:0009-0000-5160-7927	2025-11-06	1
http://id.who.int/icd/entity/1628815718	skos:exactMatch	https://data.esante.gouv.fr/terminologies/icf#58953	semapv:ManualMappingCuration	orcid:0009-0000-5160-7927	2025-11-06	1
http://id.who.int/icd/entity/1360101629	skos:exactMatch	https://data.esante.gouv.fr/terminologies/icf#33585	semapv:ManualMappingCuration	orcid:0009-0000-5160-7927	2025-11-06	1
http://id.who.int/icd/entity/1486425186	skos:exactMatch	https://data.esante.gouv.fr/terminologies/icf#77446	semapv:ManualMappingCuration	orcid:0009-0000-5160-7927	2025-11-06	1
http://id.who.int/icd/entity/1337026722	skos:exactMatch	https://data.esante.gouv.fr/terminologies/icf#85418	semapv:ManualMappingCuration	orcid:0009-0000-5160-7927	2025-11-06	1
http://id.who.int/icd/entity/1992934882	skos:exactMatch	https://data.esante.gouv.fr/terminologies/icf#95255	semapv:ManualMappingCuration	orcid:0009-0000-5160-7927	2025-11-06	1
http://id.who.int/icd/entity/773343048	skos:exactMatch	https://data.esante.gouv.fr/terminologies/icf#11579	semapv:ManualMappingCuration	orcid:0009-0000-5160-7927	2025-11-06	1
http://id.who.int/icd/entity/1682107878	skos:exactMatch	https://data.esante.gouv.fr/terminologies/icf#55344	semapv:ManualMappingCuration	orcid:0009-0000-5160-7927	2025-11-06	1
http://id.who.int/icd/entity/1470583183	skos:exactMatch	https://data.esante.gouv.fr/terminologies/icf#4049	semapv:ManualMappingCuration	orcid:0009-0000-5160-7927	2025-11-06	1
http://id.who.int/icd/entity/1083127119	skos:exactMatch	https://data.esante.gouv.fr/terminologies/icf#32287	semapv:ManualMappingCuration	orcid:0009-0000-5160-7927	2025-11-06	1
http://id.who.int/icd/entity/2046269455	skos:exactMatch	https://data.esante.gouv.fr/terminologies/icf#81516	semapv:ManualMappingCuration	orcid:0009-0000-5160-7927	2025-11-06	1
http://id.who.int/icd/entity/1860173007	skos:exactMatch	https://data.esante.gouv.fr/terminologies/icf#15960	semapv:ManualMappingCuration	orcid:0009-0000-5160-7927	2025-11-06	1
http://id.who.int/icd/entity/184992399	skos:exactMatch	https://data.esante.gouv.fr/terminologies/icf#13285	semapv:ManualMappingCuration	orcid:0009-0000-5160-7927	2025-11-06	1
http://id.who.int/icd/entity/2055188992	skos:exactMatch	https://data.esante.gouv.fr/terminologies/icf#35370	semapv:ManualMappingCuration	orcid:0009-0000-5160-7927	2025-11-06	1
http://id.who.int/icd/entity/1834472768	skos:exactMatch	https://data.esante.gouv.fr/terminologies/icf#18009	semapv:ManualMappingCuration	orcid:0009-0000-5160-7927	2025-11-06	1
http://id.who.int/icd/entity/1409534054	skos:exactMatch	https://data.esante.gouv.fr/terminologies/icf#51959	semapv:ManualMappingCuration	orcid:0009-0000-5160-7927	2025-11-06	1
http://id.who.int/icd/entity/1081824521	skos:exactMatch	https://data.esante.gouv.fr/terminologies/icf#71068	semapv:ManualMappingCuration	orcid:0009-0000-5160-7927	2025-11-06	1
http://id.who.int/icd/entity/1465070025	skos:exactMatch	https://data.esante.gouv.fr/terminologies/icf#82344	semapv:ManualMappingCuration	orcid:0009-0000-5160-7927	2025-11-06	1
http://id.who.int/icd/entity/1848351881	skos:exactMatch	https://data.esante.gouv.fr/terminologies/icf#89384	semapv:ManualMappingCuration	orcid:0009-0000-5160-7927	2025-11-06	1
http://id.who.int/icd/entity/1012679886	skos:exactMatch	https://data.esante.gouv.fr/terminologies/icf#45632	semapv:ManualMappingCuration	orcid:0009-0000-5160-7927	2025-11-06	1
http://id.who.int/icd/entity/1976873960	skos:exactMatch	https://data.esante.gouv.fr/terminologies/icf#26440	semapv:ManualMappingCuration	orcid:0009-0000-5160-7927	2025-11-06	1
http://id.who.int/icd/entity/363211474	skos:exactMatch	https://data.esante.gouv.fr/terminologies/icf#77063	semapv:ManualMappingCuration	orcid:0009-0000-5160-7927	2025-11-06	1
http://id.who.int/icd/entity/2089171534	skos:exactMatch	https://data.esante.gouv.fr/terminologies/icf#90592	semapv:ManualMappingCuration	orcid:0009-0000-5160-7927	2025-11-06	1
http://id.who.int/icd/entity/1806589582	skos:exactMatch	https://data.esante.gouv.fr/terminologies/icf#740	semapv:ManualMappingCuration	orcid:0009-0000-5160-7927	2025-11-06	1
http://id.who.int/icd/entity/1389818830	skos:exactMatch	https://data.esante.gouv.fr/terminologies/icf#32259	semapv:ManualMappingCuration	orcid:0009-0000-5160-7927	2025-11-06	1
http://id.who.int/icd/entity/1174312718	skos:exactMatch	https://data.esante.gouv.fr/terminologies/icf#14753	semapv:ManualMappingCuration	orcid:0009-0000-5160-7927	2025-11-06	1
http://id.who.int/icd/entity/539470158	skos:exactMatch	https://data.esante.gouv.fr/terminologies/icf#58004	semapv:ManualMappingCuration	orcid:0009-0000-5160-7927	2025-11-06	1
http://id.who.int/icd/entity/923782542	skos:exactMatch	https://data.esante.gouv.fr/terminologies/icf#85927	semapv:ManualMappingCuration	orcid:0009-0000-5160-7927	2025-11-06	1
http://id.who.int/icd/entity/1041382491	skos:exactMatch	https://data.esante.gouv.fr/terminologies/icf#65084	semapv:ManualMappingCuration	orcid:0009-0000-5160-7927	2025-11-06	1
http://id.who.int/icd/entity/691689627	skos:exactMatch	https://data.esante.gouv.fr/terminologies/icf#7404	semapv:ManualMappingCuration	orcid:0009-0000-5160-7927	2025-11-06	1
http://id.who.int/icd/entity/272823771	skos:exactMatch	https://data.esante.gouv.fr/terminologies/icf#8487	semapv:ManualMappingCuration	orcid:0009-0000-5160-7927	2025-11-06	1
http://id.who.int/icd/entity/242704590	skos:exactMatch	https://data.esante.gouv.fr/terminologies/icf#68771	semapv:ManualMappingCuration	orcid:0009-0000-5160-7927	2025-11-06	1
http://id.who.int/icd/entity/1712100723	skos:exactMatch	https://data.esante.gouv.fr/terminologies/icf#14965	semapv:ManualMappingCuration	orcid:0009-0000-5160-7927	2025-11-06	1
http://id.who.int/icd/entity/1898246579	skos:exactMatch	https://data.esante.gouv.fr/terminologies/icf#41313	semapv:ManualMappingCuration	orcid:0009-0000-5160-7927	2025-11-06	1
http://id.who.int/icd/entity/1580195090	skos:exactMatch	https://data.esante.gouv.fr/terminologies/icf#19042	semapv:ManualMappingCuration	orcid:0009-0000-5160-7927	2025-11-06	1
http://id.who.int/icd/entity/1801076426	skos:exactMatch	https://data.esante.gouv.fr/terminologies/icf#80863	semapv:ManualMappingCuration	orcid:0009-0000-5160-7927	2025-11-06	1
http://id.who.int/icd/entity/2087868938	skos:exactMatch	https://data.esante.gouv.fr/terminologies/icf#17102	semapv:ManualMappingCuration	orcid:0009-0000-5160-7927	2025-11-06	1
http://id.who.int/icd/entity/1158346570	skos:exactMatch	https://data.esante.gouv.fr/terminologies/icf#75846	semapv:ManualMappingCuration	orcid:0009-0000-5160-7927	2025-11-06	1
http://id.who.int/icd/entity/1377997706	skos:exactMatch	https://data.esante.gouv.fr/terminologies/icf#54876	semapv:ManualMappingCuration	orcid:0009-0000-5160-7927	2025-11-06	1
http://id.who.int/icd/entity/1303938042	skos:exactMatch	https://data.esante.gouv.fr/terminologies/icf#80896	semapv:ManualMappingCuration	orcid:0009-0000-5160-7927	2025-11-06	1
http://id.who.int/icd/entity/103904314	skos:exactMatch	https://data.esante.gouv.fr/terminologies/icf#12455	semapv:ManualMappingCuration	orcid:0009-0000-5160-7927	2025-11-06	1
http://id.who.int/icd/entity/1727147214	skos:exactMatch	https://data.esante.gouv.fr/terminologies/icf#19560	semapv:ManualMappingCuration	orcid:0009-0000-5160-7927	2025-11-06	1
http://id.who.int/icd/entity/1910130702	skos:exactMatch	https://data.esante.gouv.fr/terminologies/icf#66660	semapv:ManualMappingCuration	orcid:0009-0000-5160-7927	2025-11-06	1
http://id.who.int/icd/entity/1218635086	skos:exactMatch	https://data.esante.gouv.fr/terminologies/icf#26489	semapv:ManualMappingCuration	orcid:0009-0000-5160-7927	2025-11-06	1
http://id.who.int/icd/entity/1602912654	skos:exactMatch	https://data.esante.gouv.fr/terminologies/icf#28754	semapv:ManualMappingCuration	orcid:0009-0000-5160-7927	2025-11-06	1
http://id.who.int/icd/entity/978567118	skos:exactMatch	https://data.esante.gouv.fr/terminologies/icf#8733	semapv:ManualMappingCuration	orcid:0009-0000-5160-7927	2025-11-06	1
http://id.who.int/icd/entity/862066979	skos:exactMatch	https://data.esante.gouv.fr/terminologies/icf#6603	semapv:ManualMappingCuration	orcid:0009-0000-5160-7927	2025-11-06	1
http://id.who.int/icd/entity/2028728035	skos:exactMatch	https://data.esante.gouv.fr/terminologies/icf#51844	semapv:ManualMappingCuration	orcid:0009-0000-5160-7927	2025-11-06	1
http://id.who.int/icd/entity/2115007909	skos:exactMatch	https://data.esante.gouv.fr/terminologies/icf#32849	semapv:ManualMappingCuration	orcid:0009-0000-5160-7927	2025-11-06	1
http://id.who.int/icd/entity/1765282149	skos:exactMatch	https://data.esante.gouv.fr/terminologies/icf#51080	semapv:ManualMappingCuration	orcid:0009-0000-5160-7927	2025-11-06	1
http://id.who.int/icd/entity/1346419749	skos:exactMatch	https://data.esante.gouv.fr/terminologies/icf#5724	semapv:ManualMappingCuration	orcid:0009-0000-5160-7927	2025-11-06	1
http://id.who.int/icd/entity/552193364	skos:exactMatch	https://data.esante.gouv.fr/terminologies/icf#88472	semapv:ManualMappingCuration	orcid:0009-0000-5160-7927	2025-11-06	1
http://id.who.int/icd/entity/41561686	skos:exactMatch	https://data.esante.gouv.fr/terminologies/icf#94498	semapv:ManualMappingCuration	orcid:0009-0000-5160-7927	2025-11-06	1
http://id.who.int/icd/entity/1324414459	skos:exactMatch	https://data.esante.gouv.fr/terminologies/icf#54269	semapv:ManualMappingCuration	orcid:0009-0000-5160-7927	2025-11-06	1
http://id.who.int/icd/entity/1507365179	skos:exactMatch	https://data.esante.gouv.fr/terminologies/icf#94343	semapv:ManualMappingCuration	orcid:0009-0000-5160-7927	2025-11-06	1
http://id.who.int/icd/entity/1621113979	skos:exactMatch	https://data.esante.gouv.fr/terminologies/icf#74076	semapv:ManualMappingCuration	orcid:0009-0000-5160-7927	2025-11-06	1
http://id.who.int/icd/entity/2005424315	skos:exactMatch	https://data.esante.gouv.fr/terminologies/icf#73433	semapv:ManualMappingCuration	orcid:0009-0000-5160-7927	2025-11-06	1
http://id.who.int/icd/entity/1240717718	skos:exactMatch	https://data.esante.gouv.fr/terminologies/icf#23020	semapv:ManualMappingCuration	orcid:0009-0000-5160-7927	2025-11-06	1
http://id.who.int/icd/entity/1496117629	skos:exactMatch	https://data.esante.gouv.fr/terminologies/icf#37170	semapv:ManualMappingCuration	orcid:0009-0000-5160-7927	2025-11-06	1
http://id.who.int/icd/entity/484113923	skos:exactMatch	https://data.esante.gouv.fr/terminologies/icf#66598	semapv:ManualMappingCuration	orcid:0009-0000-5160-7927	2025-11-06	1
http://id.who.int/icd/entity/200448707	skos:exactMatch	https://data.esante.gouv.fr/terminologies/icf#46225	semapv:ManualMappingCuration	orcid:0009-0000-5160-7927	2025-11-06	1
http://id.who.int/icd/entity/1308923325	skos:exactMatch	https://data.esante.gouv.fr/terminologies/icf#51811	semapv:ManualMappingCuration	orcid:0009-0000-5160-7927	2025-11-06	1
http://id.who.int/icd/entity/2004629757	skos:exactMatch	https://data.esante.gouv.fr/terminologies/icf#56539	semapv:ManualMappingCuration	orcid:0009-0000-5160-7927	2025-11-06	1
http://id.who.int/icd/entity/2090906765	skos:exactMatch	https://data.esante.gouv.fr/terminologies/icf#43547	semapv:ManualMappingCuration	orcid:0009-0000-5160-7927	2025-11-06	1
http://id.who.int/icd/entity/1444064404	skos:exactMatch	https://data.esante.gouv.fr/terminologies/icf#12817	semapv:ManualMappingCuration	orcid:0009-0000-5160-7927	2025-11-06	1
http://id.who.int/icd/entity/1094371412	skos:exactMatch	https://data.esante.gouv.fr/terminologies/icf#6989	semapv:ManualMappingCuration	orcid:0009-0000-5160-7927	2025-11-06	1
http://id.who.int/icd/entity/925451085	skos:exactMatch	https://data.esante.gouv.fr/terminologies/icf#95994	semapv:ManualMappingCuration	orcid:0009-0000-5160-7927	2025-11-06	1
http://id.who.int/icd/entity/1104062484	skos:exactMatch	https://data.esante.gouv.fr/terminologies/icf#25814	semapv:ManualMappingCuration	orcid:0009-0000-5160-7927	2025-11-06	1
http://id.who.int/icd/entity/493814558	skos:exactMatch	https://data.esante.gouv.fr/terminologies/icf#21082	semapv:ManualMappingCuration	orcid:0009-0000-5160-7927	2025-11-06	1
http://id.who.int/icd/entity/172451806	skos:exactMatch	https://data.esante.gouv.fr/terminologies/icf#33868	semapv:ManualMappingCuration	orcid:0009-0000-5160-7927	2025-11-06	1
http://id.who.int/icd/entity/859818654	skos:exactMatch	https://data.esante.gouv.fr/terminologies/icf#11605	semapv:ManualMappingCuration	orcid:0009-0000-5160-7927	2025-11-06	1
http://id.who.int/icd/entity/1326965524	skos:exactMatch	https://data.esante.gouv.fr/terminologies/icf#45450	semapv:ManualMappingCuration	orcid:0009-0000-5160-7927	2025-11-06	1
http://id.who.int/icd/entity/403585238	skos:exactMatch	https://data.esante.gouv.fr/terminologies/icf#43861	semapv:ManualMappingCuration	orcid:0009-0000-5160-7927	2025-11-06	1
http://id.who.int/icd/entity/2119712107	skos:exactMatch	https://data.esante.gouv.fr/terminologies/icf#36117	semapv:ManualMappingCuration	orcid:0009-0000-5160-7927	2025-11-06	1
http://id.who.int/icd/entity/1768970667	skos:exactMatch	https://data.esante.gouv.fr/terminologies/icf#40231	semapv:ManualMappingCuration	orcid:0009-0000-5160-7927	2025-11-06	1
http://id.who.int/icd/entity/244216203	skos:exactMatch	https://data.esante.gouv.fr/terminologies/icf#52933	semapv:ManualMappingCuration	orcid:0009-0000-5160-7927	2025-11-06	1
http://id.who.int/icd/entity/1945120621	skos:exactMatch	https://data.esante.gouv.fr/terminologies/icf#23057	semapv:ManualMappingCuration	orcid:0009-0000-5160-7927	2025-11-06	1
http://id.who.int/icd/entity/1691896749	skos:exactMatch	https://data.esante.gouv.fr/terminologies/icf#16273	semapv:ManualMappingCuration	orcid:0009-0000-5160-7927	2025-11-06	1
http://id.who.int/icd/entity/1570825965	skos:exactMatch	https://data.esante.gouv.fr/terminologies/icf#15009	semapv:ManualMappingCuration	orcid:0009-0000-5160-7927	2025-11-06	1
http://id.who.int/icd/entity/1053428517	skos:exactMatch	https://data.esante.gouv.fr/terminologies/icf#18805	semapv:ManualMappingCuration	orcid:0009-0000-5160-7927	2025-11-06	1
http://id.who.int/icd/entity/1868928861	skos:exactMatch	https://data.esante.gouv.fr/terminologies/icf#88677	semapv:ManualMappingCuration	orcid:0009-0000-5160-7927	2025-11-06	1
http://id.who.int/icd/entity/1847835424	skos:exactMatch	https://data.esante.gouv.fr/terminologies/icf#6587	semapv:ManualMappingCuration	orcid:0009-0000-5160-7927	2025-11-06	1
http://id.who.int/icd/entity/1278145244	skos:exactMatch	https://data.esante.gouv.fr/terminologies/icf#11450	semapv:ManualMappingCuration	orcid:0009-0000-5160-7927	2025-11-06	1
http://id.who.int/icd/entity/1527158300	skos:exactMatch	https://data.esante.gouv.fr/terminologies/icf#81632	semapv:ManualMappingCuration	orcid:0009-0000-5160-7927	2025-11-06	1
http://id.who.int/icd/entity/1652439900	skos:exactMatch	https://data.esante.gouv.fr/terminologies/icf#7119	semapv:ManualMappingCuration	orcid:0009-0000-5160-7927	2025-11-06	1
http://id.who.int/icd/entity/1968594844	skos:exactMatch	https://data.esante.gouv.fr/terminologies/icf#21871	semapv:ManualMappingCuration	orcid:0009-0000-5160-7927	2025-11-06	1
http://id.who.int/icd/entity/1896392331	skos:exactMatch	https://data.esante.gouv.fr/terminologies/icf#78904	semapv:ManualMappingCuration	orcid:0009-0000-5160-7927	2025-11-06	1
http://id.who.int/icd/entity/1422699445	skos:exactMatch	https://data.esante.gouv.fr/terminologies/icf#95600	semapv:ManualMappingCuration	orcid:0009-0000-5160-7927	2025-11-06	1
http://id.who.int/icd/entity/1139068789	skos:exactMatch	https://data.esante.gouv.fr/terminologies/icf#7639	semapv:ManualMappingCuration	orcid:0009-0000-5160-7927	2025-11-06	1
http://id.who.int/icd/entity/2057069109	skos:exactMatch	https://data.esante.gouv.fr/terminologies/icf#75430	semapv:ManualMappingCuration	orcid:0009-0000-5160-7927	2025-11-06	1
http://id.who.int/icd/entity/1840514805	skos:exactMatch	https://data.esante.gouv.fr/terminologies/icf#98721	semapv:ManualMappingCuration	orcid:0009-0000-5160-7927	2025-11-06	1
http://id.who.int/icd/entity/141375669	skos:exactMatch	https://data.esante.gouv.fr/terminologies/icf#39656	semapv:ManualMappingCuration	orcid:0009-0000-5160-7927	2025-11-06	1
http://id.who.int/icd/entity/689311651	skos:exactMatch	https://data.esante.gouv.fr/terminologies/icf#20224	semapv:ManualMappingCuration	orcid:0009-0000-5160-7927	2025-11-06	1
http://id.who.int/icd/entity/1499773363	skos:exactMatch	https://data.esante.gouv.fr/terminologies/icf#46134	semapv:ManualMappingCuration	orcid:0009-0000-5160-7927	2025-11-06	1
http://id.who.int/icd/entity/1313660275	skos:exactMatch	https://data.esante.gouv.fr/terminologies/icf#77288	semapv:ManualMappingCuration	orcid:0009-0000-5160-7927	2025-11-06	1
http://id.who.int/icd/entity/1999925299	skos:exactMatch	https://data.esante.gouv.fr/terminologies/icf#43156	semapv:ManualMappingCuration	orcid:0009-0000-5160-7927	2025-11-06	1
http://id.who.int/icd/entity/1612453107	skos:exactMatch	https://data.esante.gouv.fr/terminologies/icf#2752	semapv:ManualMappingCuration	orcid:0009-0000-5160-7927	2025-11-06	1
http://id.who.int/icd/entity/1473025402	skos:exactMatch	https://data.esante.gouv.fr/terminologies/icf#21004	semapv:ManualMappingCuration	orcid:0009-0000-5160-7927	2025-11-06	1
http://id.who.int/icd/entity/1099358428	skos:exactMatch	https://data.esante.gouv.fr/terminologies/icf#72577	semapv:ManualMappingCuration	orcid:0009-0000-5160-7927	2025-11-06	1
http://id.who.int/icd/entity/1454277660	skos:exactMatch	https://data.esante.gouv.fr/terminologies/icf#32760	semapv:ManualMappingCuration	orcid:0009-0000-5160-7927	2025-11-06	1
http://id.who.int/icd/entity/1876306268	skos:exactMatch	https://data.esante.gouv.fr/terminologies/icf#41628	semapv:ManualMappingCuration	orcid:0009-0000-5160-7927	2025-11-06	1
http://id.who.int/icd/entity/2029931932	skos:exactMatch	https://data.esante.gouv.fr/terminologies/icf#60631	semapv:ManualMappingCuration	orcid:0009-0000-5160-7927	2025-11-06	1
http://id.who.int/icd/entity/1134562249	skos:exactMatch	https://data.esante.gouv.fr/terminologies/icf#17533	semapv:ManualMappingCuration	orcid:0009-0000-5160-7927	2025-11-06	1
http://id.who.int/icd/entity/248265067	skos:exactMatch	https://data.esante.gouv.fr/terminologies/icf#87098	semapv:ManualMappingCuration	orcid:0009-0000-5160-7927	2025-11-06	1
http://id.who.int/icd/entity/2146287736	skos:exactMatch	https://data.esante.gouv.fr/terminologies/icf#84413	semapv:ManualMappingCuration	orcid:0009-0000-5160-7927	2025-11-06	1
http://id.who.int/icd/entity/1757783224	skos:exactMatch	https://data.esante.gouv.fr/terminologies/icf#69553	semapv:ManualMappingCuration	orcid:0009-0000-5160-7927	2025-11-06	1
http://id.who.int/icd/entity/1371343352	skos:exactMatch	https://data.esante.gouv.fr/terminologies/icf#1201	semapv:ManualMappingCuration	orcid:0009-0000-5160-7927	2025-11-06	1
http://id.who.int/icd/entity/1264948861	skos:exactMatch	https://data.esante.gouv.fr/terminologies/icf#11758	semapv:ManualMappingCuration	orcid:0009-0000-5160-7927	2025-11-06	1
http://id.who.int/icd/entity/1748092144	skos:exactMatch	https://data.esante.gouv.fr/terminologies/icf#69811	semapv:ManualMappingCuration	orcid:0009-0000-5160-7927	2025-11-06	1
http://id.who.int/icd/entity/2132385840	skos:exactMatch	https://data.esante.gouv.fr/terminologies/icf#93172	semapv:ManualMappingCuration	orcid:0009-0000-5160-7927	2025-11-06	1
http://id.who.int/icd/entity/1180765552	skos:exactMatch	https://data.esante.gouv.fr/terminologies/icf#11610	semapv:ManualMappingCuration	orcid:0009-0000-5160-7927	2025-11-06	1
http://id.who.int/icd/entity/1492306069	skos:exactMatch	https://data.esante.gouv.fr/terminologies/icf#61136	semapv:ManualMappingCuration	orcid:0009-0000-5160-7927	2025-11-06	1
http://id.who.int/icd/entity/1917178480	skos:exactMatch	https://data.esante.gouv.fr/terminologies/icf#30021	semapv:ManualMappingCuration	orcid:0009-0000-5160-7927	2025-11-06	1
http://id.who.int/icd/entity/1701689008	skos:exactMatch	https://data.esante.gouv.fr/terminologies/icf#30430	semapv:ManualMappingCuration	orcid:0009-0000-5160-7927	2025-11-06	1
http://id.who.int/icd/entity/1544887280	skos:exactMatch	https://data.esante.gouv.fr/terminologies/icf#68542	semapv:ManualMappingCuration	orcid:0009-0000-5160-7927	2025-11-06	1
http://id.who.int/icd/entity/1262321456	skos:exactMatch	https://data.esante.gouv.fr/terminologies/icf#8854	semapv:ManualMappingCuration	orcid:0009-0000-5160-7927	2025-11-06	1
http://id.who.int/icd/entity/1164313611	skos:exactMatch	https://data.esante.gouv.fr/terminologies/icf#41219	semapv:ManualMappingCuration	orcid:0009-0000-5160-7927	2025-11-06	1
http://id.who.int/icd/entity/274570113	skos:exactMatch	https://data.esante.gouv.fr/terminologies/icf#35923	semapv:ManualMappingCuration	orcid:0009-0000-5160-7927	2025-11-06	1
http://id.who.int/icd/entity/1789365017	skos:exactMatch	https://data.esante.gouv.fr/terminologies/icf#23154	semapv:ManualMappingCuration	orcid:0009-0000-5160-7927	2025-11-06	1
http://id.who.int/icd/entity/2106585049	skos:exactMatch	https://data.esante.gouv.fr/terminologies/icf#20428	semapv:ManualMappingCuration	orcid:0009-0000-5160-7927	2025-11-06	1
http://id.who.int/icd/entity/1157055129	skos:exactMatch	https://data.esante.gouv.fr/terminologies/icf#97794	semapv:ManualMappingCuration	orcid:0009-0000-5160-7927	2025-11-06	1
http://id.who.int/icd/entity/1407133273	skos:exactMatch	https://data.esante.gouv.fr/terminologies/icf#1964	semapv:ManualMappingCuration	orcid:0009-0000-5160-7927	2025-11-06	1
http://id.who.int/icd/entity/906369049	skos:exactMatch	https://data.esante.gouv.fr/terminologies/icf#87391	semapv:ManualMappingCuration	orcid:0009-0000-5160-7927	2025-11-06	1
http://id.who.int/icd/entity/556694745	skos:exactMatch	https://data.esante.gouv.fr/terminologies/icf#99746	semapv:ManualMappingCuration	orcid:0009-0000-5160-7927	2025-11-06	1
http://id.who.int/icd/entity/408342937	skos:exactMatch	https://data.esante.gouv.fr/terminologies/icf#9868	semapv:ManualMappingCuration	orcid:0009-0000-5160-7927	2025-11-06	1
http://id.who.int/icd/entity/1839310222	skos:exactMatch	https://data.esante.gouv.fr/terminologies/icf#26422	semapv:ManualMappingCuration	orcid:0009-0000-5160-7927	2025-11-06	1
http://id.who.int/icd/entity/2105249695	skos:exactMatch	https://data.esante.gouv.fr/terminologies/icf#6739	semapv:ManualMappingCuration	orcid:0009-0000-5160-7927	2025-11-06	1
http://id.who.int/icd/entity/1783884639	skos:exactMatch	https://data.esante.gouv.fr/terminologies/icf#92750	semapv:ManualMappingCuration	orcid:0009-0000-5160-7927	2025-11-06	1
http://id.who.int/icd/entity/1395344927	skos:exactMatch	https://data.esante.gouv.fr/terminologies/icf#50987	semapv:ManualMappingCuration	orcid:0009-0000-5160-7927	2025-11-06	1
http://id.who.int/icd/entity/1141056223	skos:exactMatch	https://data.esante.gouv.fr/terminologies/icf#60040	semapv:ManualMappingCuration	orcid:0009-0000-5160-7927	2025-11-06	1
http://id.who.int/icd/entity/567942303	skos:exactMatch	https://data.esante.gouv.fr/terminologies/icf#72066	semapv:ManualMappingCuration	orcid:0009-0000-5160-7927	2025-11-06	1
http://id.who.int/icd/entity/921860191	skos:exactMatch	https://data.esante.gouv.fr/terminologies/icf#78602	semapv:ManualMappingCuration	orcid:0009-0000-5160-7927	2025-11-06	1
http://id.who.int/icd/entity/260756767	skos:exactMatch	https://data.esante.gouv.fr/terminologies/icf#40861	semapv:ManualMappingCuration	orcid:0009-0000-5160-7927	2025-11-06	1
http://id.who.int/icd/entity/389047611	skos:exactMatch	https://data.esante.gouv.fr/terminologies/icf#12261	semapv:ManualMappingCuration	orcid:0009-0000-5160-7927	2025-11-06	1
http://id.who.int/icd/entity/1302007745	skos:exactMatch	https://data.esante.gouv.fr/terminologies/icf#32210	semapv:ManualMappingCuration	orcid:0009-0000-5160-7927	2025-11-06	1
http://id.who.int/icd/entity/1521707777	skos:exactMatch	https://data.esante.gouv.fr/terminologies/icf#5731	semapv:ManualMappingCuration	orcid:0009-0000-5160-7927	2025-11-06	1
http://id.who.int/icd/entity/1674298945	skos:exactMatch	https://data.esante.gouv.fr/terminologies/icf#90457	semapv:ManualMappingCuration	orcid:0009-0000-5160-7927	2025-11-06	1
http://id.who.int/icd/entity/627064928	skos:exactMatch	https://data.esante.gouv.fr/terminologies/icf#12627	semapv:ManualMappingCuration	orcid:0009-0000-5160-7927	2025-11-06	1
http://id.who.int/icd/entity/1777008610	skos:exactMatch	https://data.esante.gouv.fr/terminologies/icf#38976	semapv:ManualMappingCuration	orcid:0009-0000-5160-7927	2025-11-06	1
http://id.who.int/icd/entity/1434015402	skos:exactMatch	https://data.esante.gouv.fr/terminologies/icf#39307	semapv:ManualMappingCuration	orcid:0009-0000-5160-7927	2025-11-06	1
http://id.who.int/icd/entity/1112617578	skos:exactMatch	https://data.esante.gouv.fr/terminologies/icf#1400	semapv:ManualMappingCuration	orcid:0009-0000-5160-7927	2025-11-06	1
http://id.who.int/icd/entity/2066325290	skos:exactMatch	https://data.esante.gouv.fr/terminologies/icf#13154	semapv:ManualMappingCuration	orcid:0009-0000-5160-7927	2025-11-06	1
http://id.who.int/icd/entity/576915490	skos:exactMatch	https://data.esante.gouv.fr/terminologies/icf#62957	semapv:ManualMappingCuration	orcid:0009-0000-5160-7927	2025-11-06	1
http://id.who.int/icd/entity/838096586	skos:exactMatch	https://data.esante.gouv.fr/terminologies/icf#95299	semapv:ManualMappingCuration	orcid:0009-0000-5160-7927	2025-11-06	1
http://id.who.int/icd/entity/1490109614	skos:exactMatch	https://data.esante.gouv.fr/terminologies/icf#53893	semapv:ManualMappingCuration	orcid:0009-0000-5160-7927	2025-11-06	1
http://id.who.int/icd/entity/1341726830	skos:exactMatch	https://data.esante.gouv.fr/terminologies/icf#79896	semapv:ManualMappingCuration	orcid:0009-0000-5160-7927	2025-11-06	1
http://id.who.int/icd/entity/1988201774	skos:exactMatch	https://data.esante.gouv.fr/terminologies/icf#36796	semapv:ManualMappingCuration	orcid:0009-0000-5160-7927	2025-11-06	1
http://id.who.int/icd/entity/1638525422	skos:exactMatch	https://data.esante.gouv.fr/terminologies/icf#78639	semapv:ManualMappingCuration	orcid:0009-0000-5160-7927	2025-11-06	1
http://id.who.int/icd/entity/651964938	skos:exactMatch	https://data.esante.gouv.fr/terminologies/icf#25785	semapv:ManualMappingCuration	orcid:0009-0000-5160-7927	2025-11-06	1
http://id.who.int/icd/entity/638312055	skos:exactMatch	https://data.esante.gouv.fr/terminologies/icf#25801	semapv:ManualMappingCuration	orcid:0009-0000-5160-7927	2025-11-06	1
http://id.who.int/icd/entity/824425143	skos:exactMatch	https://data.esante.gouv.fr/terminologies/icf#24001	semapv:ManualMappingCuration	orcid:0009-0000-5160-7927	2025-11-06	1
http://id.who.int/icd/entity/2055053578	skos:exactMatch	https://data.esante.gouv.fr/terminologies/icf#77705	semapv:ManualMappingCuration	orcid:0009-0000-5160-7927	2025-11-06	1
http://id.who.int/icd/entity/1326268458	skos:exactMatch	https://data.esante.gouv.fr/terminologies/icf#48870	semapv:ManualMappingCuration	orcid:0009-0000-5160-7927	2025-11-06	1
http://id.who.int/icd/entity/1478829290	skos:exactMatch	https://data.esante.gouv.fr/terminologies/icf#89344	semapv:ManualMappingCuration	orcid:0009-0000-5160-7927	2025-11-06	1
http://id.who.int/icd/entity/1633520042	skos:exactMatch	https://data.esante.gouv.fr/terminologies/icf#6140	semapv:ManualMappingCuration	orcid:0009-0000-5160-7927	2025-11-06	1
http://id.who.int/icd/entity/1987439978	skos:exactMatch	https://data.esante.gouv.fr/terminologies/icf#23664	semapv:ManualMappingCuration	orcid:0009-0000-5160-7927	2025-11-06	1
http://id.who.int/icd/entity/1328466963	skos:exactMatch	https://data.esante.gouv.fr/terminologies/icf#49260	semapv:ManualMappingCuration	orcid:0009-0000-5160-7927	2025-11-06	1
http://id.who.int/icd/entity/1405368356	skos:exactMatch	https://data.esante.gouv.fr/terminologies/icf#5101	semapv:ManualMappingCuration	orcid:0009-0000-5160-7927	2025-11-06	1
http://id.who.int/icd/entity/841397411	skos:exactMatch	https://data.esante.gouv.fr/terminologies/icf#94941	semapv:ManualMappingCuration	orcid:0009-0000-5160-7927	2025-11-06	1
http://id.who.int/icd/entity/621727843	skos:exactMatch	https://data.esante.gouv.fr/terminologies/icf#43934	semapv:ManualMappingCuration	orcid:0009-0000-5160-7927	2025-11-06	1
http://id.who.int/icd/entity/1382522180	skos:exactMatch	https://data.esante.gouv.fr/terminologies/icf#43527	semapv:ManualMappingCuration	orcid:0009-0000-5160-7927	2025-11-06	1
http://id.who.int/icd/entity/1928972505	skos:exactMatch	https://data.esante.gouv.fr/terminologies/icf#74450	semapv:ManualMappingCuration	orcid:0009-0000-5160-7927	2025-11-06	1
http://id.who.int/icd/entity/719806961	skos:exactMatch	https://data.esante.gouv.fr/terminologies/icf#21483	semapv:ManualMappingCuration	orcid:0009-0000-5160-7927	2025-11-06	1
http://id.who.int/icd/entity/1413348136	skos:exactMatch	https://data.esante.gouv.fr/terminologies/icf#79404	semapv:ManualMappingCuration	orcid:0009-0000-5160-7927	2025-11-06	1
http://id.who.int/icd/entity/1696975967	skos:exactMatch	https://data.esante.gouv.fr/terminologies/icf#49599	semapv:ManualMappingCuration	orcid:0009-0000-5160-7927	2025-11-06	1
http://id.who.int/icd/entity/425006483	skos:exactMatch	https://data.esante.gouv.fr/terminologies/icf#12124	semapv:ManualMappingCuration	orcid:0009-0000-5160-7927	2025-11-06	1
http://id.who.int/icd/entity/469718664	skos:exactMatch	https://data.esante.gouv.fr/terminologies/icf#86548	semapv:ManualMappingCuration	orcid:0009-0000-5160-7927	2025-11-06	1
http://id.who.int/icd/entity/1138884528	skos:exactMatch	https://data.esante.gouv.fr/terminologies/icf#65635	semapv:ManualMappingCuration	orcid:0009-0000-5160-7927	2025-11-06	1
http://id.who.int/icd/entity/735194884	skos:exactMatch	https://data.esante.gouv.fr/terminologies/icf#19185	semapv:ManualMappingCuration	orcid:0009-0000-5160-7927	2025-11-06	1
http://id.who.int/icd/entity/982430274	skos:exactMatch	https://data.esante.gouv.fr/terminologies/icf#52063	semapv:ManualMappingCuration	orcid:0009-0000-5160-7927	2025-11-06	1
http://id.who.int/icd/entity/1896301954	skos:exactMatch	https://data.esante.gouv.fr/terminologies/icf#75505	semapv:ManualMappingCuration	orcid:0009-0000-5160-7927	2025-11-06	1
http://id.who.int/icd/entity/1653611370	skos:exactMatch	https://data.esante.gouv.fr/terminologies/icf#14850	semapv:ManualMappingCuration	orcid:0009-0000-5160-7927	2025-11-06	1
http://id.who.int/icd/entity/21260786	skos:exactMatch	https://data.esante.gouv.fr/terminologies/icf#83315	semapv:ManualMappingCuration	orcid:0009-0000-5160-7927	2025-11-06	1
http://id.who.int/icd/entity/376180018	skos:exactMatch	https://data.esante.gouv.fr/terminologies/icf#24323	semapv:ManualMappingCuration	orcid:0009-0000-5160-7927	2025-11-06	1
http://id.who.int/icd/entity/789880946	skos:exactMatch	https://data.esante.gouv.fr/terminologies/icf#38944	semapv:ManualMappingCuration	orcid:0009-0000-5160-7927	2025-11-06	1
http://id.who.int/icd/entity/943506610	skos:exactMatch	https://data.esante.gouv.fr/terminologies/icf#48778	semapv:ManualMappingCuration	orcid:0009-0000-5160-7927	2025-11-06	1
http://id.who.int/icd/entity/1314143106	skos:exactMatch	https://data.esante.gouv.fr/terminologies/icf#24307	semapv:ManualMappingCuration	orcid:0009-0000-5160-7927	2025-11-06	1
http://id.who.int/icd/entity/474644915	skos:exactMatch	https://data.esante.gouv.fr/terminologies/icf#38838	semapv:ManualMappingCuration	orcid:0009-0000-5160-7927	2025-11-06	1
http://id.who.int/icd/entity/191030643	skos:exactMatch	https://data.esante.gouv.fr/terminologies/icf#26165	semapv:ManualMappingCuration	orcid:0009-0000-5160-7927	2025-11-06	1
http://id.who.int/icd/entity/1736223298	skos:exactMatch	https://data.esante.gouv.fr/terminologies/icf#1677	semapv:ManualMappingCuration	orcid:0009-0000-5160-7927	2025-11-06	1
http://id.who.int/icd/entity/1884606082	skos:exactMatch	https://data.esante.gouv.fr/terminologies/icf#99882	semapv:ManualMappingCuration	orcid:0009-0000-5160-7927	2025-11-06	1
http://id.who.int/icd/entity/1227645890	skos:exactMatch	https://data.esante.gouv.fr/terminologies/icf#99613	semapv:ManualMappingCuration	orcid:0009-0000-5160-7927	2025-11-06	1
http://id.who.int/icd/entity/1577322242	skos:exactMatch	https://data.esante.gouv.fr/terminologies/icf#7216	semapv:ManualMappingCuration	orcid:0009-0000-5160-7927	2025-11-06	1
http://id.who.int/icd/entity/840583219	skos:exactMatch	https://data.esante.gouv.fr/terminologies/icf#28921	semapv:ManualMappingCuration	orcid:0009-0000-5160-7927	2025-11-06	1
http://id.who.int/icd/entity/1063388010	skos:exactMatch	https://data.esante.gouv.fr/terminologies/icf#72845	semapv:ManualMappingCuration	orcid:0009-0000-5160-7927	2025-11-06	1
http://id.who.int/icd/entity/675964842	skos:exactMatch	https://data.esante.gouv.fr/terminologies/icf#9323	semapv:ManualMappingCuration	orcid:0009-0000-5160-7927	2025-11-06	1
http://id.who.int/icd/entity/288541418	skos:exactMatch	https://data.esante.gouv.fr/terminologies/icf#22205	semapv:ManualMappingCuration	orcid:0009-0000-5160-7927	2025-11-06	1
http://id.who.int/icd/entity/624045299	skos:exactMatch	https://data.esante.gouv.fr/terminologies/icf#42435	semapv:ManualMappingCuration	orcid:0009-0000-5160-7927	2025-11-06	1
http://id.who.int/icd/entity/1472427635	skos:exactMatch	https://data.esante.gouv.fr/terminologies/icf#45174	semapv:ManualMappingCuration	orcid:0009-0000-5160-7927	2025-11-06	1
http://id.who.int/icd/entity/2039726067	skos:exactMatch	https://data.esante.gouv.fr/terminologies/icf#76253	semapv:ManualMappingCuration	orcid:0009-0000-5160-7927	2025-11-06	1
http://id.who.int/icd/entity/683542510	skos:exactMatch	https://data.esante.gouv.fr/terminologies/icf#88505	semapv:ManualMappingCuration	orcid:0009-0000-5160-7927	2025-11-06	1
http://id.who.int/icd/entity/1066820398	skos:exactMatch	https://data.esante.gouv.fr/terminologies/icf#24391	semapv:ManualMappingCuration	orcid:0009-0000-5160-7927	2025-11-06	1
http://id.who.int/icd/entity/1526093901	skos:exactMatch	https://data.esante.gouv.fr/terminologies/icf#64877	semapv:ManualMappingCuration	orcid:0009-0000-5160-7927	2025-11-06	1
http://id.who.int/icd/entity/760395462	skos:exactMatch	https://data.esante.gouv.fr/terminologies/icf#67155	semapv:ManualMappingCuration	orcid:0009-0000-5160-7927	2025-11-06	1
http://id.who.int/icd/entity/1050326081	skos:exactMatch	https://data.esante.gouv.fr/terminologies/icf#55475	semapv:ManualMappingCuration	orcid:0009-0000-5160-7927	2025-11-06	1
http://id.who.int/icd/entity/699584641	skos:exactMatch	https://data.esante.gouv.fr/terminologies/icf#35430	semapv:ManualMappingCuration	orcid:0009-0000-5160-7927	2025-11-06	1
http://id.who.int/icd/entity/281705921	skos:exactMatch	https://data.esante.gouv.fr/terminologies/icf#18187	semapv:ManualMappingCuration	orcid:0009-0000-5160-7927	2025-11-06	1
http://id.who.int/icd/entity/1725645062	skos:exactMatch	https://data.esante.gouv.fr/terminologies/icf#53776	semapv:ManualMappingCuration	orcid:0009-0000-5160-7927	2025-11-06	1
http://id.who.int/icd/entity/692498631	skos:exactMatch	https://data.esante.gouv.fr/terminologies/icf#52072	semapv:ManualMappingCuration	orcid:0009-0000-5160-7927	2025-11-06	1
http://id.who.int/icd/entity/1047450631	skos:exactMatch	https://data.esante.gouv.fr/terminologies/icf#59988	semapv:ManualMappingCuration	orcid:0009-0000-5160-7927	2025-11-06	1
http://id.who.int/icd/entity/118913351	skos:exactMatch	https://data.esante.gouv.fr/terminologies/icf#21107	semapv:ManualMappingCuration	orcid:0009-0000-5160-7927	2025-11-06	1
http://id.who.int/icd/entity/1401433117	skos:exactMatch	https://data.esante.gouv.fr/terminologies/icf#85236	semapv:ManualMappingCuration	orcid:0009-0000-5160-7927	2025-11-06	1
http://id.who.int/icd/entity/645459240	skos:exactMatch	https://data.esante.gouv.fr/terminologies/icf#2769	semapv:ManualMappingCuration	orcid:0009-0000-5160-7927	2025-11-06	1
http://id.who.int/icd/entity/827361768	skos:exactMatch	https://data.esante.gouv.fr/terminologies/icf#28646	semapv:ManualMappingCuration	orcid:0009-0000-5160-7927	2025-11-06	1
http://id.who.int/icd/entity/136848552	skos:exactMatch	https://data.esante.gouv.fr/terminologies/icf#34330	semapv:ManualMappingCuration	orcid:0009-0000-5160-7927	2025-11-06	1
http://id.who.int/icd/entity/402775005	skos:exactMatch	https://data.esante.gouv.fr/terminologies/icf#44985	semapv:ManualMappingCuration	orcid:0009-0000-5160-7927	2025-11-06	1
http://id.who.int/icd/entity/832891312	skos:exactMatch	https://data.esante.gouv.fr/terminologies/icf#61896	semapv:ManualMappingCuration	orcid:0009-0000-5160-7927	2025-11-06	1
http://id.who.int/icd/entity/646745456	skos:exactMatch	https://data.esante.gouv.fr/terminologies/icf#65870	semapv:ManualMappingCuration	orcid:0009-0000-5160-7927	2025-11-06	1
http://id.who.int/icd/entity/1014916094	skos:exactMatch	https://data.esante.gouv.fr/terminologies/icf#93600	semapv:ManualMappingCuration	orcid:0009-0000-5160-7927	2025-11-06	1
http://id.who.int/icd/entity/194413877	skos:exactMatch	https://data.esante.gouv.fr/terminologies/icf#24506	semapv:ManualMappingCuration	orcid:0009-0000-5160-7927	2025-11-06	1
http://id.who.int/icd/entity/735117104	skos:exactMatch	https://data.esante.gouv.fr/terminologies/icf#35025	semapv:ManualMappingCuration	orcid:0009-0000-5160-7927	2025-11-06	1
http://id.who.int/icd/entity/1022925808	skos:exactMatch	https://data.esante.gouv.fr/terminologies/icf#49627	semapv:ManualMappingCuration	orcid:0009-0000-5160-7927	2025-11-06	1
http://id.who.int/icd/entity/854468725	skos:exactMatch	https://data.esante.gouv.fr/terminologies/icf#53663	semapv:ManualMappingCuration	orcid:0009-0000-5160-7927	2025-11-06	1
http://id.who.int/icd/entity/2036850613	skos:exactMatch	https://data.esante.gouv.fr/terminologies/icf#22184	semapv:ManualMappingCuration	orcid:0009-0000-5160-7927	2025-11-06	1
http://id.who.int/icd/entity/1967923182	skos:exactMatch	https://data.esante.gouv.fr/terminologies/icf#82302	semapv:ManualMappingCuration	orcid:0009-0000-5160-7927	2025-11-06	1
http://id.who.int/icd/entity/858957383	skos:exactMatch	https://data.esante.gouv.fr/terminologies/icf#96654	semapv:ManualMappingCuration	orcid:0009-0000-5160-7927	2025-11-06	1
http://id.who.int/icd/entity/605733511	skos:exactMatch	https://data.esante.gouv.fr/terminologies/icf#93696	semapv:ManualMappingCuration	orcid:0009-0000-5160-7927	2025-11-06	1
http://id.who.int/icd/entity/492990407	skos:exactMatch	https://data.esante.gouv.fr/terminologies/icf#71230	semapv:ManualMappingCuration	orcid:0009-0000-5160-7927	2025-11-06	1
http://id.who.int/icd/entity/1528616558	skos:exactMatch	https://data.esante.gouv.fr/terminologies/icf#51937	semapv:ManualMappingCuration	orcid:0009-0000-5160-7927	2025-11-06	1
http://id.who.int/icd/entity/368481720	skos:exactMatch	https://data.esante.gouv.fr/terminologies/icf#31067	semapv:ManualMappingCuration	orcid:0009-0000-5160-7927	2025-11-06	1
http://id.who.int/icd/entity/48165240	skos:exactMatch	https://data.esante.gouv.fr/terminologies/icf#65120	semapv:ManualMappingCuration	orcid:0009-0000-5160-7927	2025-11-06	1
http://id.who.int/icd/entity/126518990	skos:exactMatch	https://data.esante.gouv.fr/terminologies/icf#85968	semapv:ManualMappingCuration	orcid:0009-0000-5160-7927	2025-11-06	1
http://id.who.int/icd/entity/619619009	skos:exactMatch	https://data.esante.gouv.fr/terminologies/icf#47360	semapv:ManualMappingCuration	orcid:0009-0000-5160-7927	2025-11-06	1
http://id.who.int/icd/entity/868664833	skos:exactMatch	https://data.esante.gouv.fr/terminologies/icf#35249	semapv:ManualMappingCuration	orcid:0009-0000-5160-7927	2025-11-06	1
http://id.who.int/icd/entity/278208942	skos:exactMatch	https://data.esante.gouv.fr/terminologies/icf#86800	semapv:ManualMappingCuration	orcid:0009-0000-5160-7927	2025-11-06	1
http://id.who.int/icd/entity/925278278	skos:exactMatch	https://data.esante.gouv.fr/terminologies/icf#32815	semapv:ManualMappingCuration	orcid:0009-0000-5160-7927	2025-11-06	1
http://id.who.int/icd/entity/238189777	skos:exactMatch	https://data.esante.gouv.fr/terminologies/icf#74119	semapv:ManualMappingCuration	orcid:0009-0000-5160-7927	2025-11-06	1
http://id.who.int/icd/entity/421140497	skos:exactMatch	https://data.esante.gouv.fr/terminologies/icf#80306	semapv:ManualMappingCuration	orcid:0009-0000-5160-7927	2025-11-06	1
http://id.who.int/icd/entity/543339857	skos:exactMatch	https://data.esante.gouv.fr/terminologies/icf#21732	semapv:ManualMappingCuration	orcid:0009-0000-5160-7927	2025-11-06	1
http://id.who.int/icd/entity/927650193	skos:exactMatch	https://data.esante.gouv.fr/terminologies/icf#73933	semapv:ManualMappingCuration	orcid:0009-0000-5160-7927	2025-11-06	1
http://id.who.int/icd/entity/1865943406	skos:exactMatch	https://data.esante.gouv.fr/terminologies/icf#34874	semapv:ManualMappingCuration	orcid:0009-0000-5160-7927	2025-11-06	1
http://id.who.int/icd/entity/60452567	skos:exactMatch	https://data.esante.gouv.fr/terminologies/icf#82903	semapv:ManualMappingCuration	orcid:0009-0000-5160-7927	2025-11-06	1
http://id.who.int/icd/entity/347212311	skos:exactMatch	https://data.esante.gouv.fr/terminologies/icf#68678	semapv:ManualMappingCuration	orcid:0009-0000-5160-7927	2025-11-06	1
http://id.who.int/icd/entity/768255831	skos:exactMatch	https://data.esante.gouv.fr/terminologies/icf#72024	semapv:ManualMappingCuration	orcid:0009-0000-5160-7927	2025-11-06	1
http://id.who.int/icd/entity/987939735	skos:exactMatch	https://data.esante.gouv.fr/terminologies/icf#93489	semapv:ManualMappingCuration	orcid:0009-0000-5160-7927	2025-11-06	1
http://id.who.int/icd/entity/2018794819	skos:exactMatch	https://data.esante.gouv.fr/terminologies/icf#32790	semapv:ManualMappingCuration	orcid:0009-0000-5160-7927	2025-11-06	1
http://id.who.int/icd/entity/206590846	skos:exactMatch	https://data.esante.gouv.fr/terminologies/icf#43722	semapv:ManualMappingCuration	orcid:0009-0000-5160-7927	2025-11-06	1
http://id.who.int/icd/entity/891878974	skos:exactMatch	https://data.esante.gouv.fr/terminologies/icf#42100	semapv:ManualMappingCuration	orcid:0009-0000-5160-7927	2025-11-06	1
http://id.who.int/icd/entity/570465022	skos:exactMatch	https://data.esante.gouv.fr/terminologies/icf#28378	semapv:ManualMappingCuration	orcid:0009-0000-5160-7927	2025-11-06	1
http://id.who.int/icd/entity/1205445822	skos:exactMatch	https://data.esante.gouv.fr/terminologies/icf#24306	semapv:ManualMappingCuration	orcid:0009-0000-5160-7927	2025-11-06	1
http://id.who.int/icd/entity/639612322	skos:exactMatch	https://data.esante.gouv.fr/terminologies/icf#81940	semapv:ManualMappingCuration	orcid:0009-0000-5160-7927	2025-11-06	1
http://id.who.int/icd/entity/1011135336	skos:exactMatch	https://data.esante.gouv.fr/terminologies/icf#73519	semapv:ManualMappingCuration	orcid:0009-0000-5160-7927	2025-11-06	1
http://id.who.int/icd/entity/728553384	skos:exactMatch	https://data.esante.gouv.fr/terminologies/icf#19336	semapv:ManualMappingCuration	orcid:0009-0000-5160-7927	2025-11-06	1
http://id.who.int/icd/entity/303332072	skos:exactMatch	https://data.esante.gouv.fr/terminologies/icf#61283	semapv:ManualMappingCuration	orcid:0009-0000-5160-7927	2025-11-06	1
http://id.who.int/icd/entity/1192395813	skos:exactMatch	https://data.esante.gouv.fr/terminologies/icf#39975	semapv:ManualMappingCuration	orcid:0009-0000-5160-7927	2025-11-06	1
http://id.who.int/icd/entity/414180620	skos:exactMatch	https://data.esante.gouv.fr/terminologies/icf#60456	semapv:ManualMappingCuration	orcid:0009-0000-5160-7927	2025-11-06	1
http://id.who.int/icd/entity/1682771693	skos:exactMatch	https://data.esante.gouv.fr/terminologies/icf#25470	semapv:ManualMappingCuration	orcid:0009-0000-5160-7927	2025-11-06	1
http://id.who.int/icd/entity/408651084	skos:exactMatch	https://data.esante.gouv.fr/terminologies/icf#37304	semapv:ManualMappingCuration	orcid:0009-0000-5160-7927	2025-11-06	1
http://id.who.int/icd/entity/259252620	skos:exactMatch	https://data.esante.gouv.fr/terminologies/icf#36321	semapv:ManualMappingCuration	orcid:0009-0000-5160-7927	2025-11-06	1
http://id.who.int/icd/entity/906710220	skos:exactMatch	https://data.esante.gouv.fr/terminologies/icf#94800	semapv:ManualMappingCuration	orcid:0009-0000-5160-7927	2025-11-06	1
http://id.who.int/icd/entity/2010796037	skos:exactMatch	https://data.esante.gouv.fr/terminologies/icf#84458	semapv:ManualMappingCuration	orcid:0009-0000-5160-7927	2025-11-06	1
http://id.who.int/icd/entity/1012115397	skos:exactMatch	https://data.esante.gouv.fr/terminologies/icf#95811	semapv:ManualMappingCuration	orcid:0009-0000-5160-7927	2025-11-06	1
http://id.who.int/icd/entity/151046878	skos:exactMatch	https://data.esante.gouv.fr/terminologies/icf#44403	semapv:ManualMappingCuration	orcid:0009-0000-5160-7927	2025-11-06	1
http://id.who.int/icd/entity/505982494	skos:exactMatch	https://data.esante.gouv.fr/terminologies/icf#73876	semapv:ManualMappingCuration	orcid:0009-0000-5160-7927	2025-11-06	1
http://id.who.int/icd/entity/659555166	skos:exactMatch	https://data.esante.gouv.fr/terminologies/icf#66356	semapv:ManualMappingCuration	orcid:0009-0000-5160-7927	2025-11-06	1
http://id.who.int/icd/entity/1116290334	skos:exactMatch	https://data.esante.gouv.fr/terminologies/icf#10570	semapv:ManualMappingCuration	orcid:0009-0000-5160-7927	2025-11-06	1
http://id.who.int/icd/entity/219270693	skos:exactMatch	https://data.esante.gouv.fr/terminologies/icf#60967	semapv:ManualMappingCuration	orcid:0009-0000-5160-7927	2025-11-06	1
http://id.who.int/icd/entity/439986917	skos:exactMatch	https://data.esante.gouv.fr/terminologies/icf#55370	semapv:ManualMappingCuration	orcid:0009-0000-5160-7927	2025-11-06	1
http://id.who.int/icd/entity/591464357	skos:exactMatch	https://data.esante.gouv.fr/terminologies/icf#74394	semapv:ManualMappingCuration	orcid:0009-0000-5160-7927	2025-11-06	1
http://id.who.int/icd/entity/941161899	skos:exactMatch	https://data.esante.gouv.fr/terminologies/icf#36327	semapv:ManualMappingCuration	orcid:0009-0000-5160-7927	2025-11-06	1
http://id.who.int/icd/entity/1938885227	skos:exactMatch	https://data.esante.gouv.fr/terminologies/icf#36186	semapv:ManualMappingCuration	orcid:0009-0000-5160-7927	2025-11-06	1
http://id.who.int/icd/entity/872878471	skos:exactMatch	https://data.esante.gouv.fr/terminologies/icf#30883	semapv:ManualMappingCuration	orcid:0009-0000-5160-7927	2025-11-06	1
http://id.who.int/icd/entity/952917930	skos:exactMatch	https://data.esante.gouv.fr/terminologies/icf#95551	semapv:ManualMappingCuration	orcid:0009-0000-5160-7927	2025-11-06	1
http://id.who.int/icd/entity/622008082	skos:exactMatch	https://data.esante.gouv.fr/terminologies/icf#49314	semapv:ManualMappingCuration	orcid:0009-0000-5160-7927	2025-11-06	1
http://id.who.int/icd/entity/842757074	skos:exactMatch	https://data.esante.gouv.fr/terminologies/icf#42943	semapv:ManualMappingCuration	orcid:0009-0000-5160-7927	2025-11-06	1
http://id.who.int/icd/entity/188997266	skos:exactMatch	https://data.esante.gouv.fr/terminologies/icf#10279	semapv:ManualMappingCuration	orcid:0009-0000-5160-7927	2025-11-06	1
http://id.who.int/icd/entity/476822098	skos:exactMatch	https://data.esante.gouv.fr/terminologies/icf#75032	semapv:ManualMappingCuration	orcid:0009-0000-5160-7927	2025-11-06	1
http://id.who.int/icd/entity/2041742354	skos:exactMatch	https://data.esante.gouv.fr/terminologies/icf#52179	semapv:ManualMappingCuration	orcid:0009-0000-5160-7927	2025-11-06	1
http://id.who.int/icd/entity/223056050	skos:exactMatch	https://data.esante.gouv.fr/terminologies/icf#41282	semapv:ManualMappingCuration	orcid:0009-0000-5160-7927	2025-11-06	1
http://id.who.int/icd/entity/852431766	skos:exactMatch	https://data.esante.gouv.fr/terminologies/icf#16877	semapv:ManualMappingCuration	orcid:0009-0000-5160-7927	2025-11-06	1
http://id.who.int/icd/entity/635926358	skos:exactMatch	https://data.esante.gouv.fr/terminologies/icf#14012	semapv:ManualMappingCuration	orcid:0009-0000-5160-7927	2025-11-06	1
http://id.who.int/icd/entity/517787226	skos:exactMatch	https://data.esante.gouv.fr/terminologies/icf#97813	semapv:ManualMappingCuration	orcid:0009-0000-5160-7927	2025-11-06	1
http://id.who.int/icd/entity/683345174	skos:exactMatch	https://data.esante.gouv.fr/terminologies/icf#49812	semapv:ManualMappingCuration	orcid:0009-0000-5160-7927	2025-11-06	1
http://id.who.int/icd/entity/1066623446	skos:exactMatch	https://data.esante.gouv.fr/terminologies/icf#8291	semapv:ManualMappingCuration	orcid:0009-0000-5160-7927	2025-11-06	1
http://id.who.int/icd/entity/116116630	skos:exactMatch	https://data.esante.gouv.fr/terminologies/icf#68543	semapv:ManualMappingCuration	orcid:0009-0000-5160-7927	2025-11-06	1
http://id.who.int/icd/entity/1266389839	skos:exactMatch	https://data.esante.gouv.fr/terminologies/icf#54638	semapv:ManualMappingCuration	orcid:0009-0000-5160-7927	2025-11-06	1
http://id.who.int/icd/entity/150502901	skos:exactMatch	https://data.esante.gouv.fr/terminologies/icf#82751	semapv:ManualMappingCuration	orcid:0009-0000-5160-7927	2025-11-06	1
http://id.who.int/icd/entity/193884831	skos:exactMatch	https://data.esante.gouv.fr/terminologies/icf#80873	semapv:ManualMappingCuration	orcid:0009-0000-5160-7927	2025-11-06	1
http://id.who.int/icd/entity/480646751	skos:exactMatch	https://data.esante.gouv.fr/terminologies/icf#16139	semapv:ManualMappingCuration	orcid:0009-0000-5160-7927	2025-11-06	1
http://id.who.int/icd/entity/635353887	skos:exactMatch	https://data.esante.gouv.fr/terminologies/icf#53500	semapv:ManualMappingCuration	orcid:0009-0000-5160-7927	2025-11-06	1
http://id.who.int/icd/entity/855039967	skos:exactMatch	https://data.esante.gouv.fr/terminologies/icf#51372	semapv:ManualMappingCuration	orcid:0009-0000-5160-7927	2025-11-06	1
http://id.who.int/icd/entity/1462755743	skos:exactMatch	https://data.esante.gouv.fr/terminologies/icf#818	semapv:ManualMappingCuration	orcid:0009-0000-5160-7927	2025-11-06	1
http://id.who.int/icd/entity/1074234719	skos:exactMatch	https://data.esante.gouv.fr/terminologies/icf#22609	semapv:ManualMappingCuration	orcid:0009-0000-5160-7927	2025-11-06	1
http://id.who.int/icd/entity/2038376479	skos:exactMatch	https://data.esante.gouv.fr/terminologies/icf#11085	semapv:ManualMappingCuration	orcid:0009-0000-5160-7927	2025-11-06	1
http://id.who.int/icd/entity/1851215071	skos:exactMatch	https://data.esante.gouv.fr/terminologies/icf#39576	semapv:ManualMappingCuration	orcid:0009-0000-5160-7927	2025-11-06	1
http://id.who.int/icd/entity/1131514421	skos:exactMatch	https://data.esante.gouv.fr/terminologies/icf#77792	semapv:ManualMappingCuration	orcid:0009-0000-5160-7927	2025-11-06	1
http://id.who.int/icd/entity/475166233	skos:exactMatch	https://data.esante.gouv.fr/terminologies/icf#51995	semapv:ManualMappingCuration	orcid:0009-0000-5160-7927	2025-11-06	1
http://id.who.int/icd/entity/192549593	skos:exactMatch	https://data.esante.gouv.fr/terminologies/icf#96552	semapv:ManualMappingCuration	orcid:0009-0000-5160-7927	2025-11-06	1
http://id.who.int/icd/entity/839040921	skos:exactMatch	https://data.esante.gouv.fr/terminologies/icf#48644	semapv:ManualMappingCuration	orcid:0009-0000-5160-7927	2025-11-06	1
http://id.who.int/icd/entity/623565657	skos:exactMatch	https://data.esante.gouv.fr/terminologies/icf#1419	semapv:ManualMappingCuration	orcid:0009-0000-5160-7927	2025-11-06	1
http://id.who.int/icd/entity/485719194	skos:exactMatch	https://data.esante.gouv.fr/terminologies/icf#40034	semapv:ManualMappingCuration	orcid:0009-0000-5160-7927	2025-11-06	1
http://id.who.int/icd/entity/1474003417	skos:exactMatch	https://data.esante.gouv.fr/terminologies/icf#74539	semapv:ManualMappingCuration	orcid:0009-0000-5160-7927	2025-11-06	1
http://id.who.int/icd/entity/1119392889	skos:exactMatch	https://data.esante.gouv.fr/terminologies/icf#98423	semapv:ManualMappingCuration	orcid:0009-0000-5160-7927	2025-11-06	1
http://id.who.int/icd/entity/103178393	skos:exactMatch	https://data.esante.gouv.fr/terminologies/icf#32710	semapv:ManualMappingCuration	orcid:0009-0000-5160-7927	2025-11-06	1
http://id.who.int/icd/entity/286131289	skos:exactMatch	https://data.esante.gouv.fr/terminologies/icf#62934	semapv:ManualMappingCuration	orcid:0009-0000-5160-7927	2025-11-06	1
http://id.who.int/icd/entity/2086581809	skos:exactMatch	https://data.esante.gouv.fr/terminologies/icf#84563	semapv:ManualMappingCuration	orcid:0009-0000-5160-7927	2025-11-06	1
http://id.who.int/icd/entity/775704068	skos:exactMatch	https://data.esante.gouv.fr/terminologies/icf#22758	semapv:ManualMappingCuration	orcid:0009-0000-5160-7927	2025-11-06	1
http://id.who.int/icd/entity/516176368	skos:exactMatch	https://data.esante.gouv.fr/terminologies/icf#5549	semapv:ManualMappingCuration	orcid:0009-0000-5160-7927	2025-11-06	1
http://id.who.int/icd/entity/166485296	skos:exactMatch	https://data.esante.gouv.fr/terminologies/icf#74990	semapv:ManualMappingCuration	orcid:0009-0000-5160-7927	2025-11-06	1
http://id.who.int/icd/entity/815067248	skos:exactMatch	https://data.esante.gouv.fr/terminologies/icf#75044	semapv:ManualMappingCuration	orcid:0009-0000-5160-7927	2025-11-06	1
http://id.who.int/icd/entity/666670256	skos:exactMatch	https://data.esante.gouv.fr/terminologies/icf#75002	semapv:ManualMappingCuration	orcid:0009-0000-5160-7927	2025-11-06	1
http://id.who.int/icd/entity/1113959152	skos:exactMatch	https://data.esante.gouv.fr/terminologies/icf#24815	semapv:ManualMappingCuration	orcid:0009-0000-5160-7927	2025-11-06	1
http://id.who.int/icd/entity/1431162416	skos:exactMatch	https://data.esante.gouv.fr/terminologies/icf#50919	semapv:ManualMappingCuration	orcid:0009-0000-5160-7927	2025-11-06	1
http://id.who.int/icd/entity/1706408388	skos:exactMatch	https://data.esante.gouv.fr/terminologies/icf#74274	semapv:ManualMappingCuration	orcid:0009-0000-5160-7927	2025-11-06	1
http://id.who.int/icd/entity/152583544	skos:exactMatch	https://data.esante.gouv.fr/terminologies/icf#18325	semapv:ManualMappingCuration	orcid:0009-0000-5160-7927	2025-11-06	1
http://id.who.int/icd/entity/506485176	skos:exactMatch	https://data.esante.gouv.fr/terminologies/icf#89585	semapv:ManualMappingCuration	orcid:0009-0000-5160-7927	2025-11-06	1
http://id.who.int/icd/entity/522484083	skos:exactMatch	https://data.esante.gouv.fr/terminologies/icf#4135	semapv:ManualMappingCuration	orcid:0009-0000-5160-7927	2025-11-06	1
http://id.who.int/icd/entity/972602666	skos:exactMatch	https://data.esante.gouv.fr/terminologies/icf#17708	semapv:ManualMappingCuration	orcid:0009-0000-5160-7927	2025-11-06	1
http://id.who.int/icd/entity/785439210	skos:exactMatch	https://data.esante.gouv.fr/terminologies/icf#67931	semapv:ManualMappingCuration	orcid:0009-0000-5160-7927	2025-11-06	1
http://id.who.int/icd/entity/396915882	skos:exactMatch	https://data.esante.gouv.fr/terminologies/icf#88733	semapv:ManualMappingCuration	orcid:0009-0000-5160-7927	2025-11-06	1
http://id.who.int/icd/entity/8392810	skos:exactMatch	https://data.esante.gouv.fr/terminologies/icf#93648	semapv:ManualMappingCuration	orcid:0009-0000-5160-7927	2025-11-06	1
http://id.who.int/icd/entity/1420660403	skos:exactMatch	https://data.esante.gouv.fr/terminologies/icf#31712	semapv:ManualMappingCuration	orcid:0009-0000-5160-7927	2025-11-06	1
http://id.who.int/icd/entity/774158766	skos:exactMatch	https://data.esante.gouv.fr/terminologies/icf#34156	semapv:ManualMappingCuration	orcid:0009-0000-5160-7927	2025-11-06	1
http://id.who.int/icd/entity/957144430	skos:exactMatch	https://data.esante.gouv.fr/terminologies/icf#57766	semapv:ManualMappingCuration	orcid:0009-0000-5160-7927	2025-11-06	1
http://id.who.int/icd/entity/7630894	skos:exactMatch	https://data.esante.gouv.fr/terminologies/icf#39408	semapv:ManualMappingCuration	orcid:0009-0000-5160-7927	2025-11-06	1
http://id.who.int/icd/entity/391910638	skos:exactMatch	https://data.esante.gouv.fr/terminologies/icf#57898	semapv:ManualMappingCuration	orcid:0009-0000-5160-7927	2025-11-06	1
http://id.who.int/icd/entity/1921329838	skos:exactMatch	https://data.esante.gouv.fr/terminologies/icf#36206	semapv:ManualMappingCuration	orcid:0009-0000-5160-7927	2025-11-06	1
http://id.who.int/icd/entity/1705856622	skos:exactMatch	https://data.esante.gouv.fr/terminologies/icf#35515	semapv:ManualMappingCuration	orcid:0009-0000-5160-7927	2025-11-06	1
http://id.who.int/icd/entity/1842684915	skos:exactMatch	https://data.esante.gouv.fr/terminologies/icf#74801	semapv:ManualMappingCuration	orcid:0009-0000-5160-7927	2025-11-06	1
http://id.who.int/icd/entity/1334556216	skos:exactMatch	https://data.esante.gouv.fr/terminologies/icf#35548	semapv:ManualMappingCuration	orcid:0009-0000-5160-7927	2025-11-06	1
http://id.who.int/icd/entity/1550548595	skos:exactMatch	https://data.esante.gouv.fr/terminologies/icf#68663	semapv:ManualMappingCuration	orcid:0009-0000-5160-7927	2025-11-06	1
http://id.who.int/icd/entity/555410497	skos:exactMatch	https://data.esante.gouv.fr/terminologies/icf#27642	semapv:ManualMappingCuration	orcid:0009-0000-5160-7927	2025-11-06	1
http://id.who.int/icd/entity/909279361	skos:exactMatch	https://data.esante.gouv.fr/terminologies/icf#11447	semapv:ManualMappingCuration	orcid:0009-0000-5160-7927	2025-11-06	1
http://id.who.int/icd/entity/256519617	skos:exactMatch	https://data.esante.gouv.fr/terminologies/icf#99487	semapv:ManualMappingCuration	orcid:0009-0000-5160-7927	2025-11-06	1
http://id.who.int/icd/entity/409094401	skos:exactMatch	https://data.esante.gouv.fr/terminologies/icf#48245	semapv:ManualMappingCuration	orcid:0009-0000-5160-7927	2025-11-06	1
http://id.who.int/icd/entity/712447084	skos:exactMatch	https://data.esante.gouv.fr/terminologies/icf#29521	semapv:ManualMappingCuration	orcid:0009-0000-5160-7927	2025-11-06	1
http://id.who.int/icd/entity/919003335	skos:exactMatch	https://data.esante.gouv.fr/terminologies/icf#88080	semapv:ManualMappingCuration	orcid:0009-0000-5160-7927	2025-11-06	1
http://id.who.int/icd/entity/569279495	skos:exactMatch	https://data.esante.gouv.fr/terminologies/icf#59559	semapv:ManualMappingCuration	orcid:0009-0000-5160-7927	2025-11-06	1
http://id.who.int/icd/entity/412494151	skos:exactMatch	https://data.esante.gouv.fr/terminologies/icf#44139	semapv:ManualMappingCuration	orcid:0009-0000-5160-7927	2025-11-06	1
http://id.who.int/icd/entity/264129927	skos:exactMatch	https://data.esante.gouv.fr/terminologies/icf#64098	semapv:ManualMappingCuration	orcid:0009-0000-5160-7927	2025-11-06	1
http://id.who.int/icd/entity/1785164743	skos:exactMatch	https://data.esante.gouv.fr/terminologies/icf#24163	semapv:ManualMappingCuration	orcid:0009-0000-5160-7927	2025-11-06	1
http://id.who.int/icd/entity/971000452	skos:exactMatch	https://data.esante.gouv.fr/terminologies/icf#74054	semapv:ManualMappingCuration	orcid:0009-0000-5160-7927	2025-11-06	1
http://id.who.int/icd/entity/863976524	skos:exactMatch	https://data.esante.gouv.fr/terminologies/icf#97597	semapv:ManualMappingCuration	orcid:0009-0000-5160-7927	2025-11-06	1
http://id.who.int/icd/entity/999985799	skos:exactMatch	https://data.esante.gouv.fr/terminologies/icf#41700	semapv:ManualMappingCuration	orcid:0009-0000-5160-7927	2025-11-06	1
http://id.who.int/icd/entity/48381895	skos:exactMatch	https://data.esante.gouv.fr/terminologies/icf#63084	semapv:ManualMappingCuration	orcid:0009-0000-5160-7927	2025-11-06	1
http://id.who.int/icd/entity/40033904	skos:exactMatch	https://data.esante.gouv.fr/terminologies/icf#75870	semapv:ManualMappingCuration	orcid:0009-0000-5160-7927	2025-11-06	1
http://id.who.int/icd/entity/1690270390	skos:exactMatch	https://data.esante.gouv.fr/terminologies/icf#54727	semapv:ManualMappingCuration	orcid:0009-0000-5160-7927	2025-11-06	1
http://id.who.int/icd/entity/267105207	skos:exactMatch	https://data.esante.gouv.fr/terminologies/icf#23432	semapv:ManualMappingCuration	orcid:0009-0000-5160-7927	2025-11-06	1
http://id.who.int/icd/entity/877702958	skos:exactMatch	https://data.esante.gouv.fr/terminologies/icf#11451	semapv:ManualMappingCuration	orcid:0009-0000-5160-7927	2025-11-06	1
http://id.who.int/icd/entity/595119086	skos:exactMatch	https://data.esante.gouv.fr/terminologies/icf#61407	semapv:ManualMappingCuration	orcid:0009-0000-5160-7927	2025-11-06	1
http://id.who.int/icd/entity/436233902	skos:exactMatch	https://data.esante.gouv.fr/terminologies/icf#62617	semapv:ManualMappingCuration	orcid:0009-0000-5160-7927	2025-11-06	1
http://id.who.int/icd/entity/220725870	skos:exactMatch	https://data.esante.gouv.fr/terminologies/icf#85727	semapv:ManualMappingCuration	orcid:0009-0000-5160-7927	2025-11-06	1
http://id.who.int/icd/entity/213067675	skos:exactMatch	https://data.esante.gouv.fr/terminologies/icf#31078	semapv:ManualMappingCuration	orcid:0009-0000-5160-7927	2025-11-06	1
http://id.who.int/icd/entity/596421546	skos:exactMatch	https://data.esante.gouv.fr/terminologies/icf#33889	semapv:ManualMappingCuration	orcid:0009-0000-5160-7927	2025-11-06	1
http://id.who.int/icd/entity/883216234	skos:exactMatch	https://data.esante.gouv.fr/terminologies/icf#89223	semapv:ManualMappingCuration	orcid:0009-0000-5160-7927	2025-11-06	1
http://id.who.int/icd/entity/232546858	skos:exactMatch	https://data.esante.gouv.fr/terminologies/icf#40203	semapv:ManualMappingCuration	orcid:0009-0000-5160-7927	2025-11-06	1
http://id.who.int/icd/entity/1540367470	skos:exactMatch	https://data.esante.gouv.fr/terminologies/icf#4999	semapv:ManualMappingCuration	orcid:0009-0000-5160-7927	2025-11-06	1
http://id.who.int/icd/entity/1882548282	skos:exactMatch	https://data.esante.gouv.fr/terminologies/icf#90148	semapv:ManualMappingCuration	orcid:0009-0000-5160-7927	2025-11-06	1
http://id.who.int/icd/entity/171675522	skos:exactMatch	https://data.esante.gouv.fr/terminologies/icf#38469	semapv:ManualMappingCuration	orcid:0009-0000-5160-7927	2025-11-06	1
http://id.who.int/icd/entity/487844674	skos:exactMatch	https://data.esante.gouv.fr/terminologies/icf#19903	semapv:ManualMappingCuration	orcid:0009-0000-5160-7927	2025-11-06	1
http://id.who.int/icd/entity/611010050	skos:exactMatch	https://data.esante.gouv.fr/terminologies/icf#74272	semapv:ManualMappingCuration	orcid:0009-0000-5160-7927	2025-11-06	1
http://id.who.int/icd/entity/262798167	skos:exactMatch	https://data.esante.gouv.fr/terminologies/icf#44492	semapv:ManualMappingCuration	orcid:0009-0000-5160-7927	2025-11-06	1
http://id.who.int/icd/entity/127114630	skos:exactMatch	https://data.esante.gouv.fr/terminologies/icf#17994	semapv:ManualMappingCuration	orcid:0009-0000-5160-7927	2025-11-06	1
http://id.who.int/icd/entity/280754502	skos:exactMatch	https://data.esante.gouv.fr/terminologies/icf#57721	semapv:ManualMappingCuration	orcid:0009-0000-5160-7927	2025-11-06	1
http://id.who.int/icd/entity/700666886	skos:exactMatch	https://data.esante.gouv.fr/terminologies/icf#75354	semapv:ManualMappingCuration	orcid:0009-0000-5160-7927	2025-11-06	1
http://id.who.int/icd/entity/1055600838	skos:exactMatch	https://data.esante.gouv.fr/terminologies/icf#82693	semapv:ManualMappingCuration	orcid:0009-0000-5160-7927	2025-11-06	1
http://id.who.int/icd/entity/1530007174	skos:exactMatch	https://data.esante.gouv.fr/terminologies/icf#41411	semapv:ManualMappingCuration	orcid:0009-0000-5160-7927	2025-11-06	1
http://id.who.int/icd/entity/1276799558	skos:exactMatch	https://data.esante.gouv.fr/terminologies/icf#95049	semapv:ManualMappingCuration	orcid:0009-0000-5160-7927	2025-11-06	1
http://id.who.int/icd/entity/1086994892	skos:exactMatch	https://data.esante.gouv.fr/terminologies/icf#78678	semapv:ManualMappingCuration	orcid:0009-0000-5160-7927	2025-11-06	1
http://id.who.int/icd/entity/527549677	skos:exactMatch	https://data.esante.gouv.fr/terminologies/icf#80196	semapv:ManualMappingCuration	orcid:0009-0000-5160-7927	2025-11-06	1
http://id.who.int/icd/entity/140091437	skos:exactMatch	https://data.esante.gouv.fr/terminologies/icf#15842	semapv:ManualMappingCuration	orcid:0009-0000-5160-7927	2025-11-06	1
http://id.who.int/icd/entity/824249709	skos:exactMatch	https://data.esante.gouv.fr/terminologies/icf#47219	semapv:ManualMappingCuration	orcid:0009-0000-5160-7927	2025-11-06	1
http://id.who.int/icd/entity/1860600370	skos:exactMatch	https://data.esante.gouv.fr/terminologies/icf#88528	semapv:ManualMappingCuration	orcid:0009-0000-5160-7927	2025-11-06	1
http://id.who.int/icd/entity/944586805	skos:exactMatch	https://data.esante.gouv.fr/terminologies/icf#47138	semapv:ManualMappingCuration	orcid:0009-0000-5160-7927	2025-11-06	1
http://id.who.int/icd/entity/795157749	skos:exactMatch	https://data.esante.gouv.fr/terminologies/icf#23365	semapv:ManualMappingCuration	orcid:0009-0000-5160-7927	2025-11-06	1
http://id.who.int/icd/entity/371034549	skos:exactMatch	https://data.esante.gouv.fr/terminologies/icf#5387	semapv:ManualMappingCuration	orcid:0009-0000-5160-7927	2025-11-06	1
http://id.who.int/icd/entity/20311413	skos:exactMatch	https://data.esante.gouv.fr/terminologies/icf#71228	semapv:ManualMappingCuration	orcid:0009-0000-5160-7927	2025-11-06	1
http://id.who.int/icd/entity/1693242165	skos:exactMatch	https://data.esante.gouv.fr/terminologies/icf#63538	semapv:ManualMappingCuration	orcid:0009-0000-5160-7927	2025-11-06	1
http://id.who.int/icd/entity/1328675264	skos:exactMatch	https://data.esante.gouv.fr/terminologies/icf#40724	semapv:ManualMappingCuration	orcid:0009-0000-5160-7927	2025-11-06	1
http://id.who.int/icd/entity/553784299	skos:exactMatch	https://data.esante.gouv.fr/terminologies/icf#64253	semapv:ManualMappingCuration	orcid:0009-0000-5160-7927	2025-11-06	1
http://id.who.int/icd/entity/1398348540	skos:exactMatch	https://data.esante.gouv.fr/terminologies/icf#80977	semapv:ManualMappingCuration	orcid:0009-0000-5160-7927	2025-11-06	1
http://id.who.int/icd/entity/904221235	skos:exactMatch	https://data.esante.gouv.fr/terminologies/icf#12952	semapv:ManualMappingCuration	orcid:0009-0000-5160-7927	2025-11-06	1
http://id.who.int/icd/entity/583874291	skos:exactMatch	https://data.esante.gouv.fr/terminologies/icf#98494	semapv:ManualMappingCuration	orcid:0009-0000-5160-7927	2025-11-06	1
http://id.who.int/icd/entity/464886707	skos:exactMatch	https://data.esante.gouv.fr/terminologies/icf#91304	semapv:ManualMappingCuration	orcid:0009-0000-5160-7927	2025-11-06	1
http://id.who.int/icd/entity/1348372661	skos:exactMatch	https://data.esante.gouv.fr/terminologies/icf#11657	semapv:ManualMappingCuration	orcid:0009-0000-5160-7927	2025-11-06	1
http://id.who.int/icd/entity/498218652	skos:exactMatch	https://data.esante.gouv.fr/terminologies/icf#38191	semapv:ManualMappingCuration	orcid:0009-0000-5160-7927	2025-11-06	1
http://id.who.int/icd/entity/149260453	skos:exactMatch	https://data.esante.gouv.fr/terminologies/icf#43977	semapv:ManualMappingCuration	orcid:0009-0000-5160-7927	2025-11-06	1
http://id.who.int/icd/entity/533589093	skos:exactMatch	https://data.esante.gouv.fr/terminologies/icf#63784	semapv:ManualMappingCuration	orcid:0009-0000-5160-7927	2025-11-06	1
http://id.who.int/icd/entity/649412901	skos:exactMatch	https://data.esante.gouv.fr/terminologies/icf#79464	semapv:ManualMappingCuration	orcid:0009-0000-5160-7927	2025-11-06	1
http://id.who.int/icd/entity/1168940980	skos:exactMatch	https://data.esante.gouv.fr/terminologies/icf#90382	semapv:ManualMappingCuration	orcid:0009-0000-5160-7927	2025-11-06	1
http://id.who.int/icd/entity/88971939	skos:exactMatch	https://data.esante.gouv.fr/terminologies/icf#36423	semapv:ManualMappingCuration	orcid:0009-0000-5160-7927	2025-11-06	1
http://id.who.int/icd/entity/308674147	skos:exactMatch	https://data.esante.gouv.fr/terminologies/icf#93475	semapv:ManualMappingCuration	orcid:0009-0000-5160-7927	2025-11-06	1
http://id.who.int/icd/entity/1452836727	skos:exactMatch	https://data.esante.gouv.fr/terminologies/icf#11323	semapv:ManualMappingCuration	orcid:0009-0000-5160-7927	2025-11-06	1
http://id.who.int/icd/entity/871682135	skos:exactMatch	https://data.esante.gouv.fr/terminologies/icf#31432	semapv:ManualMappingCuration	orcid:0009-0000-5160-7927	2025-11-06	1
http://id.who.int/icd/entity/498058186	skos:exactMatch	https://data.esante.gouv.fr/terminologies/icf#2437	semapv:ManualMappingCuration	orcid:0009-0000-5160-7927	2025-11-06	1
http://id.who.int/icd/entity/176662282	skos:exactMatch	https://data.esante.gouv.fr/terminologies/icf#11856	semapv:ManualMappingCuration	orcid:0009-0000-5160-7927	2025-11-06	1
http://id.who.int/icd/entity/1394299422	skos:exactMatch	https://data.esante.gouv.fr/terminologies/icf#91111	semapv:ManualMappingCuration	orcid:0009-0000-5160-7927	2025-11-06	1
http://id.who.int/icd/entity/982730516	skos:exactMatch	https://data.esante.gouv.fr/terminologies/icf#11902	semapv:ManualMappingCuration	orcid:0009-0000-5160-7927	2025-11-06	1
http://id.who.int/icd/entity/767239124	skos:exactMatch	https://data.esante.gouv.fr/terminologies/icf#9716	semapv:ManualMappingCuration	orcid:0009-0000-5160-7927	2025-11-06	1
http://id.who.int/icd/entity/348360340	skos:exactMatch	https://data.esante.gouv.fr/terminologies/icf#53294	semapv:ManualMappingCuration	orcid:0009-0000-5160-7927	2025-11-06	1
http://id.who.int/icd/entity/65792596	skos:exactMatch	https://data.esante.gouv.fr/terminologies/icf#32297	semapv:ManualMappingCuration	orcid:0009-0000-5160-7927	2025-11-06	1
http://id.who.int/icd/entity/1714607124	skos:exactMatch	https://data.esante.gouv.fr/terminologies/icf#20068	semapv:ManualMappingCuration	orcid:0009-0000-5160-7927	2025-11-06	1
http://id.who.int/icd/entity/1897574612	skos:exactMatch	https://data.esante.gouv.fr/terminologies/icf#19230	semapv:ManualMappingCuration	orcid:0009-0000-5160-7927	2025-11-06	1
http://id.who.int/icd/entity/1420733900	skos:exactMatch	https://data.esante.gouv.fr/terminologies/icf#68638	semapv:ManualMappingCuration	orcid:0009-0000-5160-7927	2025-11-06	1
http://id.who.int/icd/entity/1957996741	skos:exactMatch	https://data.esante.gouv.fr/terminologies/icf#58385	semapv:ManualMappingCuration	orcid:0009-0000-5160-7927	2025-11-06	1
http://id.who.int/icd/entity/577838715	skos:exactMatch	https://data.esante.gouv.fr/terminologies/icf#5429	semapv:ManualMappingCuration	orcid:0009-0000-5160-7927	2025-11-06	1
http://id.who.int/icd/entity/895056571	skos:exactMatch	https://data.esante.gouv.fr/terminologies/icf#37732	semapv:ManualMappingCuration	orcid:0009-0000-5160-7927	2025-11-06	1
http://id.who.int/icd/entity/203544571	skos:exactMatch	https://data.esante.gouv.fr/terminologies/icf#45326	semapv:ManualMappingCuration	orcid:0009-0000-5160-7927	2025-11-06	1
http://id.who.int/icd/entity/453620539	skos:exactMatch	https://data.esante.gouv.fr/terminologies/icf#21926	semapv:ManualMappingCuration	orcid:0009-0000-5160-7927	2025-11-06	1
http://id.who.int/icd/entity/2127596923	skos:exactMatch	https://data.esante.gouv.fr/terminologies/icf#71203	semapv:ManualMappingCuration	orcid:0009-0000-5160-7927	2025-11-06	1
http://id.who.int/icd/entity/1777920443	skos:exactMatch	https://data.esante.gouv.fr/terminologies/icf#39205	semapv:ManualMappingCuration	orcid:0009-0000-5160-7927	2025-11-06	1
http://id.who.int/icd/entity/1350583547	skos:exactMatch	https://data.esante.gouv.fr/terminologies/icf#41880	semapv:ManualMappingCuration	orcid:0009-0000-5160-7927	2025-11-06	1
http://id.who.int/icd/entity/1300951288	skos:exactMatch	https://data.esante.gouv.fr/terminologies/icf#81252	semapv:ManualMappingCuration	orcid:0009-0000-5160-7927	2025-11-06	1
http://id.who.int/icd/entity/802753661	skos:exactMatch	https://data.esante.gouv.fr/terminologies/icf#3673	semapv:ManualMappingCuration	orcid:0009-0000-5160-7927	2025-11-06	1
http://id.who.int/icd/entity/955345085	skos:exactMatch	https://data.esante.gouv.fr/terminologies/icf#51569	semapv:ManualMappingCuration	orcid:0009-0000-5160-7927	2025-11-06	1
http://id.who.int/icd/entity/25806333	skos:exactMatch	https://data.esante.gouv.fr/terminologies/icf#36344	semapv:ManualMappingCuration	orcid:0009-0000-5160-7927	2025-11-06	1
http://id.who.int/icd/entity/379691325	skos:exactMatch	https://data.esante.gouv.fr/terminologies/icf#4200	semapv:ManualMappingCuration	orcid:0009-0000-5160-7927	2025-11-06	1
http://id.who.int/icd/entity/1937284989	skos:exactMatch	https://data.esante.gouv.fr/terminologies/icf#85917	semapv:ManualMappingCuration	orcid:0009-0000-5160-7927	2025-11-06	1
http://id.who.int/icd/entity/1683028925	skos:exactMatch	https://data.esante.gouv.fr/terminologies/icf#73942	semapv:ManualMappingCuration	orcid:0009-0000-5160-7927	2025-11-06	1
http://id.who.int/icd/entity/573831863	skos:exactMatch	https://data.esante.gouv.fr/terminologies/icf#76775	semapv:ManualMappingCuration	orcid:0009-0000-5160-7927	2025-11-06	1
http://id.who.int/icd/entity/1936511680	skos:exactMatch	https://data.esante.gouv.fr/terminologies/icf#97182	semapv:ManualMappingCuration	orcid:0009-0000-5160-7927	2025-11-06	1
http://id.who.int/icd/entity/156267960	skos:exactMatch	https://data.esante.gouv.fr/terminologies/icf#28385	semapv:ManualMappingCuration	orcid:0009-0000-5160-7927	2025-11-06	1
http://id.who.int/icd/entity/511185272	skos:exactMatch	https://data.esante.gouv.fr/terminologies/icf#31390	semapv:ManualMappingCuration	orcid:0009-0000-5160-7927	2025-11-06	1
http://id.who.int/icd/entity/654359608	skos:exactMatch	https://data.esante.gouv.fr/terminologies/icf#59007	semapv:ManualMappingCuration	orcid:0009-0000-5160-7927	2025-11-06	1
http://id.who.int/icd/entity/807983352	skos:exactMatch	https://data.esante.gouv.fr/terminologies/icf#94151	semapv:ManualMappingCuration	orcid:0009-0000-5160-7927	2025-11-06	1
http://id.who.int/icd/entity/1441916600	skos:exactMatch	https://data.esante.gouv.fr/terminologies/icf#82909	semapv:ManualMappingCuration	orcid:0009-0000-5160-7927	2025-11-06	1
http://id.who.int/icd/entity/1121550968	skos:exactMatch	https://data.esante.gouv.fr/terminologies/icf#14647	semapv:ManualMappingCuration	orcid:0009-0000-5160-7927	2025-11-06	1
http://id.who.int/icd/entity/2074160952	skos:exactMatch	https://data.esante.gouv.fr/terminologies/icf#33758	semapv:ManualMappingCuration	orcid:0009-0000-5160-7927	2025-11-06	1
http://id.who.int/icd/entity/1565443803	skos:exactMatch	https://data.esante.gouv.fr/terminologies/icf#29062	semapv:ManualMappingCuration	orcid:0009-0000-5160-7927	2025-11-06	1
http://id.who.int/icd/entity/83388352	skos:exactMatch	https://data.esante.gouv.fr/terminologies/icf#40614	semapv:ManualMappingCuration	orcid:0009-0000-5160-7927	2025-11-06	1
http://id.who.int/icd/entity/332399488	skos:exactMatch	https://data.esante.gouv.fr/terminologies/icf#60616	semapv:ManualMappingCuration	orcid:0009-0000-5160-7927	2025-11-06	1
http://id.who.int/icd/entity/715697728	skos:exactMatch	https://data.esante.gouv.fr/terminologies/icf#14285	semapv:ManualMappingCuration	orcid:0009-0000-5160-7927	2025-11-06	1
http://id.who.int/icd/entity/1031850752	skos:exactMatch	https://data.esante.gouv.fr/terminologies/icf#1730	semapv:ManualMappingCuration	orcid:0009-0000-5160-7927	2025-11-06	1
http://id.who.int/icd/entity/1482290368	skos:exactMatch	https://data.esante.gouv.fr/terminologies/icf#81397	semapv:ManualMappingCuration	orcid:0009-0000-5160-7927	2025-11-06	1
http://id.who.int/icd/entity/2095799389	skos:exactMatch	https://data.esante.gouv.fr/terminologies/icf#23249	semapv:ManualMappingCuration	orcid:0009-0000-5160-7927	2025-11-06	1
http://id.who.int/icd/entity/327373045	skos:exactMatch	https://data.esante.gouv.fr/terminologies/icf#53209	semapv:ManualMappingCuration	orcid:0009-0000-5160-7927	2025-11-06	1
http://id.who.int/icd/entity/311192437	skos:exactMatch	https://data.esante.gouv.fr/terminologies/icf#77087	semapv:ManualMappingCuration	orcid:0009-0000-5160-7927	2025-11-06	1
http://id.who.int/icd/entity/992393743	skos:exactMatch	https://data.esante.gouv.fr/terminologies/icf#43395	semapv:ManualMappingCuration	orcid:0009-0000-5160-7927	2025-11-06	1
http://id.who.int/icd/entity/739172047	skos:exactMatch	https://data.esante.gouv.fr/terminologies/icf#39243	semapv:ManualMappingCuration	orcid:0009-0000-5160-7927	2025-11-06	1
http://id.who.int/icd/entity/360084367	skos:exactMatch	https://data.esante.gouv.fr/terminologies/icf#5114	semapv:ManualMappingCuration	orcid:0009-0000-5160-7927	2025-11-06	1
http://id.who.int/icd/entity/1817637292	skos:exactMatch	https://data.esante.gouv.fr/terminologies/icf#52142	semapv:ManualMappingCuration	orcid:0009-0000-5160-7927	2025-11-06	1
http://id.who.int/icd/entity/600105830	skos:exactMatch	https://data.esante.gouv.fr/terminologies/icf#5411	semapv:ManualMappingCuration	orcid:0009-0000-5160-7927	2025-11-06	1
http://id.who.int/icd/entity/887916454	skos:exactMatch	https://data.esante.gouv.fr/terminologies/icf#25545	semapv:ManualMappingCuration	orcid:0009-0000-5160-7927	2025-11-06	1
http://id.who.int/icd/entity/227814118	skos:exactMatch	https://data.esante.gouv.fr/terminologies/icf#41689	semapv:ManualMappingCuration	orcid:0009-0000-5160-7927	2025-11-06	1
http://id.who.int/icd/entity/448548390	skos:exactMatch	https://data.esante.gouv.fr/terminologies/icf#50991	semapv:ManualMappingCuration	orcid:0009-0000-5160-7927	2025-11-06	1
http://id.who.int/icd/entity/2137354342	skos:exactMatch	https://data.esante.gouv.fr/terminologies/icf#45649	semapv:ManualMappingCuration	orcid:0009-0000-5160-7927	2025-11-06	1
http://id.who.int/icd/entity/877156484	skos:exactMatch	https://data.esante.gouv.fr/terminologies/icf#94324	semapv:ManualMappingCuration	orcid:0009-0000-5160-7927	2025-11-06	1
http://id.who.int/icd/entity/778891618	skos:exactMatch	https://data.esante.gouv.fr/terminologies/icf#25047	semapv:ManualMappingCuration	orcid:0009-0000-5160-7927	2025-11-06	1
http://id.who.int/icd/entity/960796066	skos:exactMatch	https://data.esante.gouv.fr/terminologies/icf#45420	semapv:ManualMappingCuration	orcid:0009-0000-5160-7927	2025-11-06	1
http://id.who.int/icd/entity/3946722	skos:exactMatch	https://data.esante.gouv.fr/terminologies/icf#16389	semapv:ManualMappingCuration	orcid:0009-0000-5160-7927	2025-11-06	1
http://id.who.int/icd/entity/387210274	skos:exactMatch	https://data.esante.gouv.fr/terminologies/icf#46333	semapv:ManualMappingCuration	orcid:0009-0000-5160-7927	2025-11-06	1
http://id.who.int/icd/entity/680339969	skos:exactMatch	https://data.esante.gouv.fr/terminologies/icf#12297	semapv:ManualMappingCuration	orcid:0009-0000-5160-7927	2025-11-06	1
http://id.who.int/icd/entity/915318793	skos:exactMatch	https://data.esante.gouv.fr/terminologies/icf#60809	semapv:ManualMappingCuration	orcid:0009-0000-5160-7927	2025-11-06	1
http://id.who.int/icd/entity/564579529	skos:exactMatch	https://data.esante.gouv.fr/terminologies/icf#9321	semapv:ManualMappingCuration	orcid:0009-0000-5160-7927	2025-11-06	1
http://id.who.int/icd/entity/417227145	skos:exactMatch	https://data.esante.gouv.fr/terminologies/icf#71931	semapv:ManualMappingCuration	orcid:0009-0000-5160-7927	2025-11-06	1
http://id.who.int/icd/entity/49044301	skos:exactMatch	https://data.esante.gouv.fr/terminologies/icf#4126	semapv:ManualMappingCuration	orcid:0009-0000-5160-7927	2025-11-06	1
http://id.who.int/icd/entity/2001061527	skos:exactMatch	https://data.esante.gouv.fr/terminologies/icf#11246	semapv:ManualMappingCuration	orcid:0009-0000-5160-7927	2025-11-06	1
http://id.who.int/icd/entity/1020014935	skos:exactMatch	https://data.esante.gouv.fr/terminologies/icf#2735	semapv:ManualMappingCuration	orcid:0009-0000-5160-7927	2025-11-06	1
http://id.who.int/icd/entity/794521535	skos:exactMatch	https://data.esante.gouv.fr/terminologies/icf#89990	semapv:ManualMappingCuration	orcid:0009-0000-5160-7927	2025-11-06	1
http://id.who.int/icd/entity/1691523199	skos:exactMatch	https://data.esante.gouv.fr/terminologies/icf#9869	semapv:ManualMappingCuration	orcid:0009-0000-5160-7927	2025-11-06	1
http://id.who.int/icd/entity/1367471462	skos:exactMatch	https://data.esante.gouv.fr/terminologies/icf#45051	semapv:ManualMappingCuration	orcid:0009-0000-5160-7927	2025-11-06	1
http://id.who.int/icd/entity/436732582	skos:exactMatch	https://data.esante.gouv.fr/terminologies/icf#49573	semapv:ManualMappingCuration	orcid:0009-0000-5160-7927	2025-11-06	1
http://id.who.int/icd/entity/73014515	skos:exactMatch	https://data.esante.gouv.fr/terminologies/icf#40210	semapv:ManualMappingCuration	orcid:0009-0000-5160-7927	2025-11-06	1
http://id.who.int/icd/entity/1620689425	skos:exactMatch	https://data.esante.gouv.fr/terminologies/icf#29227	semapv:ManualMappingCuration	orcid:0009-0000-5160-7927	2025-11-06	1
http://id.who.int/icd/entity/722482641	skos:exactMatch	https://data.esante.gouv.fr/terminologies/icf#27703	semapv:ManualMappingCuration	orcid:0009-0000-5160-7927	2025-11-06	1
http://id.who.int/icd/entity/626828594	skos:exactMatch	https://data.esante.gouv.fr/terminologies/icf#19793	semapv:ManualMappingCuration	orcid:0009-0000-5160-7927	2025-11-06	1
http://id.who.int/icd/entity/846512626	skos:exactMatch	https://data.esante.gouv.fr/terminologies/icf#39964	semapv:ManualMappingCuration	orcid:0009-0000-5160-7927	2025-11-06	1
http://id.who.int/icd/entity/185363634	skos:exactMatch	https://data.esante.gouv.fr/terminologies/icf#83291	semapv:ManualMappingCuration	orcid:0009-0000-5160-7927	2025-11-06	1
http://id.who.int/icd/entity/1992737508	skos:exactMatch	https://data.esante.gouv.fr/terminologies/icf#53417	semapv:ManualMappingCuration	orcid:0009-0000-5160-7927	2025-11-06	1
http://id.who.int/icd/entity/711129309	skos:exactMatch	https://data.esante.gouv.fr/terminologies/icf#62616	semapv:ManualMappingCuration	orcid:0009-0000-5160-7927	2025-11-06	1
http://id.who.int/icd/entity/1028299805	skos:exactMatch	https://data.esante.gouv.fr/terminologies/icf#35737	semapv:ManualMappingCuration	orcid:0009-0000-5160-7927	2025-11-06	1
http://id.who.int/icd/entity/70398301	skos:exactMatch	https://data.esante.gouv.fr/terminologies/icf#19011	semapv:ManualMappingCuration	orcid:0009-0000-5160-7927	2025-11-06	1
http://id.who.int/icd/entity/1439346442	skos:exactMatch	https://data.esante.gouv.fr/terminologies/icf#74376	semapv:ManualMappingCuration	orcid:0009-0000-5160-7927	2025-11-06	1
http://id.who.int/icd/entity/1805290862	skos:exactMatch	https://data.esante.gouv.fr/terminologies/icf#25210	semapv:ManualMappingCuration	orcid:0009-0000-5160-7927	2025-11-06	1
http://id.who.int/icd/entity/1180561890	skos:exactMatch	https://data.esante.gouv.fr/terminologies/icf#62971	semapv:ManualMappingCuration	orcid:0009-0000-5160-7927	2025-11-06	1
http://id.who.int/icd/entity/231999010	skos:exactMatch	https://data.esante.gouv.fr/terminologies/icf#19070	semapv:ManualMappingCuration	orcid:0009-0000-5160-7927	2025-11-06	1
http://id.who.int/icd/entity/948398905	skos:exactMatch	https://data.esante.gouv.fr/terminologies/icf#22825	semapv:ManualMappingCuration	orcid:0009-0000-5160-7927	2025-11-06	1
http://id.who.int/icd/entity/1059632050	skos:exactMatch	https://data.esante.gouv.fr/terminologies/icf#60347	semapv:ManualMappingCuration	orcid:0009-0000-5160-7927	2025-11-06	1
http://id.who.int/icd/entity/671143794	skos:exactMatch	https://data.esante.gouv.fr/terminologies/icf#54220	semapv:ManualMappingCuration	orcid:0009-0000-5160-7927	2025-11-06	1
http://id.who.int/icd/entity/1873256446	skos:exactMatch	https://data.esante.gouv.fr/terminologies/icf#96120	semapv:ManualMappingCuration	orcid:0009-0000-5160-7927	2025-11-06	1
http://id.who.int/icd/entity/21205790	skos:exactMatch	https://data.esante.gouv.fr/terminologies/icf#89263	semapv:ManualMappingCuration	orcid:0009-0000-5160-7927	2025-11-06	1
http://id.who.int/icd/entity/376174558	skos:exactMatch	https://data.esante.gouv.fr/terminologies/icf#15953	semapv:ManualMappingCuration	orcid:0009-0000-5160-7927	2025-11-06	1
http://id.who.int/icd/entity/789797534	skos:exactMatch	https://data.esante.gouv.fr/terminologies/icf#92507	semapv:ManualMappingCuration	orcid:0009-0000-5160-7927	2025-11-06	1
http://id.who.int/icd/entity/399242087	skos:exactMatch	https://data.esante.gouv.fr/terminologies/icf#49478	semapv:ManualMappingCuration	orcid:0009-0000-5160-7927	2025-11-06	1
http://id.who.int/icd/entity/216760602	skos:exactMatch	https://data.esante.gouv.fr/terminologies/icf#64290	semapv:ManualMappingCuration	orcid:0009-0000-5160-7927	2025-11-06	1
http://id.who.int/icd/entity/465823194	skos:exactMatch	https://data.esante.gouv.fr/terminologies/icf#56749	semapv:ManualMappingCuration	orcid:0009-0000-5160-7927	2025-11-06	1
http://id.who.int/icd/entity/582699162	skos:exactMatch	https://data.esante.gouv.fr/terminologies/icf#65752	semapv:ManualMappingCuration	orcid:0009-0000-5160-7927	2025-11-06	1
http://id.who.int/icd/entity/898837594	skos:exactMatch	https://data.esante.gouv.fr/terminologies/icf#2607	semapv:ManualMappingCuration	orcid:0009-0000-5160-7927	2025-11-06	1
http://id.who.int/icd/entity/1347031578	skos:exactMatch	https://data.esante.gouv.fr/terminologies/icf#66721	semapv:ManualMappingCuration	orcid:0009-0000-5160-7927	2025-11-06	1
http://id.who.int/icd/entity/1197635290	skos:exactMatch	https://data.esante.gouv.fr/terminologies/icf#66536	semapv:ManualMappingCuration	orcid:0009-0000-5160-7927	2025-11-06	1
http://id.who.int/icd/entity/1231268879	skos:exactMatch	https://data.esante.gouv.fr/terminologies/icf#59632	semapv:ManualMappingCuration	orcid:0009-0000-5160-7927	2025-11-06	1
http://id.who.int/icd/entity/336189553	skos:exactMatch	https://data.esante.gouv.fr/terminologies/icf#49461	semapv:ManualMappingCuration	orcid:0009-0000-5160-7927	2025-11-06	1
http://id.who.int/icd/entity/52542641	skos:exactMatch	https://data.esante.gouv.fr/terminologies/icf#74062	semapv:ManualMappingCuration	orcid:0009-0000-5160-7927	2025-11-06	1
http://id.who.int/icd/entity/1746217192	skos:exactMatch	https://data.esante.gouv.fr/terminologies/icf#77430	semapv:ManualMappingCuration	orcid:0009-0000-5160-7927	2025-11-06	1
http://id.who.int/icd/entity/111215009	skos:exactMatch	https://data.esante.gouv.fr/terminologies/icf#10515	semapv:ManualMappingCuration	orcid:0009-0000-5160-7927	2025-11-06	1
http://id.who.int/icd/entity/993742687	skos:exactMatch	https://data.esante.gouv.fr/terminologies/icf#87950	semapv:ManualMappingCuration	orcid:0009-0000-5160-7927	2025-11-06	1
http://id.who.int/icd/entity/814520574	skos:exactMatch	https://data.esante.gouv.fr/terminologies/icf#74377	semapv:ManualMappingCuration	orcid:0009-0000-5160-7927	2025-11-06	1
http://id.who.int/icd/entity/665123902	skos:exactMatch	https://data.esante.gouv.fr/terminologies/icf#29725	semapv:ManualMappingCuration	orcid:0009-0000-5160-7927	2025-11-06	1
http://id.who.int/icd/entity/1890760863	skos:exactMatch	https://data.esante.gouv.fr/terminologies/icf#42058	semapv:ManualMappingCuration	orcid:0009-0000-5160-7927	2025-11-06	1
http://id.who.int/icd/entity/659594362	skos:exactMatch	https://data.esante.gouv.fr/terminologies/icf#39499	semapv:ManualMappingCuration	orcid:0009-0000-5160-7927	2025-11-06	1
http://id.who.int/icd/entity/813234362	skos:exactMatch	https://data.esante.gouv.fr/terminologies/icf#5796	semapv:ManualMappingCuration	orcid:0009-0000-5160-7927	2025-11-06	1
http://id.who.int/icd/entity/1663428215	skos:exactMatch	https://data.esante.gouv.fr/terminologies/icf#5706	semapv:ManualMappingCuration	orcid:0009-0000-5160-7927	2025-11-06	1
http://id.who.int/icd/entity/1025805050	skos:exactMatch	https://data.esante.gouv.fr/terminologies/icf#82918	semapv:ManualMappingCuration	orcid:0009-0000-5160-7927	2025-11-06	1
http://id.who.int/icd/entity/705490490	skos:exactMatch	https://data.esante.gouv.fr/terminologies/icf#93677	semapv:ManualMappingCuration	orcid:0009-0000-5160-7927	2025-11-06	1
http://id.who.int/icd/entity/682365367	skos:exactMatch	https://data.esante.gouv.fr/terminologies/icf#78024	semapv:ManualMappingCuration	orcid:0009-0000-5160-7927	2025-11-06	1
http://id.who.int/icd/entity/720932478	skos:exactMatch	https://data.esante.gouv.fr/terminologies/icf#16321	semapv:ManualMappingCuration	orcid:0009-0000-5160-7927	2025-11-06	1
http://id.who.int/icd/entity/1037101758	skos:exactMatch	https://data.esante.gouv.fr/terminologies/icf#53672	semapv:ManualMappingCuration	orcid:0009-0000-5160-7927	2025-11-06	1
http://id.who.int/icd/entity/503282864	skos:exactMatch	https://data.esante.gouv.fr/terminologies/icf#64524	semapv:ManualMappingCuration	orcid:0009-0000-5160-7927	2025-11-06	1
http://id.who.int/icd/entity/633787281	skos:exactMatch	https://data.esante.gouv.fr/terminologies/icf#48472	semapv:ManualMappingCuration	orcid:0009-0000-5160-7927	2025-11-06	1
http://id.who.int/icd/entity/854505297	skos:exactMatch	https://data.esante.gouv.fr/terminologies/icf#44441	semapv:ManualMappingCuration	orcid:0009-0000-5160-7927	2025-11-06	1
http://id.who.int/icd/entity/1450609520	skos:exactMatch	https://data.esante.gouv.fr/terminologies/icf#60141	semapv:ManualMappingCuration	orcid:0009-0000-5160-7927	2025-11-06	1
http://id.who.int/icd/entity/840619799	skos:exactMatch	https://data.esante.gouv.fr/terminologies/icf#52320	semapv:ManualMappingCuration	orcid:0009-0000-5160-7927	2025-11-06	1
http://id.who.int/icd/entity/624079831	skos:exactMatch	https://data.esante.gouv.fr/terminologies/icf#91393	semapv:ManualMappingCuration	orcid:0009-0000-5160-7927	2025-11-06	1
http://id.who.int/icd/entity/753355737	skos:exactMatch	https://data.esante.gouv.fr/terminologies/icf#32563	semapv:ManualMappingCuration	orcid:0009-0000-5160-7927	2025-11-06	1
http://id.who.int/icd/entity/49960777	skos:exactMatch	https://data.esante.gouv.fr/terminologies/icf#30791	semapv:ManualMappingCuration	orcid:0009-0000-5160-7927	2025-11-06	1
http://id.who.int/icd/entity/366097289	skos:exactMatch	https://data.esante.gouv.fr/terminologies/icf#30606	semapv:ManualMappingCuration	orcid:0009-0000-5160-7927	2025-11-06	1
http://id.who.int/icd/entity/1735310361	skos:exactMatch	https://data.esante.gouv.fr/terminologies/icf#19259	semapv:ManualMappingCuration	orcid:0009-0000-5160-7927	2025-11-06	1
http://id.who.int/icd/entity/354833359	skos:exactMatch	https://data.esante.gouv.fr/terminologies/icf#88105	semapv:ManualMappingCuration	orcid:0009-0000-5160-7927	2025-11-06	1
http://id.who.int/icd/entity/34486031	skos:exactMatch	https://data.esante.gouv.fr/terminologies/icf#88169	semapv:ManualMappingCuration	orcid:0009-0000-5160-7927	2025-11-06	1
http://id.who.int/icd/entity/1379782912	skos:exactMatch	https://data.esante.gouv.fr/terminologies/icf#48724	semapv:ManualMappingCuration	orcid:0009-0000-5160-7927	2025-11-06	1
http://id.who.int/icd/entity/437784096	skos:exactMatch	https://data.esante.gouv.fr/terminologies/icf#92912	semapv:ManualMappingCuration	orcid:0009-0000-5160-7927	2025-11-06	1
http://id.who.int/icd/entity/221276896	skos:exactMatch	https://data.esante.gouv.fr/terminologies/icf#43678	semapv:ManualMappingCuration	orcid:0009-0000-5160-7927	2025-11-06	1
http://id.who.int/icd/entity/877184928	skos:exactMatch	https://data.esante.gouv.fr/terminologies/icf#34385	semapv:ManualMappingCuration	orcid:0009-0000-5160-7927	2025-11-06	1
http://id.who.int/icd/entity/593535840	skos:exactMatch	https://data.esante.gouv.fr/terminologies/icf#54813	semapv:ManualMappingCuration	orcid:0009-0000-5160-7927	2025-11-06	1
http://id.who.int/icd/entity/431236800	skos:exactMatch	https://data.esante.gouv.fr/terminologies/icf#4610	semapv:ManualMappingCuration	orcid:0009-0000-5160-7927	2025-11-06	1
http://id.who.int/icd/entity/230951592	skos:exactMatch	https://data.esante.gouv.fr/terminologies/icf#74585	semapv:ManualMappingCuration	orcid:0009-0000-5160-7927	2025-11-06	1
http://id.who.int/icd/entity/451702376	skos:exactMatch	https://data.esante.gouv.fr/terminologies/icf#18396	semapv:ManualMappingCuration	orcid:0009-0000-5160-7927	2025-11-06	1
http://id.who.int/icd/entity/596951848	skos:exactMatch	https://data.esante.gouv.fr/terminologies/icf#58262	semapv:ManualMappingCuration	orcid:0009-0000-5160-7927	2025-11-06	1
http://id.who.int/icd/entity/884778984	skos:exactMatch	https://data.esante.gouv.fr/terminologies/icf#40022	semapv:ManualMappingCuration	orcid:0009-0000-5160-7927	2025-11-06	1
http://id.who.int/icd/entity/170096680	skos:exactMatch	https://data.esante.gouv.fr/terminologies/icf#29740	semapv:ManualMappingCuration	orcid:0009-0000-5160-7927	2025-11-06	1
http://id.who.int/icd/entity/397417512	skos:exactMatch	https://data.esante.gouv.fr/terminologies/icf#65282	semapv:ManualMappingCuration	orcid:0009-0000-5160-7927	2025-11-06	1
http://id.who.int/icd/entity/9992424	skos:exactMatch	https://data.esante.gouv.fr/terminologies/icf#58740	semapv:ManualMappingCuration	orcid:0009-0000-5160-7927	2025-11-06	1
http://id.who.int/icd/entity/971036072	skos:exactMatch	https://data.esante.gouv.fr/terminologies/icf#9969	semapv:ManualMappingCuration	orcid:0009-0000-5160-7927	2025-11-06	1
http://id.who.int/icd/entity/784904552	skos:exactMatch	https://data.esante.gouv.fr/terminologies/icf#15520	semapv:ManualMappingCuration	orcid:0009-0000-5160-7927	2025-11-06	1
http://id.who.int/icd/entity/1101697000	skos:exactMatch	https://data.esante.gouv.fr/terminologies/icf#44586	semapv:ManualMappingCuration	orcid:0009-0000-5160-7927	2025-11-06	1
http://id.who.int/icd/entity/7084192	skos:exactMatch	https://data.esante.gouv.fr/terminologies/icf#29947	semapv:ManualMappingCuration	orcid:0009-0000-5160-7927	2025-11-06	1
http://id.who.int/icd/entity/390364256	skos:exactMatch	https://data.esante.gouv.fr/terminologies/icf#36668	semapv:ManualMappingCuration	orcid:0009-0000-5160-7927	2025-11-06	1
http://id.who.int/icd/entity/775737632	skos:exactMatch	https://data.esante.gouv.fr/terminologies/icf#63131	semapv:ManualMappingCuration	orcid:0009-0000-5160-7927	2025-11-06	1
http://id.who.int/icd/entity/915627353	skos:exactMatch	https://data.esante.gouv.fr/terminologies/icf#92279	semapv:ManualMappingCuration	orcid:0009-0000-5160-7927	2025-11-06	1
http://id.who.int/icd/entity/844275673	skos:exactMatch	https://data.esante.gouv.fr/terminologies/icf#32501	semapv:ManualMappingCuration	orcid:0009-0000-5160-7927	2025-11-06	1
http://id.who.int/icd/entity/628816665	skos:exactMatch	https://data.esante.gouv.fr/terminologies/icf#38494	semapv:ManualMappingCuration	orcid:0009-0000-5160-7927	2025-11-06	1
http://id.who.int/icd/entity/2098899609	skos:exactMatch	https://data.esante.gouv.fr/terminologies/icf#87171	semapv:ManualMappingCuration	orcid:0009-0000-5160-7927	2025-11-06	1
http://id.who.int/icd/entity/630102879	skos:exactMatch	https://data.esante.gouv.fr/terminologies/icf#48904	semapv:ManualMappingCuration	orcid:0009-0000-5160-7927	2025-11-06	1
http://id.who.int/icd/entity/849805215	skos:exactMatch	https://data.esante.gouv.fr/terminologies/icf#45714	semapv:ManualMappingCuration	orcid:0009-0000-5160-7927	2025-11-06	1
http://id.who.int/icd/entity/1854796913	skos:exactMatch	https://data.esante.gouv.fr/terminologies/icf#83012	semapv:ManualMappingCuration	orcid:0009-0000-5160-7927	2025-11-06	1
http://id.who.int/icd/entity/1073384927	skos:exactMatch	https://data.esante.gouv.fr/terminologies/icf#98886	semapv:ManualMappingCuration	orcid:0009-0000-5160-7927	2025-11-06	1
http://id.who.int/icd/entity/684910879	skos:exactMatch	https://data.esante.gouv.fr/terminologies/icf#5301	semapv:ManualMappingCuration	orcid:0009-0000-5160-7927	2025-11-06	1
http://id.who.int/icd/entity/621020081	skos:exactMatch	https://data.esante.gouv.fr/terminologies/icf#38804	semapv:ManualMappingCuration	orcid:0009-0000-5160-7927	2025-11-06	1
http://id.who.int/icd/entity/673614169	skos:exactMatch	https://data.esante.gouv.fr/terminologies/icf#4847	semapv:ManualMappingCuration	orcid:0009-0000-5160-7927	2025-11-06	1
http://id.who.int/icd/entity/1057942937	skos:exactMatch	https://data.esante.gouv.fr/terminologies/icf#56801	semapv:ManualMappingCuration	orcid:0009-0000-5160-7927	2025-11-06	1
http://id.who.int/icd/entity/108413145	skos:exactMatch	https://data.esante.gouv.fr/terminologies/icf#39739	semapv:ManualMappingCuration	orcid:0009-0000-5160-7927	2025-11-06	1
http://id.who.int/icd/entity/291382297	skos:exactMatch	https://data.esante.gouv.fr/terminologies/icf#81969	semapv:ManualMappingCuration	orcid:0009-0000-5160-7927	2025-11-06	1
http://id.who.int/icd/entity/1955011161	skos:exactMatch	https://data.esante.gouv.fr/terminologies/icf#83811	semapv:ManualMappingCuration	orcid:0009-0000-5160-7927	2025-11-06	1
http://id.who.int/icd/entity/1672445593	skos:exactMatch	https://data.esante.gouv.fr/terminologies/icf#14369	semapv:ManualMappingCuration	orcid:0009-0000-5160-7927	2025-11-06	1
http://id.who.int/icd/entity/274165416	skos:exactMatch	https://data.esante.gouv.fr/terminologies/icf#97823	semapv:ManualMappingCuration	orcid:0009-0000-5160-7927	2025-11-06	1
http://id.who.int/icd/entity/1541314920	skos:exactMatch	https://data.esante.gouv.fr/terminologies/icf#48025	semapv:ManualMappingCuration	orcid:0009-0000-5160-7927	2025-11-06	1
http://id.who.int/icd/entity/558848479	skos:exactMatch	https://data.esante.gouv.fr/terminologies/icf#93587	semapv:ManualMappingCuration	orcid:0009-0000-5160-7927	2025-11-06	1
http://id.who.int/icd/entity/2379888	skos:exactMatch	https://data.esante.gouv.fr/terminologies/icf#79217	semapv:ManualMappingCuration	orcid:0009-0000-5160-7927	2025-11-06	1
http://id.who.int/icd/entity/386675888	skos:exactMatch	https://data.esante.gouv.fr/terminologies/icf#98265	semapv:ManualMappingCuration	orcid:0009-0000-5160-7927	2025-11-06	1
http://id.who.int/icd/entity/1791405599	skos:exactMatch	https://data.esante.gouv.fr/terminologies/icf#69539	semapv:ManualMappingCuration	orcid:0009-0000-5160-7927	2025-11-06	1
http://id.who.int/icd/entity/402150632	skos:exactMatch	https://data.esante.gouv.fr/terminologies/icf#51456	semapv:ManualMappingCuration	orcid:0009-0000-5160-7927	2025-11-06	1
http://id.who.int/icd/entity/13643816	skos:exactMatch	https://data.esante.gouv.fr/terminologies/icf#47222	semapv:ManualMappingCuration	orcid:0009-0000-5160-7927	2025-11-06	1
http://id.who.int/icd/entity/1603650312	skos:exactMatch	https://data.esante.gouv.fr/terminologies/icf#94380	semapv:ManualMappingCuration	orcid:0009-0000-5160-7927	2025-11-06	1
http://id.who.int/icd/entity/415631623	skos:exactMatch	https://data.esante.gouv.fr/terminologies/icf#33052	semapv:ManualMappingCuration	orcid:0009-0000-5160-7927	2025-11-06	1
http://id.who.int/icd/entity/267283911	skos:exactMatch	https://data.esante.gouv.fr/terminologies/icf#89103	semapv:ManualMappingCuration	orcid:0009-0000-5160-7927	2025-11-06	1
http://id.who.int/icd/entity/337392840	skos:exactMatch	https://data.esante.gouv.fr/terminologies/icf#67820	semapv:ManualMappingCuration	orcid:0009-0000-5160-7927	2025-11-06	1
http://id.who.int/icd/entity/126577200	skos:exactMatch	https://data.esante.gouv.fr/terminologies/icf#52208	semapv:ManualMappingCuration	orcid:0009-0000-5160-7927	2025-11-06	1
http://id.who.int/icd/entity/359537409	skos:exactMatch	https://data.esante.gouv.fr/terminologies/icf#90921	semapv:ManualMappingCuration	orcid:0009-0000-5160-7927	2025-11-06	1
http://id.who.int/icd/entity/38174657	skos:exactMatch	https://data.esante.gouv.fr/terminologies/icf#24092	semapv:ManualMappingCuration	orcid:0009-0000-5160-7927	2025-11-06	1
http://id.who.int/icd/entity/779158576	skos:exactMatch	https://data.esante.gouv.fr/terminologies/icf#12012	semapv:ManualMappingCuration	orcid:0009-0000-5160-7927	2025-11-06	1
http://id.who.int/icd/entity/1710814192	skos:exactMatch	https://data.esante.gouv.fr/terminologies/icf#95036	semapv:ManualMappingCuration	orcid:0009-0000-5160-7927	2025-11-06	1
http://id.who.int/icd/entity/1987030296	skos:exactMatch	https://data.esante.gouv.fr/terminologies/icf#86528	semapv:ManualMappingCuration	orcid:0009-0000-5160-7927	2025-11-06	1
http://id.who.int/icd/entity/1038506712	skos:exactMatch	https://data.esante.gouv.fr/terminologies/icf#73755	semapv:ManualMappingCuration	orcid:0009-0000-5160-7927	2025-11-06	1
http://id.who.int/icd/entity/146094017	skos:exactMatch	https://data.esante.gouv.fr/terminologies/icf#20193	semapv:ManualMappingCuration	orcid:0009-0000-5160-7927	2025-11-06	1
http://id.who.int/icd/entity/1128054785	skos:exactMatch	https://data.esante.gouv.fr/terminologies/icf#8647	semapv:ManualMappingCuration	orcid:0009-0000-5160-7927	2025-11-06	1
http://id.who.int/icd/entity/967639224	skos:exactMatch	https://data.esante.gouv.fr/terminologies/icf#77275	semapv:ManualMappingCuration	orcid:0009-0000-5160-7927	2025-11-06	1
http://id.who.int/icd/entity/1915025272	skos:exactMatch	https://data.esante.gouv.fr/terminologies/icf#564	semapv:ManualMappingCuration	orcid:0009-0000-5160-7927	2025-11-06	1
http://id.who.int/icd/entity/1199020655	skos:exactMatch	https://data.esante.gouv.fr/terminologies/icf#81081	semapv:ManualMappingCuration	orcid:0009-0000-5160-7927	2025-11-06	1
http://id.who.int/icd/entity/218000815	skos:exactMatch	https://data.esante.gouv.fr/terminologies/icf#35759	semapv:ManualMappingCuration	orcid:0009-0000-5160-7927	2025-11-06	1
http://id.who.int/icd/entity/526988103	skos:exactMatch	https://data.esante.gouv.fr/terminologies/icf#42740	semapv:ManualMappingCuration	orcid:0009-0000-5160-7927	2025-11-06	1
http://id.who.int/icd/entity/156074218	skos:exactMatch	https://data.esante.gouv.fr/terminologies/icf#45992	semapv:ManualMappingCuration	orcid:0009-0000-5160-7927	2025-11-06	1
http://id.who.int/icd/entity/1120171818	skos:exactMatch	https://data.esante.gouv.fr/terminologies/icf#82700	semapv:ManualMappingCuration	orcid:0009-0000-5160-7927	2025-11-06	1
http://id.who.int/icd/entity/1364404674	skos:exactMatch	https://data.esante.gouv.fr/terminologies/icf#32480	semapv:ManualMappingCuration	orcid:0009-0000-5160-7927	2025-11-06	1
http://id.who.int/icd/entity/450551298	skos:exactMatch	https://data.esante.gouv.fr/terminologies/icf#42346	semapv:ManualMappingCuration	orcid:0009-0000-5160-7927	2025-11-06	1
http://id.who.int/icd/entity/797553433	skos:exactMatch	https://data.esante.gouv.fr/terminologies/icf#94434	semapv:ManualMappingCuration	orcid:0009-0000-5160-7927	2025-11-06	1
http://id.who.int/icd/entity/1677739225	skos:exactMatch	https://data.esante.gouv.fr/terminologies/icf#40012	semapv:ManualMappingCuration	orcid:0009-0000-5160-7927	2025-11-06	1
http://id.who.int/icd/entity/512853102	skos:exactMatch	https://data.esante.gouv.fr/terminologies/icf#77338	semapv:ManualMappingCuration	orcid:0009-0000-5160-7927	2025-11-06	1
http://id.who.int/icd/entity/1427665838	skos:exactMatch	https://data.esante.gouv.fr/terminologies/icf#38825	semapv:ManualMappingCuration	orcid:0009-0000-5160-7927	2025-11-06	1
http://id.who.int/icd/entity/1615535799	skos:exactMatch	https://data.esante.gouv.fr/terminologies/icf#77873	semapv:ManualMappingCuration	orcid:0009-0000-5160-7927	2025-11-06	1
http://id.who.int/icd/entity/734194039	skos:exactMatch	https://data.esante.gouv.fr/terminologies/icf#84661	semapv:ManualMappingCuration	orcid:0009-0000-5160-7927	2025-11-06	1
http://id.who.int/icd/entity/945141663	skos:exactMatch	https://data.esante.gouv.fr/terminologies/icf#59798	semapv:ManualMappingCuration	orcid:0009-0000-5160-7927	2025-11-06	1
http://id.who.int/icd/entity/1943814239	skos:exactMatch	https://data.esante.gouv.fr/terminologies/icf#58911	semapv:ManualMappingCuration	orcid:0009-0000-5160-7927	2025-11-06	1
http://id.who.int/icd/entity/296737153	skos:exactMatch	https://data.esante.gouv.fr/terminologies/icf#61020	semapv:ManualMappingCuration	orcid:0009-0000-5160-7927	2025-11-06	1
http://id.who.int/icd/entity/911961226	skos:exactMatch	https://data.esante.gouv.fr/terminologies/icf#89138	semapv:ManualMappingCuration	orcid:0009-0000-5160-7927	2025-11-06	1
http://id.who.int/icd/entity/561186890	skos:exactMatch	https://data.esante.gouv.fr/terminologies/icf#93933	semapv:ManualMappingCuration	orcid:0009-0000-5160-7927	2025-11-06	1
http://id.who.int/icd/entity/403416330	skos:exactMatch	https://data.esante.gouv.fr/terminologies/icf#32306	semapv:ManualMappingCuration	orcid:0009-0000-5160-7927	2025-11-06	1
http://id.who.int/icd/entity/1512451649	skos:exactMatch	https://data.esante.gouv.fr/terminologies/icf#96470	semapv:ManualMappingCuration	orcid:0009-0000-5160-7927	2025-11-06	1
http://id.who.int/icd/entity/562522126	skos:exactMatch	https://data.esante.gouv.fr/terminologies/icf#84306	semapv:ManualMappingCuration	orcid:0009-0000-5160-7927	2025-11-06	1
http://id.who.int/icd/entity/917441742	skos:exactMatch	https://data.esante.gouv.fr/terminologies/icf#1307	semapv:ManualMappingCuration	orcid:0009-0000-5160-7927	2025-11-06	1
http://id.who.int/icd/entity/265789838	skos:exactMatch	https://data.esante.gouv.fr/terminologies/icf#53134	semapv:ManualMappingCuration	orcid:0009-0000-5160-7927	2025-11-06	1
http://id.who.int/icd/entity/1236365481	skos:exactMatch	https://data.esante.gouv.fr/terminologies/icf#85124	semapv:ManualMappingCuration	orcid:0009-0000-5160-7927	2025-11-06	1
http://id.who.int/icd/entity/1005813390	skos:exactMatch	https://data.esante.gouv.fr/terminologies/icf#32593	semapv:ManualMappingCuration	orcid:0009-0000-5160-7927	2025-11-06	1
http://id.who.int/icd/entity/752556622	skos:exactMatch	https://data.esante.gouv.fr/terminologies/icf#28731	semapv:ManualMappingCuration	orcid:0009-0000-5160-7927	2025-11-06	1
http://id.who.int/icd/entity/363050766	skos:exactMatch	https://data.esante.gouv.fr/terminologies/icf#10039	semapv:ManualMappingCuration	orcid:0009-0000-5160-7927	2025-11-06	1
http://id.who.int/icd/entity/37259113	skos:exactMatch	https://data.esante.gouv.fr/terminologies/icf#68619	semapv:ManualMappingCuration	orcid:0009-0000-5160-7927	2025-11-06	1
http://id.who.int/icd/entity/741308938	skos:exactMatch	https://data.esante.gouv.fr/terminologies/icf#32398	semapv:ManualMappingCuration	orcid:0009-0000-5160-7927	2025-11-06	1
http://id.who.int/icd/entity/990322378	skos:exactMatch	https://data.esante.gouv.fr/terminologies/icf#75236	semapv:ManualMappingCuration	orcid:0009-0000-5160-7927	2025-11-06	1
http://id.who.int/icd/entity/41923466	skos:exactMatch	https://data.esante.gouv.fr/terminologies/icf#75028	semapv:ManualMappingCuration	orcid:0009-0000-5160-7927	2025-11-06	1
http://id.who.int/icd/entity/929819250	skos:exactMatch	https://data.esante.gouv.fr/terminologies/icf#27539	semapv:ManualMappingCuration	orcid:0009-0000-5160-7927	2025-11-06	1
http://id.who.int/icd/entity/588326885	skos:exactMatch	https://data.esante.gouv.fr/terminologies/icf#79456	semapv:ManualMappingCuration	orcid:0009-0000-5160-7927	2025-11-06	1
http://id.who.int/icd/entity/876167973	skos:exactMatch	https://data.esante.gouv.fr/terminologies/icf#61573	semapv:ManualMappingCuration	orcid:0009-0000-5160-7927	2025-11-06	1
http://id.who.int/icd/entity/222424677	skos:exactMatch	https://data.esante.gouv.fr/terminologies/icf#50643	semapv:ManualMappingCuration	orcid:0009-0000-5160-7927	2025-11-06	1
http://id.who.int/icd/entity/2095193522	skos:exactMatch	https://data.esante.gouv.fr/terminologies/icf#43381	semapv:ManualMappingCuration	orcid:0009-0000-5160-7927	2025-11-06	1
http://id.who.int/icd/entity/885859171	skos:exactMatch	https://data.esante.gouv.fr/terminologies/icf#64381	semapv:ManualMappingCuration	orcid:0009-0000-5160-7927	2025-11-06	1
http://id.who.int/icd/entity/602228643	skos:exactMatch	https://data.esante.gouv.fr/terminologies/icf#77044	semapv:ManualMappingCuration	orcid:0009-0000-5160-7927	2025-11-06	1
http://id.who.int/icd/entity/446556899	skos:exactMatch	https://data.esante.gouv.fr/terminologies/icf#7099	semapv:ManualMappingCuration	orcid:0009-0000-5160-7927	2025-11-06	1
http://id.who.int/icd/entity/108256519	skos:exactMatch	https://data.esante.gouv.fr/terminologies/icf#7687	semapv:ManualMappingCuration	orcid:0009-0000-5160-7927	2025-11-06	1
http://id.who.int/icd/entity/70099773	skos:exactMatch	https://data.esante.gouv.fr/terminologies/icf#33958	semapv:ManualMappingCuration	orcid:0009-0000-5160-7927	2025-11-06	1
http://id.who.int/icd/entity/319145981	skos:exactMatch	https://data.esante.gouv.fr/terminologies/icf#46314	semapv:ManualMappingCuration	orcid:0009-0000-5160-7927	2025-11-06	1
http://id.who.int/icd/entity/712862397	skos:exactMatch	https://data.esante.gouv.fr/terminologies/icf#60075	semapv:ManualMappingCuration	orcid:0009-0000-5160-7927	2025-11-06	1
http://id.who.int/icd/entity/1308240583	skos:exactMatch	https://data.esante.gouv.fr/terminologies/icf#63635	semapv:ManualMappingCuration	orcid:0009-0000-5160-7927	2025-11-06	1
http://id.who.int/icd/entity/334604219	skos:exactMatch	https://data.esante.gouv.fr/terminologies/icf#86943	semapv:ManualMappingCuration	orcid:0009-0000-5160-7927	2025-11-06	1
http://id.who.int/icd/entity/81380219	skos:exactMatch	https://data.esante.gouv.fr/terminologies/icf#21959	semapv:ManualMappingCuration	orcid:0009-0000-5160-7927	2025-11-06	1
http://id.who.int/icd/entity/1033989691	skos:exactMatch	https://data.esante.gouv.fr/terminologies/icf#78219	semapv:ManualMappingCuration	orcid:0009-0000-5160-7927	2025-11-06	1
http://id.who.int/icd/entity/2024359902	skos:exactMatch	https://data.esante.gouv.fr/terminologies/icf#12954	semapv:ManualMappingCuration	orcid:0009-0000-5160-7927	2025-11-06	1
http://id.who.int/icd/entity/483392084	skos:exactMatch	https://data.esante.gouv.fr/terminologies/icf#98953	semapv:ManualMappingCuration	orcid:0009-0000-5160-7927	2025-11-06	1
http://id.who.int/icd/entity/199728788	skos:exactMatch	https://data.esante.gouv.fr/terminologies/icf#31785	semapv:ManualMappingCuration	orcid:0009-0000-5160-7927	2025-11-06	1
http://id.who.int/icd/entity/849294292	skos:exactMatch	https://data.esante.gouv.fr/terminologies/icf#69207	semapv:ManualMappingCuration	orcid:0009-0000-5160-7927	2025-11-06	1
http://id.who.int/icd/entity/857780254	skos:exactMatch	https://data.esante.gouv.fr/terminologies/icf#44979	semapv:ManualMappingCuration	orcid:0009-0000-5160-7927	2025-11-06	1
http://id.who.int/icd/entity/185859796	skos:exactMatch	https://data.esante.gouv.fr/terminologies/icf#59444	semapv:ManualMappingCuration	orcid:0009-0000-5160-7927	2025-11-06	1
http://id.who.int/icd/entity/473668116	skos:exactMatch	https://data.esante.gouv.fr/terminologies/icf#86771	semapv:ManualMappingCuration	orcid:0009-0000-5160-7927	2025-11-06	1
http://id.who.int/icd/entity/625162068	skos:exactMatch	https://data.esante.gouv.fr/terminologies/icf#65832	semapv:ManualMappingCuration	orcid:0009-0000-5160-7927	2025-11-06	1
http://id.who.int/icd/entity/548925174	skos:exactMatch	https://data.esante.gouv.fr/terminologies/icf#42825	semapv:ManualMappingCuration	orcid:0009-0000-5160-7927	2025-11-06	1
http://id.who.int/icd/entity/292022356	skos:exactMatch	https://data.esante.gouv.fr/terminologies/icf#2080	semapv:ManualMappingCuration	orcid:0009-0000-5160-7927	2025-11-06	1
http://id.who.int/icd/entity/105876628	skos:exactMatch	https://data.esante.gouv.fr/terminologies/icf#94986	semapv:ManualMappingCuration	orcid:0009-0000-5160-7927	2025-11-06	1
http://id.who.int/icd/entity/1060577748	skos:exactMatch	https://data.esante.gouv.fr/terminologies/icf#31550	semapv:ManualMappingCuration	orcid:0009-0000-5160-7927	2025-11-06	1
http://id.who.int/icd/entity/1799231798	skos:exactMatch	https://data.esante.gouv.fr/terminologies/icf#70466	semapv:ManualMappingCuration	orcid:0009-0000-5160-7927	2025-11-06	1
http://id.who.int/icd/entity/112979156	skos:exactMatch	https://data.esante.gouv.fr/terminologies/icf#19340	semapv:ManualMappingCuration	orcid:0009-0000-5160-7927	2025-11-06	1
http://id.who.int/icd/entity/294881300	skos:exactMatch	https://data.esante.gouv.fr/terminologies/icf#49474	semapv:ManualMappingCuration	orcid:0009-0000-5160-7927	2025-11-06	1
http://id.who.int/icd/entity/686499156	skos:exactMatch	https://data.esante.gouv.fr/terminologies/icf#42584	semapv:ManualMappingCuration	orcid:0009-0000-5160-7927	2025-11-06	1
http://id.who.int/icd/entity/1584231471	skos:exactMatch	https://data.esante.gouv.fr/terminologies/icf#95585	semapv:ManualMappingCuration	orcid:0009-0000-5160-7927	2025-11-06	1
http://id.who.int/icd/entity/159756603	skos:exactMatch	https://data.esante.gouv.fr/terminologies/icf#60196	semapv:ManualMappingCuration	orcid:0009-0000-5160-7927	2025-11-06	1
http://id.who.int/icd/entity/514708987	skos:exactMatch	https://data.esante.gouv.fr/terminologies/icf#89018	semapv:ManualMappingCuration	orcid:0009-0000-5160-7927	2025-11-06	1
http://id.who.int/icd/entity/668301499	skos:exactMatch	https://data.esante.gouv.fr/terminologies/icf#45993	semapv:ManualMappingCuration	orcid:0009-0000-5160-7927	2025-11-06	1
http://id.who.int/icd/entity/367297519	skos:exactMatch	https://data.esante.gouv.fr/terminologies/icf#92881	semapv:ManualMappingCuration	orcid:0009-0000-5160-7927	2025-11-06	1
http://id.who.int/icd/entity/509195709	skos:exactMatch	https://data.esante.gouv.fr/terminologies/icf#72829	semapv:ManualMappingCuration	orcid:0009-0000-5160-7927	2025-11-06	1
http://id.who.int/icd/entity/158454141	skos:exactMatch	https://data.esante.gouv.fr/terminologies/icf#41150	semapv:ManualMappingCuration	orcid:0009-0000-5160-7927	2025-11-06	1
http://id.who.int/icd/entity/805927997	skos:exactMatch	https://data.esante.gouv.fr/terminologies/icf#77289	semapv:ManualMappingCuration	orcid:0009-0000-5160-7927	2025-11-06	1
http://id.who.int/icd/entity/1116176408	skos:exactMatch	https://data.esante.gouv.fr/terminologies/icf#24073	semapv:ManualMappingCuration	orcid:0009-0000-5160-7927	2025-11-06	1
http://id.who.int/icd/entity/2073040991	skos:exactMatch	https://data.esante.gouv.fr/terminologies/icf#35247	semapv:ManualMappingCuration	orcid:0009-0000-5160-7927	2025-11-06	1
http://id.who.int/icd/entity/1824029855	skos:exactMatch	https://data.esante.gouv.fr/terminologies/icf#37881	semapv:ManualMappingCuration	orcid:0009-0000-5160-7927	2025-11-06	1
http://id.who.int/icd/entity/1438699999	skos:exactMatch	https://data.esante.gouv.fr/terminologies/icf#66065	semapv:ManualMappingCuration	orcid:0009-0000-5160-7927	2025-11-06	1
http://id.who.int/icd/entity/151943128	skos:exactMatch	https://data.esante.gouv.fr/terminologies/icf#96320	semapv:ManualMappingCuration	orcid:0009-0000-5160-7927	2025-11-06	1
http://id.who.int/icd/entity/1816927449	skos:exactMatch	https://data.esante.gouv.fr/terminologies/icf#32999	semapv:ManualMappingCuration	orcid:0009-0000-5160-7927	2025-11-06	1
http://id.who.int/icd/entity/2070181913	skos:exactMatch	https://data.esante.gouv.fr/terminologies/icf#20132	semapv:ManualMappingCuration	orcid:0009-0000-5160-7927	2025-11-06	1
http://id.who.int/icd/entity/1109185881	skos:exactMatch	https://data.esante.gouv.fr/terminologies/icf#22978	semapv:ManualMappingCuration	orcid:0009-0000-5160-7927	2025-11-06	1
http://id.who.int/icd/entity/1012734657	skos:exactMatch	https://data.esante.gouv.fr/terminologies/icf#72608	semapv:ManualMappingCuration	orcid:0009-0000-5160-7927	2025-11-06	1
http://id.who.int/icd/entity/1668432182	skos:exactMatch	https://data.esante.gouv.fr/terminologies/icf#52408	semapv:ManualMappingCuration	orcid:0009-0000-5160-7927	2025-11-06	1
http://id.who.int/icd/entity/1952065014	skos:exactMatch	https://data.esante.gouv.fr/terminologies/icf#26658	semapv:ManualMappingCuration	orcid:0009-0000-5160-7927	2025-11-06	1
http://id.who.int/icd/entity/1294108854	skos:exactMatch	https://data.esante.gouv.fr/terminologies/icf#10057	semapv:ManualMappingCuration	orcid:0009-0000-5160-7927	2025-11-06	1
http://id.who.int/icd/entity/2010443009	skos:exactMatch	https://data.esante.gouv.fr/terminologies/icf#3847	semapv:ManualMappingCuration	orcid:0009-0000-5160-7927	2025-11-06	1
http://id.who.int/icd/entity/1957578162	skos:exactMatch	https://data.esante.gouv.fr/terminologies/icf#40279	semapv:ManualMappingCuration	orcid:0009-0000-5160-7927	2025-11-06	1
http://id.who.int/icd/entity/1669734770	skos:exactMatch	https://data.esante.gouv.fr/terminologies/icf#54603	semapv:ManualMappingCuration	orcid:0009-0000-5160-7927	2025-11-06	1
http://id.who.int/icd/entity/1526631474	skos:exactMatch	https://data.esante.gouv.fr/terminologies/icf#524	semapv:ManualMappingCuration	orcid:0009-0000-5160-7927	2025-11-06	1
http://id.who.int/icd/entity/634949825	skos:exactMatch	https://data.esante.gouv.fr/terminologies/icf#23804	semapv:ManualMappingCuration	orcid:0009-0000-5160-7927	2025-11-06	1
http://id.who.int/icd/entity/920457524	skos:exactMatch	https://data.esante.gouv.fr/terminologies/icf#98553	semapv:ManualMappingCuration	orcid:0009-0000-5160-7927	2025-11-06	1
http://id.who.int/icd/entity/885972928	skos:exactMatch	https://data.esante.gouv.fr/terminologies/icf#25299	semapv:ManualMappingCuration	orcid:0009-0000-5160-7927	2025-11-06	1
http://id.who.int/icd/entity/602323840	skos:exactMatch	https://data.esante.gouv.fr/terminologies/icf#7009	semapv:ManualMappingCuration	orcid:0009-0000-5160-7927	2025-11-06	1
http://id.who.int/icd/entity/446568000	skos:exactMatch	https://data.esante.gouv.fr/terminologies/icf#49896	semapv:ManualMappingCuration	orcid:0009-0000-5160-7927	2025-11-06	1
http://id.who.int/icd/entity/230060800	skos:exactMatch	https://data.esante.gouv.fr/terminologies/icf#25247	semapv:ManualMappingCuration	orcid:0009-0000-5160-7927	2025-11-06	1
http://id.who.int/icd/entity/569734644	skos:exactMatch	https://data.esante.gouv.fr/terminologies/icf#58263	semapv:ManualMappingCuration	orcid:0009-0000-5160-7927	2025-11-06	1
http://id.who.int/icd/entity/411949236	skos:exactMatch	https://data.esante.gouv.fr/terminologies/icf#55567	semapv:ManualMappingCuration	orcid:0009-0000-5160-7927	2025-11-06	1
http://id.who.int/icd/entity/262519924	skos:exactMatch	https://data.esante.gouv.fr/terminologies/icf#69954	semapv:ManualMappingCuration	orcid:0009-0000-5160-7927	2025-11-06	1
http://id.who.int/icd/entity/1786544692	skos:exactMatch	https://data.esante.gouv.fr/terminologies/icf#82062	semapv:ManualMappingCuration	orcid:0009-0000-5160-7927	2025-11-06	1
http://id.who.int/icd/entity/2102716148	skos:exactMatch	https://data.esante.gouv.fr/terminologies/icf#36531	semapv:ManualMappingCuration	orcid:0009-0000-5160-7927	2025-11-06	1
http://id.who.int/icd/entity/588438328	skos:exactMatch	https://data.esante.gouv.fr/terminologies/icf#28541	semapv:ManualMappingCuration	orcid:0009-0000-5160-7927	2025-11-06	1
http://id.who.int/icd/entity/876265464	skos:exactMatch	https://data.esante.gouv.fr/terminologies/icf#60961	semapv:ManualMappingCuration	orcid:0009-0000-5160-7927	2025-11-06	1
http://id.who.int/icd/entity/1143753652	skos:exactMatch	https://data.esante.gouv.fr/terminologies/icf#6028	semapv:ManualMappingCuration	orcid:0009-0000-5160-7927	2025-11-06	1
http://id.who.int/icd/entity/2110142953	skos:exactMatch	https://data.esante.gouv.fr/terminologies/icf#5514	semapv:ManualMappingCuration	orcid:0009-0000-5160-7927	2025-11-06	1
http://id.who.int/icd/entity/997524276	skos:exactMatch	https://data.esante.gouv.fr/terminologies/icf#11571	semapv:ManualMappingCuration	orcid:0009-0000-5160-7927	2025-11-06	1
http://id.who.int/icd/entity/907073689	skos:exactMatch	https://data.esante.gouv.fr/terminologies/icf#41975	semapv:ManualMappingCuration	orcid:0009-0000-5160-7927	2025-11-06	1
http://id.who.int/icd/entity/557366361	skos:exactMatch	https://data.esante.gouv.fr/terminologies/icf#76448	semapv:ManualMappingCuration	orcid:0009-0000-5160-7927	2025-11-06	1
http://id.who.int/icd/entity/406851865	skos:exactMatch	https://data.esante.gouv.fr/terminologies/icf#72621	semapv:ManualMappingCuration	orcid:0009-0000-5160-7927	2025-11-06	1
http://id.who.int/icd/entity/258504153	skos:exactMatch	https://data.esante.gouv.fr/terminologies/icf#49765	semapv:ManualMappingCuration	orcid:0009-0000-5160-7927	2025-11-06	1
http://id.who.int/icd/entity/744318964	skos:exactMatch	https://data.esante.gouv.fr/terminologies/icf#45899	semapv:ManualMappingCuration	orcid:0009-0000-5160-7927	2025-11-06	1
http://id.who.int/icd/entity/52208434	skos:exactMatch	https://data.esante.gouv.fr/terminologies/icf#99523	semapv:ManualMappingCuration	orcid:0009-0000-5160-7927	2025-11-06	1
http://id.who.int/icd/entity/839160903	skos:exactMatch	https://data.esante.gouv.fr/terminologies/icf#87765	semapv:ManualMappingCuration	orcid:0009-0000-5160-7927	2025-11-06	1
http://id.who.int/icd/entity/1289621150	skos:exactMatch	https://data.esante.gouv.fr/terminologies/icf#70212	semapv:ManualMappingCuration	orcid:0009-0000-5160-7927	2025-11-06	1
http://id.who.int/icd/entity/678462151	skos:exactMatch	https://data.esante.gouv.fr/terminologies/icf#41494	semapv:ManualMappingCuration	orcid:0009-0000-5160-7927	2025-11-06	1
http://id.who.int/icd/entity/1886268399	skos:exactMatch	https://data.esante.gouv.fr/terminologies/icf#41199	semapv:ManualMappingCuration	orcid:0009-0000-5160-7927	2025-11-06	1
http://id.who.int/icd/entity/967509011	skos:exactMatch	https://data.esante.gouv.fr/terminologies/icf#87515	semapv:ManualMappingCuration	orcid:0009-0000-5160-7927	2025-11-06	1
http://id.who.int/icd/entity/780361939	skos:exactMatch	https://data.esante.gouv.fr/terminologies/icf#61446	semapv:ManualMappingCuration	orcid:0009-0000-5160-7927	2025-11-06	1
http://id.who.int/icd/entity/402378131	skos:exactMatch	https://data.esante.gouv.fr/terminologies/icf#44589	semapv:ManualMappingCuration	orcid:0009-0000-5160-7927	2025-11-06	1
http://id.who.int/icd/entity/13871443	skos:exactMatch	https://data.esante.gouv.fr/terminologies/icf#12063	semapv:ManualMappingCuration	orcid:0009-0000-5160-7927	2025-11-06	1
http://id.who.int/icd/entity/1695192851	skos:exactMatch	https://data.esante.gouv.fr/terminologies/icf#76280	semapv:ManualMappingCuration	orcid:0009-0000-5160-7927	2025-11-06	1
http://id.who.int/icd/entity/1914893267	skos:exactMatch	https://data.esante.gouv.fr/terminologies/icf#69362	semapv:ManualMappingCuration	orcid:0009-0000-5160-7927	2025-11-06	1
http://id.who.int/icd/entity/246722870	skos:exactMatch	https://data.esante.gouv.fr/terminologies/icf#52807	semapv:ManualMappingCuration	orcid:0009-0000-5160-7927	2025-11-06	1
http://id.who.int/icd/entity/558456188	skos:exactMatch	https://data.esante.gouv.fr/terminologies/icf#13702	semapv:ManualMappingCuration	orcid:0009-0000-5160-7927	2025-11-06	1
http://id.who.int/icd/entity/912341436	skos:exactMatch	https://data.esante.gouv.fr/terminologies/icf#50706	semapv:ManualMappingCuration	orcid:0009-0000-5160-7927	2025-11-06	1
http://id.who.int/icd/entity/1068271169	skos:exactMatch	https://data.esante.gouv.fr/terminologies/icf#62940	semapv:ManualMappingCuration	orcid:0009-0000-5160-7927	2025-11-06	1
http://id.who.int/icd/entity/1098259610	skos:exactMatch	https://data.esante.gouv.fr/terminologies/icf#1276	semapv:ManualMappingCuration	orcid:0009-0000-5160-7927	2025-11-06	1
http://id.who.int/icd/entity/513245387	skos:exactMatch	https://data.esante.gouv.fr/terminologies/icf#39143	semapv:ManualMappingCuration	orcid:0009-0000-5160-7927	2025-11-06	1
http://id.who.int/icd/entity/163570699	skos:exactMatch	https://data.esante.gouv.fr/terminologies/icf#31727	semapv:ManualMappingCuration	orcid:0009-0000-5160-7927	2025-11-06	1
http://id.who.int/icd/entity/818366795	skos:exactMatch	https://data.esante.gouv.fr/terminologies/icf#71854	semapv:ManualMappingCuration	orcid:0009-0000-5160-7927	2025-11-06	1
http://id.who.int/icd/entity/426292658	skos:exactMatch	https://data.esante.gouv.fr/terminologies/icf#84736	semapv:ManualMappingCuration	orcid:0009-0000-5160-7927	2025-11-06	1
http://id.who.int/icd/entity/322933453	skos:exactMatch	https://data.esante.gouv.fr/terminologies/icf#36745	semapv:ManualMappingCuration	orcid:0009-0000-5160-7927	2025-11-06	1
http://id.who.int/icd/entity/68679181	skos:exactMatch	https://data.esante.gouv.fr/terminologies/icf#83877	semapv:ManualMappingCuration	orcid:0009-0000-5160-7927	2025-11-06	1
http://id.who.int/icd/entity/1030708045	skos:exactMatch	https://data.esante.gouv.fr/terminologies/icf#99543	semapv:ManualMappingCuration	orcid:0009-0000-5160-7927	2025-11-06	1
http://id.who.int/icd/entity/709312397	skos:exactMatch	https://data.esante.gouv.fr/terminologies/icf#35042	semapv:ManualMappingCuration	orcid:0009-0000-5160-7927	2025-11-06	1
http://id.who.int/icd/entity/814930862	skos:exactMatch	https://data.esante.gouv.fr/terminologies/icf#7174	semapv:ManualMappingCuration	orcid:0009-0000-5160-7927	2025-11-06	1
http://id.who.int/icd/entity/901180170	skos:exactMatch	https://data.esante.gouv.fr/terminologies/icf#59694	semapv:ManualMappingCuration	orcid:0009-0000-5160-7927	2025-11-06	1
http://id.who.int/icd/entity/580816842	skos:exactMatch	https://data.esante.gouv.fr/terminologies/icf#58929	semapv:ManualMappingCuration	orcid:0009-0000-5160-7927	2025-11-06	1
http://id.who.int/icd/entity/468066954	skos:exactMatch	https://data.esante.gouv.fr/terminologies/icf#85926	semapv:ManualMappingCuration	orcid:0009-0000-5160-7927	2025-11-06	1
http://id.who.int/icd/entity/1754034822	skos:exactMatch	https://data.esante.gouv.fr/terminologies/icf#47856	semapv:ManualMappingCuration	orcid:0009-0000-5160-7927	2025-11-06	1
http://id.who.int/icd/entity/941553934	skos:exactMatch	https://data.esante.gouv.fr/terminologies/icf#66720	semapv:ManualMappingCuration	orcid:0009-0000-5160-7927	2025-11-06	1
http://id.who.int/icd/entity/1322327689	skos:exactMatch	https://data.esante.gouv.fr/terminologies/icf#34319	semapv:ManualMappingCuration	orcid:0009-0000-5160-7927	2025-11-06	1
http://id.who.int/icd/entity/1509521993	skos:exactMatch	https://data.esante.gouv.fr/terminologies/icf#55358	semapv:ManualMappingCuration	orcid:0009-0000-5160-7927	2025-11-06	1
http://id.who.int/icd/entity/792108494	skos:exactMatch	https://data.esante.gouv.fr/terminologies/icf#32113	semapv:ManualMappingCuration	orcid:0009-0000-5160-7927	2025-11-06	1
http://id.who.int/icd/entity/374222990	skos:exactMatch	https://data.esante.gouv.fr/terminologies/icf#86602	semapv:ManualMappingCuration	orcid:0009-0000-5160-7927	2025-11-06	1
http://id.who.int/icd/entity/1746218360	skos:exactMatch	https://data.esante.gouv.fr/terminologies/icf#89289	semapv:ManualMappingCuration	orcid:0009-0000-5160-7927	2025-11-06	1
http://id.who.int/icd/entity/2134723000	skos:exactMatch	https://data.esante.gouv.fr/terminologies/icf#34561	semapv:ManualMappingCuration	orcid:0009-0000-5160-7927	2025-11-06	1
http://id.who.int/icd/entity/23483470	skos:exactMatch	https://data.esante.gouv.fr/terminologies/icf#70086	semapv:ManualMappingCuration	orcid:0009-0000-5160-7927	2025-11-06	1
http://id.who.int/icd/entity/1690266126	skos:exactMatch	https://data.esante.gouv.fr/terminologies/icf#74440	semapv:ManualMappingCuration	orcid:0009-0000-5160-7927	2025-11-06	1
http://id.who.int/icd/entity/668434648	skos:exactMatch	https://data.esante.gouv.fr/terminologies/icf#58800	semapv:ManualMappingCuration	orcid:0009-0000-5160-7927	2025-11-06	1
http://id.who.int/icd/entity/822076440	skos:exactMatch	https://data.esante.gouv.fr/terminologies/icf#99965	semapv:ManualMappingCuration	orcid:0009-0000-5160-7927	2025-11-06	1
http://id.who.int/icd/entity/1939279566	skos:exactMatch	https://data.esante.gouv.fr/terminologies/icf#20302	semapv:ManualMappingCuration	orcid:0009-0000-5160-7927	2025-11-06	1
http://id.who.int/icd/entity/374794335	skos:exactMatch	https://data.esante.gouv.fr/terminologies/icf#75172	semapv:ManualMappingCuration	orcid:0009-0000-5160-7927	2025-11-06	1
http://id.who.int/icd/entity/553427047	skos:exactMatch	https://data.esante.gouv.fr/terminologies/icf#8074	semapv:ManualMappingCuration	orcid:0009-0000-5160-7927	2025-11-06	1
http://id.who.int/icd/entity/936690855	skos:exactMatch	https://data.esante.gouv.fr/terminologies/icf#14608	semapv:ManualMappingCuration	orcid:0009-0000-5160-7927	2025-11-06	1
http://id.who.int/icd/entity/659480362	skos:exactMatch	https://data.esante.gouv.fr/terminologies/icf#25293	semapv:ManualMappingCuration	orcid:0009-0000-5160-7927	2025-11-06	1
http://id.who.int/icd/entity/130032831	skos:exactMatch	https://data.esante.gouv.fr/terminologies/icf#38617	semapv:ManualMappingCuration	orcid:0009-0000-5160-7927	2025-11-06	1
http://id.who.int/icd/entity/397303672	skos:exactMatch	https://data.esante.gouv.fr/terminologies/icf#21148	semapv:ManualMappingCuration	orcid:0009-0000-5160-7927	2025-11-06	1
http://id.who.int/icd/entity/834607195	skos:exactMatch	https://data.esante.gouv.fr/terminologies/icf#31079	semapv:ManualMappingCuration	orcid:0009-0000-5160-7927	2025-11-06	1
http://id.who.int/icd/entity/647462043	skos:exactMatch	https://data.esante.gouv.fr/terminologies/icf#45906	semapv:ManualMappingCuration	orcid:0009-0000-5160-7927	2025-11-06	1
http://id.who.int/icd/entity/535810523	skos:exactMatch	https://data.esante.gouv.fr/terminologies/icf#65218	semapv:ManualMappingCuration	orcid:0009-0000-5160-7927	2025-11-06	1
http://id.who.int/icd/entity/147305755	skos:exactMatch	https://data.esante.gouv.fr/terminologies/icf#86295	semapv:ManualMappingCuration	orcid:0009-0000-5160-7927	2025-11-06	1
http://id.who.int/icd/entity/1336997472	skos:exactMatch	https://data.esante.gouv.fr/terminologies/icf#86848	semapv:ManualMappingCuration	orcid:0009-0000-5160-7927	2025-11-06	1
http://id.who.int/icd/entity/1008142941	skos:exactMatch	https://data.esante.gouv.fr/terminologies/icf#31715	semapv:ManualMappingCuration	orcid:0009-0000-5160-7927	2025-11-06	1
http://id.who.int/icd/entity/725577373	skos:exactMatch	https://data.esante.gouv.fr/terminologies/icf#61508	semapv:ManualMappingCuration	orcid:0009-0000-5160-7927	2025-11-06	1
http://id.who.int/icd/entity/306693085	skos:exactMatch	https://data.esante.gouv.fr/terminologies/icf#20442	semapv:ManualMappingCuration	orcid:0009-0000-5160-7927	2025-11-06	1
http://id.who.int/icd/entity/91203357	skos:exactMatch	https://data.esante.gouv.fr/terminologies/icf#39463	semapv:ManualMappingCuration	orcid:0009-0000-5160-7927	2025-11-06	1
http://id.who.int/icd/entity/1622579549	skos:exactMatch	https://data.esante.gouv.fr/terminologies/icf#14323	semapv:ManualMappingCuration	orcid:0009-0000-5160-7927	2025-11-06	1
http://id.who.int/icd/entity/829058183	skos:exactMatch	https://data.esante.gouv.fr/terminologies/icf#96637	semapv:ManualMappingCuration	orcid:0009-0000-5160-7927	2025-11-06	1
http://id.who.int/icd/entity/620057398	skos:exactMatch	https://data.esante.gouv.fr/terminologies/icf#46502	semapv:ManualMappingCuration	orcid:0009-0000-5160-7927	2025-11-06	1
http://id.who.int/icd/entity/870135798	skos:exactMatch	https://data.esante.gouv.fr/terminologies/icf#73471	semapv:ManualMappingCuration	orcid:0009-0000-5160-7927	2025-11-06	1
http://id.who.int/icd/entity/2070097803	skos:exactMatch	https://data.esante.gouv.fr/terminologies/icf#65838	semapv:ManualMappingCuration	orcid:0009-0000-5160-7927	2025-11-06	1
http://id.who.int/icd/entity/1816873803	skos:exactMatch	https://data.esante.gouv.fr/terminologies/icf#65738	semapv:ManualMappingCuration	orcid:0009-0000-5160-7927	2025-11-06	1
http://id.who.int/icd/entity/178625206	skos:exactMatch	https://data.esante.gouv.fr/terminologies/icf#75766	semapv:ManualMappingCuration	orcid:0009-0000-5160-7927	2025-11-06	1
http://id.who.int/icd/entity/495844982	skos:exactMatch	https://data.esante.gouv.fr/terminologies/icf#32623	semapv:ManualMappingCuration	orcid:0009-0000-5160-7927	2025-11-06	1
http://id.who.int/icd/entity/1571232890	skos:exactMatch	https://data.esante.gouv.fr/terminologies/icf#75024	semapv:ManualMappingCuration	orcid:0009-0000-5160-7927	2025-11-06	1
http://id.who.int/icd/entity/1250916538	skos:exactMatch	https://data.esante.gouv.fr/terminologies/icf#12271	semapv:ManualMappingCuration	orcid:0009-0000-5160-7927	2025-11-06	1
http://id.who.int/icd/entity/256640543	skos:exactMatch	https://data.esante.gouv.fr/terminologies/icf#94654	semapv:ManualMappingCuration	orcid:0009-0000-5160-7927	2025-11-06	1
http://id.who.int/icd/entity/1465036599	skos:exactMatch	https://data.esante.gouv.fr/terminologies/icf#67408	semapv:ManualMappingCuration	orcid:0009-0000-5160-7927	2025-11-06	1
http://id.who.int/icd/entity/696792560	skos:exactMatch	https://data.esante.gouv.fr/terminologies/icf#46672	semapv:ManualMappingCuration	orcid:0009-0000-5160-7927	2025-11-06	1
http://id.who.int/icd/entity/412091033	skos:exactMatch	https://data.esante.gouv.fr/terminologies/icf#36131	semapv:ManualMappingCuration	orcid:0009-0000-5160-7927	2025-11-06	1
http://id.who.int/icd/entity/41691889	skos:exactMatch	https://data.esante.gouv.fr/terminologies/icf#80635	semapv:ManualMappingCuration	orcid:0009-0000-5160-7927	2025-11-06	1
http://id.who.int/icd/entity/357846577	skos:exactMatch	https://data.esante.gouv.fr/terminologies/icf#44289	semapv:ManualMappingCuration	orcid:0009-0000-5160-7927	2025-11-06	1
http://id.who.int/icd/entity/1716164672	skos:exactMatch	https://data.esante.gouv.fr/terminologies/icf#78821	semapv:ManualMappingCuration	orcid:0009-0000-5160-7927	2025-11-06	1
http://id.who.int/icd/entity/1045705064	skos:exactMatch	https://data.esante.gouv.fr/terminologies/icf#59133	semapv:ManualMappingCuration	orcid:0009-0000-5160-7927	2025-11-06	1
http://id.who.int/icd/entity/1083091889	skos:exactMatch	https://data.esante.gouv.fr/terminologies/icf#2592	semapv:ManualMappingCuration	orcid:0009-0000-5160-7927	2025-11-06	1
http://id.who.int/icd/entity/1550081926	skos:exactMatch	https://data.esante.gouv.fr/terminologies/icf#30324	semapv:ManualMappingCuration	orcid:0009-0000-5160-7927	2025-11-06	1
http://id.who.int/icd/entity/2109837715	skos:exactMatch	https://data.esante.gouv.fr/terminologies/icf#47788	semapv:ManualMappingCuration	orcid:0009-0000-5160-7927	2025-11-06	1
http://id.who.int/icd/entity/1793717587	skos:exactMatch	https://data.esante.gouv.fr/terminologies/icf#25824	semapv:ManualMappingCuration	orcid:0009-0000-5160-7927	2025-11-06	1
http://id.who.int/icd/entity/1402034195	skos:exactMatch	https://data.esante.gouv.fr/terminologies/icf#46086	semapv:ManualMappingCuration	orcid:0009-0000-5160-7927	2025-11-06	1
http://id.who.int/icd/entity/1152990419	skos:exactMatch	https://data.esante.gouv.fr/terminologies/icf#67566	semapv:ManualMappingCuration	orcid:0009-0000-5160-7927	2025-11-06	1
http://id.who.int/icd/entity/48501785	skos:exactMatch	https://data.esante.gouv.fr/terminologies/icf#4139	semapv:ManualMappingCuration	orcid:0009-0000-5160-7927	2025-11-06	1
http://id.who.int/icd/entity/852812385	skos:exactMatch	https://data.esante.gouv.fr/terminologies/icf#57435	semapv:ManualMappingCuration	orcid:0009-0000-5160-7927	2025-11-06	1
http://id.who.int/icd/entity/637306529	skos:exactMatch	https://data.esante.gouv.fr/terminologies/icf#52776	semapv:ManualMappingCuration	orcid:0009-0000-5160-7927	2025-11-06	1
http://id.who.int/icd/entity/478424033	skos:exactMatch	https://data.esante.gouv.fr/terminologies/icf#15241	semapv:ManualMappingCuration	orcid:0009-0000-5160-7927	2025-11-06	1
http://id.who.int/icd/entity/195841825	skos:exactMatch	https://data.esante.gouv.fr/terminologies/icf#73654	semapv:ManualMappingCuration	orcid:0009-0000-5160-7927	2025-11-06	1
http://id.who.int/icd/entity/1526381873	skos:exactMatch	https://data.esante.gouv.fr/terminologies/icf#25528	semapv:ManualMappingCuration	orcid:0009-0000-5160-7927	2025-11-06	1
http://id.who.int/icd/entity/606087144	skos:exactMatch	https://data.esante.gouv.fr/terminologies/icf#4629	semapv:ManualMappingCuration	orcid:0009-0000-5160-7927	2025-11-06	1
http://id.who.int/icd/entity/664709392	skos:exactMatch	https://data.esante.gouv.fr/terminologies/icf#28730	semapv:ManualMappingCuration	orcid:0009-0000-5160-7927	2025-11-06	1
http://id.who.int/icd/entity/817286608	skos:exactMatch	https://data.esante.gouv.fr/terminologies/icf#40866	semapv:ManualMappingCuration	orcid:0009-0000-5160-7927	2025-11-06	1
http://id.who.int/icd/entity/61008283	skos:exactMatch	https://data.esante.gouv.fr/terminologies/icf#52484	semapv:ManualMappingCuration	orcid:0009-0000-5160-7927	2025-11-06	1
http://id.who.int/icd/entity/344624475	skos:exactMatch	https://data.esante.gouv.fr/terminologies/icf#71493	semapv:ManualMappingCuration	orcid:0009-0000-5160-7927	2025-11-06	1
http://id.who.int/icd/entity/770842651	skos:exactMatch	https://data.esante.gouv.fr/terminologies/icf#22506	semapv:ManualMappingCuration	orcid:0009-0000-5160-7927	2025-11-06	1
http://id.who.int/icd/entity/164520080	skos:exactMatch	https://data.esante.gouv.fr/terminologies/icf#53754	semapv:ManualMappingCuration	orcid:0009-0000-5160-7927	2025-11-06	1
http://id.who.int/icd/entity/518390864	skos:exactMatch	https://data.esante.gouv.fr/terminologies/icf#81448	semapv:ManualMappingCuration	orcid:0009-0000-5160-7927	2025-11-06	1
http://id.who.int/icd/entity/627497578	skos:exactMatch	https://data.esante.gouv.fr/terminologies/icf#73041	semapv:ManualMappingCuration	orcid:0009-0000-5160-7927	2025-11-06	1
http://id.who.int/icd/entity/844021418	skos:exactMatch	https://data.esante.gouv.fr/terminologies/icf#96325	semapv:ManualMappingCuration	orcid:0009-0000-5160-7927	2025-11-06	1
http://id.who.int/icd/entity/188093418	skos:exactMatch	https://data.esante.gouv.fr/terminologies/icf#98314	semapv:ManualMappingCuration	orcid:0009-0000-5160-7927	2025-11-06	1
http://id.who.int/icd/entity/471758634	skos:exactMatch	https://data.esante.gouv.fr/terminologies/icf#84570	semapv:ManualMappingCuration	orcid:0009-0000-5160-7927	2025-11-06	1
http://id.who.int/icd/entity/2067741200	skos:exactMatch	https://data.esante.gouv.fr/terminologies/icf#11004	semapv:ManualMappingCuration	orcid:0009-0000-5160-7927	2025-11-06	1
http://id.who.int/icd/entity/1813470928	skos:exactMatch	https://data.esante.gouv.fr/terminologies/icf#92448	semapv:ManualMappingCuration	orcid:0009-0000-5160-7927	2025-11-06	1
http://id.who.int/icd/entity/1789163462	skos:exactMatch	https://data.esante.gouv.fr/terminologies/icf#7450	semapv:ManualMappingCuration	orcid:0009-0000-5160-7927	2025-11-06	1
http://id.who.int/icd/entity/2106331910	skos:exactMatch	https://data.esante.gouv.fr/terminologies/icf#62766	semapv:ManualMappingCuration	orcid:0009-0000-5160-7927	2025-11-06	1
http://id.who.int/icd/entity/1433400208	skos:exactMatch	https://data.esante.gouv.fr/terminologies/icf#97406	semapv:ManualMappingCuration	orcid:0009-0000-5160-7927	2025-11-06	1
http://id.who.int/icd/entity/436620656	skos:exactMatch	https://data.esante.gouv.fr/terminologies/icf#47440	semapv:ManualMappingCuration	orcid:0009-0000-5160-7927	2025-11-06	1
http://id.who.int/icd/entity/862003070	skos:exactMatch	https://data.esante.gouv.fr/terminologies/icf#44558	semapv:ManualMappingCuration	orcid:0009-0000-5160-7927	2025-11-06	1
http://id.who.int/icd/entity/608795582	skos:exactMatch	https://data.esante.gouv.fr/terminologies/icf#69888	semapv:ManualMappingCuration	orcid:0009-0000-5160-7927	2025-11-06	1
http://id.who.int/icd/entity/489805566	skos:exactMatch	https://data.esante.gouv.fr/terminologies/icf#63653	semapv:ManualMappingCuration	orcid:0009-0000-5160-7927	2025-11-06	1
http://id.who.int/icd/entity/169456190	skos:exactMatch	https://data.esante.gouv.fr/terminologies/icf#89690	semapv:ManualMappingCuration	orcid:0009-0000-5160-7927	2025-11-06	1
http://id.who.int/icd/entity/1874889854	skos:exactMatch	https://data.esante.gouv.fr/terminologies/icf#51652	semapv:ManualMappingCuration	orcid:0009-0000-5160-7927	2025-11-06	1
http://id.who.int/icd/entity/2028529854	skos:exactMatch	https://data.esante.gouv.fr/terminologies/icf#26502	semapv:ManualMappingCuration	orcid:0009-0000-5160-7927	2025-11-06	1
http://id.who.int/icd/entity/1108927576	skos:exactMatch	https://data.esante.gouv.fr/terminologies/icf#41776	semapv:ManualMappingCuration	orcid:0009-0000-5160-7927	2025-11-06	1
http://id.who.int/icd/entity/1053363578	skos:exactMatch	https://data.esante.gouv.fr/terminologies/icf#6441	semapv:ManualMappingCuration	orcid:0009-0000-5160-7927	2025-11-06	1
http://id.who.int/icd/entity/702638522	skos:exactMatch	https://data.esante.gouv.fr/terminologies/icf#23220	semapv:ManualMappingCuration	orcid:0009-0000-5160-7927	2025-11-06	1
http://id.who.int/icd/entity/278512890	skos:exactMatch	https://data.esante.gouv.fr/terminologies/icf#75122	semapv:ManualMappingCuration	orcid:0009-0000-5160-7927	2025-11-06	1
http://id.who.int/icd/entity/129081402	skos:exactMatch	https://data.esante.gouv.fr/terminologies/icf#35908	semapv:ManualMappingCuration	orcid:0009-0000-5160-7927	2025-11-06	1
http://id.who.int/icd/entity/1019379329	skos:exactMatch	https://data.esante.gouv.fr/terminologies/icf#99223	semapv:ManualMappingCuration	orcid:0009-0000-5160-7927	2025-11-06	1
http://id.who.int/icd/entity/640373779	skos:exactMatch	https://data.esante.gouv.fr/terminologies/icf#87843	semapv:ManualMappingCuration	orcid:0009-0000-5160-7927	2025-11-06	1
http://id.who.int/icd/entity/1092128842	skos:exactMatch	https://data.esante.gouv.fr/terminologies/icf#9067	semapv:ManualMappingCuration	orcid:0009-0000-5160-7927	2025-11-06	1
http://id.who.int/icd/entity/1446048906	skos:exactMatch	https://data.esante.gouv.fr/terminologies/icf#31195	semapv:ManualMappingCuration	orcid:0009-0000-5160-7927	2025-11-06	1
http://id.who.int/icd/entity/1867012554	skos:exactMatch	https://data.esante.gouv.fr/terminologies/icf#2717	semapv:ManualMappingCuration	orcid:0009-0000-5160-7927	2025-11-06	1
http://id.who.int/icd/entity/2019573002	skos:exactMatch	https://data.esante.gouv.fr/terminologies/icf#22619	semapv:ManualMappingCuration	orcid:0009-0000-5160-7927	2025-11-06	1
http://id.who.int/icd/entity/822292691	skos:exactMatch	https://data.esante.gouv.fr/terminologies/icf#61956	semapv:ManualMappingCuration	orcid:0009-0000-5160-7927	2025-11-06	1
http://id.who.int/icd/entity/1069681299	skos:exactMatch	https://data.esante.gouv.fr/terminologies/icf#40079	semapv:ManualMappingCuration	orcid:0009-0000-5160-7927	2025-11-06	1
http://id.who.int/icd/entity/686452307	skos:exactMatch	https://data.esante.gouv.fr/terminologies/icf#83178	semapv:ManualMappingCuration	orcid:0009-0000-5160-7927	2025-11-06	1
http://id.who.int/icd/entity/294830867	skos:exactMatch	https://data.esante.gouv.fr/terminologies/icf#44569	semapv:ManualMappingCuration	orcid:0009-0000-5160-7927	2025-11-06	1
http://id.who.int/icd/entity/112895955	skos:exactMatch	https://data.esante.gouv.fr/terminologies/icf#58988	semapv:ManualMappingCuration	orcid:0009-0000-5160-7927	2025-11-06	1
http://id.who.int/icd/entity/142318995	skos:exactMatch	https://data.esante.gouv.fr/terminologies/icf#70070	semapv:ManualMappingCuration	orcid:0009-0000-5160-7927	2025-11-06	1
http://id.who.int/icd/entity/1742513083	skos:exactMatch	https://data.esante.gouv.fr/terminologies/icf#69604	semapv:ManualMappingCuration	orcid:0009-0000-5160-7927	2025-11-06	1
http://id.who.int/icd/entity/1895090043	skos:exactMatch	https://data.esante.gouv.fr/terminologies/icf#51449	semapv:ManualMappingCuration	orcid:0009-0000-5160-7927	2025-11-06	1
http://id.who.int/icd/entity/1233939003	skos:exactMatch	https://data.esante.gouv.fr/terminologies/icf#3451	semapv:ManualMappingCuration	orcid:0009-0000-5160-7927	2025-11-06	1
http://id.who.int/icd/entity/1587810043	skos:exactMatch	https://data.esante.gouv.fr/terminologies/icf#65391	semapv:ManualMappingCuration	orcid:0009-0000-5160-7927	2025-11-06	1
http://id.who.int/icd/entity/232409592	skos:exactMatch	https://data.esante.gouv.fr/terminologies/icf#60886	semapv:ManualMappingCuration	orcid:0009-0000-5160-7927	2025-11-06	1
http://id.who.int/icd/entity/18337995	skos:exactMatch	https://data.esante.gouv.fr/terminologies/icf#96886	semapv:ManualMappingCuration	orcid:0009-0000-5160-7927	2025-11-06	1
http://id.who.int/icd/entity/373273611	skos:exactMatch	https://data.esante.gouv.fr/terminologies/icf#946	semapv:ManualMappingCuration	orcid:0009-0000-5160-7927	2025-11-06	1
http://id.who.int/icd/entity/793188683	skos:exactMatch	https://data.esante.gouv.fr/terminologies/icf#40000	semapv:ManualMappingCuration	orcid:0009-0000-5160-7927	2025-11-06	1
http://id.who.int/icd/entity/946830731	skos:exactMatch	https://data.esante.gouv.fr/terminologies/icf#20407	semapv:ManualMappingCuration	orcid:0009-0000-5160-7927	2025-11-06	1
http://id.who.int/icd/entity/1929433903	skos:exactMatch	https://data.esante.gouv.fr/terminologies/icf#65852	semapv:ManualMappingCuration	orcid:0009-0000-5160-7927	2025-11-06	1
http://id.who.int/icd/entity/435521956	skos:exactMatch	https://data.esante.gouv.fr/terminologies/icf#51431	semapv:ManualMappingCuration	orcid:0009-0000-5160-7927	2025-11-06	1
http://id.who.int/icd/entity/1151639044	skos:exactMatch	https://data.esante.gouv.fr/terminologies/icf#40046	semapv:ManualMappingCuration	orcid:0009-0000-5160-7927	2025-11-06	1
http://id.who.int/icd/entity/1401748164	skos:exactMatch	https://data.esante.gouv.fr/terminologies/icf#23251	semapv:ManualMappingCuration	orcid:0009-0000-5160-7927	2025-11-06	1
http://id.who.int/icd/entity/1794398084	skos:exactMatch	https://data.esante.gouv.fr/terminologies/icf#92170	semapv:ManualMappingCuration	orcid:0009-0000-5160-7927	2025-11-06	1
http://id.who.int/icd/entity/2111583044	skos:exactMatch	https://data.esante.gouv.fr/terminologies/icf#27092	semapv:ManualMappingCuration	orcid:0009-0000-5160-7927	2025-11-06	1
http://id.who.int/icd/entity/249425252	skos:exactMatch	https://data.esante.gouv.fr/terminologies/icf#53270	semapv:ManualMappingCuration	orcid:0009-0000-5160-7927	2025-11-06	1
http://id.who.int/icd/entity/981337309	skos:exactMatch	https://data.esante.gouv.fr/terminologies/icf#60536	semapv:ManualMappingCuration	orcid:0009-0000-5160-7927	2025-11-06	1
http://id.who.int/icd/entity/760635421	skos:exactMatch	https://data.esante.gouv.fr/terminologies/icf#17969	semapv:ManualMappingCuration	orcid:0009-0000-5160-7927	2025-11-06	1
http://id.who.int/icd/entity/338611549	skos:exactMatch	https://data.esante.gouv.fr/terminologies/icf#93403	semapv:ManualMappingCuration	orcid:0009-0000-5160-7927	2025-11-06	1
http://id.who.int/icd/entity/50768285	skos:exactMatch	https://data.esante.gouv.fr/terminologies/icf#35386	semapv:ManualMappingCuration	orcid:0009-0000-5160-7927	2025-11-06	1
http://id.who.int/icd/entity/933576740	skos:exactMatch	https://data.esante.gouv.fr/terminologies/icf#35541	semapv:ManualMappingCuration	orcid:0009-0000-5160-7927	2025-11-06	1
http://id.who.int/icd/entity/1650503157	skos:exactMatch	https://data.esante.gouv.fr/terminologies/icf#56126	semapv:ManualMappingCuration	orcid:0009-0000-5160-7927	2025-11-06	1
http://id.who.int/icd/entity/1967704373	skos:exactMatch	https://data.esante.gouv.fr/terminologies/icf#74605	semapv:ManualMappingCuration	orcid:0009-0000-5160-7927	2025-11-06	1
http://id.who.int/icd/entity/1278239861	skos:exactMatch	https://data.esante.gouv.fr/terminologies/icf#23289	semapv:ManualMappingCuration	orcid:0009-0000-5160-7927	2025-11-06	1
http://id.who.int/icd/entity/1528299701	skos:exactMatch	https://data.esante.gouv.fr/terminologies/icf#76128	semapv:ManualMappingCuration	orcid:0009-0000-5160-7927	2025-11-06	1
http://id.who.int/icd/entity/723417607	skos:exactMatch	https://data.esante.gouv.fr/terminologies/icf#51931	semapv:ManualMappingCuration	orcid:0009-0000-5160-7927	2025-11-06	1
http://id.who.int/icd/entity/341679012	skos:exactMatch	https://data.esante.gouv.fr/terminologies/icf#8685	semapv:ManualMappingCuration	orcid:0009-0000-5160-7927	2025-11-06	1
http://id.who.int/icd/entity/1182439715	skos:exactMatch	https://data.esante.gouv.fr/terminologies/icf#99004	semapv:ManualMappingCuration	orcid:0009-0000-5160-7927	2025-11-06	1
http://id.who.int/icd/entity/1364393443	skos:exactMatch	https://data.esante.gouv.fr/terminologies/icf#76265	semapv:ManualMappingCuration	orcid:0009-0000-5160-7927	2025-11-06	1
http://id.who.int/icd/entity/1747603619	skos:exactMatch	https://data.esante.gouv.fr/terminologies/icf#76282	semapv:ManualMappingCuration	orcid:0009-0000-5160-7927	2025-11-06	1
http://id.who.int/icd/entity/2130850915	skos:exactMatch	https://data.esante.gouv.fr/terminologies/icf#43980	semapv:ManualMappingCuration	orcid:0009-0000-5160-7927	2025-11-06	1
http://id.who.int/icd/entity/450562595	skos:exactMatch	https://data.esante.gouv.fr/terminologies/icf#2623	semapv:ManualMappingCuration	orcid:0009-0000-5160-7927	2025-11-06	1
http://id.who.int/icd/entity/58064740	skos:exactMatch	https://data.esante.gouv.fr/terminologies/icf#31001	semapv:ManualMappingCuration	orcid:0009-0000-5160-7927	2025-11-06	1
http://id.who.int/icd/entity/973951524	skos:exactMatch	https://data.esante.gouv.fr/terminologies/icf#34899	semapv:ManualMappingCuration	orcid:0009-0000-5160-7927	2025-11-06	1
http://id.who.int/icd/entity/1438965984	skos:exactMatch	https://data.esante.gouv.fr/terminologies/icf#55321	semapv:ManualMappingCuration	orcid:0009-0000-5160-7927	2025-11-06	1
http://id.who.int/icd/entity/213893837	skos:exactMatch	https://data.esante.gouv.fr/terminologies/icf#7260	semapv:ManualMappingCuration	orcid:0009-0000-5160-7927	2025-11-06	1
http://id.who.int/icd/entity/462923277	skos:exactMatch	https://data.esante.gouv.fr/terminologies/icf#81505	semapv:ManualMappingCuration	orcid:0009-0000-5160-7927	2025-11-06	1
http://id.who.int/icd/entity/586091341	skos:exactMatch	https://data.esante.gouv.fr/terminologies/icf#73491	semapv:ManualMappingCuration	orcid:0009-0000-5160-7927	2025-11-06	1
http://id.who.int/icd/entity/902262669	skos:exactMatch	https://data.esante.gouv.fr/terminologies/icf#73782	semapv:ManualMappingCuration	orcid:0009-0000-5160-7927	2025-11-06	1
http://id.who.int/icd/entity/1746134038	skos:exactMatch	https://data.esante.gouv.fr/terminologies/icf#93253	semapv:ManualMappingCuration	orcid:0009-0000-5160-7927	2025-11-06	1
http://id.who.int/icd/entity/986121415	skos:exactMatch	https://data.esante.gouv.fr/terminologies/icf#49433	semapv:ManualMappingCuration	orcid:0009-0000-5160-7927	2025-11-06	1
http://id.who.int/icd/entity/770662407	skos:exactMatch	https://data.esante.gouv.fr/terminologies/icf#12988	semapv:ManualMappingCuration	orcid:0009-0000-5160-7927	2025-11-06	1
http://id.who.int/icd/entity/345492807	skos:exactMatch	https://data.esante.gouv.fr/terminologies/icf#59530	semapv:ManualMappingCuration	orcid:0009-0000-5160-7927	2025-11-06	1
http://id.who.int/icd/entity/62892423	skos:exactMatch	https://data.esante.gouv.fr/terminologies/icf#70906	semapv:ManualMappingCuration	orcid:0009-0000-5160-7927	2025-11-06	1
http://id.who.int/icd/entity/1717999559	skos:exactMatch	https://data.esante.gouv.fr/terminologies/icf#23110	semapv:ManualMappingCuration	orcid:0009-0000-5160-7927	2025-11-06	1
http://id.who.int/icd/entity/1900999431	skos:exactMatch	https://data.esante.gouv.fr/terminologies/icf#65793	semapv:ManualMappingCuration	orcid:0009-0000-5160-7927	2025-11-06	1
http://id.who.int/icd/entity/806178110	skos:exactMatch	https://data.esante.gouv.fr/terminologies/icf#76836	semapv:ManualMappingCuration	orcid:0009-0000-5160-7927	2025-11-06	1
http://id.who.int/icd/entity/930027201	skos:exactMatch	https://data.esante.gouv.fr/terminologies/icf#4743	semapv:ManualMappingCuration	orcid:0009-0000-5160-7927	2025-11-06	1
http://id.who.int/icd/entity/541553153	skos:exactMatch	https://data.esante.gouv.fr/terminologies/icf#94866	semapv:ManualMappingCuration	orcid:0009-0000-5160-7927	2025-11-06	1
http://id.who.int/icd/entity/1322768357	skos:exactMatch	https://data.esante.gouv.fr/terminologies/icf#75277	semapv:ManualMappingCuration	orcid:0009-0000-5160-7927	2025-11-06	1
http://id.who.int/icd/entity/797790122	skos:exactMatch	https://data.esante.gouv.fr/terminologies/icf#27551	semapv:ManualMappingCuration	orcid:0009-0000-5160-7927	2025-11-06	1
http://id.who.int/icd/entity/950348650	skos:exactMatch	https://data.esante.gouv.fr/terminologies/icf#44680	semapv:ManualMappingCuration	orcid:0009-0000-5160-7927	2025-11-06	1
http://id.who.int/icd/entity/2144329874	skos:exactMatch	https://data.esante.gouv.fr/terminologies/icf#56477	semapv:ManualMappingCuration	orcid:0009-0000-5160-7927	2025-11-06	1
http://id.who.int/icd/entity/145869680	skos:exactMatch	https://data.esante.gouv.fr/terminologies/icf#25322	semapv:ManualMappingCuration	orcid:0009-0000-5160-7927	2025-11-06	1
http://id.who.int/icd/entity/530165680	skos:exactMatch	https://data.esante.gouv.fr/terminologies/icf#85831	semapv:ManualMappingCuration	orcid:0009-0000-5160-7927	2025-11-06	1
http://id.who.int/icd/entity/652280560	skos:exactMatch	https://data.esante.gouv.fr/terminologies/icf#3146	semapv:ManualMappingCuration	orcid:0009-0000-5160-7927	2025-11-06	1
http://id.who.int/icd/entity/835282480	skos:exactMatch	https://data.esante.gouv.fr/terminologies/icf#28914	semapv:ManualMappingCuration	orcid:0009-0000-5160-7927	2025-11-06	1
http://id.who.int/icd/entity/1410357360	skos:exactMatch	https://data.esante.gouv.fr/terminologies/icf#85231	semapv:ManualMappingCuration	orcid:0009-0000-5160-7927	2025-11-06	1
