Subject_iri	Subject_label	Predicate_iri	Predicate_label	Expression	Object_iri	Object_label
ORDO:270	Oculopharyngeal muscular dystrophy	RO:0004003 	has material basis in germline mutation in 	Min 0	PROMOT:0000002	PABPN1 mutation
ORDO:97245	Congenital myopathy	RO:0004003 	has material basis in germline mutation in 	Min 0	PROMOT:0000003	RYR1 mutation
ORDO:97245	Congenital myopathy	RO:0004003 	has material basis in germline mutation in 	Min 0	PROMOT:0000004	TTN mutation
ORDO:97245	Congenital myopathy	RO:0004003 	has material basis in germline mutation in 	Min 0	PROMOT:0000005	NEB mutation
ORDO:97245	Congenital myopathy	RO:0004003 	has material basis in germline mutation in 	Min 0	PROMOT:0000006	MTM1 mutation
ORDO:97245	Congenital myopathy	RO:0004003 	has material basis in germline mutation in 	Min 0	PROMOT:0000007	ACTA1 mutation
ORDO:97245	Congenital myopathy	RO:0004003 	has material basis in germline mutation in 	Min 0	PROMOT:0000008	SELENON mutation
ORDO:590	Congenital myasthenic syndrom	RO:0004003 	has material basis in germline mutation in 	Min 0	PROMOT:0000009	CHRNE mutation
ORDO:590	Congenital myasthenic syndrom	RO:0004003 	has material basis in germline mutation in 	Min 0	PROMOT:0000010	DOK7 mutation
ORDO:590	Congenital myasthenic syndrom	RO:0004003 	has material basis in germline mutation in 	Min 0	PROMOT:0000011	COLQ mutation
ORDO:590	Congenital myasthenic syndrom	RO:0004003 	has material basis in germline mutation in 	Min 0	PROMOT:0000012	RAPSN mutation
ORDO:590	Congenital myasthenic syndrom	RO:0004003 	has material basis in germline mutation in 	Min 0	PROMOT:0000013	GFPT1 mutation
ORDO:590	Congenital myasthenic syndrom	RO:0004003 	has material basis in germline mutation in 	Min 0	PROMOT:0000014	GMPPB mutation
PROMOT:0000002	PABPN1 mutation	RO:0004013 	is causal germline mutation in 	Min 0	ORDO:270	Oculopharyngeal muscular dystrophy
PROMOT:0000003	RYR1 mutation	RO:0004013 	is causal germline mutation in 	Min 0	ORDO:97245	Congenital myopathy
PROMOT:0000004	TTN mutation	RO:0004013 	is causal germline mutation in 	Min 0	ORDO:97245	Congenital myopathy
PROMOT:0000005	NEB mutation	RO:0004013 	is causal germline mutation in 	Min 0	ORDO:97245	Congenital myopathy
PROMOT:0000006	MTM1 mutation	RO:0004013 	is causal germline mutation in 	Min 0	ORDO:97245	Congenital myopathy
PROMOT:0000007	ACTA1 mutation	RO:0004013 	is causal germline mutation in 	Min 0	ORDO:97245	Congenital myopathy
PROMOT:0000008	SELENON mutation	RO:0004013 	is causal germline mutation in 	Min 0	ORDO:97245	Congenital myopathy
PROMOT:0000009	CHRNE mutation	RO:0004013 	is causal germline mutation in 	Min 0	ORDO:590	Congenital myasthenic syndrom
PROMOT:0000010	DOK7 mutation	RO:0004013 	is causal germline mutation in 	Min 0	ORDO:590	Congenital myasthenic syndrom
PROMOT:0000011	COLQ mutation	RO:0004013 	is causal germline mutation in 	Min 0	ORDO:590	Congenital myasthenic syndrom
PROMOT:0000012	RAPSN mutation	RO:0004013 	is causal germline mutation in 	Min 0	ORDO:590	Congenital myasthenic syndrom
PROMOT:0000013	GFPT1 mutation	RO:0004013 	is causal germline mutation in 	Min 0	ORDO:590	Congenital myasthenic syndrom
PROMOT:0000014	GMPPB mutation	RO:0004013 	is causal germline mutation in 	Min 0	ORDO:590	Congenital myasthenic syndrom
ORDO:270	Oculopharyngeal muscular dystrophy	RO:0004029	disease has feature	Min 0	HP:0000467	Neck muscle weakness
ORDO:270	Oculopharyngeal muscular dystrophy	RO:0004029	disease has feature	Min 0	HP:0030319	Weakness of facial musculature
ORDO:270	Oculopharyngeal muscular dystrophy	RO:0004029	disease has feature	Min 0	HP:0007715	Weak extraocular muscles
ORDO:270	Oculopharyngeal muscular dystrophy	RO:0004029	disease has feature	Min 0	HP:0000597	Ophthalmoparesis
ORDO:270	Oculopharyngeal muscular dystrophy	RO:0004029	disease has feature	Min 0	HP:0004878	Intercostal muscle weakness
ORDO:270	Oculopharyngeal muscular dystrophy	RO:0004029	disease has feature	Min 0	HP:0009023	Abdominal wall muscle weakness
ORDO:270	Oculopharyngeal muscular dystrophy	RO:0004029	disease has feature	Min 0	HP:0003327	Axial muscle weakness
ORDO:270	Oculopharyngeal muscular dystrophy	RO:0004029	disease has feature	Min 0	HP:0003722	Neck flexor weakness
ORDO:270	Oculopharyngeal muscular dystrophy	RO:0004029	disease has feature	Min 0	HP:0002141	Gait imbalance
ORDO:270	Oculopharyngeal muscular dystrophy	RO:0004029	disease has feature	Min 0	HP:0002172	Postural instability
ORDO:270	Oculopharyngeal muscular dystrophy	RO:0004029	disease has feature	Min 0	HP:0002317	Unsteady gait
ORDO:270	Oculopharyngeal muscular dystrophy	RO:0004029	disease has feature	Min 0	HP:0003551	Difficulty climbing stairs
ORDO:270	Oculopharyngeal muscular dystrophy	RO:0004029	disease has feature	Min 0	HP:0033235	Difficulty descending stairs
ORDO:270	Oculopharyngeal muscular dystrophy	RO:0004029	disease has feature	Min 0	HP:0008994	Proximal muscle weakness in lower limbs
ORDO:270	Oculopharyngeal muscular dystrophy	RO:0004029	disease has feature	Min 0	HP:0003749	Pelvic girdle muscle weakness / Hip girdle weakness
ORDO:270	Oculopharyngeal muscular dystrophy	RO:0004029	disease has feature	Min 0	HP:0003731	Quadriceps muscle weakness
ORDO:270	Oculopharyngeal muscular dystrophy	RO:0004029	disease has feature	Min 0	HP:0033416	Hip adductor weakness
ORDO:270	Oculopharyngeal muscular dystrophy	RO:0004029	disease has feature	Min 0	HP:0012515	Hip flexor weakness
ORDO:270	Oculopharyngeal muscular dystrophy	RO:0004029	disease has feature	Min 0	HP:0008997	Proximal muscle weakness in upper limbs
ORDO:270	Oculopharyngeal muscular dystrophy	RO:0004029	disease has feature	Min 0	HP:0003547	Shoulder girdle muscle weakness
ORDO:270	Oculopharyngeal muscular dystrophy	RO:0004029	disease has feature	Min 0	HP:0031108	Triceps weakness
ORDO:270	Oculopharyngeal muscular dystrophy	RO:0004029	disease has feature	Min 0	HP:0009053	Distal lower limb muscle weakness
ORDO:270	Oculopharyngeal muscular dystrophy	RO:0004029	disease has feature	Min 0	HP:0009027	Foot dorsiflexor weakness
ORDO:270	Oculopharyngeal muscular dystrophy	RO:0004029	disease has feature	Min 0	HP:0011727	Peroneal muscle weakness
ORDO:270	Oculopharyngeal muscular dystrophy	RO:0004029	disease has feature	Min 0	HP:0008963	Tibialis muscle weakness
ORDO:270	Oculopharyngeal muscular dystrophy	RO:0004029	disease has feature	Min 0	HP:0031374	Ankle weakness
ORDO:270	Oculopharyngeal muscular dystrophy	RO:0004029	disease has feature	Min 0	HP:0008959	Distal upper limb muscle weakness
ORDO:270	Oculopharyngeal muscular dystrophy	RO:0004029	disease has feature	Min 0	HP:0030237	Hand muscle weakness
ORDO:270	Oculopharyngeal muscular dystrophy	RO:0004029	disease has feature	Min 0	HP:0009077	Weakness of long finger extensor muscles
ORDO:270	Oculopharyngeal muscular dystrophy	RO:0004029	disease has feature	Min 0	HP:0009005	Weakness of the intrinsic hand muscles
ORDO:270	Oculopharyngeal muscular dystrophy	RO:0004029	disease has feature	Min 0	HP:0031177	Finger flexor weakness
ORDO:270	Oculopharyngeal muscular dystrophy	RO:0004029	disease has feature	Min 0	HP:0003392	First dorsal interossei muscle weakness
ORDO:270	Oculopharyngeal muscular dystrophy	RO:0004029	disease has feature	Min 0	HP:0003427	Thenar muscle weakness
ORDO:270	Oculopharyngeal muscular dystrophy	RO:0004029	disease has feature	Min 0	HP:0003701	Proximal muscle weakness
ORDO:270	Oculopharyngeal muscular dystrophy	RO:0004029	disease has feature	Min 0	HP:0002460	Distal muscle weakness
ORDO:270	Oculopharyngeal muscular dystrophy	RO:0004029	disease has feature	Min 0	HP:0007340	Lower limb muscle weakness
ORDO:270	Oculopharyngeal muscular dystrophy	RO:0004029	disease has feature	Min 0	HP:0003484	Upper limb muscle weakness
ORDO:270	Oculopharyngeal muscular dystrophy	RO:0004029	disease has feature	Min 0	HP:0003325	Limb-girdle muscle weakness
ORDO:270	Oculopharyngeal muscular dystrophy	RO:0004029	disease has feature	Min 0	HP:0003690	Limb muscle weakness
ORDO:270	Oculopharyngeal muscular dystrophy	RO:0004029	disease has feature	Min 0	HP:0009063	Progressive distal muscle weakness
ORDO:270	Oculopharyngeal muscular dystrophy	RO:0004029	disease has feature	Min 0	HP:0009073	Progressive proximal muscle weakness
ORDO:270	Oculopharyngeal muscular dystrophy	RO:0004029	disease has feature	Min 0	HP:0001324	Muscle weakness
ORDO:270	Oculopharyngeal muscular dystrophy	RO:0004029	disease has feature	Min 0	HP:0003323	Progressive muscle weakness
ORDO:270	Oculopharyngeal muscular dystrophy	RO:0004029	disease has feature	Min 0	HP:0005216	Impaired mastication
ORDO:270	Oculopharyngeal muscular dystrophy	RO:0004029	disease has feature	Min 0	HP:0030842	Choking episodes
ORDO:270	Oculopharyngeal muscular dystrophy	RO:0004029	disease has feature	Min 0	HP:0031146	Impaired oral bolus formation
ORDO:270	Oculopharyngeal muscular dystrophy	RO:0004029	disease has feature	Min 0	HP:0031162	Impaired oropharyngeal swallow response
ORDO:270	Oculopharyngeal muscular dystrophy	RO:0004029	disease has feature	Min 0	HP:0032043	Odynophagia
ORDO:270	Oculopharyngeal muscular dystrophy	RO:0004029	disease has feature	Min 0	HP:0002015	Dysphagia
ORDO:270	Oculopharyngeal muscular dystrophy	RO:0004029	disease has feature	Min 0	HP:0002068	Neuromuscular dysphagia
ORDO:270	Oculopharyngeal muscular dystrophy	RO:0004029	disease has feature	Min 0	HP:0200136	Oral-pharyngeal dysphagia
ORDO:270	Oculopharyngeal muscular dystrophy	RO:0004029	disease has feature	Min 0	HP:0002098	Respiratory distress
ORDO:270	Oculopharyngeal muscular dystrophy	RO:0004029	disease has feature	Min 0	HP:0002094	Dyspnea
ORDO:270	Oculopharyngeal muscular dystrophy	RO:0004029	disease has feature	Min 0	HP:0002747	Respiratory insufficiency due to muscle weakness
ORDO:270	Oculopharyngeal muscular dystrophy	RO:0004029	disease has feature	Min 0	HP:0002093	Respiratory insufficiency
ORDO:270	Oculopharyngeal muscular dystrophy	RO:0004029	disease has feature	Min 0	HP:0004347	Weakness of muscles of respiration
ORDO:270	Oculopharyngeal muscular dystrophy	RO:0004029	disease has feature	Min 0	HP:0032341	Reduced forced vital capacity
ORDO:270	Oculopharyngeal muscular dystrophy	RO:0004029	disease has feature	Min 0	HP:0001288	Gait disturbance
ORDO:270	Oculopharyngeal muscular dystrophy	RO:0004029	disease has feature	Min 0	HP:0000651	Diplopia
ORDO:270	Oculopharyngeal muscular dystrophy	RO:0004029	disease has feature	Min 0	HP:0001618	Dysphonia
ORDO:270	Oculopharyngeal muscular dystrophy	RO:0004029	disease has feature	Min 0	HP:0001609	Hoarse voice
ORDO:270	Oculopharyngeal muscular dystrophy	RO:0004029	disease has feature	Min 0	HP:0033695	Occupational disability
ORDO:270	Oculopharyngeal muscular dystrophy	RO:0004029	disease has feature	Min 0	HP:0012378	Fatigue
ORDO:270	Oculopharyngeal muscular dystrophy	RO:0004029	disease has feature	Min 0	HP:0031058	Impairment of activities of daily living
ORDO:270	Oculopharyngeal muscular dystrophy	RO:0004029	disease has feature	Min 0	HP:0000602	Ophthalmoplegia
ORDO:270	Oculopharyngeal muscular dystrophy	RO:0004029	disease has feature	Min 0	HP:0000544	External ophthalmoplegia
ORDO:270	Oculopharyngeal muscular dystrophy	RO:0004029	disease has feature	Min 0	HP:0012531	Pain
ORDO:270	Oculopharyngeal muscular dystrophy	RO:0004029	disease has feature	Min 0	HP:0033667	Diminished mental health
ORDO:270	Oculopharyngeal muscular dystrophy	RO:0004029	disease has feature	Min 0	HP:0000508	Ptosis
ORDO:270	Oculopharyngeal muscular dystrophy	RO:0004029	disease has feature	Min 0	HP:0000183	Tongue muscle weakness
ORDO:270	Oculopharyngeal muscular dystrophy	RO:0004029	disease has feature	Min 0	HP:6001011	Wet voice
ORDO:270	Oculopharyngeal muscular dystrophy	RO:0004029	disease has feature	Min 0	HP:0011968	Feeding difficulties
ORDO:270	Oculopharyngeal muscular dystrophy	RO:0004029	disease has feature	Min 0	HP:0003236	Elevated circulating creatine kinase concentration
ORDO:270	Oculopharyngeal muscular dystrophy	RO:0004029	disease has feature	Min 0	HP:0007838	Progressive ptosis
ORDO:270	Oculopharyngeal muscular dystrophy	RO:0004029	disease has feature	Min 0	HP:0012473	Tongue atrophy
ORDO:270	Oculopharyngeal muscular dystrophy	RO:0004029	disease has feature	Min 0	HP:0001611	Hypernasal speech
ORDO:270	Oculopharyngeal muscular dystrophy	RO:0004029	disease has feature	Min 0	HP:0001260	Dysarthria
ORDO:270	Oculopharyngeal muscular dystrophy	RO:0004029	disease has feature	Min 0	HP:0008988	Pelvic girdle muscle atrophy
ORDO:270	Oculopharyngeal muscular dystrophy	RO:0004029	disease has feature	Min 0	HP:0008997	Proximal muscle weakness in upper limbs
ORDO:270	Oculopharyngeal muscular dystrophy	RO:0004029	disease has feature	Min 0	HP:0012735	Cough 
ORDO:270	Oculopharyngeal muscular dystrophy	RO:0004029	disease has feature	Min 0	HP:0033466	Weak grip
ORDO:270	Oculopharyngeal muscular dystrophy	RO:0004029	disease has feature	Min 0	HP:0003458	EMG: myopathic abnormalities
ORDO:270	Oculopharyngeal muscular dystrophy	RO:0004029	disease has feature	Min 0	HP:0012497	Reduced maximal expiratory pressure
ORDO:590	Congenital myasthenic syndrom	RO:0004029	disease has feature	Min 0	HP:0002828	Multiple joint contractures
ORDO:590	Congenital myasthenic syndrom	RO:0004029	disease has feature	Min 0	HP:0002483	Bulbar signs
ORDO:590	Congenital myasthenic syndrom	RO:0004029	disease has feature	Min 0	HP:0005216	Impaired mastication
ORDO:590	Congenital myasthenic syndrom	RO:0004029	disease has feature	Min 0	HP:0030193	Fatigable weakness of chewing muscles
ORDO:590	Congenital myasthenic syndrom	RO:0004029	disease has feature	Min 0	HP:0001270	Motor delay
ORDO:590	Congenital myasthenic syndrom	RO:0004029	disease has feature	Min 0	HP:0031936	Delayed ability to walk 
ORDO:590	Congenital myasthenic syndrom	RO:0004029	disease has feature	Min 0	HP:0033580	Compound motor action potential abnormality
ORDO:590	Congenital myasthenic syndrom	RO:0004029	disease has feature	Min 0	PROMOT:0000102	Double compound motor action potential abnormality
ORDO:590	Congenital myasthenic syndrom	RO:0004029	disease has feature	Min 0	HP:0002015	Dysphagia
ORDO:590	Congenital myasthenic syndrom	RO:0004029	disease has feature	Min 0	HP:0002068	Neuromuscular dysphagia
ORDO:590	Congenital myasthenic syndrom	RO:0004029	disease has feature	Min 0	HP:0200136	Oral-pharyngeal dysphagia
ORDO:590	Congenital myasthenic syndrom	RO:0004029	disease has feature	Min 0	HP:0001618	Dysphonia
ORDO:590	Congenital myasthenic syndrom	RO:0004029	disease has feature	Min 0	HP:0001609	Hoarse voice
ORDO:590	Congenital myasthenic syndrom	RO:0004029	disease has feature	Min 0	HP:0030000	EMG: repetitive nerve stimulation abnormality
ORDO:590	Congenital myasthenic syndrom	RO:0004029	disease has feature	Min 0	HP:0003398	Abnormal synaptic transmission at the neuromuscular junction 
ORDO:590	Congenital myasthenic syndrom	RO:0004029	disease has feature	Min 0	HP:0003458	EMG: myopathic abnormalities
ORDO:590	Congenital myasthenic syndrom	RO:0004029	disease has feature	Min 0	HP:0003445	EMG: neuropathic changes
ORDO:590	Congenital myasthenic syndrom	RO:0004029	disease has feature	Min 0	HP:0003403	EMG: decremental response of compound muscle action potential to repetitive nerve stimulation  
ORDO:590	Congenital myasthenic syndrom	RO:0004029	disease has feature	Min 0	HP:0011968	Feeding difficulties
ORDO:590	Congenital myasthenic syndrom	RO:0004029	disease has feature	Min 0	HP:0008872	Feeding difficulties in infancy
ORDO:590	Congenital myasthenic syndrom	RO:0004029	disease has feature	Min 0	HP:0002033	Poor suck
ORDO:590	Congenital myasthenic syndrom	RO:0004029	disease has feature	Min 0	HP:0031914	Fluctuating
ORDO:590	Congenital myasthenic syndrom	RO:0004029	disease has feature	Min 0	HP:0003323	Progressive muscle weakness
ORDO:590	Congenital myasthenic syndrom	RO:0004029	disease has feature	Min 0	HP:0001288	Gait disturbance
ORDO:590	Congenital myasthenic syndrom	RO:0004029	disease has feature	Min 0	HP:0002515	Waddling gait
ORDO:590	Congenital myasthenic syndrom	RO:0004029	disease has feature	Min 0	HP:0002359	Frequent falls
ORDO:590	Congenital myasthenic syndrom	RO:0004029	disease has feature	Min 0	HP:0002540	Inability to walk
ORDO:590	Congenital myasthenic syndrom	RO:0004029	disease has feature	Min 0	HP:0009046	Difficulty running
ORDO:590	Congenital myasthenic syndrom	RO:0004029	disease has feature	Min 0	HP:0002505	Loss of ambulation
ORDO:590	Congenital myasthenic syndrom	RO:0004029	disease has feature	Min 0	HP:0003473	Fatigable weakness
ORDO:590	Congenital myasthenic syndrom	RO:0004029	disease has feature	Min 0	HP:0030196	Fatigable weakness of respiratory muscles 
ORDO:590	Congenital myasthenic syndrom	RO:0004029	disease has feature	Min 0	HP:0030198	Fatigable weakness of distal limb muscles
ORDO:590	Congenital myasthenic syndrom	RO:0004029	disease has feature	Min 0	HP:0030199	Fatigable weakness of neck muscles 
ORDO:590	Congenital myasthenic syndrom	RO:0004029	disease has feature	Min 0	HP:0030200	Fatiguable weakness of proximal limb muscles 
ORDO:590	Congenital myasthenic syndrom	RO:0004029	disease has feature	Min 0	HP:0030192	Fatigable weakness of bulbar muscles 
ORDO:590	Congenital myasthenic syndrom	RO:0004029	disease has feature	Min 0	HP:0030194	Fatigable weakness of speech muscles 
ORDO:590	Congenital myasthenic syndrom	RO:0004029	disease has feature	Min 0	HP:0030195	Fatigable weakness of swallowing muscles 
ORDO:590	Congenital myasthenic syndrom	RO:0004029	disease has feature	Min 0	HP:0030197	Fatigable weakness of skeletal muscles
ORDO:590	Congenital myasthenic syndrom	RO:0004029	disease has feature	Min 0	HP:0003391	Gowers sign
ORDO:590	Congenital myasthenic syndrom	RO:0004029	disease has feature	Min 0	HP:0003307	Hyperlordosis
ORDO:590	Congenital myasthenic syndrom	RO:0004029	disease has feature	Min 0	HP:0001252	Hypotonia
ORDO:590	Congenital myasthenic syndrom	RO:0004029	disease has feature	Min 0	HP:0001319	Neonatal hypotonia
ORDO:590	Congenital myasthenic syndrom	RO:0004029	disease has feature	Min 0	HP:0001324	Muscle weakness
ORDO:590	Congenital myasthenic syndrom	RO:0004029	disease has feature	Min 0	HP:0000467	Neck muscle weakness
ORDO:590	Congenital myasthenic syndrom	RO:0004029	disease has feature	Min 0	HP:0030319	Weakness of facial musculature
ORDO:590	Congenital myasthenic syndrom	RO:0004029	disease has feature	Min 0	HP:0000597	Ophthalmoparesis
ORDO:590	Congenital myasthenic syndrom	RO:0004029	disease has feature	Min 0	HP:0007715	Weak extraocular muscles
ORDO:590	Congenital myasthenic syndrom	RO:0004029	disease has feature	Min 0	HP:0003327	Axial muscle weakness
ORDO:590	Congenital myasthenic syndrom	RO:0004029	disease has feature	Min 0	HP:0004878	Intercostal muscle weakness
ORDO:590	Congenital myasthenic syndrom	RO:0004029	disease has feature	Min 0	HP:0009023	Abdominal wall muscle weakness
ORDO:590	Congenital myasthenic syndrom	RO:0004029	disease has feature	Min 0	HP:0003722	Neck flexor weakness
ORDO:590	Congenital myasthenic syndrom	RO:0004029	disease has feature	Min 0	HP:0003690	Limb muscle weakness
ORDO:590	Congenital myasthenic syndrom	RO:0004029	disease has feature	Min 0	HP:0009053	Distal lower limb muscle weakness
ORDO:590	Congenital myasthenic syndrom	RO:0004029	disease has feature	Min 0	HP:0008959	Distal upper limb muscle weakness
ORDO:590	Congenital myasthenic syndrom	RO:0004029	disease has feature	Min 0	HP:0007340	Lower limb muscle weakness
ORDO:590	Congenital myasthenic syndrom	RO:0004029	disease has feature	Min 0	HP:0003484	Upper limb muscle weakness
ORDO:590	Congenital myasthenic syndrom	RO:0004029	disease has feature	Min 0	HP:0003325	Limb-girdle muscle weakness
ORDO:590	Congenital myasthenic syndrom	RO:0004029	disease has feature	Min 0	HP:0003701	Proximal muscle weakness
ORDO:590	Congenital myasthenic syndrom	RO:0004029	disease has feature	Min 0	HP:0002460	Distal muscle weakness
ORDO:590	Congenital myasthenic syndrom	RO:0004029	disease has feature	Min 0	HP:0009028	Generalized weakness of limb muscles
ORDO:590	Congenital myasthenic syndrom	RO:0004029	disease has feature	Min 0	HP:0011727	Peroneal muscle weakness
ORDO:590	Congenital myasthenic syndrom	RO:0004029	disease has feature	Min 0	HP:0030237	Hand muscle weakness
ORDO:590	Congenital myasthenic syndrom	RO:0004029	disease has feature	Min 0	HP:0009063	Progressive distal muscle weakness
ORDO:590	Congenital myasthenic syndrom	RO:0004029	disease has feature	Min 0	HP:0009073	Progressive proximal muscle weakness
ORDO:590	Congenital myasthenic syndrom	RO:0004029	disease has feature	Min 0	HP:0008963	Tibialis muscle weakness
ORDO:590	Congenital myasthenic syndrom	RO:0004029	disease has feature	Min 0	HP:0003427	Thenar muscle weakness
ORDO:590	Congenital myasthenic syndrom	RO:0004029	disease has feature	Min 0	HP:0008994	Proximal muscle weakness in lower limbs
ORDO:590	Congenital myasthenic syndrom	RO:0004029	disease has feature	Min 0	HP:0003749	Pelvic girdle muscle weakness / Hip girdle weakness
ORDO:590	Congenital myasthenic syndrom	RO:0004029	disease has feature	Min 0	HP:0003392	First dorsal interossei muscle weakness
ORDO:590	Congenital myasthenic syndrom	RO:0004029	disease has feature	Min 0	HP:0003731	Quadriceps muscle weakness
ORDO:590	Congenital myasthenic syndrom	RO:0004029	disease has feature	Min 0	HP:0003694	Late-onset proximal muscle weakness
ORDO:590	Congenital myasthenic syndrom	RO:0004029	disease has feature	Min 0	HP:0003810	Late-onset distal muscle weakness
ORDO:590	Congenital myasthenic syndrom	RO:0004029	disease has feature	Min 0	HP:0008997	Proximal muscle weakness in upper limbs
ORDO:590	Congenital myasthenic syndrom	RO:0004029	disease has feature	Min 0	HP:0003547	Shoulder girdle muscle weakness
ORDO:590	Congenital myasthenic syndrom	RO:0004029	disease has feature	Min 0	HP:0009005	Weakness of the intrinsic hand muscles
ORDO:590	Congenital myasthenic syndrom	RO:0004029	disease has feature	Min 0	HP:0033416	Hip adductor weakness
ORDO:590	Congenital myasthenic syndrom	RO:0004029	disease has feature	Min 0	HP:0012515	Hip flexor weakness
ORDO:590	Congenital myasthenic syndrom	RO:0004029	disease has feature	Min 0	HP:0009027	Foot dorsiflexor weakness
ORDO:590	Congenital myasthenic syndrom	RO:0004029	disease has feature	Min 0	HP:0031108	Triceps weakness
ORDO:590	Congenital myasthenic syndrom	RO:0004029	disease has feature	Min 0	HP:0031374	Ankle weakness
ORDO:590	Congenital myasthenic syndrom	RO:0004029	disease has feature	Min 0	HP:0031177	Finger flexor weakness
ORDO:590	Congenital myasthenic syndrom	RO:0004029	disease has feature	Min 0	HP:0009077	Weakness of long finger extensor muscles
ORDO:590	Congenital myasthenic syndrom	RO:0004029	disease has feature	Min 0	HP:0000602	Ophthalmoplegia
ORDO:590	Congenital myasthenic syndrom	RO:0004029	disease has feature	Min 0	HP:0000544	External ophthalmoplegia
ORDO:590	Congenital myasthenic syndrom	RO:0004029	disease has feature	Min 0	HP:0000496	Abnormality of eye movement
ORDO:590	Congenital myasthenic syndrom	RO:0004029	disease has feature	Min 0	HP:0007941	Limited extraocular movements
ORDO:590	Congenital myasthenic syndrom	RO:0004029	disease has feature	Min 0	HP:0012531	Pain
ORDO:590	Congenital myasthenic syndrom	RO:0004029	disease has feature	Min 0	HP:0003326	Myalgia
ORDO:590	Congenital myasthenic syndrom	RO:0004029	disease has feature	Min 0	HP:0003394	Muscle spasm
ORDO:590	Congenital myasthenic syndrom	RO:0004029	disease has feature	Min 0	HP:0000508	Ptosis
ORDO:590	Congenital myasthenic syndrom	RO:0004029	disease has feature	Min 0	HP:0007695	Abnormal pupillary light reflex
ORDO:590	Congenital myasthenic syndrom	RO:0004029	disease has feature	Min 0	HP:0030211	Slow pupillary light response
ORDO:590	Congenital myasthenic syndrom	RO:0004029	disease has feature	Min 0	HP:0001558	Decreased fetal movement
ORDO:590	Congenital myasthenic syndrom	RO:0004029	disease has feature	Min 0	HP:0001315	Reduced tendon reflexes 
ORDO:590	Congenital myasthenic syndrom	RO:0004029	disease has feature	Min 0	HP:0031826	Abnormal reflex
ORDO:590	Congenital myasthenic syndrom	RO:0004029	disease has feature	Min 0	HP:0001284	Areflexia
ORDO:590	Congenital myasthenic syndrom	RO:0004029	disease has feature	Min 0	HP:0001265	Hyporeflexia
ORDO:590	Congenital myasthenic syndrom	RO:0004029	disease has feature	Min 0	HP:0002600	Hyporeflexia of lower limbs
ORDO:590	Congenital myasthenic syndrom	RO:0004029	disease has feature	Min 0	HP:0002522	Areflexia of lower limbs
ORDO:590	Congenital myasthenic syndrom	RO:0004029	disease has feature	Min 0	HP:0002098	Respiratory distress
ORDO:590	Congenital myasthenic syndrom	RO:0004029	disease has feature	Min 0	HP:0002104	Apnea
ORDO:590	Congenital myasthenic syndrom	RO:0004029	disease has feature	Min 0	HP:0002878	Respiratory failure
ORDO:590	Congenital myasthenic syndrom	RO:0004029	disease has feature	Min 0	HP:0004887	Respiratory failure requiring assisted ventilation
ORDO:590	Congenital myasthenic syndrom	RO:0004029	disease has feature	Min 0	HP:0002643	Neonatal respiratory distress
ORDO:590	Congenital myasthenic syndrom	RO:0004029	disease has feature	Min 0	HP:0005949	Apneic episodes in infancy
ORDO:590	Congenital myasthenic syndrom	RO:0004029	disease has feature	Min 0	HP:0004889	Intermittent episodes of respiratory insufficiency due to muscle weakness
ORDO:590	Congenital myasthenic syndrom	RO:0004029	disease has feature	Min 0	HP:0004347	Weakness of muscles of respiration
ORDO:590	Congenital myasthenic syndrom	RO:0004029	disease has feature	Min 0	HP:0004885	Episodic respiratory distress
ORDO:590	Congenital myasthenic syndrom	RO:0004029	disease has feature	Min 0	HP:0002747	Respiratory insufficiency due to muscle weakness
ORDO:590	Congenital myasthenic syndrom	RO:0004029	disease has feature	Min 0	HP:0002093	Respiratory insufficiency
ORDO:590	Congenital myasthenic syndrom	RO:0004029	disease has feature	Min 0	HP:0032341	Reduced forced vital capacity
ORDO:590	Congenital myasthenic syndrom	RO:0004029	disease has feature	Min 0	HP:0002650	Scoliosis
ORDO:590	Congenital myasthenic syndrom	RO:0004029	disease has feature	Min 0	HP:0002751	Kyphoscoliosis
ORDO:590	Congenital myasthenic syndrom	RO:0004029	disease has feature	Min 0	HP:0030006	Single fiber EMG abnormality
ORDO:590	Congenital myasthenic syndrom	RO:0004029	disease has feature	Min 0	HP:0030205	Increased jitter at single fiber EMG
ORDO:590	Congenital myasthenic syndrom	RO:0004029	disease has feature	Min 0	HP:0008180	Mildly elevated creatine kinase
ORDO:590	Congenital myasthenic syndrom	RO:0004029	disease has feature	Min 0	HP:0003236	Elevated circulating creatine kinase concentration
ORDO:590	Congenital myasthenic syndrom	RO:0004029	disease has feature	Min 0	HP:0040081	Abnormal circulating creatine kinase concentration
ORDO:590	Congenital myasthenic syndrom	RO:0004029	disease has feature	Min 0	HP:0030202	Favorable response of weakness to acetylcholine esterase inhibitors
ORDO:590	Congenital myasthenic syndrom	RO:0004029	disease has feature	Min 0	HP:0030203	Unfavorable response of muscle weakness to acetylcholine esterase inhibitors
ORDO:590	Congenital myasthenic syndrom	RO:0004029	disease has feature	Min 0	HP:0000651	Diplopia
ORDO:590	Congenital myasthenic syndrom	RO:0004029	disease has feature	Min 0	HP:0002804	Arthrogryposis multiplex congenita
ORDO:590	Congenital myasthenic syndrom	RO:0004029	disease has feature	Min 0	HP:0002882	Sudden episodic apnea
ORDO:590	Congenital myasthenic syndrom	RO:0004029	disease has feature	Min 0	HP:0000218	High palate
ORDO:590	Congenital myasthenic syndrom	RO:0004029	disease has feature	Min 0	HP:0001612	Weak cry
ORDO:590	Congenital myasthenic syndrom	RO:0004029	disease has feature	Min 0	HP:0033454	Tube feeding
ORDO:590	Congenital myasthenic syndrom	RO:0004029	disease has feature	Min 0	HP:0001249	Intellectual disability
ORDO:97245	Congenital myopathy	RO:0004029	disease has feature	Min 0	HP:0002828	Multiple joint contractures
ORDO:97245	Congenital myopathy	RO:0004029	disease has feature	Min 0	HP:0012768	Neonatal asphyxia
ORDO:97245	Congenital myopathy	RO:0004029	disease has feature	Min 0	HP:0002483	Bulbar signs
ORDO:97245	Congenital myopathy	RO:0004029	disease has feature	Min 0	HP:0025156	Dependency on intravenous nutrition
ORDO:97245	Congenital myopathy	RO:0004029	disease has feature	Min 0	HP:0033994	Dependency on parenteral nutrition
ORDO:97245	Congenital myopathy	RO:0004029	disease has feature	Min 0	HP:0030884	Gastrojejunal tube feeding in infancy
ORDO:97245	Congenital myopathy	RO:0004029	disease has feature	Min 0	HP:0040288	Nasogastric tube feeding
ORDO:97245	Congenital myopathy	RO:0004029	disease has feature	Min 0	HP:0031063	Impaired feeding ability
ORDO:97245	Congenital myopathy	RO:0004029	disease has feature	Min 0	HP:0033454	Tube feeding
ORDO:97245	Congenital myopathy	RO:0004029	disease has feature	Min 0	HP:0011471	Gastrostomy tube feeding in infancy
ORDO:97245	Congenital myopathy	RO:0004029	disease has feature	Min 0	HP:0011470	Nasogastric tube feeding in infancy
ORDO:97245	Congenital myopathy	RO:0004029	disease has feature	Min 0	HP:0001627	Abnormal heart morphology
ORDO:97245	Congenital myopathy	RO:0004029	disease has feature	Min 0	HP:0030872	Abnormal cardiac ventricular function
ORDO:97245	Congenital myopathy	RO:0004029	disease has feature	Min 0	HP:0001713	Abnormal cardiac ventricle morphology
ORDO:97245	Congenital myopathy	RO:0004029	disease has feature	Min 0	HP:0001638	Cardiomyopathy 
ORDO:97245	Congenital myopathy	RO:0004029	disease has feature	Min 0	HP:0005216	Impaired mastication
ORDO:97245	Congenital myopathy	RO:0004029	disease has feature	Min 0	HP:0030193	Fatigable weakness of chewing muscles
ORDO:97245	Congenital myopathy	RO:0004029	disease has feature	Min 0	HP:0001374	Congenital hip dislocation
ORDO:97245	Congenital myopathy	RO:0004029	disease has feature	Min 0	HP:0001270	Motor delay
ORDO:97245	Congenital myopathy	RO:0004029	disease has feature	Min 0	HP:0031936	Delayed ability to walk 
ORDO:97245	Congenital myopathy	RO:0004029	disease has feature	Min 0	HP:0002015	Dysphagia
ORDO:97245	Congenital myopathy	RO:0004029	disease has feature	Min 0	HP:0002068	Neuromuscular dysphagia
ORDO:97245	Congenital myopathy	RO:0004029	disease has feature	Min 0	HP:0200136	Oral-pharyngeal dysphagia
ORDO:97245	Congenital myopathy	RO:0004029	disease has feature	Min 0	HP:0001618	Dysphonia
ORDO:97245	Congenital myopathy	RO:0004029	disease has feature	Min 0	HP:0001609	Hoarse voice
ORDO:97245	Congenital myopathy	RO:0004029	disease has feature	Min 0	HP:0000276	Long face
ORDO:97245	Congenital myopathy	RO:0004029	disease has feature	Min 0	HP:0011968	Feeding difficulties
ORDO:97245	Congenital myopathy	RO:0004029	disease has feature	Min 0	HP:0008872	Feeding difficulties in infancy
ORDO:97245	Congenital myopathy	RO:0004029	disease has feature	Min 0	HP:0001508	Failure to thrive
ORDO:97245	Congenital myopathy	RO:0004029	disease has feature	Min 0	HP:0001531	Failure to thrive in infancy
ORDO:97245	Congenital myopathy	RO:0004029	disease has feature	Min 0	HP:0002033	Poor suck
ORDO:97245	Congenital myopathy	RO:0004029	disease has feature	Min 0	HP:0031914	Fluctuating
ORDO:97245	Congenital myopathy	RO:0004029	disease has feature	Min 0	HP:0003323	Progressive muscle weakness
ORDO:97245	Congenital myopathy	RO:0004029	disease has feature	Min 0	HP:0001288	Gait disturbance
ORDO:97245	Congenital myopathy	RO:0004029	disease has feature	Min 0	HP:0002515	Waddling gait
ORDO:97245	Congenital myopathy	RO:0004029	disease has feature	Min 0	HP:0002359	Frequent falls
ORDO:97245	Congenital myopathy	RO:0004029	disease has feature	Min 0	HP:0002540	Inability to walk
ORDO:97245	Congenital myopathy	RO:0004029	disease has feature	Min 0	HP:0009046	Difficulty running
ORDO:97245	Congenital myopathy	RO:0004029	disease has feature	Min 0	HP:0002505	Loss of ambulation
ORDO:97245	Congenital myopathy	RO:0004029	disease has feature	Min 0	HP:0003473	Fatigable weakness
ORDO:97245	Congenital myopathy	RO:0004029	disease has feature	Min 0	HP:0030196	Fatigable weakness of respiratory muscles 
ORDO:97245	Congenital myopathy	RO:0004029	disease has feature	Min 0	HP:0030198	Fatigable weakness of distal limb muscles
ORDO:97245	Congenital myopathy	RO:0004029	disease has feature	Min 0	HP:0030199	Fatigable weakness of neck muscles 
ORDO:97245	Congenital myopathy	RO:0004029	disease has feature	Min 0	HP:0030200	Fatiguable weakness of proximal limb muscles 
ORDO:97245	Congenital myopathy	RO:0004029	disease has feature	Min 0	HP:0030192	Fatigable weakness of bulbar muscles 
ORDO:97245	Congenital myopathy	RO:0004029	disease has feature	Min 0	HP:0030194	Fatigable weakness of speech muscles 
ORDO:97245	Congenital myopathy	RO:0004029	disease has feature	Min 0	HP:0030195	Fatigable weakness of swallowing muscles 
ORDO:97245	Congenital myopathy	RO:0004029	disease has feature	Min 0	HP:0030197	Fatigable weakness of skeletal muscles
ORDO:97245	Congenital myopathy	RO:0004029	disease has feature	Min 0	HP:0003391	Gowers sign
ORDO:97245	Congenital myopathy	RO:0004029	disease has feature	Min 0	HP:0000218	High palate
ORDO:97245	Congenital myopathy	RO:0004029	disease has feature	Min 0	HP:0002705	High, narrow palate
ORDO:97245	Congenital myopathy	RO:0004029	disease has feature	Min 0	HP:0003307	Hyperlordosis
ORDO:97245	Congenital myopathy	RO:0004029	disease has feature	Min 0	HP:0001252	Hypotonia
ORDO:97245	Congenital myopathy	RO:0004029	disease has feature	Min 0	HP:0001319	Neonatal hypotonia
ORDO:97245	Congenital myopathy	RO:0004029	disease has feature	Min 0	HP:0002047	Malignant hyperthermia
ORDO:97245	Congenital myopathy	RO:0004029	disease has feature	Min 0	HP:0001324	Muscle weakness
ORDO:97245	Congenital myopathy	RO:0004029	disease has feature	Min 0	HP:0000467	Neck muscle weakness
ORDO:97245	Congenital myopathy	RO:0004029	disease has feature	Min 0	HP:0030319	Weakness of facial musculature
ORDO:97245	Congenital myopathy	RO:0004029	disease has feature	Min 0	HP:0007715	Weak extraocular muscles
ORDO:97245	Congenital myopathy	RO:0004029	disease has feature	Min 0	HP:0000597	Ophthalmoparesis
ORDO:97245	Congenital myopathy	RO:0004029	disease has feature	Min 0	HP:0003327	Axial muscle weakness
ORDO:97245	Congenital myopathy	RO:0004029	disease has feature	Min 0	HP:0004878	Intercostal muscle weakness
ORDO:97245	Congenital myopathy	RO:0004029	disease has feature	Min 0	HP:0009023	Abdominal wall muscle weakness
ORDO:97245	Congenital myopathy	RO:0004029	disease has feature	Min 0	HP:0003722	Neck flexor weakness
ORDO:97245	Congenital myopathy	RO:0004029	disease has feature	Min 0	HP:0003690	Limb muscle weakness
ORDO:97245	Congenital myopathy	RO:0004029	disease has feature	Min 0	HP:0009053	Distal lower limb muscle weakness
ORDO:97245	Congenital myopathy	RO:0004029	disease has feature	Min 0	HP:0008959	Distal upper limb muscle weakness
ORDO:97245	Congenital myopathy	RO:0004029	disease has feature	Min 0	HP:0007340	Lower limb muscle weakness
ORDO:97245	Congenital myopathy	RO:0004029	disease has feature	Min 0	HP:0003484	Upper limb muscle weakness
ORDO:97245	Congenital myopathy	RO:0004029	disease has feature	Min 0	HP:0003325	Limb-girdle muscle weakness
ORDO:97245	Congenital myopathy	RO:0004029	disease has feature	Min 0	HP:0003701	Proximal muscle weakness
ORDO:97245	Congenital myopathy	RO:0004029	disease has feature	Min 0	HP:0002460	Distal muscle weakness
ORDO:97245	Congenital myopathy	RO:0004029	disease has feature	Min 0	HP:0009028	Generalized weakness of limb muscles
ORDO:97245	Congenital myopathy	RO:0004029	disease has feature	Min 0	HP:0011727	Peroneal muscle weakness
ORDO:97245	Congenital myopathy	RO:0004029	disease has feature	Min 0	HP:0030237	Hand muscle weakness
ORDO:97245	Congenital myopathy	RO:0004029	disease has feature	Min 0	HP:0009063	Progressive distal muscle weakness
ORDO:97245	Congenital myopathy	RO:0004029	disease has feature	Min 0	HP:0009073	Progressive proximal muscle weakness
ORDO:97245	Congenital myopathy	RO:0004029	disease has feature	Min 0	HP:0008963	Tibialis muscle weakness
ORDO:97245	Congenital myopathy	RO:0004029	disease has feature	Min 0	HP:0003427	Thenar muscle weakness
ORDO:97245	Congenital myopathy	RO:0004029	disease has feature	Min 0	HP:0008994	Proximal muscle weakness in lower limbs
ORDO:97245	Congenital myopathy	RO:0004029	disease has feature	Min 0	HP:0003749	Pelvic girdle muscle weakness / Hip girdle weakness
ORDO:97245	Congenital myopathy	RO:0004029	disease has feature	Min 0	HP:0003392	First dorsal interossei muscle weakness
ORDO:97245	Congenital myopathy	RO:0004029	disease has feature	Min 0	HP:0003731	Quadriceps muscle weakness
ORDO:97245	Congenital myopathy	RO:0004029	disease has feature	Min 0	HP:0003694	Late-onset proximal muscle weakness
ORDO:97245	Congenital myopathy	RO:0004029	disease has feature	Min 0	HP:0003810	Late-onset distal muscle weakness
ORDO:97245	Congenital myopathy	RO:0004029	disease has feature	Min 0	HP:0008997	Proximal muscle weakness in upper limbs
ORDO:97245	Congenital myopathy	RO:0004029	disease has feature	Min 0	HP:0003547	Shoulder girdle muscle weakness
ORDO:97245	Congenital myopathy	RO:0004029	disease has feature	Min 0	HP:0009005	Weakness of the intrinsic hand muscles
ORDO:97245	Congenital myopathy	RO:0004029	disease has feature	Min 0	HP:0033416	Hip adductor weakness
ORDO:97245	Congenital myopathy	RO:0004029	disease has feature	Min 0	HP:0012515	Hip flexor weakness
ORDO:97245	Congenital myopathy	RO:0004029	disease has feature	Min 0	HP:0009027	Foot dorsiflexor weakness
ORDO:97245	Congenital myopathy	RO:0004029	disease has feature	Min 0	HP:0031108	Triceps weakness
ORDO:97245	Congenital myopathy	RO:0004029	disease has feature	Min 0	HP:0031374	Ankle weakness
ORDO:97245	Congenital myopathy	RO:0004029	disease has feature	Min 0	HP:0031177	Finger flexor weakness
ORDO:97245	Congenital myopathy	RO:0004029	disease has feature	Min 0	HP:0009077	Weakness of long finger extensor muscles
ORDO:97245	Congenital myopathy	RO:0004029	disease has feature	Min 0	HP:0002058	Myopathic facies
ORDO:97245	Congenital myopathy	RO:0004029	disease has feature	Min 0	HP:0000602	Ophthalmoplegia
ORDO:97245	Congenital myopathy	RO:0004029	disease has feature	Min 0	HP:0000544	External ophthalmoplegia
ORDO:97245	Congenital myopathy	RO:0004029	disease has feature	Min 0	HP:0000496	Abnormality of eye movement
ORDO:97245	Congenital myopathy	RO:0004029	disease has feature	Min 0	HP:0007941	Limited extraocular movements
ORDO:97245	Congenital myopathy	RO:0004029	disease has feature	Min 0	HP:0001761	Pes cavus
ORDO:97245	Congenital myopathy	RO:0004029	disease has feature	Min 0	HP:0000768	Pectus carinatum
ORDO:97245	Congenital myopathy	RO:0004029	disease has feature	Min 0	HP:0000767	Pectus excavatum
ORDO:97245	Congenital myopathy	RO:0004029	disease has feature	Min 0	HP:0001622	Premature birth
ORDO:97245	Congenital myopathy	RO:0004029	disease has feature	Min 0	HP:0000508	Ptosis
ORDO:97245	Congenital myopathy	RO:0004029	disease has feature	Min 0	HP:0001558	Decreased fetal movement
ORDO:97245	Congenital myopathy	RO:0004029	disease has feature	Min 0	HP:0001989	Fetal akinesia sequence
ORDO:97245	Congenital myopathy	RO:0004029	disease has feature	Min 0	HP:0001284	Areflexia
ORDO:97245	Congenital myopathy	RO:0004029	disease has feature	Min 0	HP:0001265	Hyporeflexia
ORDO:97245	Congenital myopathy	RO:0004029	disease has feature	Min 0	HP:0002600	Hyporeflexia of lower limbs
ORDO:97245	Congenital myopathy	RO:0004029	disease has feature	Min 0	HP:0002522	Areflexia of lower limbs
ORDO:97245	Congenital myopathy	RO:0004029	disease has feature	Min 0	HP:0001315	Reduced tendon reflexes 
ORDO:97245	Congenital myopathy	RO:0004029	disease has feature	Min 0	HP:0031826	Abnormal reflex
ORDO:97245	Congenital myopathy	RO:0004029	disease has feature	Min 0	HP:0004347	Weakness of muscles of respiration
ORDO:97245	Congenital myopathy	RO:0004029	disease has feature	Min 0	HP:0002104	Apnea
ORDO:97245	Congenital myopathy	RO:0004029	disease has feature	Min 0	HP:0002098	Respiratory distress
ORDO:97245	Congenital myopathy	RO:0004029	disease has feature	Min 0	HP:0002878	Respiratory failure
ORDO:97245	Congenital myopathy	RO:0004029	disease has feature	Min 0	HP:0004887	Respiratory failure requiring assisted ventilation
ORDO:97245	Congenital myopathy	RO:0004029	disease has feature	Min 0	HP:0004885	Episodic respiratory distress
ORDO:97245	Congenital myopathy	RO:0004029	disease has feature	Min 0	HP:0002643	Neonatal respiratory distress
ORDO:97245	Congenital myopathy	RO:0004029	disease has feature	Min 0	HP:0004889	Intermittent episodes of respiratory insufficiency due to muscle weakness
ORDO:97245	Congenital myopathy	RO:0004029	disease has feature	Min 0	HP:0005949	Apneic episodes in infancy
ORDO:97245	Congenital myopathy	RO:0004029	disease has feature	Min 0	HP:0002093	Respiratory insufficiency
ORDO:97245	Congenital myopathy	RO:0004029	disease has feature	Min 0	HP:0002747	Respiratory insufficiency due to muscle weakness
ORDO:97245	Congenital myopathy	RO:0004029	disease has feature	Min 0	HP:0032341	Reduced forced vital capacity
ORDO:97245	Congenital myopathy	RO:0004029	disease has feature	Min 0	HP:0003306	Spinal rigidity
ORDO:97245	Congenital myopathy	RO:0004029	disease has feature	Min 0	HP:0002650	Scoliosis
ORDO:97245	Congenital myopathy	RO:0004029	disease has feature	Min 0	HP:0002751	Kyphoscoliosis
ORDO:97245	Congenital myopathy	RO:0004029	disease has feature	Min 0	HP:6000327	Thoracic cage flatness
ORDO:97245	Congenital myopathy	RO:0004029	disease has feature	Min 0	HP:0001547	Abnormal rib cage morphology 
ORDO:97245	Congenital myopathy	RO:0004029	disease has feature	Min 0	HP:0000886	Deformed rib cage 
ORDO:97245	Congenital myopathy	RO:0004029	disease has feature	Min 0	HP:0003691	Scapular winging
ORDO:97245	Congenital myopathy	RO:0004029	disease has feature	Min 0	HP:0000774	Narrow chest
ORDO:97245	Congenital myopathy	RO:0004029	disease has feature	Min 0	HP:0002808	Kyphosis
ORDO:97245	Congenital myopathy	RO:0004029	disease has feature	Min 0	HP:0000028	Cryptorchidism
ORDO:97245	Congenital myopathy	RO:0004029	disease has feature	Min 0	HP:0030000	EMG : repetitive nerve stimulation abnormality
ORDO:97245	Congenital myopathy	RO:0004029	disease has feature	Min 0	HP:0003398	Abnormal synaptic transmission at the neuromuscular junction 
ORDO:97245	Congenital myopathy	RO:0004029	disease has feature	Min 0	HP:0003458	EMG: myopathic abnormalities
ORDO:97245	Congenital myopathy	RO:0004029	disease has feature	Min 0	HP:0003445	EMG: neuropathic changes
ORDO:97245	Congenital myopathy	RO:0004029	disease has feature	Min 0	HP:0003403	EMG: decremental response of compound muscle action potential to repetitive nerve stimulation  
ORDO:97245	Congenital myopathy	RO:0004029	disease has feature	Min 0	HP:0003236	Elevated circulating creatine kinase concentration
ORDO:97245	Congenital myopathy	RO:0004029	disease has feature	Min 0	HP:0008180	Mildly elevated creatine kinase
ORDO:97245	Congenital myopathy	RO:0004029	disease has feature	Min 0	HP:0040081	Abnormal circulating creatine kinase concentration
ORDO:97245	Congenital myopathy	RO:0004029	disease has feature	Min 0	HP:0003552	Muscle stiffness
ORDO:97245	Congenital myopathy	RO:0004029	disease has feature	Min 0	HP:0002804	Arthrogryposis multiplex congenita
ORDO:97245	Congenital myopathy	RO:0004029	disease has feature	Min 0	HP:0004322	Short stature
ORDO:97245	Congenital myopathy	RO:0004029	disease has feature	Min 0	HP:0001249	Intellectual disability
ORDO:97245	Congenital myopathy	RO:0004029	disease has feature	Min 0	HP:0004325	Decreased body weight
ORDO:97245	Congenital myopathy	RO:0004029	disease has feature	Min 0	HP:0003457	EMG abnormality
ORDO:97245	Congenital myopathy	RO:0004029	disease has feature	Min 0	HP:0001387	Joint stiffness
ORDO:97245	Congenital myopathy	RO:0004029	disease has feature	Min 0	HP:0000486	Strabismus
PROMOT:0000028	statement about a human	RO:0002351	has member	exactly 1	SIO:000485	human
PROMOT:0000028	statement about a human	RO:0002351	has member	Max 1	SNOMED:184099003	Date of Birth (observable entity)
PROMOT:0000028	statement about a human	RO:0002351	has member	Max 1	PROMOT:0000037	Year of birth
PROMOT:0000028	statement about a human	RO:0002351	has member	Max 1	SNOMED:399753006	Date of death (observable entity)
PROMOT:0000028	statement about a human	RO:0002351	has member	Max 1	PROMOT:0000041	Year of death
PROMOT:0000028	statement about a human	RO:0002351	has member	exactly 1	PROMOT:0000067	Sex at birth
PROMOT:0000028	statement about a human	RO:0002351	has member	some	PROMOT:0000042	Age
PROMOT:0000028	statement about a human	RO:0002351	has member	some	PROMOT:0000044	Age Category
PROMOT:0000028	statement about a human	RO:0002351	has member	Min 0	SNOMED:184305005	cause of death
PROMOT:0000028	statement about a human	RO:0002351	has member	Max 1	PROMOT:0000043	Age at death
PROMOT:0000029	statement about a patient	RO:0002351	has member	exactly 1	PROMOT:0000025	Patient
PROMOT:0000029	statement about a patient	RO:0002351	has member	exactly 1	SNOMED:399423000	Date of admission (observable entity)
PROMOT:0000029	statement about a patient	RO:0002351	has member	exactly 1	SNOMED:315354004	Country of Birth (observable entity)
PROMOT:0000029	statement about a patient	RO:0002351	has member	some	SNOMED:57427004	Handedness (observable entity)
PROMOT:0000029	statement about a patient	RO:0002351	has member	some	SNOMED:424850005	Age at first symptom (observable entity)
PROMOT:0000029	statement about a patient	RO:0002351	has member	some	SNOMED:423493009	Age at diagnosis (observable entity) 
PROMOT:0000029	statement about a patient	RO:0002351	has member	some	SNOMED:432213005	Date of diagnosis (observable entity)
PROMOT:0000029	statement about a patient	RO:0002351	has member	some	PROMOT:0000038	Year of diagnosis
PROMOT:0000029	statement about a patient	RO:0002351	has member	some	SNOMED:406543005	Date of visit (observable entity)
PROMOT:0000029	statement about a patient	RO:0002351	has member	some	SNOMED:27113001	Body weight (observable entity)
PROMOT:0000029	statement about a patient	RO:0002351	has member	some	SNOMED:1153637007	Body height (observable entity)
PROMOT:0000029	statement about a patient	RO:0002351	has member	some	SNOMED:60621009	Body mass index (observable entity)
PROMOT:0000029	statement about a patient	RO:0002351	has member	some	SNOMED:398192003	Co-morbid conditions (finding)
PROMOT:0000029	statement about a patient	RO:0002351	has member	some	SNOMED:33821000087103	Gender Identity (observable entity)
PROMOT:0000029	statement about a patient	RO:0002351	has member	some	SNOMED:186034007	Ethnicity / related nationality data (observable entity)
PROMOT:0000029	statement about a patient	RO:0002351	has member	some	SNOMED:184104002	Patient occupation (observable entity)
PROMOT:0000029	statement about a patient	RO:0002351	has member	some	SNOMED:224288002	Duration of formal education (observable entity)
PROMOT:0000029	statement about a patient	RO:0002351	has member	some	SNOMED:125680007	Marital status (observable entity)
PROMOT:0000029	statement about a patient	RO:0002351	has member	some	SNOMED:224118004	NB of offspring (observable entity)
PROMOT:0000029	statement about a patient	RO:0002351	has member	some	PROMOT:0000078	Nb of previous pregnancies
PROMOT:0000029	statement about a patient	RO:0002351	has member	some	PROMOT:0000079	Patient at risk of fall
PROMOT:0000030	statement about a phenotype	RO:0002351	has member	exactly 1	HP:0000118	Phenotypic abnormality
PROMOT:0000030	statement about a phenotype	RO:0002351	has member	exactly 1	SNOMED:298059007	Date of onset (observable entity)
PROMOT:0000030	statement about a phenotype	RO:0002351	has member	exactly 1	PROMOT:0000036	Year of onset
PROMOT:0000030	statement about a phenotype	RO:0002351	has member	exactly 1	PROMOT:0000034	Date of assessment
PROMOT:0000030	statement about a phenotype	RO:0002351	has member	exactly 1	PROMOT:0000035	Date of resolution
PROMOT:0000030	statement about a phenotype	RO:0002351	has member	some	ECO:0006151	Documented statement evidence
PROMOT:0000030	statement about a phenotype	RO:0002351	has member	exactly 1	PROMOT:0000039	Year of assessment
PROMOT:0000030	statement about a phenotype	RO:0002351	has member	Min 0	PROMOT:0000040	Year of resolution
PROMOT:0000031	statement about a procedure	RO:0002351	has member	some	SNOMED:128927009	Procedure by method (procedure)
PROMOT:0000031	statement about a procedure	RO:0002351	has member	some	SNOMED:439272007	Date of procedure (observale entity)
PROMOT:0000031	statement about a procedure	RO:0002351	has member	some	IAO:0000027 	data item 
PROMOT:0000032	statement about a consent	RO:0002351	has member	some	PROMOT:0000100	Agreement to be contacted for research purpose
PROMOT:0000032	statement about a consent	RO:0002351	has member	some	PROMOT:0000101	Consent to the reuse of data
PROMOT:0000032	statement about a consent	RO:0002351	has member	some	PROMOT:0000092	Consent status
PROMOT:0000032	statement about a consent	RO:0002351	has member	some	PROMOT:0000099	Date of consent
HP:0000467	Neck muscle weakness	PROMOT:1000001	found in			Oculopharyngeal muscular dystrophy Scoping review
HP:0030319	Weakness of facial musculature	PROMOT:1000001	found in			Oculopharyngeal muscular dystrophy Scoping review
HP:0007715	Weak extraocular muscles	PROMOT:1000001	found in			Oculopharyngeal muscular dystrophy Scoping review
HP:0000597	Ophthalmoparesis	PROMOT:1000001	found in			Oculopharyngeal muscular dystrophy Scoping review
HP:0004878	Intercostal muscle weakness	PROMOT:1000001	found in			Oculopharyngeal muscular dystrophy Scoping review
HP:0009023	Abdominal wall muscle weakness	PROMOT:1000001	found in			Oculopharyngeal muscular dystrophy Scoping review
HP:0003327	Axial muscle weakness	PROMOT:1000001	found in			Oculopharyngeal muscular dystrophy Scoping review
HP:0003722	Neck flexor weakness	PROMOT:1000001	found in			Oculopharyngeal muscular dystrophy Scoping review
HP:0002141	Gait imbalance	PROMOT:1000001	found in			Oculopharyngeal muscular dystrophy Scoping review
HP:0002172	Postural instability	PROMOT:1000001	found in			Oculopharyngeal muscular dystrophy Scoping review
HP:0002317	Unsteady gait	PROMOT:1000001	found in			Oculopharyngeal muscular dystrophy Scoping review
HP:0003551	Difficulty climbing stairs	PROMOT:1000001	found in			Oculopharyngeal muscular dystrophy Scoping review
HP:0033235	Difficulty descending stairs	PROMOT:1000001	found in			Oculopharyngeal muscular dystrophy Scoping review
HP:0008994	Proximal muscle weakness in lower limbs	PROMOT:1000001	found in			Oculopharyngeal muscular dystrophy Scoping review
HP:0003749	Pelvic girdle muscle weakness / Hip girdle weakness	PROMOT:1000001	found in			Oculopharyngeal muscular dystrophy Scoping review
HP:0003731	Quadriceps muscle weakness	PROMOT:1000001	found in			Oculopharyngeal muscular dystrophy Scoping review
HP:0033416	Hip adductor weakness	PROMOT:1000001	found in			Oculopharyngeal muscular dystrophy Scoping review
HP:0012515	Hip flexor weakness	PROMOT:1000001	found in			Oculopharyngeal muscular dystrophy Scoping review
HP:0008997	Proximal muscle weakness in upper limbs	PROMOT:1000001	found in			Oculopharyngeal muscular dystrophy Scoping review
HP:0003547	Shoulder girdle muscle weakness	PROMOT:1000001	found in			Oculopharyngeal muscular dystrophy Scoping review
HP:0031108	Triceps weakness	PROMOT:1000001	found in			Oculopharyngeal muscular dystrophy Scoping review
HP:0009053	Distal lower limb muscle weakness	PROMOT:1000001	found in			Oculopharyngeal muscular dystrophy Scoping review
HP:0009027	Foot dorsiflexor weakness	PROMOT:1000001	found in			Oculopharyngeal muscular dystrophy Scoping review
HP:0011727	Peroneal muscle weakness	PROMOT:1000001	found in			Oculopharyngeal muscular dystrophy Scoping review
HP:0008963	Tibialis muscle weakness	PROMOT:1000001	found in			Oculopharyngeal muscular dystrophy Scoping review
HP:0031374	Ankle weakness	PROMOT:1000001	found in			Oculopharyngeal muscular dystrophy Scoping review
HP:0008959	Distal upper limb muscle weakness	PROMOT:1000001	found in			Oculopharyngeal muscular dystrophy Scoping review
HP:0030237	Hand muscle weakness	PROMOT:1000001	found in			Oculopharyngeal muscular dystrophy Scoping review
HP:0009077	Weakness of long finger extensor muscles	PROMOT:1000001	found in			Oculopharyngeal muscular dystrophy Scoping review
HP:0009005	Weakness of the intrinsic hand muscles	PROMOT:1000001	found in			Oculopharyngeal muscular dystrophy Scoping review
HP:0031177	Finger flexor weakness	PROMOT:1000001	found in			Oculopharyngeal muscular dystrophy Scoping review
HP:0003392	First dorsal interossei muscle weakness	PROMOT:1000001	found in			Oculopharyngeal muscular dystrophy Scoping review
HP:0003427	Thenar muscle weakness	PROMOT:1000001	found in			Oculopharyngeal muscular dystrophy Scoping review
HP:0003701	Proximal muscle weakness	PROMOT:1000001	found in			Oculopharyngeal muscular dystrophy Scoping review
HP:0002460	Distal muscle weakness	PROMOT:1000001	found in			Oculopharyngeal muscular dystrophy Scoping review
HP:0007340	Lower limb muscle weakness	PROMOT:1000001	found in			Oculopharyngeal muscular dystrophy Scoping review
HP:0003484	Upper limb muscle weakness	PROMOT:1000001	found in			Oculopharyngeal muscular dystrophy Scoping review
HP:0003325	Limb-girdle muscle weakness	PROMOT:1000001	found in			Oculopharyngeal muscular dystrophy Scoping review
HP:0003690	Limb muscle weakness	PROMOT:1000001	found in			Oculopharyngeal muscular dystrophy Scoping review
HP:0009063	Progressive distal muscle weakness	PROMOT:1000001	found in			Oculopharyngeal muscular dystrophy Scoping review
HP:0009073	Progressive proximal muscle weakness	PROMOT:1000001	found in			Oculopharyngeal muscular dystrophy Scoping review
HP:0001324	Muscle weakness	PROMOT:1000001	found in			Oculopharyngeal muscular dystrophy Scoping review
HP:0003323	Progressive muscle weakness	PROMOT:1000001	found in			Oculopharyngeal muscular dystrophy Scoping review
HP:0005216	Impaired mastication	PROMOT:1000001	found in			Oculopharyngeal muscular dystrophy Article
HP:0030842	Choking episodes	PROMOT:1000001	found in			Oculopharyngeal muscular dystrophy Article
HP:0031146	Impaired oral bolus formation	PROMOT:1000001	found in			Oculopharyngeal muscular dystrophy Article
HP:0031162	Impaired oropharyngeal swallow response	PROMOT:1000001	found in			Oculopharyngeal muscular dystrophy Article
HP:0032043	Odynophagia	PROMOT:1000001	found in			Oculopharyngeal muscular dystrophy Article
HP:0002015	Dysphagia	PROMOT:1000001	found in			Oculopharyngeal muscular dystrophy Article
HP:0002068	Neuromuscular dysphagia	PROMOT:1000001	found in			Oculopharyngeal muscular dystrophy Article
HP:0200136	Oral-pharyngeal dysphagia	PROMOT:1000001	found in			Oculopharyngeal muscular dystrophy Article
HP:0002141	Gait imbalance	PROMOT:1000001	found in			Oculopharyngeal muscular dystrophy Survey
HP:0002172	Postural instability	PROMOT:1000001	found in			Oculopharyngeal muscular dystrophy Survey
HP:0002317	Unsteady gait	PROMOT:1000001	found in			Oculopharyngeal muscular dystrophy Survey
HP:0002098	Respiratory distress	PROMOT:1000001	found in			Oculopharyngeal muscular dystrophy Survey
HP:0002094	Dyspnea	PROMOT:1000001	found in			Oculopharyngeal muscular dystrophy Survey
HP:0002747	Respiratory insufficiency due to muscle weakness	PROMOT:1000001	found in			Oculopharyngeal muscular dystrophy Survey
HP:0002093	Respiratory insufficiency	PROMOT:1000001	found in			Oculopharyngeal muscular dystrophy Survey
HP:0004347	Weakness of muscles of respiration	PROMOT:1000001	found in			Oculopharyngeal muscular dystrophy Survey
HP:0032341	Reduced forced vital capacity	PROMOT:1000001	found in			Oculopharyngeal muscular dystrophy Survey
HP:0001288	Gait disturbance	PROMOT:1000001	found in			Oculopharyngeal muscular dystrophy Survey
HP:0000651	Diplopia	PROMOT:1000001	found in			Oculopharyngeal muscular dystrophy Survey
HP:0002015	Dysphagia	PROMOT:1000001	found in			Oculopharyngeal muscular dystrophy Survey
HP:0002068	Neuromuscular dysphagia	PROMOT:1000001	found in			Oculopharyngeal muscular dystrophy Survey
HP:0200136	Oral-pharyngeal dysphagia	PROMOT:1000001	found in			Oculopharyngeal muscular dystrophy Survey
HP:0001618	Dysphonia	PROMOT:1000001	found in			Oculopharyngeal muscular dystrophy Survey
HP:0001609	Hoarse voice	PROMOT:1000001	found in			Oculopharyngeal muscular dystrophy Survey
HP:0033695	Occupational disability	PROMOT:1000001	found in			Oculopharyngeal muscular dystrophy Survey
HP:0030319	Weakness of facial musculature	PROMOT:1000001	found in			Oculopharyngeal muscular dystrophy Survey
HP:0012378	Fatigue	PROMOT:1000001	found in			Oculopharyngeal muscular dystrophy Survey
HP:0031058	Impairment of activities of daily living	PROMOT:1000001	found in			Oculopharyngeal muscular dystrophy Survey
HP:0007340	Lower limb muscle weakness	PROMOT:1000001	found in			Oculopharyngeal muscular dystrophy Survey
HP:0008994	Proximal muscle weakness in lower limbs	PROMOT:1000001	found in			Oculopharyngeal muscular dystrophy Survey
HP:0003749	Pelvic girdle muscle weakness / Hip girdle weakness	PROMOT:1000001	found in			Oculopharyngeal muscular dystrophy Survey
HP:0003731	Quadriceps muscle weakness	PROMOT:1000001	found in			Oculopharyngeal muscular dystrophy Survey
HP:0033416	Hip adductor weakness	PROMOT:1000001	found in			Oculopharyngeal muscular dystrophy Survey
HP:0012515	Hip flexor weakness	PROMOT:1000001	found in			Oculopharyngeal muscular dystrophy Survey
HP:0009053	Distal lower limb muscle weakness	PROMOT:1000001	found in			Oculopharyngeal muscular dystrophy Survey
HP:0009027	Foot dorsiflexor weakness	PROMOT:1000001	found in			Oculopharyngeal muscular dystrophy Survey
HP:0011727	Peroneal muscle weakness	PROMOT:1000001	found in			Oculopharyngeal muscular dystrophy Survey
HP:0008963	Tibialis muscle weakness	PROMOT:1000001	found in			Oculopharyngeal muscular dystrophy Survey
HP:0031374	Ankle weakness	PROMOT:1000001	found in			Oculopharyngeal muscular dystrophy Survey
HP:0000602	Ophthalmoplegia	PROMOT:1000001	found in			Oculopharyngeal muscular dystrophy Survey
HP:0000544	External ophthalmoplegia	PROMOT:1000001	found in			Oculopharyngeal muscular dystrophy Survey
HP:0000597	Ophthalmoparesis	PROMOT:1000001	found in			Oculopharyngeal muscular dystrophy Survey
HP:0012531	Pain	PROMOT:1000001	found in			Oculopharyngeal muscular dystrophy Survey
HP:0033667	Diminished mental health	PROMOT:1000001	found in			Oculopharyngeal muscular dystrophy Survey
HP:0000508	Ptosis	PROMOT:1000001	found in			Oculopharyngeal muscular dystrophy Survey
HP:0000183	Tongue muscle weakness	PROMOT:1000001	found in			Oculopharyngeal muscular dystrophy Survey
HP:0008959	Distal upper limb muscle weakness	PROMOT:1000001	found in			Oculopharyngeal muscular dystrophy Survey
HP:0030237	Hand muscle weakness	PROMOT:1000001	found in			Oculopharyngeal muscular dystrophy Survey
HP:0009077	Weakness of long finger extensor muscles	PROMOT:1000001	found in			Oculopharyngeal muscular dystrophy Survey
HP:0009005	Weakness of the intrinsic hand muscles	PROMOT:1000001	found in			Oculopharyngeal muscular dystrophy Survey
HP:0031177	Finger flexor weakness	PROMOT:1000001	found in			Oculopharyngeal muscular dystrophy Survey
HP:0003392	First dorsal interossei muscle weakness	PROMOT:1000001	found in			Oculopharyngeal muscular dystrophy Survey
HP:0003427	Thenar muscle weakness	PROMOT:1000001	found in			Oculopharyngeal muscular dystrophy Survey
HP:0008997	Proximal muscle weakness in upper limbs	PROMOT:1000001	found in			Oculopharyngeal muscular dystrophy Survey
HP:0003547	Shoulder girdle muscle weakness	PROMOT:1000001	found in			Oculopharyngeal muscular dystrophy Survey
HP:0031108	Triceps weakness	PROMOT:1000001	found in			Oculopharyngeal muscular dystrophy Survey
HP:0003484	Upper limb muscle weakness	PROMOT:1000001	found in			Oculopharyngeal muscular dystrophy Survey
HP:6001011	Wet voice	PROMOT:1000001	found in			Oculopharyngeal muscular dystrophy Survey
HP:0002460	Distal muscle weakness	PROMOT:1000001	found in			Oculopharyngeal muscular dystrophy HPO KB associations
HP:0003701	Proximal muscle weakness	PROMOT:1000001	found in			Oculopharyngeal muscular dystrophy HPO KB associations
HP:0001288	Gait disturbance	PROMOT:1000001	found in			Oculopharyngeal muscular dystrophy HPO KB associations
HP:0000006	Autosomal dominant inheritance	PROMOT:1000001	found in			Oculopharyngeal muscular dystrophy HPO KB associations
HP:0003327	Axial muscle weakness	PROMOT:1000001	found in			Oculopharyngeal muscular dystrophy HPO KB associations
HP:0003325	Limb-girdle muscle weakness	PROMOT:1000001	found in			Oculopharyngeal muscular dystrophy HPO KB associations
HP:0002015	Dysphagia	PROMOT:1000001	found in			Oculopharyngeal muscular dystrophy HPO KB associations
HP:0003584	Late onset	PROMOT:1000001	found in			Oculopharyngeal muscular dystrophy HPO KB associations
HP:0011968	Feeding difficulties	PROMOT:1000001	found in			Oculopharyngeal muscular dystrophy HPO KB associations
HP:0003690	Limb muscle weakness	PROMOT:1000001	found in			Oculopharyngeal muscular dystrophy HPO KB associations
HP:0003676	Progressive	PROMOT:1000001	found in			Oculopharyngeal muscular dystrophy HPO KB associations
HP:0000602	Ophthalmoplegia	PROMOT:1000001	found in			Oculopharyngeal muscular dystrophy HPO KB associations
HP:0003236	Elevated circulating creatine kinase concentration	PROMOT:1000001	found in			Oculopharyngeal muscular dystrophy HPO KB associations
HP:0007838	Progressive ptosis	PROMOT:1000001	found in			Oculopharyngeal muscular dystrophy HPO KB associations
HP:0012378	Fatigue	PROMOT:1000001	found in			Oculopharyngeal muscular dystrophy HPO KB associations
HP:0001618	Dysphonia	PROMOT:1000001	found in			Oculopharyngeal muscular dystrophy HPO KB associations
HP:0030319	Weakness of facial musculature	PROMOT:1000001	found in			Oculopharyngeal muscular dystrophy HPO KB associations
HP:0012473	Tongue atrophy	PROMOT:1000001	found in			Oculopharyngeal muscular dystrophy HPO KB associations
HP:0000467	Neck muscle weakness	PROMOT:1000001	found in			Oculopharyngeal muscular dystrophy HPO KB associations
HP:0000508	Ptosis	PROMOT:1000001	found in			Oculopharyngeal muscular dystrophy HPO KB associations
HP:0012531	Pain	PROMOT:1000001	found in			Oculopharyngeal muscular dystrophy HPO KB associations
HP:0001611	Hypernasal speech	PROMOT:1000001	found in			Oculopharyngeal muscular dystrophy HPO KB associations
HP:0001260	Dysarthria	PROMOT:1000001	found in			Oculopharyngeal muscular dystrophy HPO KB associations
HP:0000508	Ptosis	PROMOT:1000001	found in			Oculopharyngeal muscular dystrophy Patient form
HP:0001288	Gait disturbance	PROMOT:1000001	found in			Oculopharyngeal muscular dystrophy Patient form
HP:0002015	Dysphagia	PROMOT:1000001	found in			Oculopharyngeal muscular dystrophy Patient form
HP:0002141	Démarche déséquilibrée	PROMOT:1000001	found in			Oculopharyngeal muscular dystrophy Patient form
HP:0002172	Postural instability	PROMOT:1000001	found in			Oculopharyngeal muscular dystrophy Patient form
HP:0002317	Unsteady gait	PROMOT:1000001	found in			Oculopharyngeal muscular dystrophy Patient form
HP:0003427	Thenar muscle weakness	PROMOT:1000001	found in			Oculopharyngeal muscular dystrophy Patient form
HP:0003547	Shoulder girdle muscle weakness	PROMOT:1000001	found in			Oculopharyngeal muscular dystrophy Patient form
HP:0003551	Difficulté à monter les escaliers	PROMOT:1000001	found in			Oculopharyngeal muscular dystrophy Patient form
HP:0003749	Pelvic girdle muscle weakness	PROMOT:1000001	found in			Oculopharyngeal muscular dystrophy Patient form
HP:0008959	Distal upper limb muscle weakness	PROMOT:1000001	found in			Oculopharyngeal muscular dystrophy Patient form
HP:0008988	Pelvic girdle muscle atrophy	PROMOT:1000001	found in			Oculopharyngeal muscular dystrophy Patient form
HP:0008997	Proximal muscle weakness in upper limbs	PROMOT:1000001	found in			Oculopharyngeal muscular dystrophy Patient form
HP:0009027	Foot dorsiflexor weakness	PROMOT:1000001	found in			Oculopharyngeal muscular dystrophy Patient form
HP:0011968	Feeding difficulties	PROMOT:1000001	found in			Oculopharyngeal muscular dystrophy Patient form
HP:0012378	Fatigue	PROMOT:1000001	found in			Oculopharyngeal muscular dystrophy Patient form
HP:0012515	Faiblesse des muscles fléchisseurs de la hanche	PROMOT:1000001	found in			Oculopharyngeal muscular dystrophy Patient form
HP:0012531	Douleur	PROMOT:1000001	found in			Oculopharyngeal muscular dystrophy Patient form
HP:0012735	Cough 	PROMOT:1000001	found in			Oculopharyngeal muscular dystrophy Patient form
HP:0030237	Hand muscle weakness	PROMOT:1000001	found in			Oculopharyngeal muscular dystrophy Patient form
HP:0033235	Difficulty descending stairs	PROMOT:1000001	found in			Oculopharyngeal muscular dystrophy Patient form
HP:0033416	Hip adductor weakness	PROMOT:1000001	found in			Oculopharyngeal muscular dystrophy Patient form
HP:0033466	Weak grip	PROMOT:1000001	found in			Oculopharyngeal muscular dystrophy Patient form
HP:0000007	Autosomal recessive inheritance	PROMOT:1000001	found in			Oculopharyngeal muscular dystrophy Medical expert
HP:0003458	EMG: myopathic abnormalities	PROMOT:1000001	found in			Oculopharyngeal muscular dystrophy Medical expert
HP:0012497	Reduced maximal expiratory pressure	PROMOT:1000001	found in			Oculopharyngeal muscular dystrophy Medical expert
HP:0002828	Multiple joint contractures	PROMOT:1000001	found in			Congenital myasthenic syndrom Scoping review
HP:0002483	Bulbar signs	PROMOT:1000001	found in			Congenital myasthenic syndrom Scoping review
HP:0005216	Impaired mastication	PROMOT:1000001	found in			Congenital myasthenic syndrom Scoping review
HP:0030193	Fatigable weakness of chewing muscles	PROMOT:1000001	found in			Congenital myasthenic syndrom Scoping review
HP:0001270	Motor delay	PROMOT:1000001	found in			Congenital myasthenic syndrom Scoping review
HP:0031936	Delayed ability to walk 	PROMOT:1000001	found in			Congenital myasthenic syndrom Scoping review
HP:0033580	Compound motor action potential abnormality	PROMOT:1000001	found in			Congenital myasthenic syndrom Scoping review
PROMOT:0000102	Double compound motor action potential abnormality	PROMOT:1000001	found in			Congenital myasthenic syndrom Scoping review
HP:0002015	Dysphagia	PROMOT:1000001	found in			Congenital myasthenic syndrom Scoping review
HP:0002068	Neuromuscular dysphagia	PROMOT:1000001	found in			Congenital myasthenic syndrom Scoping review
HP:0200136	Oral-pharyngeal dysphagia	PROMOT:1000001	found in			Congenital myasthenic syndrom Scoping review
HP:0001618	Dysphonia	PROMOT:1000001	found in			Congenital myasthenic syndrom Scoping review
HP:0001609	Hoarse voice	PROMOT:1000001	found in			Congenital myasthenic syndrom Scoping review
HP:0030000	EMG: repetitive nerve stimulation abnormality	PROMOT:1000001	found in			Congenital myasthenic syndrom Scoping review
HP:0003398	Abnormal synaptic transmission at the neuromuscular junction 	PROMOT:1000001	found in			Congenital myasthenic syndrom Scoping review
HP:0003458	EMG: myopathic abnormalities	PROMOT:1000001	found in			Congenital myasthenic syndrom Scoping review
HP:0003445	EMG: neuropathic changes	PROMOT:1000001	found in			Congenital myasthenic syndrom Scoping review
HP:0003403	EMG: decremental response of compound muscle action potential to repetitive nerve stimulation  	PROMOT:1000001	found in			Congenital myasthenic syndrom Scoping review
HP:0011968	Feeding difficulties	PROMOT:1000001	found in			Congenital myasthenic syndrom Scoping review
HP:0008872	Feeding difficulties in infancy	PROMOT:1000001	found in			Congenital myasthenic syndrom Scoping review
HP:0002033	Poor suck	PROMOT:1000001	found in			Congenital myasthenic syndrom Scoping review
HP:0031914	Fluctuating	PROMOT:1000001	found in			Congenital myasthenic syndrom Scoping review
HP:0003323	Progressive muscle weakness	PROMOT:1000001	found in			Congenital myasthenic syndrom Scoping review
HP:0001288	Gait disturbance	PROMOT:1000001	found in			Congenital myasthenic syndrom Scoping review
HP:0002515	Waddling gait	PROMOT:1000001	found in			Congenital myasthenic syndrom Scoping review
HP:0002359	Frequent falls	PROMOT:1000001	found in			Congenital myasthenic syndrom Scoping review
HP:0002540	Inability to walk	PROMOT:1000001	found in			Congenital myasthenic syndrom Scoping review
HP:0009046	Difficulty running	PROMOT:1000001	found in			Congenital myasthenic syndrom Scoping review
HP:0002505	Loss of ambulation	PROMOT:1000001	found in			Congenital myasthenic syndrom Scoping review
HP:0003473	Fatigable weakness	PROMOT:1000001	found in			Congenital myasthenic syndrom Scoping review
HP:0030196	Fatigable weakness of respiratory muscles 	PROMOT:1000001	found in			Congenital myasthenic syndrom Scoping review
HP:0030198	Fatigable weakness of distal limb muscles	PROMOT:1000001	found in			Congenital myasthenic syndrom Scoping review
HP:0030199	Fatigable weakness of neck muscles 	PROMOT:1000001	found in			Congenital myasthenic syndrom Scoping review
HP:0030200	Fatiguable weakness of proximal limb muscles 	PROMOT:1000001	found in			Congenital myasthenic syndrom Scoping review
HP:0030192	Fatigable weakness of bulbar muscles 	PROMOT:1000001	found in			Congenital myasthenic syndrom Scoping review
HP:0030194	Fatigable weakness of speech muscles 	PROMOT:1000001	found in			Congenital myasthenic syndrom Scoping review
HP:0030195	Fatigable weakness of swallowing muscles 	PROMOT:1000001	found in			Congenital myasthenic syndrom Scoping review
HP:0030197	Fatigable weakness of skeletal muscles	PROMOT:1000001	found in			Congenital myasthenic syndrom Scoping review
HP:0003391	Gowers sign	PROMOT:1000001	found in			Congenital myasthenic syndrom Scoping review
HP:0003307	Hyperlordosis	PROMOT:1000001	found in			Congenital myasthenic syndrom Scoping review
HP:0001252	Hypotonia	PROMOT:1000001	found in			Congenital myasthenic syndrom Scoping review
HP:0001319	Neonatal hypotonia	PROMOT:1000001	found in			Congenital myasthenic syndrom Scoping review
HP:0001324	Muscle weakness	PROMOT:1000001	found in			Congenital myasthenic syndrom Scoping review
HP:0000467	Neck muscle weakness	PROMOT:1000001	found in			Congenital myasthenic syndrom Scoping review
HP:0030319	Weakness of facial musculature	PROMOT:1000001	found in			Congenital myasthenic syndrom Scoping review
HP:0000597	Ophthalmoparesis	PROMOT:1000001	found in			Congenital myasthenic syndrom Scoping review
HP:0007715	Weak extraocular muscles	PROMOT:1000001	found in			Congenital myasthenic syndrom Scoping review
HP:0003327	Axial muscle weakness	PROMOT:1000001	found in			Congenital myasthenic syndrom Scoping review
HP:0004878	Intercostal muscle weakness	PROMOT:1000001	found in			Congenital myasthenic syndrom Scoping review
HP:0009023	Abdominal wall muscle weakness	PROMOT:1000001	found in			Congenital myasthenic syndrom Scoping review
HP:0003722	Neck flexor weakness	PROMOT:1000001	found in			Congenital myasthenic syndrom Scoping review
HP:0003690	Limb muscle weakness	PROMOT:1000001	found in			Congenital myasthenic syndrom Scoping review
HP:0009053	Distal lower limb muscle weakness	PROMOT:1000001	found in			Congenital myasthenic syndrom Scoping review
HP:0008959	Distal upper limb muscle weakness	PROMOT:1000001	found in			Congenital myasthenic syndrom Scoping review
HP:0007340	Lower limb muscle weakness	PROMOT:1000001	found in			Congenital myasthenic syndrom Scoping review
HP:0003484	Upper limb muscle weakness	PROMOT:1000001	found in			Congenital myasthenic syndrom Scoping review
HP:0003325	Limb-girdle muscle weakness	PROMOT:1000001	found in			Congenital myasthenic syndrom Scoping review
HP:0003701	Proximal muscle weakness	PROMOT:1000001	found in			Congenital myasthenic syndrom Scoping review
HP:0002460	Distal muscle weakness	PROMOT:1000001	found in			Congenital myasthenic syndrom Scoping review
HP:0009028	Generalized weakness of limb muscles	PROMOT:1000001	found in			Congenital myasthenic syndrom Scoping review
HP:0011727	Peroneal muscle weakness	PROMOT:1000001	found in			Congenital myasthenic syndrom Scoping review
HP:0030237	Hand muscle weakness	PROMOT:1000001	found in			Congenital myasthenic syndrom Scoping review
HP:0009063	Progressive distal muscle weakness	PROMOT:1000001	found in			Congenital myasthenic syndrom Scoping review
HP:0009073	Progressive proximal muscle weakness	PROMOT:1000001	found in			Congenital myasthenic syndrom Scoping review
HP:0008963	Tibialis muscle weakness	PROMOT:1000001	found in			Congenital myasthenic syndrom Scoping review
HP:0003427	Thenar muscle weakness	PROMOT:1000001	found in			Congenital myasthenic syndrom Scoping review
HP:0008994	Proximal muscle weakness in lower limbs	PROMOT:1000001	found in			Congenital myasthenic syndrom Scoping review
HP:0003749	Pelvic girdle muscle weakness / Hip girdle weakness	PROMOT:1000001	found in			Congenital myasthenic syndrom Scoping review
HP:0003392	First dorsal interossei muscle weakness	PROMOT:1000001	found in			Congenital myasthenic syndrom Scoping review
HP:0003731	Quadriceps muscle weakness	PROMOT:1000001	found in			Congenital myasthenic syndrom Scoping review
HP:0003694	Late-onset proximal muscle weakness	PROMOT:1000001	found in			Congenital myasthenic syndrom Scoping review
HP:0003810	Late-onset distal muscle weakness	PROMOT:1000001	found in			Congenital myasthenic syndrom Scoping review
HP:0008997	Proximal muscle weakness in upper limbs	PROMOT:1000001	found in			Congenital myasthenic syndrom Scoping review
HP:0003547	Shoulder girdle muscle weakness	PROMOT:1000001	found in			Congenital myasthenic syndrom Scoping review
HP:0009005	Weakness of the intrinsic hand muscles	PROMOT:1000001	found in			Congenital myasthenic syndrom Scoping review
HP:0033416	Hip adductor weakness	PROMOT:1000001	found in			Congenital myasthenic syndrom Scoping review
HP:0012515	Hip flexor weakness	PROMOT:1000001	found in			Congenital myasthenic syndrom Scoping review
HP:0009027	Foot dorsiflexor weakness	PROMOT:1000001	found in			Congenital myasthenic syndrom Scoping review
HP:0031108	Triceps weakness	PROMOT:1000001	found in			Congenital myasthenic syndrom Scoping review
HP:0031374	Ankle weakness	PROMOT:1000001	found in			Congenital myasthenic syndrom Scoping review
HP:0031177	Finger flexor weakness	PROMOT:1000001	found in			Congenital myasthenic syndrom Scoping review
HP:0009077	Weakness of long finger extensor muscles	PROMOT:1000001	found in			Congenital myasthenic syndrom Scoping review
HP:0000602	Ophthalmoplegia	PROMOT:1000001	found in			Congenital myasthenic syndrom Scoping review
HP:0000544	External ophthalmoplegia	PROMOT:1000001	found in			Congenital myasthenic syndrom Scoping review
HP:0000496	Abnormality of eye movement	PROMOT:1000001	found in			Congenital myasthenic syndrom Scoping review
HP:0007941	Limited extraocular movements	PROMOT:1000001	found in			Congenital myasthenic syndrom Scoping review
HP:0012531	Pain	PROMOT:1000001	found in			Congenital myasthenic syndrom Scoping review
HP:0003326	Myalgia	PROMOT:1000001	found in			Congenital myasthenic syndrom Scoping review
HP:0003394	Muscle spasm	PROMOT:1000001	found in			Congenital myasthenic syndrom Scoping review
HP:0000508	Ptosis	PROMOT:1000001	found in			Congenital myasthenic syndrom Scoping review
HP:0007695	Abnormal pupillary light reflex	PROMOT:1000001	found in			Congenital myasthenic syndrom Scoping review
HP:0030211	Slow pupillary light response	PROMOT:1000001	found in			Congenital myasthenic syndrom Scoping review
HP:0001558	Decreased fetal movement	PROMOT:1000001	found in			Congenital myasthenic syndrom Scoping review
HP:0001315	Reduced tendon reflexes 	PROMOT:1000001	found in			Congenital myasthenic syndrom Scoping review
HP:0031826	Abnormal reflex	PROMOT:1000001	found in			Congenital myasthenic syndrom Scoping review
HP:0001284	Areflexia	PROMOT:1000001	found in			Congenital myasthenic syndrom Scoping review
HP:0001265	Hyporeflexia	PROMOT:1000001	found in			Congenital myasthenic syndrom Scoping review
HP:0002600	Hyporeflexia of lower limbs	PROMOT:1000001	found in			Congenital myasthenic syndrom Scoping review
HP:0002522	Areflexia of lower limbs	PROMOT:1000001	found in			Congenital myasthenic syndrom Scoping review
HP:0002098	Respiratory distress	PROMOT:1000001	found in			Congenital myasthenic syndrom Scoping review
HP:0002104	Apnea	PROMOT:1000001	found in			Congenital myasthenic syndrom Scoping review
HP:0002878	Respiratory failure	PROMOT:1000001	found in			Congenital myasthenic syndrom Scoping review
HP:0004887	Respiratory failure requiring assisted ventilation	PROMOT:1000001	found in			Congenital myasthenic syndrom Scoping review
HP:0002643	Neonatal respiratory distress	PROMOT:1000001	found in			Congenital myasthenic syndrom Scoping review
HP:0005949	Apneic episodes in infancy	PROMOT:1000001	found in			Congenital myasthenic syndrom Scoping review
HP:0004889	Intermittent episodes of respiratory insufficiency due to muscle weakness	PROMOT:1000001	found in			Congenital myasthenic syndrom Scoping review
HP:0004347	Weakness of muscles of respiration	PROMOT:1000001	found in			Congenital myasthenic syndrom Scoping review
HP:0004885	Episodic respiratory distress	PROMOT:1000001	found in			Congenital myasthenic syndrom Scoping review
HP:0002747	Respiratory insufficiency due to muscle weakness	PROMOT:1000001	found in			Congenital myasthenic syndrom Scoping review
HP:0002093	Respiratory insufficiency	PROMOT:1000001	found in			Congenital myasthenic syndrom Scoping review
HP:0032341	Reduced forced vital capacity	PROMOT:1000001	found in			Congenital myasthenic syndrom Scoping review
HP:0002650	Scoliosis	PROMOT:1000001	found in			Congenital myasthenic syndrom Scoping review
HP:0002751	Kyphoscoliosis	PROMOT:1000001	found in			Congenital myasthenic syndrom Scoping review
HP:0030006	Single fiber EMG abnormality	PROMOT:1000001	found in			Congenital myasthenic syndrom Scoping review
HP:0030205	Increased jitter at single fiber EMG	PROMOT:1000001	found in			Congenital myasthenic syndrom Scoping review
HP:0008180	Mildly elevated creatine kinase	PROMOT:1000001	found in			Congenital myasthenic syndrom Scoping review
HP:0003236	Elevated circulating creatine kinase concentration	PROMOT:1000001	found in			Congenital myasthenic syndrom Scoping review
HP:0040081	Abnormal circulating creatine kinase concentration	PROMOT:1000001	found in			Congenital myasthenic syndrom Scoping review
HP:0030202	Favorable response of weakness to acetylcholine esterase inhibitors	PROMOT:1000001	found in			Congenital myasthenic syndrom Scoping review
HP:0030203	Unfavorable response of muscle weakness to acetylcholine esterase inhibitors	PROMOT:1000001	found in			Congenital myasthenic syndrom Scoping review
HP:0003722	Neck flexor weakness	PROMOT:1000001	found in			Congenital myasthenic syndrom HPO DB associations
HP:0001270	Motor delay	PROMOT:1000001	found in			Congenital myasthenic syndrom HPO DB associations
HP:0001252	Hypotonia	PROMOT:1000001	found in			Congenital myasthenic syndrom HPO DB associations
HP:0008872	Feeding difficulties in infancy	PROMOT:1000001	found in			Congenital myasthenic syndrom HPO DB associations
HP:0001324	Muscle weakness	PROMOT:1000001	found in			Congenital myasthenic syndrom HPO DB associations
HP:0002650	Scoliosis	PROMOT:1000001	found in			Congenital myasthenic syndrom HPO DB associations
HP:0001319	Neonatal hypotonia	PROMOT:1000001	found in			Congenital myasthenic syndrom HPO DB associations
HP:0001315	Reduced tendon reflexes	PROMOT:1000001	found in			Congenital myasthenic syndrom HPO DB associations
HP:0031108	Triceps weakness	PROMOT:1000001	found in			Congenital myasthenic syndrom HPO DB associations
HP:0002747	Respiratory insufficiency due to muscle weakness	PROMOT:1000001	found in			Congenital myasthenic syndrom HPO DB associations
HP:0002033	Poor suck	PROMOT:1000001	found in			Congenital myasthenic syndrom HPO DB associations
HP:0002015	Dysphagia	PROMOT:1000001	found in			Congenital myasthenic syndrom HPO DB associations
HP:0002098	Respiratory distress	PROMOT:1000001	found in			Congenital myasthenic syndrom HPO DB associations
HP:0002093	Respiratory insufficiency	PROMOT:1000001	found in			Congenital myasthenic syndrom HPO DB associations
HP:0003394	Muscle spasm	PROMOT:1000001	found in			Congenital myasthenic syndrom HPO DB associations
HP:0003391	Gowers sign	PROMOT:1000001	found in			Congenital myasthenic syndrom HPO DB associations
HP:0003473	Fatigable weakness	PROMOT:1000001	found in			Congenital myasthenic syndrom HPO DB associations
HP:0003484	Upper limb muscle weakness	PROMOT:1000001	found in			Congenital myasthenic syndrom HPO DB associations
HP:0003458	EMG: myopathic abnormalities	PROMOT:1000001	found in			Congenital myasthenic syndrom HPO DB associations
HP:0003403	EMG: decremental response of compound muscle action potential to repetitive nerve stimulation	PROMOT:1000001	found in			Congenital myasthenic syndrom HPO DB associations
HP:0003547	Shoulder girdle muscle weakness	PROMOT:1000001	found in			Congenital myasthenic syndrom HPO DB associations
HP:0011968	Feeding difficulties	PROMOT:1000001	found in			Congenital myasthenic syndrom HPO DB associations
HP:0003690	Limb muscle weakness	PROMOT:1000001	found in			Congenital myasthenic syndrom HPO DB associations
HP:0009077	Weakness of long finger extensor muscles	PROMOT:1000001	found in			Congenital myasthenic syndrom HPO DB associations
HP:0000651	Diplopia	PROMOT:1000001	found in			Congenital myasthenic syndrom HPO DB associations
HP:0000602	Ophthalmoplegia	PROMOT:1000001	found in			Congenital myasthenic syndrom HPO DB associations
HP:0009005	Weakness of the intrinsic hand muscles	PROMOT:1000001	found in			Congenital myasthenic syndrom HPO DB associations
HP:0002804	Arthrogryposis multiplex congenita	PROMOT:1000001	found in			Congenital myasthenic syndrom HPO DB associations
HP:0002882	Sudden episodic apnea	PROMOT:1000001	found in			Congenital myasthenic syndrom HPO DB associations
HP:0002878	Respiratory failure	PROMOT:1000001	found in			Congenital myasthenic syndrom HPO DB associations
HP:0000218	High palate	PROMOT:1000001	found in			Congenital myasthenic syndrom HPO DB associations
HP:0001558	Decreased fetal movement	PROMOT:1000001	found in			Congenital myasthenic syndrom HPO DB associations
HP:0031374	Ankle weakness	PROMOT:1000001	found in			Congenital myasthenic syndrom HPO DB associations
HP:0030197	Fatigable weakness of skeletal muscles	PROMOT:1000001	found in			Congenital myasthenic syndrom HPO DB associations
HP:0030196	Fatigable weakness of respiratory muscles	PROMOT:1000001	found in			Congenital myasthenic syndrom HPO DB associations
HP:0001612	Weak cry	PROMOT:1000001	found in			Congenital myasthenic syndrom HPO DB associations
HP:0030199	Fatigable weakness of neck muscles	PROMOT:1000001	found in			Congenital myasthenic syndrom HPO DB associations
HP:0030319	Weakness of facial musculature	PROMOT:1000001	found in			Congenital myasthenic syndrom HPO DB associations
HP:0000496	Abnormality of eye movement	PROMOT:1000001	found in			Congenital myasthenic syndrom HPO DB associations
HP:0000467	Neck muscle weakness	PROMOT:1000001	found in			Congenital myasthenic syndrom HPO DB associations
HP:0000508	Ptosis	PROMOT:1000001	found in			Congenital myasthenic syndrom HPO DB associations
HP:0000597	Ophthalmoparesis	PROMOT:1000001	found in			Congenital myasthenic syndrom HPO DB associations
HP:0012515	Hip flexor weakness	PROMOT:1000001	found in			Congenital myasthenic syndrom HPO DB associations
HP:0002460	Distal muscle weakness	PROMOT:1000001	found in			Congenital myasthenic syndrom HPO DB associations
HP:0003701	Proximal muscle weakness	PROMOT:1000001	found in			Congenital myasthenic syndrom HPO DB associations
HP:0001288	Gait disturbance	PROMOT:1000001	found in			Congenital myasthenic syndrom HPO DB associations
HP:0001284	Areflexia	PROMOT:1000001	found in			Congenital myasthenic syndrom HPO DB associations
HP:0002515	Waddling gait	PROMOT:1000001	found in			Congenital myasthenic syndrom HPO DB associations
HP:0003325	Limb-girdle muscle weakness	PROMOT:1000001	found in			Congenital myasthenic syndrom HPO DB associations
HP:0008180	Mildly elevated creatine kinase	PROMOT:1000001	found in			Congenital myasthenic syndrom HPO DB associations
HP:0002359	Frequent falls	PROMOT:1000001	found in			Congenital myasthenic syndrom HPO DB associations
HP:0009028	Generalized weakness of limb muscles	PROMOT:1000001	found in			Congenital myasthenic syndrom HPO DB associations
HP:0003236	Elevated circulating creatine kinase concentration	PROMOT:1000001	found in			Congenital myasthenic syndrom HPO DB associations
HP:0030205	Increased jitter at single fiber EMG	PROMOT:1000001	found in			Congenital myasthenic syndrom HPO DB associations
HP:0030202	Favorable response of weakness to acetylcholine esterase inhibitors	PROMOT:1000001	found in			Congenital myasthenic syndrom HPO DB associations
HP:0002643	Neonatal respiratory distress	PROMOT:1000001	found in			Congenital myasthenic syndrom HPO DB associations
HP:0033454	Tube feeding	PROMOT:1000001	found in			Congenital myasthenic syndrom HPO DB associations
HP:0001249	Intellectual disability	PROMOT:1000001	found in			Congenital myasthenic syndrom HPO DB associations
HP:0001265	Hyporeflexia	PROMOT:1000001	found in			Congenital myasthenic syndrom HPO DB associations
HP:0003327	Axial muscle weakness	PROMOT:1000001	found in			Congenital myasthenic syndrom HPO DB associations
HP:0003307	Hyperlordosis	PROMOT:1000001	found in			Congenital myasthenic syndrom HPO DB associations
HP:0003398	Abnormal synaptic transmission at the neuromuscular junction	PROMOT:1000001	found in			Congenital myasthenic syndrom HPO DB associations
HP:0030203	Unfavorable response of muscle weakness to acetylcholine esterase inhibitors	PROMOT:1000001	found in			Congenital myasthenic syndrom HPO DB associations
HP:0005216	Impaired mastication	PROMOT:1000001	found in			Congenital myasthenic syndrom HPO DB associations
HP:0007941	Limited extraocular movements	PROMOT:1000001	found in			Congenital myasthenic syndrom HPO DB associations
HP:0030211	Slow pupillary light response	PROMOT:1000001	found in			Congenital myasthenic syndrom HPO DB associations
HP:0030237	Hand muscle weakness	PROMOT:1000001	found in			Congenital myasthenic syndrom HPO DB associations
HP:0007340	Lower limb muscle weakness	PROMOT:1000001	found in			Congenital myasthenic syndrom HPO DB associations
HP:0002540	Inability to walk	PROMOT:1000001	found in			Congenital myasthenic syndrom HPO DB associations
HP:0008997	Proximal muscle weakness in upper limbs	PROMOT:1000001	found in			Congenital myasthenic syndrom HPO DB associations
HP:0008959	Distal upper limb muscle weakness	PROMOT:1000001	found in			Congenital myasthenic syndrom HPO DB associations
HP:0009053	Distal lower limb muscle weakness	PROMOT:1000001	found in			Congenital myasthenic syndrom HPO DB associations
HP:0030192	Fatigable weakness of bulbar muscles	PROMOT:1000001	found in			Congenital myasthenic syndrom HPO DB associations
HP:0000007	Autosomal recessive inheritance	PROMOT:1000001	found in			Congenital myasthenic syndrom HPO DB associations
HP:0000006	Autosomal dominant inheritance	PROMOT:1000001	found in			Congenital myasthenic syndrom HPO DB associations
HP:0003593	Infantile onset	PROMOT:1000001	found in			Congenital myasthenic syndrom HPO DB associations
HP:0003577	Congenital onset	PROMOT:1000001	found in			Congenital myasthenic syndrom HPO DB associations
HP:0003623	Neonatal onset	PROMOT:1000001	found in			Congenital myasthenic syndrom HPO DB associations
HP:0011463	Childhood onset	PROMOT:1000001	found in			Congenital myasthenic syndrom HPO DB associations
HP:0003621	Juvenile onset	PROMOT:1000001	found in			Congenital myasthenic syndrom HPO DB associations
HP:0002828	Multiple joint contractures	PROMOT:1000001	found in			Congenital myopathy Scoping review
HP:0012768	Neonatal asphyxia	PROMOT:1000001	found in			Congenital myopathy Scoping review
HP:0002483	Bulbar signs	PROMOT:1000001	found in			Congenital myopathy Scoping review
HP:0025156	Dependency on intravenous nutrition	PROMOT:1000001	found in			Congenital myopathy Scoping review
HP:0033994	Dependency on parenteral nutrition	PROMOT:1000001	found in			Congenital myopathy Scoping review
HP:0030884	Gastrojejunal tube feeding in infancy	PROMOT:1000001	found in			Congenital myopathy Scoping review
HP:0040288	Nasogastric tube feeding	PROMOT:1000001	found in			Congenital myopathy Scoping review
HP:0031063	Impaired feeding ability	PROMOT:1000001	found in			Congenital myopathy Scoping review
HP:0033454	Tube feeding	PROMOT:1000001	found in			Congenital myopathy Scoping review
HP:0011471	Gastrostomy tube feeding in infancy	PROMOT:1000001	found in			Congenital myopathy Scoping review
HP:0011470	Nasogastric tube feeding in infancy	PROMOT:1000001	found in			Congenital myopathy Scoping review
HP:0001627	Abnormal heart morphology	PROMOT:1000001	found in			Congenital myopathy Scoping review
HP:0030872	Abnormal cardiac ventricular function	PROMOT:1000001	found in			Congenital myopathy Scoping review
HP:0001713	Abnormal cardiac ventricle morphology	PROMOT:1000001	found in			Congenital myopathy Scoping review
HP:0001638	Cardiomyopathy	PROMOT:1000001	found in			Congenital myopathy Scoping review
HP:0005216	Impaired mastication	PROMOT:1000001	found in			Congenital myopathy Scoping review
HP:0030193	Fatigable weakness of chewing muscles	PROMOT:1000001	found in			Congenital myopathy Scoping review
HP:0001374	Congenital hip dislocation	PROMOT:1000001	found in			Congenital myopathy Scoping review
HP:0001270	Motor delay	PROMOT:1000001	found in			Congenital myopathy Scoping review
HP:0031936	Delayed ability to walk	PROMOT:1000001	found in			Congenital myopathy Scoping review
HP:0002015	Dysphagia	PROMOT:1000001	found in			Congenital myopathy Scoping review
HP:0002068	Neuromuscular dysphagia	PROMOT:1000001	found in			Congenital myopathy Scoping review
HP:0200136	Oral-pharyngeal dysphagia	PROMOT:1000001	found in			Congenital myopathy Scoping review
HP:0001618	Dysphonia	PROMOT:1000001	found in			Congenital myopathy Scoping review
HP:0001609	Hoarse voice	PROMOT:1000001	found in			Congenital myopathy Scoping review
HP:0000276	Long face	PROMOT:1000001	found in			Congenital myopathy Scoping review
HP:0011968	Feeding difficulties	PROMOT:1000001	found in			Congenital myopathy Scoping review
HP:0008872	Feeding difficulties in infancy	PROMOT:1000001	found in			Congenital myopathy Scoping review
HP:0001508	Failure to thrive	PROMOT:1000001	found in			Congenital myopathy Scoping review
HP:0001531	Failure to thrive in infancy	PROMOT:1000001	found in			Congenital myopathy Scoping review
HP:0002033	Poor suck	PROMOT:1000001	found in			Congenital myopathy Scoping review
HP:0031914	Fluctuating	PROMOT:1000001	found in			Congenital myopathy Scoping review
HP:0003323	Progressive muscle weakness	PROMOT:1000001	found in			Congenital myopathy Scoping review
HP:0001288	Gait disturbance	PROMOT:1000001	found in			Congenital myopathy Scoping review
HP:0002515	Waddling gait	PROMOT:1000001	found in			Congenital myopathy Scoping review
HP:0002359	Frequent falls	PROMOT:1000001	found in			Congenital myopathy Scoping review
HP:0002540	Inability to walk	PROMOT:1000001	found in			Congenital myopathy Scoping review
HP:0009046	Difficulty running	PROMOT:1000001	found in			Congenital myopathy Scoping review
HP:0002505	Loss of ambulation	PROMOT:1000001	found in			Congenital myopathy Scoping review
HP:0003473	Fatigable weakness	PROMOT:1000001	found in			Congenital myopathy Scoping review
HP:0030196	Fatigable weakness of respiratory muscles 	PROMOT:1000001	found in			Congenital myopathy Scoping review
HP:0030198	Fatigable weakness of distal limb muscles	PROMOT:1000001	found in			Congenital myopathy Scoping review
HP:0030199	Fatigable weakness of neck muscles 	PROMOT:1000001	found in			Congenital myopathy Scoping review
HP:0030200	Fatiguable weakness of proximal limb muscles 	PROMOT:1000001	found in			Congenital myopathy Scoping review
HP:0030192	Fatigable weakness of bulbar muscles 	PROMOT:1000001	found in			Congenital myopathy Scoping review
HP:0030194	Fatigable weakness of speech muscles 	PROMOT:1000001	found in			Congenital myopathy Scoping review
HP:0030195	Fatigable weakness of swallowing muscles 	PROMOT:1000001	found in			Congenital myopathy Scoping review
HP:0030197	Fatigable weakness of skeletal muscles	PROMOT:1000001	found in			Congenital myopathy Scoping review
HP:0003391	Gowers sign	PROMOT:1000001	found in			Congenital myopathy Scoping review
HP:0000218	High palate	PROMOT:1000001	found in			Congenital myopathy Scoping review
HP:0002705	High, narrow palate	PROMOT:1000001	found in			Congenital myopathy Scoping review
HP:0003307	Hyperlordosis	PROMOT:1000001	found in			Congenital myopathy Scoping review
HP:0001252	Hypotonia	PROMOT:1000001	found in			Congenital myopathy Scoping review
HP:0001319	Neonatal hypotonia	PROMOT:1000001	found in			Congenital myopathy Scoping review
HP:0002047	Malignant hyperthermia	PROMOT:1000001	found in			Congenital myopathy Scoping review
HP:0001324	Muscle weakness	PROMOT:1000001	found in			Congenital myopathy Scoping review
HP:0000467	Neck muscle weakness	PROMOT:1000001	found in			Congenital myopathy Scoping review
HP:0030319	Weakness of facial musculature	PROMOT:1000001	found in			Congenital myopathy Scoping review
HP:0007715	Weak extraocular muscles	PROMOT:1000001	found in			Congenital myopathy Scoping review
HP:0000597	Ophthalmoparesis	PROMOT:1000001	found in			Congenital myopathy Scoping review
HP:0003327	Axial muscle weakness	PROMOT:1000001	found in			Congenital myopathy Scoping review
HP:0004878	Intercostal muscle weakness	PROMOT:1000001	found in			Congenital myopathy Scoping review
HP:0009023	Abdominal wall muscle weakness	PROMOT:1000001	found in			Congenital myopathy Scoping review
HP:0003722	Neck flexor weakness	PROMOT:1000001	found in			Congenital myopathy Scoping review
HP:0003690	Limb muscle weakness	PROMOT:1000001	found in			Congenital myopathy Scoping review
HP:0009053	Distal lower limb muscle weakness	PROMOT:1000001	found in			Congenital myopathy Scoping review
HP:0008959	Distal upper limb muscle weakness	PROMOT:1000001	found in			Congenital myopathy Scoping review
HP:0007340	Lower limb muscle weakness	PROMOT:1000001	found in			Congenital myopathy Scoping review
HP:0003484	Upper limb muscle weakness	PROMOT:1000001	found in			Congenital myopathy Scoping review
HP:0003325	Limb-girdle muscle weakness	PROMOT:1000001	found in			Congenital myopathy Scoping review
HP:0003701	Proximal muscle weakness	PROMOT:1000001	found in			Congenital myopathy Scoping review
HP:0002460	Distal muscle weakness	PROMOT:1000001	found in			Congenital myopathy Scoping review
HP:0009028	Generalized weakness of limb muscles	PROMOT:1000001	found in			Congenital myopathy Scoping review
HP:0011727	Peroneal muscle weakness	PROMOT:1000001	found in			Congenital myopathy Scoping review
HP:0030237	Hand muscle weakness	PROMOT:1000001	found in			Congenital myopathy Scoping review
HP:0009063	Progressive distal muscle weakness	PROMOT:1000001	found in			Congenital myopathy Scoping review
HP:0009073	Progressive proximal muscle weakness	PROMOT:1000001	found in			Congenital myopathy Scoping review
HP:0008963	Tibialis muscle weakness	PROMOT:1000001	found in			Congenital myopathy Scoping review
HP:0003427	Thenar muscle weakness	PROMOT:1000001	found in			Congenital myopathy Scoping review
HP:0008994	Proximal muscle weakness in lower limbs	PROMOT:1000001	found in			Congenital myopathy Scoping review
HP:0003749	Pelvic girdle muscle weakness / Hip girdle weakness	PROMOT:1000001	found in			Congenital myopathy Scoping review
HP:0003392	First dorsal interossei muscle weakness	PROMOT:1000001	found in			Congenital myopathy Scoping review
HP:0003731	Quadriceps muscle weakness	PROMOT:1000001	found in			Congenital myopathy Scoping review
HP:0003694	Late-onset proximal muscle weakness	PROMOT:1000001	found in			Congenital myopathy Scoping review
HP:0003810	Late-onset distal muscle weakness	PROMOT:1000001	found in			Congenital myopathy Scoping review
HP:0008997	Proximal muscle weakness in upper limbs	PROMOT:1000001	found in			Congenital myopathy Scoping review
HP:0003547	Shoulder girdle muscle weakness	PROMOT:1000001	found in			Congenital myopathy Scoping review
HP:0009005	Weakness of the intrinsic hand muscles	PROMOT:1000001	found in			Congenital myopathy Scoping review
HP:0033416	Hip adductor weakness	PROMOT:1000001	found in			Congenital myopathy Scoping review
HP:0012515	Hip flexor weakness	PROMOT:1000001	found in			Congenital myopathy Scoping review
HP:0009027	Foot dorsiflexor weakness	PROMOT:1000001	found in			Congenital myopathy Scoping review
HP:0031108	Triceps weakness	PROMOT:1000001	found in			Congenital myopathy Scoping review
HP:0031374	Ankle weakness	PROMOT:1000001	found in			Congenital myopathy Scoping review
HP:0031177	Finger flexor weakness	PROMOT:1000001	found in			Congenital myopathy Scoping review
HP:0009077	Weakness of long finger extensor muscles	PROMOT:1000001	found in			Congenital myopathy Scoping review
HP:0002058	Myopathic facies	PROMOT:1000001	found in			Congenital myopathy Scoping review
HP:0000602	Ophthalmoplegia	PROMOT:1000001	found in			Congenital myopathy Scoping review
HP:0000544	External ophthalmoplegia	PROMOT:1000001	found in			Congenital myopathy Scoping review
HP:0000496	Abnormality of eye movement	PROMOT:1000001	found in			Congenital myopathy Scoping review
HP:0007941	Limited extraocular movements	PROMOT:1000001	found in			Congenital myopathy Scoping review
HP:0001761	Pes cavus	PROMOT:1000001	found in			Congenital myopathy Scoping review
HP:0000768	Pectus carinatum	PROMOT:1000001	found in			Congenital myopathy Scoping review
HP:0000767	Pectus excavatum	PROMOT:1000001	found in			Congenital myopathy Scoping review
HP:0001622	Premature birth	PROMOT:1000001	found in			Congenital myopathy Scoping review
HP:0000508	Ptosis	PROMOT:1000001	found in			Congenital myopathy Scoping review
HP:0001558	Decreased fetal movement	PROMOT:1000001	found in			Congenital myopathy Scoping review
HP:0001989	Fetal akinesia sequence	PROMOT:1000001	found in			Congenital myopathy Scoping review
HP:0001284	Areflexia	PROMOT:1000001	found in			Congenital myopathy Scoping review
HP:0001265	Hyporeflexia	PROMOT:1000001	found in			Congenital myopathy Scoping review
HP:0002600	Hyporeflexia of lower limbs	PROMOT:1000001	found in			Congenital myopathy Scoping review
HP:0002522	Areflexia of lower limbs	PROMOT:1000001	found in			Congenital myopathy Scoping review
HP:0001315	Reduced tendon reflexes 	PROMOT:1000001	found in			Congenital myopathy Scoping review
HP:0031826	Abnormal reflex	PROMOT:1000001	found in			Congenital myopathy Scoping review
HP:0004347	Weakness of muscles of respiration	PROMOT:1000001	found in			Congenital myopathy Scoping review
HP:0002104	Apnea	PROMOT:1000001	found in			Congenital myopathy Scoping review
HP:0002098	Respiratory distress	PROMOT:1000001	found in			Congenital myopathy Scoping review
HP:0002878	Respiratory failure	PROMOT:1000001	found in			Congenital myopathy Scoping review
HP:0004887	Respiratory failure requiring assisted ventilation	PROMOT:1000001	found in			Congenital myopathy Scoping review
HP:0004885	Episodic respiratory distress	PROMOT:1000001	found in			Congenital myopathy Scoping review
HP:0002643	Neonatal respiratory distress	PROMOT:1000001	found in			Congenital myopathy Scoping review
HP:0004889	Intermittent episodes of respiratory insufficiency due to muscle weakness	PROMOT:1000001	found in			Congenital myopathy Scoping review
HP:0005949	Apneic episodes in infancy	PROMOT:1000001	found in			Congenital myopathy Scoping review
HP:0002093	Respiratory insufficiency	PROMOT:1000001	found in			Congenital myopathy Scoping review
HP:0002747	Respiratory insufficiency due to muscle weakness	PROMOT:1000001	found in			Congenital myopathy Scoping review
HP:0032341	Reduced forced vital capacity	PROMOT:1000001	found in			Congenital myopathy Scoping review
HP:0003306	Spinal rigidity	PROMOT:1000001	found in			Congenital myopathy Scoping review
HP:0002650	Scoliosis	PROMOT:1000001	found in			Congenital myopathy Scoping review
HP:0002751	Kyphoscoliosis	PROMOT:1000001	found in			Congenital myopathy Scoping review
HP:6000327	Thoracic cage flatness	PROMOT:1000001	found in			Congenital myopathy Scoping review
HP:0001547	Abnormal rib cage morphology 	PROMOT:1000001	found in			Congenital myopathy Scoping review
HP:0000886	Deformed rib cage 	PROMOT:1000001	found in			Congenital myopathy Scoping review
HP:0003691	Scapular winging	PROMOT:1000001	found in			Congenital myopathy Scoping review
HP:0000774	Narrow chest	PROMOT:1000001	found in			Congenital myopathy Scoping review
HP:0002808	Kyphosis	PROMOT:1000001	found in			Congenital myopathy Scoping review
HP:0000028	Cryptorchidism	PROMOT:1000001	found in			Congenital myopathy Scoping review
HP:0030000	EMG : repetitive nerve stimulation abnormality	PROMOT:1000001	found in			Congenital myopathy Scoping review
HP:0003398	Abnormal synaptic transmission at the neuromuscular junction 	PROMOT:1000001	found in			Congenital myopathy Scoping review
HP:0003458	EMG: myopathic abnormalities	PROMOT:1000001	found in			Congenital myopathy Scoping review
HP:0003445	EMG: neuropathic changes	PROMOT:1000001	found in			Congenital myopathy Scoping review
HP:0003403	EMG: decremental response of compound muscle action potential to repetitive nerve stimulation  	PROMOT:1000001	found in			Congenital myopathy Scoping review
HP:0003236	Elevated circulating creatine kinase concentration	PROMOT:1000001	found in			Congenital myopathy Scoping review
HP:0008180	Mildly elevated creatine kinase	PROMOT:1000001	found in			Congenital myopathy Scoping review
HP:0040081	Abnormal circulating creatine kinase concentration	PROMOT:1000001	found in			Congenital myopathy Scoping review
HP:0002483	Bulbar signs	PROMOT:1000001	found in			Congenital myopathy HPO KB associations
HP:0002460	Distal muscle weakness	PROMOT:1000001	found in			Congenital myopathy HPO KB associations
HP:0003749	Pelvic girdle muscle weakness	PROMOT:1000001	found in			Congenital myopathy HPO KB associations
HP:0003722	Neck flexor weakness	PROMOT:1000001	found in			Congenital myopathy HPO KB associations
HP:0003701	Proximal muscle weakness	PROMOT:1000001	found in			Congenital myopathy HPO KB associations
HP:0001270	Motor delay	PROMOT:1000001	found in			Congenital myopathy HPO KB associations
HP:0001288	Gait disturbance	PROMOT:1000001	found in			Congenital myopathy HPO KB associations
HP:0001284	Areflexia	PROMOT:1000001	found in			Congenital myopathy HPO KB associations
HP:0001252	Hypotonia	PROMOT:1000001	found in			Congenital myopathy HPO KB associations
HP:0001265	Hyporeflexia	PROMOT:1000001	found in			Congenital myopathy HPO KB associations
HP:0002515	Waddling gait	PROMOT:1000001	found in			Congenital myopathy HPO KB associations
HP:0003810	Late-onset distal muscle weakness	PROMOT:1000001	found in			Congenital myopathy HPO KB associations
HP:0001374	Congenital hip dislocation	PROMOT:1000001	found in			Congenital myopathy HPO KB associations
HP:0008872	Feeding difficulties in infancy	PROMOT:1000001	found in			Congenital myopathy HPO KB associations
HP:0002650	Scoliosis	PROMOT:1000001	found in			Congenital myopathy HPO KB associations
HP:0001319	Neonatal hypotonia	PROMOT:1000001	found in			Congenital myopathy HPO KB associations
HP:0001315	Reduced tendon reflexes	PROMOT:1000001	found in			Congenital myopathy HPO KB associations
HP:0002705	High, narrow palate	PROMOT:1000001	found in			Congenital myopathy HPO KB associations
HP:0002751	Kyphoscoliosis	PROMOT:1000001	found in			Congenital myopathy HPO KB associations
HP:0002747	Respiratory insufficiency due to muscle weakness	PROMOT:1000001	found in			Congenital myopathy HPO KB associations
HP:0003327	Axial muscle weakness	PROMOT:1000001	found in			Congenital myopathy HPO KB associations
HP:0003325	Limb-girdle muscle weakness	PROMOT:1000001	found in			Congenital myopathy HPO KB associations
HP:0002015	Dysphagia	PROMOT:1000001	found in			Congenital myopathy HPO KB associations
HP:0003307	Hyperlordosis	PROMOT:1000001	found in			Congenital myopathy HPO KB associations
HP:0003306	Spinal rigidity	PROMOT:1000001	found in			Congenital myopathy HPO KB associations
HP:0003323	Progressive muscle weakness	PROMOT:1000001	found in			Congenital myopathy HPO KB associations
HP:0002098	Respiratory distress	PROMOT:1000001	found in			Congenital myopathy HPO KB associations
HP:0002093	Respiratory insufficiency	PROMOT:1000001	found in			Congenital myopathy HPO KB associations
HP:0002068	Neuromuscular dysphagia	PROMOT:1000001	found in			Congenital myopathy HPO KB associations
HP:0003391	Gowers sign	PROMOT:1000001	found in			Congenital myopathy HPO KB associations
HP:0002058	Myopathic facies	PROMOT:1000001	found in			Congenital myopathy HPO KB associations
HP:0008180	Mildly elevated creatine kinase	PROMOT:1000001	found in			Congenital myopathy HPO KB associations
HP:0040288	Nasogastric tube feeding	PROMOT:1000001	found in			Congenital myopathy HPO KB associations
HP:0003458	EMG: myopathic abnormalities	PROMOT:1000001	found in			Congenital myopathy HPO KB associations
HP:0003445	EMG: neuropathic changes	PROMOT:1000001	found in			Congenital myopathy HPO KB associations
HP:0003552	Muscle stiffness	PROMOT:1000001	found in			Congenital myopathy HPO KB associations
HP:0003547	Shoulder girdle muscle weakness	PROMOT:1000001	found in			Congenital myopathy HPO KB associations
HP:0004878	Intercostal muscle weakness	PROMOT:1000001	found in			Congenital myopathy HPO KB associations
HP:0004887	Respiratory failure requiring assisted ventilation	PROMOT:1000001	found in			Congenital myopathy HPO KB associations
HP:0011968	Feeding difficulties	PROMOT:1000001	found in			Congenital myopathy HPO KB associations
HP:0003691	Scapular winging	PROMOT:1000001	found in			Congenital myopathy HPO KB associations
HP:0003690	Limb muscle weakness	PROMOT:1000001	found in			Congenital myopathy HPO KB associations
HP:0002359	Frequent falls	PROMOT:1000001	found in			Congenital myopathy HPO KB associations
HP:0033454	Tube feeding	PROMOT:1000001	found in			Congenital myopathy HPO KB associations
HP:0000602	Ophthalmoplegia	PROMOT:1000001	found in			Congenital myopathy HPO KB associations
HP:0009027	Foot dorsiflexor weakness	PROMOT:1000001	found in			Congenital myopathy HPO KB associations
HP:0001989	Fetal akinesia sequence	PROMOT:1000001	found in			Congenital myopathy HPO KB associations
HP:0004347	Weakness of muscles of respiration	PROMOT:1000001	found in			Congenital myopathy HPO KB associations
HP:0000767	Pectus excavatum	PROMOT:1000001	found in			Congenital myopathy HPO KB associations
HP:0011471	Gastrostomy tube feeding in infancy	PROMOT:1000001	found in			Congenital myopathy HPO KB associations
HP:0011470	Nasogastric tube feeding in infancy	PROMOT:1000001	found in			Congenital myopathy HPO KB associations
HP:0000774	Narrow chest	PROMOT:1000001	found in			Congenital myopathy HPO KB associations
HP:0003236	Elevated circulating creatine kinase concentration	PROMOT:1000001	found in			Congenital myopathy HPO KB associations
HP:0000276	Long face	PROMOT:1000001	found in			Congenital myopathy HPO KB associations
HP:0002808	Kyphosis	PROMOT:1000001	found in			Congenital myopathy HPO KB associations
HP:0002804	Arthrogryposis multiplex congenita	PROMOT:1000001	found in			Congenital myopathy HPO KB associations
HP:0002878	Respiratory failure	PROMOT:1000001	found in			Congenital myopathy HPO KB associations
HP:0000218	High palate	PROMOT:1000001	found in			Congenital myopathy HPO KB associations
HP:0001558	Decreased fetal movement	PROMOT:1000001	found in			Congenital myopathy HPO KB associations
HP:0001508	Failure to thrive	PROMOT:1000001	found in			Congenital myopathy HPO KB associations
HP:0030200	Fatiguable weakness of proximal limb muscles	PROMOT:1000001	found in			Congenital myopathy HPO KB associations
HP:0005216	Impaired mastication	PROMOT:1000001	found in			Congenital myopathy HPO KB associations
HP:0001609	Hoarse voice	PROMOT:1000001	found in			Congenital myopathy HPO KB associations
HP:0030196	Fatigable weakness of respiratory muscles	PROMOT:1000001	found in			Congenital myopathy HPO KB associations
HP:0030192	Fatigable weakness of bulbar muscles	PROMOT:1000001	found in			Congenital myopathy HPO KB associations
HP:0030198	Fatigable weakness of distal limb muscles	PROMOT:1000001	found in			Congenital myopathy HPO KB associations
HP:0001627	Abnormal heart morphology	PROMOT:1000001	found in			Congenital myopathy HPO KB associations
HP:0001622	Premature birth	PROMOT:1000001	found in			Congenital myopathy HPO KB associations
HP:0001638	Cardiomyopathy	PROMOT:1000001	found in			Congenital myopathy HPO KB associations
HP:0030319	Weakness of facial musculature	PROMOT:1000001	found in			Congenital myopathy HPO KB associations
HP:0000467	Neck muscle weakness	PROMOT:1000001	found in			Congenital myopathy HPO KB associations
HP:0001761	Pes cavus	PROMOT:1000001	found in			Congenital myopathy HPO KB associations
HP:0000508	Ptosis	PROMOT:1000001	found in			Congenital myopathy HPO KB associations
HP:0002540	Inability to walk	PROMOT:1000001	found in			Congenital myopathy HPO KB associations
HP:0000028	Cryptorchidism	PROMOT:1000001	found in			Congenital myopathy HPO KB associations
HP:0002643	Neonatal respiratory distress	PROMOT:1000001	found in			Congenital myopathy HPO KB associations
HP:0030195	Fatigable weakness of swallowing muscles	PROMOT:1000001	found in			Congenital myopathy HPO KB associations
HP:0000544	External ophthalmoplegia	PROMOT:1000001	found in			Congenital myopathy HPO KB associations
HP:0002104	Apnea	PROMOT:1000001	found in			Congenital myopathy HPO KB associations
HP:0009073	Progressive proximal muscle weakness	PROMOT:1000001	found in			Congenital myopathy HPO KB associations
HP:0009077	Weakness of long finger extensor muscles	PROMOT:1000001	found in			Congenital myopathy HPO KB associations
HP:0009063	Progressive distal muscle weakness	PROMOT:1000001	found in			Congenital myopathy HPO KB associations
HP:0009005	Weakness of the intrinsic hand muscles	PROMOT:1000001	found in			Congenital myopathy HPO KB associations
HP:0001547	Abnormal rib cage morphology	PROMOT:1000001	found in			Congenital myopathy HPO KB associations
HP:0001324	Muscle weakness	PROMOT:1000001	found in			Congenital myopathy HPO KB associations
HP:0008959	Distal upper limb muscle weakness	PROMOT:1000001	found in			Congenital myopathy HPO KB associations
HP:0002047	Malignant hyperthermia	PROMOT:1000001	found in			Congenital myopathy HPO KB associations
HP:0003473	Fatigable weakness	PROMOT:1000001	found in			Congenital myopathy HPO KB associations
HP:0009046	Difficulty running	PROMOT:1000001	found in			Congenital myopathy HPO KB associations
HP:0031936	Delayed ability to walk	PROMOT:1000001	found in			Congenital myopathy HPO KB associations
HP:0040081	Abnormal circulating creatine kinase concentration	PROMOT:1000001	found in			Congenital myopathy HPO KB associations
HP:0002828	Multiple joint contractures	PROMOT:1000001	found in			Congenital myopathy HPO KB associations
HP:0004889	Intermittent episodes of respiratory insufficiency due to muscle weakness	PROMOT:1000001	found in			Congenital myopathy HPO KB associations
HP:0004322	Short stature	PROMOT:1000001	found in			Congenital myopathy HPO KB associations
HP:0001249	Intellectual disability	PROMOT:1000001	found in			Congenital myopathy HPO KB associations
HP:0002505	Loss of ambulation	PROMOT:1000001	found in			Congenital myopathy HPO KB associations
HP:0004325	Decreased body weight	PROMOT:1000001	found in			Congenital myopathy HPO KB associations
HP:0003457	EMG abnormality	PROMOT:1000001	found in			Congenital myopathy HPO KB associations
HP:0001387	Joint stiffness	PROMOT:1000001	found in			Congenital myopathy HPO KB associations
HP:0000486	Strabismus	PROMOT:1000001	found in			Congenital myopathy HPO KB associations
HP:0003819	Death in childhood	PROMOT:1000001	found in			Congenital myopathy HPO KB associations
HP:0003811	Neonatal death	PROMOT:1000001	found in			Congenital myopathy HPO KB associations
HP:0000007	Autosomal recessive inheritance	PROMOT:1000001	found in			Congenital myopathy HPO KB associations
HP:0000006	Autosomal dominant inheritance	PROMOT:1000001	found in			Congenital myopathy HPO KB associations
HP:0003593	Infantile onset	PROMOT:1000001	found in			Congenital myopathy HPO KB associations
HP:0003577	Congenital onset	PROMOT:1000001	found in			Congenital myopathy HPO KB associations
HP:0003623	Neonatal onset	PROMOT:1000001	found in			Congenital myopathy HPO KB associations
HP:0011462	Young adult onset	PROMOT:1000001	found in			Congenital myopathy HPO KB associations
HP:0011463	Childhood onset	PROMOT:1000001	found in			Congenital myopathy HPO KB associations
HP:0001249	Intellectual disability	PROMOT:2000005	affects	some	ICF:1525383756	Intellectual functions
HP:0012378	Fatigue	PROMOT:2000005	affects	some	ICF:1864074583	Energy level
HP:0000651	Diplopia	PROMOT:2000005	affects	some	ICF:2022689055	Visual acuity functions
HP:0000508	Ptosis	PROMOT:2000005	affects	some	ICF:2021370201	Functions of the eyelid
HP:0007838	Progressive ptosis	PROMOT:2000005	affects	some	ICF:2021370201	Functions of the eyelid
HP:0000597	Ophthalmoparesis	PROMOT:2000005	affects	some	ICF:1090716697	Functions of external muscles of the eye
HP:0000602	Ophthalmoplegia	PROMOT:2000005	affects	some	ICF:1090716697	Functions of external muscles of the eye
HP:0000544	External ophthalmoplegia	PROMOT:2000005	affects	some	ICF:1090716697	Functions of external muscles of the eye
HP:0007941	Limited extraocular movements	PROMOT:2000005	affects	some	ICF:1090716697	Functions of external muscles of the eye
HP:0002141	Gait imbalance	PROMOT:2000005	affects	some	ICF:1831985718	Vestibular function of balance
HP:0012531	Pain	PROMOT:2000005	affects	Min 0	ICF:893697482	Generalized pain
HP:0003326	Myalgia	PROMOT:2000005	affects	Min 0	ICF:893697482	Generalized pain
HP:0032043	Odynophagia	PROMOT:2000005	affects	some	ICF:299098423	Pain in head and neck
HP:0012531	Pain	PROMOT:2000005	affects	Min 0	ICF:299098423	Pain in head and neck
HP:0003326	Myalgia	PROMOT:2000005	affects	Min 0	ICF:299098423	Pain in head and neck
HP:0012531	Pain	PROMOT:2000005	affects	Min 0	ICF:117147127	Pain in chest
HP:0003326	Myalgia	PROMOT:2000005	affects	Min 0	ICF:117147127	Pain in chest
HP:0012531	Pain	PROMOT:2000005	affects	Min 0	ICF:1065560247	Pain in stomach or abdomen
HP:0003326	Myalgia	PROMOT:2000005	affects	Min 0	ICF:1065560247	Pain in stomach or abdomen
HP:0012531	Pain	PROMOT:2000005	affects	Min 0	ICF:682314871	Pain in back
HP:0003326	Myalgia	PROMOT:2000005	affects	Min 0	ICF:682314871	Pain in back
HP:0012531	Pain	PROMOT:2000005	affects	Min 0	ICF:1299345975	Pain in upper limb
HP:0003326	Myalgia	PROMOT:2000005	affects	Min 0	ICF:1299345975	Pain in upper limb
HP:0012531	Pain	PROMOT:2000005	affects	Min 0	ICF:1515853559	Pain in lower limb
HP:0003326	Myalgia	PROMOT:2000005	affects	Min 0	ICF:1515853559	Pain in lower limb
HP:0012531	Pain	PROMOT:2000005	affects	Min 0	ICF:454325322	Pain in multiple body parts
HP:0001618	Dysphonia	PROMOT:2000005	affects	some	ICF:712570723	Voice functions
HP:0001609	Hoarse voice	PROMOT:2000005	affects	some	ICF:712570723	Voice functions
HP:6001011	Wet voice	PROMOT:2000005	affects	some	ICF:1846694084	Quality of voice
HP:0001611	Hypernasal speech	PROMOT:2000005	affects	some	ICF:1846694084	Quality of voice
HP:0001260	Dysarthria	PROMOT:2000005	affects	some	ICF:1919311435	Articulation functions
HP:0001618	Dysphonia	PROMOT:2000005	affects	some	ICF:2069371821	Rhythm of speech
HP:0001618	Dysphonia	PROMOT:2000005	affects	some	ICF:1109440237	Speed of speech
HP:0001618	Dysphonia	PROMOT:2000005	affects	some	ICF:1426641453	Melody of speech
HP:0001618	Dysphonia	PROMOT:2000005	affects	some	ICF:1034220517	Alternative vocalization functions
HP:0001612	Weak cry	PROMOT:2000005	affects	some	ICF:1034220517	Alternative vocalization functions
HP:0002098	Respiratory distress	PROMOT:2000005	affects	some	ICF:446199613	Respiration functions
HP:0002094	Dyspnea	PROMOT:2000005	affects	some	ICF:446199613	Respiration functions
HP:0002747	Respiratory insufficiency due to muscle weakness	PROMOT:2000005	affects	some	ICF:446199613	Respiration functions
HP:0002093	Respiratory insufficiency	PROMOT:2000005	affects	some	ICF:446199613	Respiration functions
HP:0004347	Weakness of muscles of respiration	PROMOT:2000005	affects	some	ICF:446199613	Respiration functions
HP:0032341	Reduced forced vital capacity	PROMOT:2000005	affects	some	ICF:446199613	Respiration functions
HP:0002098	Respiratory distress	PROMOT:2000005	affects	some	ICF:1360101629	Respiratory muscle functions
HP:0002094	Dyspnea	PROMOT:2000005	affects	some	ICF:1360101629	Respiratory muscle functions
HP:0002747	Respiratory insufficiency due to muscle weakness	PROMOT:2000005	affects	some	ICF:1360101629	Respiratory muscle functions
HP:0002093	Respiratory insufficiency	PROMOT:2000005	affects	some	ICF:1360101629	Respiratory muscle functions
HP:0004347	Weakness of muscles of respiration	PROMOT:2000005	affects	some	ICF:1360101629	Respiratory muscle functions
HP:0032341	Reduced forced vital capacity	PROMOT:2000005	affects	some	ICF:1360101629	Respiratory muscle functions
HP:0002104	Apnea	PROMOT:2000005	affects	some	ICF:1470583183	Functions of breathing through the mouth
HP:0002878	Respiratory failure	PROMOT:2000005	affects	some	ICF:1470583183	Functions of breathing through the mouth
HP:0004887	Respiratory failure requiring assisted ventilation	PROMOT:2000005	affects	some	ICF:1470583183	Functions of breathing through the mouth
HP:0002643	Neonatal respiratory distress	PROMOT:2000005	affects	some	ICF:1470583183	Functions of breathing through the mouth
HP:0005949	Apneic episodes in infancy	PROMOT:2000005	affects	some	ICF:1470583183	Functions of breathing through the mouth
HP:0004889	Intermittent episodes of respiratory insufficiency due to muscle weakness	PROMOT:2000005	affects	some	ICF:1470583183	Functions of breathing through the mouth
HP:0004347	Weakness of muscles of respiration	PROMOT:2000005	affects	some	ICF:1470583183	Functions of breathing through the mouth
HP:0004885	Episodic respiratory distress	PROMOT:2000005	affects	some	ICF:1470583183	Functions of breathing through the mouth
HP:0012735	Cough 	PROMOT:2000005	affects	some	ICF:1083127119	Functions of coughing
HP:0011968	Feeding difficulties	PROMOT:2000005	affects	some	ICF:2089171534	Sucking
HP:0008872	Feeding difficulties in infancy	PROMOT:2000005	affects	some	ICF:2089171534	Sucking
HP:0002033	Poor suck	PROMOT:2000005	affects	some	ICF:2089171534	Sucking
HP:0011968	Feeding difficulties	PROMOT:2000005	affects	some	ICF:1806589582	Biting
HP:0008872	Feeding difficulties in infancy	PROMOT:2000005	affects	some	ICF:1806589582	Biting
HP:0005216	Impaired mastication	PROMOT:2000005	affects	some	ICF:1389818830	Chewing
HP:0030193	Fatigable weakness of chewing muscles	PROMOT:2000005	affects	some	ICF:1389818830	Chewing
HP:0011968	Feeding difficulties	PROMOT:2000005	affects	some	ICF:1389818830	Chewing
HP:0008872	Feeding difficulties in infancy	PROMOT:2000005	affects	some	ICF:1389818830	Chewing
HP:0031146	Impaired oral bolus formation	PROMOT:2000005	affects	some	ICF:1174312718	Manipulation of food in the mouth
HP:0011968	Feeding difficulties	PROMOT:2000005	affects	some	ICF:1174312718	Manipulation of food in the mouth
HP:0008872	Feeding difficulties in infancy	PROMOT:2000005	affects	some	ICF:1174312718	Manipulation of food in the mouth
HP:0011968	Feeding difficulties	PROMOT:2000005	affects	some	ICF:539470158	Salivation
HP:0008872	Feeding difficulties in infancy	PROMOT:2000005	affects	some	ICF:539470158	Salivation
HP:0002015	Dysphagia	PROMOT:2000005	affects	some	ICF:923782542	Swallowing
HP:0002068	Neuromuscular dysphagia	PROMOT:2000005	affects	some	ICF:923782542	Swallowing
HP:0200136	Oral-pharyngeal dysphagia	PROMOT:2000005	affects	some	ICF:923782542	Swallowing
HP:0011968	Feeding difficulties	PROMOT:2000005	affects	some	ICF:923782542	Swallowing
HP:0008872	Feeding difficulties in infancy	PROMOT:2000005	affects	some	ICF:923782542	Swallowing
HP:0031162	Impaired oropharyngeal swallow response	PROMOT:2000005	affects	some	ICF:1041382491	Oral swallowing
HP:0031162	Impaired oropharyngeal swallow response	PROMOT:2000005	affects	some	ICF:691689627	Pharyngeal swallowing
HP:0004325	Decreased body weight	PROMOT:2000005	affects	some	ICF:862066979	Weight maintenance functions
HP:0002047	Malignant hyperthermia	PROMOT:2000005	affects	some	ICF:2090906765	Thermoregulatory functions
HP:0000028	Cryptorchidism	PROMOT:2000005	affects	some	ICF:859818654	Penis, testes and scrotum development
HP:0003306	Spinal rigidity	PROMOT:2000005	affects	some	ICF:248265067	Mobility of joint functions
HP:0002828	Multiple joint contractures	PROMOT:2000005	affects	some	ICF:1757783224	Mobility of several joints
HP:0002804	Arthrogryposis multiplex congenita	PROMOT:2000005	affects	some	ICF:1757783224	Mobility of several joints
HP:0001387	Joint stiffness	PROMOT:2000005	affects	some	ICF:1757783224	Mobility of several joints
HP:0000467	Neck muscle weakness	PROMOT:2000005	affects	some	ICF:1789365017	Power of isolated muscles and muscle groups
HP:0030319	Weakness of facial musculature	PROMOT:2000005	affects	some	ICF:1789365017	Power of isolated muscles and muscle groups
HP:0007715	Weak extraocular muscles	PROMOT:2000005	affects	some	ICF:1789365017	Power of isolated muscles and muscle groups
HP:0000597	Ophthalmoparesis	PROMOT:2000005	affects	some	ICF:1789365017	Power of isolated muscles and muscle groups
HP:0009023	Abdominal wall muscle weakness	PROMOT:2000005	affects	some	ICF:1789365017	Power of isolated muscles and muscle groups
HP:0003327	Axial muscle weakness	PROMOT:2000005	affects	some	ICF:1789365017	Power of isolated muscles and muscle groups
HP:0003722	Neck flexor weakness	PROMOT:2000005	affects	some	ICF:1789365017	Power of isolated muscles and muscle groups
HP:0008994	Proximal muscle weakness in lower limbs	PROMOT:2000005	affects	some	ICF:1789365017	Power of isolated muscles and muscle groups
HP:0003749	Pelvic girdle muscle weakness / Hip girdle weakness	PROMOT:2000005	affects	some	ICF:1789365017	Power of isolated muscles and muscle groups
HP:0003731	Quadriceps muscle weakness	PROMOT:2000005	affects	some	ICF:1789365017	Power of isolated muscles and muscle groups
HP:0033416	Hip adductor weakness	PROMOT:2000005	affects	some	ICF:1789365017	Power of isolated muscles and muscle groups
HP:0012515	Hip flexor weakness	PROMOT:2000005	affects	some	ICF:1789365017	Power of isolated muscles and muscle groups
HP:0008997	Proximal muscle weakness in upper limbs	PROMOT:2000005	affects	some	ICF:1789365017	Power of isolated muscles and muscle groups
HP:0003547	Shoulder girdle muscle weakness	PROMOT:2000005	affects	some	ICF:1789365017	Power of isolated muscles and muscle groups
HP:0031108	Triceps weakness	PROMOT:2000005	affects	some	ICF:1789365017	Power of isolated muscles and muscle groups
HP:0009053	Distal lower limb muscle weakness	PROMOT:2000005	affects	some	ICF:1789365017	Power of isolated muscles and muscle groups
HP:0009027	Foot dorsiflexor weakness	PROMOT:2000005	affects	some	ICF:1789365017	Power of isolated muscles and muscle groups
HP:0011727	Peroneal muscle weakness	PROMOT:2000005	affects	some	ICF:1789365017	Power of isolated muscles and muscle groups
HP:0008963	Tibialis muscle weakness	PROMOT:2000005	affects	some	ICF:1789365017	Power of isolated muscles and muscle groups
HP:0031374	Ankle weakness	PROMOT:2000005	affects	some	ICF:1789365017	Power of isolated muscles and muscle groups
HP:0008959	Distal upper limb muscle weakness	PROMOT:2000005	affects	some	ICF:1789365017	Power of isolated muscles and muscle groups
HP:0030237	Hand muscle weakness	PROMOT:2000005	affects	some	ICF:1789365017	Power of isolated muscles and muscle groups
HP:0009077	Weakness of long finger extensor muscles	PROMOT:2000005	affects	some	ICF:1789365017	Power of isolated muscles and muscle groups
HP:0009005	Weakness of the intrinsic hand muscles	PROMOT:2000005	affects	some	ICF:1789365017	Power of isolated muscles and muscle groups
HP:0031177	Finger flexor weakness	PROMOT:2000005	affects	some	ICF:1789365017	Power of isolated muscles and muscle groups
HP:0003392	First dorsal interossei muscle weakness	PROMOT:2000005	affects	some	ICF:1789365017	Power of isolated muscles and muscle groups
HP:0003427	Thenar muscle weakness	PROMOT:2000005	affects	some	ICF:1789365017	Power of isolated muscles and muscle groups
HP:0003701	Proximal muscle weakness	PROMOT:2000005	affects	some	ICF:1789365017	Power of isolated muscles and muscle groups
HP:0002460	Distal muscle weakness	PROMOT:2000005	affects	some	ICF:1789365017	Power of isolated muscles and muscle groups
HP:0007340	Lower limb muscle weakness	PROMOT:2000005	affects	some	ICF:1789365017	Power of isolated muscles and muscle groups
HP:0003484	Upper limb muscle weakness	PROMOT:2000005	affects	some	ICF:1789365017	Power of isolated muscles and muscle groups
HP:0003325	Limb-girdle muscle weakness	PROMOT:2000005	affects	some	ICF:1789365017	Power of isolated muscles and muscle groups
HP:0003690	Limb muscle weakness	PROMOT:2000005	affects	some	ICF:1789365017	Power of isolated muscles and muscle groups
HP:0009063	Progressive distal muscle weakness	PROMOT:2000005	affects	some	ICF:1789365017	Power of isolated muscles and muscle groups
HP:0009073	Progressive proximal muscle weakness	PROMOT:2000005	affects	some	ICF:1789365017	Power of isolated muscles and muscle groups
HP:0005216	Impaired mastication	PROMOT:2000005	affects	some	ICF:1789365017	Power of isolated muscles and muscle groups
HP:0031146	Impaired oral bolus formation	PROMOT:2000005	affects	some	ICF:1789365017	Power of isolated muscles and muscle groups
HP:0004347	Weakness of muscles of respiration	PROMOT:2000005	affects	some	ICF:1789365017	Power of isolated muscles and muscle groups
HP:0000602	Ophthalmoplegia	PROMOT:2000005	affects	some	ICF:1789365017	Power of isolated muscles and muscle groups
HP:0000544	External ophthalmoplegia	PROMOT:2000005	affects	some	ICF:1789365017	Power of isolated muscles and muscle groups
HP:0000508	Ptosis	PROMOT:2000005	affects	some	ICF:1789365017	Power of isolated muscles and muscle groups
HP:0000183	Tongue muscle weakness	PROMOT:2000005	affects	some	ICF:1789365017	Power of isolated muscles and muscle groups
HP:0007838	Progressive ptosis	PROMOT:2000005	affects	some	ICF:1789365017	Power of isolated muscles and muscle groups
HP:0012473	Tongue atrophy	PROMOT:2000005	affects	some	ICF:1789365017	Power of isolated muscles and muscle groups
HP:0008988	Pelvic girdle muscle atrophy	PROMOT:2000005	affects	some	ICF:1789365017	Power of isolated muscles and muscle groups
HP:0033466	Weak grip	PROMOT:2000005	affects	some	ICF:1789365017	Power of isolated muscles and muscle groups
HP:0012497	Reduced maximal expiratory pressure	PROMOT:2000005	affects	some	ICF:1789365017	Power of isolated muscles and muscle groups
HP:0030193	Fatigable weakness of chewing muscles	PROMOT:2000005	affects	some	ICF:1789365017	Power of isolated muscles and muscle groups
HP:0030000	EMG: repetitive nerve stimulation abnormality	PROMOT:2000005	affects	some	ICF:1789365017	Power of isolated muscles and muscle groups
HP:0003398	Abnormal synaptic transmission at the neuromuscular junction 	PROMOT:2000005	affects	some	ICF:1789365017	Power of isolated muscles and muscle groups
HP:0003458	EMG: myopathic abnormalities	PROMOT:2000005	affects	some	ICF:1789365017	Power of isolated muscles and muscle groups
HP:0003445	EMG: neuropathic changes	PROMOT:2000005	affects	some	ICF:1789365017	Power of isolated muscles and muscle groups
HP:0003403	EMG: decremental response of compound muscle action potential to repetitive nerve stimulation  	PROMOT:2000005	affects	some	ICF:1789365017	Power of isolated muscles and muscle groups
HP:0003473	Fatigable weakness	PROMOT:2000005	affects	some	ICF:1789365017	Power of isolated muscles and muscle groups
HP:0009028	Generalized weakness of limb muscles	PROMOT:2000005	affects	some	ICF:1789365017	Power of isolated muscles and muscle groups
HP:0003694	Late-onset proximal muscle weakness	PROMOT:2000005	affects	some	ICF:1789365017	Power of isolated muscles and muscle groups
HP:0003810	Late-onset distal muscle weakness	PROMOT:2000005	affects	some	ICF:1789365017	Power of isolated muscles and muscle groups
HP:0000496	Abnormality of eye movement	PROMOT:2000005	affects	some	ICF:1789365017	Power of isolated muscles and muscle groups
HP:0007941	Limited extraocular movements	PROMOT:2000005	affects	some	ICF:1789365017	Power of isolated muscles and muscle groups
HP:0030006	Single fiber EMG abnormality	PROMOT:2000005	affects	some	ICF:1789365017	Power of isolated muscles and muscle groups
HP:0030205	Increased jitter at single fiber EMG	PROMOT:2000005	affects	some	ICF:1789365017	Power of isolated muscles and muscle groups
HP:0002058	Myopathic facies	PROMOT:2000005	affects	some	ICF:1789365017	Power of isolated muscles and muscle groups
HP:0001761	Pes cavus	PROMOT:2000005	affects	some	ICF:1789365017	Power of isolated muscles and muscle groups
HP:0003457	EMG abnormality	PROMOT:2000005	affects	some	ICF:1789365017	Power of isolated muscles and muscle groups
HP:0000486	Strabismus	PROMOT:2000005	affects	some	ICF:1789365017	Power of isolated muscles and muscle groups
HP:0004878	Intercostal muscle weakness	PROMOT:2000005	affects	some	ICF:556694745	Power of muscles of the trunk
HP:0001252	Hypotonia	PROMOT:2000005	affects	some	ICF:260756767	Tone of all muscles of the body
HP:0001319	Neonatal hypotonia	PROMOT:2000005	affects	some	ICF:260756767	Tone of all muscles of the body
HP:0003473	Fatigable weakness	PROMOT:2000005	affects	some	ICF:1521707777	b7401 Endurance of muscle groups 
HP:0003473	Fatigable weakness	PROMOT:2000005	affects	some	ICF:1674298945	Endurance of all muscles of the body
HP:0001315	Reduced tendon reflexes 	PROMOT:2000005	affects	some	ICF:1434015402	Stretch motor reflex
HP:0031826	Abnormal reflex	PROMOT:2000005	affects	some	ICF:1434015402	Stretch motor reflex
HP:0001284	Areflexia	PROMOT:2000005	affects	some	ICF:1434015402	Stretch motor reflex
HP:0001265	Hyporeflexia	PROMOT:2000005	affects	some	ICF:1434015402	Stretch motor reflex
HP:0002600	Hyporeflexia of lower limbs	PROMOT:2000005	affects	some	ICF:1434015402	Stretch motor reflex
HP:0002522	Areflexia of lower limbs	PROMOT:2000005	affects	some	ICF:1434015402	Stretch motor reflex
HP:0002141	Gait imbalance	PROMOT:2000005	affects	some	ICF:576915490	Involuntary movement reaction functions
HP:0001288	Gait disturbance	PROMOT:2000005	affects	some	ICF:1328466963	Gait pattern functions
HP:0002515	Waddling gait	PROMOT:2000005	affects	some	ICF:1328466963	Gait pattern functions
HP:0002540	Inability to walk	PROMOT:2000005	affects	some	ICF:1328466963	Gait pattern functions
HP:0009046	Difficulty running	PROMOT:2000005	affects	some	ICF:1328466963	Gait pattern functions
HP:0002505	Loss of ambulation	PROMOT:2000005	affects	some	ICF:1328466963	Gait pattern functions
HP:0003394	Muscle spasm	PROMOT:2000005	affects	some	ICF:1405368356	Sensations related to muscles and movement functions
HP:0003306	Spinal rigidity	PROMOT:2000005	affects	some	ICF:841397411	Sensation of muscle stiffness
HP:0003552	Muscle stiffness	PROMOT:2000005	affects	some	ICF:841397411	Sensation of muscle stiffness 
HP:0003394	Muscle spasm	PROMOT:2000005	affects	some	ICF:621727843	Sensation of muscle spasm 
HP:0002104	Apnea	PROMOT:2000005	affects	some	ICF:744367503	Functions of the respiratory system
HP:0002878	Respiratory failure	PROMOT:2000005	affects	some	ICF:744367503	Functions of the respiratory system
HP:0004887	Respiratory failure requiring assisted ventilation	PROMOT:2000005	affects	some	ICF:744367503	Functions of the respiratory system
HP:0002643	Neonatal respiratory distress	PROMOT:2000005	affects	some	ICF:744367503	Functions of the respiratory system
HP:0005949	Apneic episodes in infancy	PROMOT:2000005	affects	some	ICF:744367503	Functions of the respiratory system
HP:0004889	Intermittent episodes of respiratory insufficiency due to muscle weakness	PROMOT:2000005	affects	some	ICF:744367503	Functions of the respiratory system
HP:0004347	Weakness of muscles of respiration	PROMOT:2000005	affects	some	ICF:744367503	Functions of the respiratory system
HP:0004885	Episodic respiratory distress	PROMOT:2000005	affects	some	ICF:744367503	Functions of the respiratory system
HP:0001249	Intellectual disability	PROMOT:2000005	affects	some	ICF:1363559646	Mental functions
HP:0032043	Odynophagia	PROMOT:2000005	affects	some	ICF:923782542	Swallowing
HP:0001618	Dysphonia	PROMOT:2000005	affects	some	ICF:151046878	Speaking
HP:0000183	Tongue muscle weakness	PROMOT:2000005	affects	some	ICF:151046878	Speaking
HP:6001011	Wet voice	PROMOT:2000005	affects	some	ICF:151046878	Speaking
HP:0012473	Tongue atrophy	PROMOT:2000005	affects	some	ICF:151046878	Speaking
HP:0001611	Hypernasal speech	PROMOT:2000005	affects	some	ICF:151046878	Speaking
HP:0001260	Dysarthria	PROMOT:2000005	affects	some	ICF:151046878	Speaking
HP:0001270	Motor delay	PROMOT:2000005	affects	some	ICF:855039967	Sitting
HP:0001270	Motor delay	PROMOT:2000005	affects	some	ICF:1462755743	Standing
HP:0001270	Motor delay	PROMOT:2000005	affects	some	ICF:1851215071	Rolling over
HP:0001270	Motor delay	PROMOT:2000005	affects	some	ICF:623565657	Maintaining a sitting position
HP:0001270	Motor delay	PROMOT:2000005	affects	some	ICF:485719194	Maintaining a standing position
HP:0001270	Motor delay	PROMOT:2000005	affects	some	ICF:1474003417	Maintaining head position
HP:0001270	Motor delay	PROMOT:2000005	affects	some	ICF:1550548595	Walking
HP:0031936	Delayed ability to walk 	PROMOT:2000005	affects	some	ICF:1550548595	Walking
HP:0002515	Waddling gait	PROMOT:2000005	affects	some	ICF:1550548595	Walking
HP:0002359	Frequent falls	PROMOT:2000005	affects	some	ICF:1550548595	Walking
HP:0002540	Inability to walk	PROMOT:2000005	affects	some	ICF:1550548595	Walking
HP:0002505	Loss of ambulation	PROMOT:2000005	affects	some	ICF:1550548595	Walking
HP:0001288	Gait disturbance	PROMOT:2000005	affects	some	ICF:1550548595	Walking
HP:0002141	Gait imbalance	PROMOT:2000005	affects	some	ICF:1550548595	Walking on different surfaces
HP:0002141	Gait imbalance	PROMOT:2000005	affects	some	ICF:409094401	Walking around obstacles
HP:0003551	Difficulty climbing stairs	PROMOT:2000005	affects	some	ICF:1993770860	Going up and down stairs
HP:0033235	Difficulty descending stairs	PROMOT:2000005	affects	some	ICF:1993770860	Going up and down stairs
HP:0001270	Motor delay	PROMOT:2000005	affects	some	ICF:919003335	Crawling
HP:0009046	Difficulty running	PROMOT:2000005	affects	some	ICF:412494151	Running 
HP:0030319	Weakness of facial musculature	PROMOT:2000005	affects	some	ICF:1328675264	Eating
HP:0005216	Impaired mastication	PROMOT:2000005	affects	some	ICF:1328675264	Eating
HP:0030842	Choking episodes	PROMOT:2000005	affects	some	ICF:1328675264	Eating
HP:0031146	Impaired oral bolus formation	PROMOT:2000005	affects	some	ICF:1328675264	Eating
HP:0031162	Impaired oropharyngeal swallow response	PROMOT:2000005	affects	some	ICF:1328675264	Eating
HP:0032043	Odynophagia	PROMOT:2000005	affects	some	ICF:1328675264	Eating
HP:0002015	Dysphagia	PROMOT:2000005	affects	some	ICF:1328675264	Eating
HP:0002068	Neuromuscular dysphagia	PROMOT:2000005	affects	some	ICF:1328675264	Eating
HP:0200136	Oral-pharyngeal dysphagia	PROMOT:2000005	affects	some	ICF:1328675264	Eating
HP:0000183	Tongue muscle weakness	PROMOT:2000005	affects	some	ICF:1328675264	Eating
HP:0012473	Tongue atrophy	PROMOT:2000005	affects	some	ICF:1328675264	Eating
HP:0030193	Fatigable weakness of chewing muscles	PROMOT:2000005	affects	some	ICF:1328675264	Eating
HP:0011968	Feeding difficulties	PROMOT:2000005	affects	some	ICF:1328675264	Eating
HP:0008872	Feeding difficulties in infancy	PROMOT:2000005	affects	some	ICF:1328675264	Eating
HP:0002033	Poor suck	PROMOT:2000005	affects	some	ICF:1328675264	Eating
HP:0025156	Dependency on intravenous nutrition	PROMOT:2000005	affects	some	ICF:1328675264	Eating
HP:0033994	Dependency on parenteral nutrition	PROMOT:2000005	affects	some	ICF:1328675264	Eating
HP:0030884	Gastrojejunal tube feeding in infancy	PROMOT:2000005	affects	some	ICF:1328675264	Eating
HP:0040288	Nasogastric tube feeding	PROMOT:2000005	affects	some	ICF:1328675264	Eating
HP:0031063	Impaired feeding ability	PROMOT:2000005	affects	some	ICF:1328675264	Eating
HP:0033454	Tube feeding	PROMOT:2000005	affects	some	ICF:1328675264	Eating
HP:0011471	Gastrostomy tube feeding in infancy	PROMOT:2000005	affects	some	ICF:1328675264	Eating
HP:0011470	Nasogastric tube feeding in infancy	PROMOT:2000005	affects	some	ICF:1328675264	Eating
HP:0000183	Tongue muscle weakness	PROMOT:2000005	affects	some	ICF:553784299	Drinking
HP:0012473	Tongue atrophy	PROMOT:2000005	affects	some	ICF:553784299	Drinking
HP:0011968	Feeding difficulties	PROMOT:2000005	affects	some	ICF:553784299	Drinking
HP:0008872	Feeding difficulties in infancy	PROMOT:2000005	affects	some	ICF:553784299	Drinking
HP:0002033	Poor suck	PROMOT:2000005	affects	some	ICF:553784299	Drinking
HP:0025156	Dependency on intravenous nutrition	PROMOT:2000005	affects	some	ICF:553784299	Drinking
HP:0033994	Dependency on parenteral nutrition	PROMOT:2000005	affects	some	ICF:553784299	Drinking
HP:0030884	Gastrojejunal tube feeding in infancy	PROMOT:2000005	affects	some	ICF:553784299	Drinking
HP:0040288	Nasogastric tube feeding	PROMOT:2000005	affects	some	ICF:553784299	Drinking
HP:0031063	Impaired feeding ability	PROMOT:2000005	affects	some	ICF:553784299	Drinking
HP:0033454	Tube feeding	PROMOT:2000005	affects	some	ICF:553784299	Drinking
HP:0011471	Gastrostomy tube feeding in infancy	PROMOT:2000005	affects	some	ICF:553784299	Drinking
HP:0011470	Nasogastric tube feeding in infancy	PROMOT:2000005	affects	some	ICF:553784299	Drinking
HP:0031058	Impairment of activities of daily living	PROMOT:2000005	affects	some	ICF:1535125568	Domestic life
HP:0031146	Impaired oral bolus formation	PROMOT:2000005	affects	some	ICF:553784299	drinking
HP:0031162	Impaired oropharyngeal swallow response	PROMOT:2000005	affects	some	ICF:553784299	drinking
HP:0032043	Odynophagia	PROMOT:2000005	affects	some	ICF:553784299	drinking
HP:0002015	Dysphagia	PROMOT:2000005	affects	some	ICF:553784299	drinking
HP:0002068	Neuromuscular dysphagia	PROMOT:2000005	affects	some	ICF:553784299	drinking
HP:0200136	Oral-pharyngeal dysphagia	PROMOT:2000005	affects	some	ICF:553784299	drinking
HP:0033695	Occupational disability	PROMOT:2000005	affects	some	ICF:49044301	Education
HP:0000467	Neck muscle weakness	PROMOT:2000005	affects	some	ICF:2048203604	Mobility
HP:0003327	Axial muscle weakness	PROMOT:2000005	affects	some	ICF:2048203604	Mobility
HP:0002172	Postural instability	PROMOT:2000005	affects	some	ICF:2048203604	Mobility
HP:0002317	Unsteady gait	PROMOT:2000005	affects	some	ICF:2048203604	Mobility
HP:0008994	Proximal muscle weakness in lower limbs	PROMOT:2000005	affects	some	ICF:2048203604	Mobility
HP:0003749	Pelvic girdle muscle weakness / Hip girdle weakness	PROMOT:2000005	affects	some	ICF:2048203604	Mobility
HP:0003731	Quadriceps muscle weakness	PROMOT:2000005	affects	some	ICF:2048203604	Mobility
HP:0033416	Hip adductor weakness	PROMOT:2000005	affects	some	ICF:2048203604	Mobility
HP:0012515	Hip flexor weakness	PROMOT:2000005	affects	some	ICF:2048203604	Mobility
HP:0009027	Foot dorsiflexor weakness	PROMOT:2000005	affects	some	ICF:2048203604	Mobility
HP:0011727	Peroneal muscle weakness	PROMOT:2000005	affects	some	ICF:2048203604	Mobility
HP:0008963	Tibialis muscle weakness	PROMOT:2000005	affects	some	ICF:2048203604	Mobility
HP:0031374	Ankle weakness	PROMOT:2000005	affects	some	ICF:2048203604	Mobility
HP:0007340	Lower limb muscle weakness	PROMOT:2000005	affects	some	ICF:2048203604	Mobility
HP:0008988	Pelvic girdle muscle atrophy	PROMOT:2000005	affects	some	ICF:2048203604	Mobility
HP:0001761	Pes cavus	PROMOT:2000005	affects	some	ICF:2048203604	Mobility
HP:0031058	Impairment of activities of daily living	PROMOT:2000005	affects	some	ICF:1608009360	Self-care
HP:0033695	Occupational disability	PROMOT:2000005	affects	some	ICF:73014515	Work and employment 
FMA:13354	Intercostal Muscle	PROMOT:2000008	has disposition	some	HP:0004878	Intercostal muscle weakness
FMA:22428	Quatriceps femoris	PROMOT:2000008	has disposition	some	HP:0003731	Quadriceps muscle weakness
FMA:22470	Muscle of thigh	PROMOT:2000008	has disposition	some	HP:0008994	Proximal muscle weakness in lower limbs
FMA:22470	Muscle of thigh	PROMOT:2000008	has disposition	some	HP:0033416	Hip adductor weakness
FMA:22470	Muscle of thigh	PROMOT:2000008	has disposition	some	HP:0012515	Hip flexor weakness
FMA:22471	Muscle of leg	PROMOT:2000008	has disposition	some	HP:0009053	Distal lower limb muscle weakness
FMA:22471	Muscle of leg	PROMOT:2000008	has disposition	some	HP:0011727	Peroneal muscle weakness
FMA:22471	Muscle of leg	PROMOT:2000008	has disposition	some	HP:0031374	Ankle weakness
FMA:22532	Tibialis anterior	PROMOT:2000008	has disposition	some	HP:0008963	Tibialis muscle weakness
FMA:323229	Pterygoid muscle	PROMOT:2000008	has disposition	some	HP:0005216	Impaired mastication
FMA:33531	Muscle of shoulder	PROMOT:2000008	has disposition	some	HP:0008997	Proximal muscle weakness in upper limbs
FMA:33531	Muscle of shoulder	PROMOT:2000008	has disposition	some	HP:0003547	Shoulder girdle muscle weakness
FMA:33531	Muscle of shoulder	PROMOT:2000008	has disposition	some	HP:0003325	Limb-girdle muscle weakness
FMA:37367	Muscle of pelvic gridle	PROMOT:2000008	has disposition	some	HP:0008994	Proximal muscle weakness in lower limbs
FMA:37367	Muscle of pelvic gridle	PROMOT:2000008	has disposition	some	HP:0003749	Pelvic girdle muscle weakness / Hip girdle weakness
FMA:37367	Muscle of pelvic girdle	PROMOT:2000008	has disposition	some	HP:0003325	Limb-girdle muscle weakness
FMA:37367	Muscle of pelvic gridle	PROMOT:2000008	has disposition	some	HP:0008988	Pelvic girdle muscle atrophy
FMA:37369	Muscle of foot	PROMOT:2000008	has disposition	some	HP:0009053	Distal lower limb muscle weakness
FMA:37369	Muscle of foot	PROMOT:2000008	has disposition	some	HP:0009027	Foot dorsiflexor weakness
FMA:37370	Muscle of arm	PROMOT:2000008	has disposition	some	HP:0008997	Proximal muscle weakness in upper limbs
FMA:37371	Muscle of forearm	PROMOT:2000008	has disposition	some	HP:0008959	Distal upper limb muscle weakness
FMA:37372	Muscle of hand	PROMOT:2000008	has disposition	some	HP:0008959	Distal upper limb muscle weakness
FMA:37372	Muscle of hand	PROMOT:2000008	has disposition	some	HP:0030237	Hand muscle weakness
FMA:37372	Muscle of hand	PROMOT:2000008	has disposition	some	HP:0033466	Weakgrip
FMA:37383	Flexor digiti minimi brevis of hand	PROMOT:2000008	has disposition	some	HP:0031177	Finger flexor weakness
FMA:37424	First dorsal interosseous of hand	PROMOT:2000008	has disposition	some	HP:0003392	First dorsal interossei muscle weakness
FMA:37688	Triceps brachii	PROMOT:2000008	has disposition	some	HP:0031108	Triceps weakness
FMA:38500	Extensor digitorum	PROMOT:2000008	has disposition	some	HP:0009077	Weakness of long finger extensor muscles
FMA:42380	Intrinsic muscle of hand	PROMOT:2000008	has disposition	some	HP:0009005	Weakness of the intrinsic hand muscles
FMA:46689	Muscle of tongue	PROMOT:2000008	has disposition	some	HP:0005216	Impaired mastication
FMA:46689	Muscle of tongue	PROMOT:2000008	has disposition	some	HP:0000183	Tongue muscle weakness
FMA:46751	Muscle of face	PROMOT:2000008	has disposition	some	HP:0030319	Weakness of facial musculature
FMA:46834	Buccinator	PROMOT:2000008	has disposition	some	HP:0005216	Impaired mastication
FMA:48996	Masseter	PROMOT:2000008	has disposition	some	HP:0005216	Impaired mastication
FMA:49006	Temporalis	PROMOT:2000008	has disposition	some	HP:0005216	Impaired mastication
FMA:49033	Extra ocular muscle	PROMOT:2000008	has disposition	some	HP:0007715	Weak extraocular muscles
FMA:49033	Extra ocular muscle	PROMOT:2000008	has disposition	some	HP:0000597	Ophthalmoparesis
FMA:49033	Extra-ocular muscle	PROMOT:2000008	has disposition	some	HP:0000651	Diplopia
FMA:49033	Extra ocular muscle	PROMOT:2000008	has disposition	some	HP:0000602	Ophthalmoplegia
FMA:49033	Extra ocular muscle	PROMOT:2000008	has disposition	some	HP:0000544	External ophthalmoplegia
FMA:49033	Extra ocular muscle	PROMOT:2000008	has disposition	some	HP:0000508	Ptosis
FMA:51099	Tibialis posterior	PROMOT:2000008	has disposition	some	HP:0008963	Tibialis muscle weakness
FMA:58274	Muscle of trunk	PROMOT:2000008	has disposition	some	HP:0009023	Abdominal wall muscle weakness
FMA:64916	Thenar muscle	PROMOT:2000008	has disposition	some	HP:0003427	Thenar muscle weakness
FMA:74060	Masticatory muscle	PROMOT:2000008	has disposition	some	HP:0005216	Impaired mastication
FMA:7490	Joint	PROMOT:2000008	has disposition	some	HP:0002828	Multiple joint contractures
FMA:9617	Muscle of neck	PROMOT:2000008	has disposition	some	HP:0000467	Neck muscle weakness
FMA:9617	Muscle of neck	PROMOT:2000008	has disposition	some	HP:0003722	Neck flexor weakness
FMA:9620	Muscle of abdomen	PROMOT:2000008	has disposition	some	HP:0009023	Abdominal wall muscle weakness
FMA:48996	Masseter	PROMOT:2000008	has disposition	some	HP:0030193	Fatigable weakness of chewing muscles
FMA:46834	Buccinator	PROMOT:2000008	has disposition	some	HP:0030193	Fatigable weakness of chewing muscles
FMA:46689	Muscle of tongue	PROMOT:2000008	has disposition	some	HP:0030193	Fatigable weakness of chewing muscles
FMA:49006	Temporalis	PROMOT:2000008	has disposition	some	HP:0030193	Fatigable weakness of chewing muscles
FMA:323229	Pterygoid muscle	PROMOT:2000008	has disposition	some	HP:0030193	Fatigable weakness of chewing muscles
FMA:74060	Masticatory muscle	PROMOT:2000008	has disposition	some	HP:0030193	Fatigable weakness of chewing muscles
FMA:49033	Extra ocular muscle	PROMOT:2000008	has disposition	some	HP:0000496	Abnormality of eye movement
FMA:49033	Extra ocular muscle	PROMOT:2000008	has disposition	some	HP:0007941	Limited extraocular movements
FMA:35178	hip joint	PROMOT:2000008	has disposition	some	HP:0001374	Congenital hip dislocation
FMA:7490	Joint	PROMOT:2000008	has disposition	some	HP:0001387	Joint stiffness
FMA:49033	Extra ocular muscle	PROMOT:2000008	has disposition	some	HP:0000486	Strabismus
FMA:7490	Joint	PROMOT:2000008	has disposition	some	HP:0002804	Arthrogryposis multiplex congenita
FMA:49033	Extra ocular muscle	PROMOT:2000008	has disposition	some	HP:0007838	Progressive ptosis
FMA:46689	Muscle of tongue	PROMOT:2000008	has disposition	some	HP:0012473	Tongue atrophy
FMA:49033	Extra ocular muscle	PROMOT:2000009	located in	exactly 1	ICF:405925948	External ocular muscles
FMA:13354	Intercostal Muscle	PROMOT:2000009	located in	exactly 1	ICF:1571232890	Intercostal muscles
FMA:46751	Muscle of face	PROMOT:2000009	located in	exactly 1	ICF:1874889854	Muscles of head and neck region
FMA:9617	Muscle of neck	PROMOT:2000009	located in	exactly 1	ICF:1874889854	Muscles of head and neck region
FMA:323229	Pterygoid muscle	PROMOT:2000009	located in	exactly 1	ICF:1874889854	Muscles of head and neck region
FMA:46689	Muscle of tongue	PROMOT:2000009	located in	exactly 1	ICF:1874889854	Muscles of head and neck region
FMA:46834	Buccinator	PROMOT:2000009	located in	exactly 1	ICF:1874889854	Muscles of head and neck region
FMA:48996	Masseter	PROMOT:2000009	located in	exactly 1	ICF:1874889854	Muscles of head and neck region
FMA:49006	Temporalis	PROMOT:2000009	located in	exactly 1	ICF:1874889854	Muscles of head and neck region
FMA:49033	Extra ocular muscle	PROMOT:2000009	located in	exactly 1	ICF:1874889854	Muscles of head and neck region
FMA:74060	Masticatory muscle	PROMOT:2000009	located in	exactly 1	ICF:1874889854	Muscles of head and neck region
FMA:33531	Muscle of shoulder	PROMOT:2000009	located in	exactly 1	ICF:278512890	Muscles of shoulder region
FMA:37370	Muscle of arm	PROMOT:2000009	located in	exactly 1	ICF:1867012554	Muscles of upper arm
FMA:37688	Triceps brachii	PROMOT:2000009	located in	exactly 1	ICF:1867012554	Muscles of upper arm
FMA:37371	Muscle of forearm	PROMOT:2000009	located in	exactly 1	ICF:294830867	Muscles of forearm
FMA:37372	Muscle of hand	PROMOT:2000009	located in	exactly 1	ICF:1233939003	Muscles of hand
FMA:37383	Flexor digiti minimi brevis of hand	PROMOT:2000009	located in	exactly 1	ICF:1233939003	Muscles of hand
FMA:37424	First dorsal interosseous of hand	PROMOT:2000009	located in	exactly 1	ICF:1233939003	Muscles of hand
FMA:38500	Extensor digitorum	PROMOT:2000009	located in	exactly 1	ICF:1233939003	Muscles of hand
FMA:42380	Intrinsic muscle of hand	PROMOT:2000009	located in	exactly 1	ICF:1233939003	Muscles of hand
FMA:64916	Thenar muscle	PROMOT:2000009	located in	exactly 1	ICF:1233939003	Muscles of hand
FMA:37367	Muscle of pelvic gridle	PROMOT:2000009	located in	exactly 1	ICF:793188683	Muscles of pelvic region
FMA:35178	hip joint	PROMOT:2000009	located in	exactly 1	ICF:1401748164	Hip joint
FMA:22428	Quatriceps femoris	PROMOT:2000009	located in	exactly 1	ICF:1794398084	Muscles of thigh
FMA:22470	Muscle of thigh	PROMOT:2000009	located in	exactly 1	ICF:1794398084	Muscles of thigh
FMA:22471	Muscle of leg	PROMOT:2000009	located in	exactly 1	ICF:338611549	Muscles of lower leg
FMA:22532	Tibialis anterior	PROMOT:2000009	located in	exactly 1	ICF:338611549	Muscles of lower leg
FMA:51099	Tibialis posterior	PROMOT:2000009	located in	exactly 1	ICF:338611549	Muscles of lower leg
FMA:37369	Muscle of foot	PROMOT:2000009	located in	exactly 1	ICF:1278239861	Muscles of ankle and foot
FMA:58274	Muscle of trunk	PROMOT:2000009	located in	exactly 1	ICF:58064740	Muscles of trunk
FMA:9620	Muscle of abdomen	PROMOT:2000009	located in	exactly 1	ICF:58064740	Muscles of trunk
FMA:7490	Joint	PROMOT:2000009	located in	exactly 1	ICF:462923277	Joints
ICF:58064740	Muscles of trunk	PROMOT:2000008	has disposition	some	HP:0009023	Abdominal wall muscle weakness
ICF:178625206	Thoracic cage	PROMOT:2000008	has disposition	some	HP:0001547	Abnormal rib cage morphology 
ICF:723417607	Structure of trunk	PROMOT:2000008	has disposition	some	HP:0001547	Abnormal rib cage morphology 
ICF:902262669	Extra-articular ligaments, fasciae, extramuscular aponeuroses, retinacula, septa, bursae, unspecified	PROMOT:2000008	has disposition	some	HP:0001547	Abnormal rib cage morphology 
ICF:405925948	External ocular muscles	PROMOT:2000008	has disposition	some	HP:0000496	Abnormality of eye movement
ICF:1278239861	Muscles of ankle and foot	PROMOT:2000008	has disposition	some	HP:0031374	Ankle weakness
ICF:495844982	Muscles of respiration	PROMOT:2000008	has disposition	some	HP:0002104	Apnea
ICF:870135798	Lungs	PROMOT:2000008	has disposition	some	HP:0002104	Apnea
ICF:495844982	Muscles of respiration	PROMOT:2000008	has disposition	some	HP:0005949	Apneic episodes in infancy
ICF:870135798	Lungs	PROMOT:2000008	has disposition	some	HP:0005949	Apneic episodes in infancy
ICF:462923277	Joints	PROMOT:2000008	has disposition	some	HP:0002804	Arthrogryposis multiplex congenita
ICF:1401748164	Hip joint	PROMOT:2000008	has disposition	some	HP:0001374	Congenital hip dislocation
ICF:2067741200	Testes and scrotum	PROMOT:2000008	has disposition	some	HP:0000028	Cryptorchidism
ICF:178625206	Thoracic cage	PROMOT:2000008	has disposition	some	HP:0000886	Deformed rib cage 
ICF:723417607	Structure of trunk	PROMOT:2000008	has disposition	some	HP:0000886	Deformed rib cage 
ICF:902262669	Extra-articular ligaments, fasciae, extramuscular aponeuroses, retinacula, septa, bursae, unspecified	PROMOT:2000008	has disposition	some	HP:0000886	Deformed rib cage 
ICF:405925948	External ocular muscles	PROMOT:2000008	has disposition	some	HP:0000651	Diplopia
ICF:1278239861	Muscles of ankle and foot	PROMOT:2000008	has disposition	some	HP:0009053	Distal lower limb muscle weakness
ICF:338611549	Muscles of lower leg	PROMOT:2000008	has disposition	some	HP:0009053	Distal lower limb muscle weakness
ICF:1233939003	Muscles of hand	PROMOT:2000008	has disposition	some	HP:0008959	Distal upper limb muscle weakness
ICF:294830867	Muscles of forearm	PROMOT:2000008	has disposition	some	HP:0008959	Distal upper limb muscle weakness
ICF:1874889854	Muscles of head and neck region	PROMOT:2000008	has disposition	some	HP:0002015	Dysphagia
ICF:495844982	Muscles of respiration	PROMOT:2000008	has disposition	some	HP:0002094	Dyspnea
ICF:870135798	Lungs	PROMOT:2000008	has disposition	some	HP:0002094	Dyspnea
ICF:495844982	Muscles of respiration	PROMOT:2000008	has disposition	some	HP:0004885	Episodic respiratory distress
ICF:870135798	Lungs	PROMOT:2000008	has disposition	some	HP:0004885	Episodic respiratory distress
ICF:405925948	External ocular muscles	PROMOT:2000008	has disposition	some	HP:0000544	External ophthalmoplegia
ICF:1874889854	Muscles of head and neck region	PROMOT:2000008	has disposition	some	HP:0030193	Fatigable weakness of chewing muscles
ICF:1233939003	Muscles of hand	PROMOT:2000008	has disposition	some	HP:0031177	Finger flexor weakness
ICF:1233939003	Muscles of hand	PROMOT:2000008	has disposition	some	HP:0003392	First dorsal interossei muscle weakness
ICF:1278239861	Muscles of ankle and foot	PROMOT:2000008	has disposition	some	HP:0009027	Foot dorsiflexor weakness
ICF:644658903	Structures related to movement	PROMOT:2000008	has disposition	some	HP:0002141	Gait imbalance
ICF:68679181	Vestibular labyrinth	PROMOT:2000008	has disposition	some	HP:0002141	Gait imbalance
ICF:1233939003	Muscles of hand	PROMOT:2000008	has disposition	some	HP:0030237	Hand muscle weakness
ICF:374222990	Structure of palate	PROMOT:2000008	has disposition	some	HP:0000218	High palate
ICF:374222990	Structure of palate	PROMOT:2000008	has disposition	some	HP:0002705	High, narrow palate
ICF:1794398084	Muscles of thigh	PROMOT:2000008	has disposition	some	HP:0033416	Hip adductor weakness
ICF:1794398084	Muscles of thigh	PROMOT:2000008	has disposition	some	HP:0012515	Hip flexor weakness
ICF:1747603619	Lumbar vertebral column	PROMOT:2000008	has disposition	some	HP:0003307	Hyperlordosis
ICF:1182439715	Cervical vertebral column	PROMOT:2000008	has disposition	some	HP:0003307	Hyperlordosis
ICF:1874889854	Muscles of head and neck region	PROMOT:2000008	has disposition	some	HP:0005216	Impaired mastication
ICF:1874889854	Muscles of head and neck region	PROMOT:2000008	has disposition	some	HP:0031146	Impaired oral bolus formation
ICF:1874889854	Muscles of head and neck region	PROMOT:2000008	has disposition	some	HP:0031162	Impaired oropharyngeal swallow response
ICF:634949825	Structure of brain	PROMOT:2000008	has disposition	some	HP:0001249	Intellectual disability
ICF:1571232890	Intercostal muscles	PROMOT:2000008	has disposition	some	HP:0004878	Intercostal muscle weakness
ICF:495844982	Muscles of respiration	PROMOT:2000008	has disposition	some	HP:0004889	Intermittent episodes of respiratory insufficiency due to muscle weakness
ICF:870135798	Lungs	PROMOT:2000008	has disposition	some	HP:0004889	Intermittent episodes of respiratory insufficiency due to muscle weakness
ICF:462923277	Joints	PROMOT:2000008	has disposition	some	HP:0001387	Joint stiffness
ICF:1182439715	Cervical vertebral column	PROMOT:2000008	has disposition	some	HP:0002751	Kyphoscoliosis
ICF:1364393443	Thoracic vertebral column	PROMOT:2000008	has disposition	some	HP:0002751	Kyphoscoliosis
ICF:1747603619	Lumbar vertebral column	PROMOT:2000008	has disposition	some	HP:0002751	Kyphoscoliosis
ICF:1182439715	Cervical vertebral column	PROMOT:2000008	has disposition	some	HP:0002808	Kyphosis
ICF:1747603619	Lumbar vertebral column	PROMOT:2000008	has disposition	some	HP:0002808	Kyphosis
ICF:278512890	Muscles of shoulder region	PROMOT:2000008	has disposition	some	HP:0003325	Limb-girdle muscle weakness
ICF:793188683	Muscles of pelvic region	PROMOT:2000008	has disposition	some	HP:0003325	Limb-girdle muscle weakness
ICF:405925948	External ocular muscles	PROMOT:2000008	has disposition	some	HP:0007941	Limited extraocular movements
ICF:608795582	Bones of face	PROMOT:2000008	has disposition	some	HP:0000276	Long face
ICF:862003070	Bones of cranium	PROMOT:2000008	has disposition	some	HP:0000276	Long face
ICF:462923277	Joints	PROMOT:2000008	has disposition	some	HP:0002828	Multiple joint contractures
ICF:1874889854	Muscles of head and neck region	PROMOT:2000008	has disposition	some	HP:0002058	Myopathic facies
ICF:608795582	Bones of face	PROMOT:2000008	has disposition	some	HP:0002058	Myopathic facies
ICF:178625206	Thoracic cage	PROMOT:2000008	has disposition	some	HP:0000774	Narrow chest
ICF:723417607	Structure of trunk	PROMOT:2000008	has disposition	some	HP:0000774	Narrow chest
ICF:902262669	Extra-articular ligaments, fasciae, extramuscular aponeuroses, retinacula, septa, bursae, unspecified	PROMOT:2000008	has disposition	some	HP:0000774	Narrow chest
ICF:1874889854	Muscles of head and neck region	PROMOT:2000008	has disposition	some	HP:0003722	Neck flexor weakness
ICF:1874889854	Muscles of head and neck region	PROMOT:2000008	has disposition	some	HP:0000467	Neck muscle weakness
ICF:495844982	Muscles of respiration	PROMOT:2000008	has disposition	some	HP:0002643	Neonatal respiratory distress
ICF:870135798	Lungs	PROMOT:2000008	has disposition	some	HP:0002643	Neonatal respiratory distress
ICF:1874889854	Muscles of head and neck region	PROMOT:2000008	has disposition	some	HP:0002068	Neuromuscular dysphagia
ICF:405925948	External ocular muscles	PROMOT:2000008	has disposition	some	HP:0000597	Ophthalmoparesis
ICF:405925948	External ocular muscles	PROMOT:2000008	has disposition	some	HP:0000602	Ophthalmoplegia
ICF:1874889854	Muscles of head and neck region	PROMOT:2000008	has disposition	some	HP:0200136	Oral-pharyngeal dysphagia
ICF:178625206	Thoracic cage	PROMOT:2000008	has disposition	some	HP:0000768	Pectus carinatum
ICF:723417607	Structure of trunk	PROMOT:2000008	has disposition	some	HP:0000768	Pectus carinatum
ICF:902262669	Extra-articular ligaments, fasciae, extramuscular aponeuroses, retinacula, septa, bursae, unspecified	PROMOT:2000008	has disposition	some	HP:0000768	Pectus carinatum
ICF:178625206	Thoracic cage	PROMOT:2000008	has disposition	some	HP:0000767	Pectus excavatum
ICF:723417607	Structure of trunk	PROMOT:2000008	has disposition	some	HP:0000767	Pectus excavatum
ICF:902262669	Extra-articular ligaments, fasciae, extramuscular aponeuroses, retinacula, septa, bursae, unspecified	PROMOT:2000008	has disposition	some	HP:0000767	Pectus excavatum
ICF:793188683	Muscles of pelvic region	PROMOT:2000008	has disposition	some	HP:0008988	Pelvic girdle muscle atrophy
ICF:793188683	Muscles of pelvic region	PROMOT:2000008	has disposition	some	HP:0003749	Pelvic girdle muscle weakness / Hip girdle weakness
ICF:338611549	Muscles of lower leg	PROMOT:2000008	has disposition	some	HP:0011727	Peroneal muscle weakness
ICF:1278239861	Muscles of ankle and foot	PROMOT:2000008	has disposition	some	HP:0001761	Pes cavus
ICF:1528299701	Ligaments and fasciae of ankle and foot	PROMOT:2000008	has disposition	some	HP:0001761	Pes cavus
ICF:1650503157	Bones of ankle and foot	PROMOT:2000008	has disposition	some	HP:0001761	Pes cavus
ICF:1874889854	Muscles of head and neck region	PROMOT:2000008	has disposition	some	HP:0002033	Poor suck
ICF:1874889854	Muscles of head and neck region	PROMOT:2000008	has disposition	some	HP:0007838	Progressive ptosis
ICF:405925948	External ocular muscles	PROMOT:2000008	has disposition	some	HP:0007838	Progressive ptosis
ICF:1794398084	Muscles of thigh	PROMOT:2000008	has disposition	some	HP:0008994	Proximal muscle weakness in lower limbs
ICF:793188683	Muscles of pelvic region	PROMOT:2000008	has disposition	some	HP:0008994	Proximal muscle weakness in lower limbs
ICF:1867012554	Muscles of upper arm	PROMOT:2000008	has disposition	some	HP:0008997	Proximal muscle weakness in upper limbs
ICF:278512890	Muscles of shoulder region	PROMOT:2000008	has disposition	some	HP:0008997	Proximal muscle weakness in upper limbs
ICF:1874889854	Muscles of head and neck region	PROMOT:2000008	has disposition	some	HP:0000508	Ptosis
ICF:405925948	External ocular muscles	PROMOT:2000008	has disposition	some	HP:0000508	Ptosis
ICF:1794398084	Muscles of thigh	PROMOT:2000008	has disposition	some	HP:0003731	Quadriceps muscle weakness
ICF:495844982	Muscles of respiration	PROMOT:2000008	has disposition	some	HP:0032341	Reduced forced vital capacity
ICF:870135798	Lungs	PROMOT:2000008	has disposition	some	HP:0032341	Reduced forced vital capacity
ICF:495844982	Muscles of respiration	PROMOT:2000008	has disposition	some	HP:0012497	Reduced maximal expiratory pressure
ICF:495844982	Muscles of respiration	PROMOT:2000008	has disposition	some	HP:0002098	Respiratory distress
ICF:870135798	Lungs	PROMOT:2000008	has disposition	some	HP:0002098	Respiratory distress
ICF:495844982	Muscles of respiration	PROMOT:2000008	has disposition	some	HP:0002878	Respiratory failure
ICF:870135798	Lungs	PROMOT:2000008	has disposition	some	HP:0002878	Respiratory failure
ICF:495844982	Muscles of respiration	PROMOT:2000008	has disposition	some	HP:0004887	Respiratory failure requiring assisted ventilation
ICF:870135798	Lungs	PROMOT:2000008	has disposition	some	HP:0004887	Respiratory failure requiring assisted ventilation
ICF:495844982	Muscles of respiration	PROMOT:2000008	has disposition	some	HP:0002093	Respiratory insufficiency
ICF:870135798	Lungs	PROMOT:2000008	has disposition	some	HP:0002093	Respiratory insufficiency
ICF:495844982	Muscles of respiration	PROMOT:2000008	has disposition	some	HP:0002747	Respiratory insufficiency due to muscle weakness
ICF:870135798	Lungs	PROMOT:2000008	has disposition	some	HP:0002747	Respiratory insufficiency due to muscle weakness
ICF:1364393443	Thoracic vertebral column	PROMOT:2000008	has disposition	some	HP:0002650	Scoliosis
ICF:1747603619	Lumbar vertebral column	PROMOT:2000008	has disposition	some	HP:0002650	Scoliosis
ICF:213893837	Bones	PROMOT:2000008	has disposition	some	HP:0004322	Short stature
ICF:278512890	Muscles of shoulder region	PROMOT:2000008	has disposition	some	HP:0003547	Shoulder girdle muscle weakness
ICF:1182439715	Cervical vertebral column	PROMOT:2000008	has disposition	some	HP:0003306	Spinal rigidity
ICF:1364393443	Thoracic vertebral column	PROMOT:2000008	has disposition	some	HP:0003306	Spinal rigidity
ICF:169456190	Joints of head and neck region	PROMOT:2000008	has disposition	some	HP:0003306	Spinal rigidity
ICF:1747603619	Lumbar vertebral column	PROMOT:2000008	has disposition	some	HP:0003306	Spinal rigidity
ICF:1874889854	Muscles of head and neck region	PROMOT:2000008	has disposition	some	HP:0003306	Spinal rigidity
ICF:58064740	Muscles of trunk	PROMOT:2000008	has disposition	some	HP:0003306	Spinal rigidity
ICF:405925948	External ocular muscles	PROMOT:2000008	has disposition	some	HP:0000486	Strabismus
ICF:1233939003	Muscles of hand	PROMOT:2000008	has disposition	some	HP:0003427	Thenar muscle weakness
ICF:178625206	Thoracic cage	PROMOT:2000008	has disposition	some	HP:6000327	Thoracic cage flatness
ICF:723417607	Structure of trunk	PROMOT:2000008	has disposition	some	HP:6000327	Thoracic cage flatness
ICF:902262669	Extra-articular ligaments, fasciae, extramuscular aponeuroses, retinacula, septa, bursae, unspecified	PROMOT:2000008	has disposition	some	HP:6000327	Thoracic cage flatness
ICF:338611549	Muscles of lower leg	PROMOT:2000008	has disposition	some	HP:0008963	Tibialis muscle weakness
ICF:1874889854	Muscles of head and neck region	PROMOT:2000008	has disposition	some	HP:0012473	Tongue atrophy
ICF:1874889854	Muscles of head and neck region	PROMOT:2000008	has disposition	some	HP:0000183	Tongue muscle weakness
ICF:1867012554	Muscles of upper arm	PROMOT:2000008	has disposition	some	HP:0031108	Triceps weakness
ICF:405925948	External ocular muscles	PROMOT:2000008	has disposition	some	HP:0007715	Weak extraocular muscles
ICF:1233939003	Muscles of hand	PROMOT:2000008	has disposition	some	HP:0033466	Weakgrip
ICF:1874889854	Muscles of head and neck region	PROMOT:2000008	has disposition	some	HP:0030319	Weakness of facial musculature
ICF:1233939003	Muscles of hand	PROMOT:2000008	has disposition	some	HP:0009077	Weakness of long finger extensor muscles
ICF:495844982	Muscles of respiration	PROMOT:2000008	has disposition	some	HP:0004347	Weakness of muscles of respiration
ICF:495844982	Muscles of respiration	PROMOT:2000008	has disposition	some	HP:0004347	Weakness of muscles of respiration
ICF:870135798	Lungs	PROMOT:2000008	has disposition	some	HP:0004347	Weakness of muscles of respiration
ICF:1233939003	Muscles of hand	PROMOT:2000008	has disposition	some	HP:0009005	Weakness of the intrinsic hand muscles
SNOMED:84100007	History taking (procedure)	PROMOT:2000002	assesses	Min 0	HP:0009023	Abdominal wall muscle weakness
SNOMED:84100007	History taking (procedure)	PROMOT:2000002	assesses	Min 0	HP:0001713	Abnormal cardiac ventricle morphology
SNOMED:84100007	History taking (procedure)	PROMOT:2000002	assesses	Min 0	HP:0030872	Abnormal cardiac ventricular function
SNOMED:84100007	History taking (procedure)	PROMOT:2000002	assesses	Min 0	HP:0040081	Abnormal circulating creatine kinase concentration
SNOMED:84100007	History taking (procedure)	PROMOT:2000002	assesses	Min 0	HP:0001627	Abnormal heart morphology
SNOMED:84100007	History taking (procedure)	PROMOT:2000002	assesses	Min 0	HP:0007695	Abnormal pupillary light reflex
SNOMED:84100007	History taking (procedure)	PROMOT:2000002	assesses	Min 0	HP:0031826	Abnormal reflex
SNOMED:84100007	History taking (procedure)	PROMOT:2000002	assesses	Min 0	HP:0001547	Abnormal rib cage morphology 
SNOMED:84100007	History taking (procedure)	PROMOT:2000002	assesses	Min 0	HP:0000496	Abnormality of eye movement
SNOMED:84100007	History taking (procedure)	PROMOT:2000002	assesses	Min 0	HP:0031374	Ankle weakness
SNOMED:84100007	History taking (procedure)	PROMOT:2000002	assesses	Min 0	HP:0002104	Apnea
SNOMED:84100007	History taking (procedure)	PROMOT:2000002	assesses	Min 0	HP:0005949	Apneic episodes in infancy
SNOMED:84100007	History taking (procedure)	PROMOT:2000002	assesses	Min 0	HP:0001284	Areflexia
SNOMED:84100007	History taking (procedure)	PROMOT:2000002	assesses	Min 0	HP:0002522	Areflexia of lower limbs
SNOMED:84100007	History taking (procedure)	PROMOT:2000002	assesses	Min 0	HP:0002804	Arthrogryposis multiplex congenita
SNOMED:84100007	History taking (procedure)	PROMOT:2000002	assesses	Min 0	HP:0003327	Axial muscle weakness
SNOMED:84100007	History taking (procedure)	PROMOT:2000002	assesses	Min 0	HP:0002483	Bulbar signs
SNOMED:84100007	History taking (procedure)	PROMOT:2000002	assesses	Min 0	HP:0030842	Choking episodes
SNOMED:84100007	History taking (procedure)	PROMOT:2000002	assesses	Min 0	HP:0001374	Congenital hip dislocation
SNOMED:84100007	History taking (procedure)	PROMOT:2000002	assesses	Min 0	HP:0000028	Cryptorchidism
SNOMED:84100007	History taking (procedure)	PROMOT:2000002	assesses	Min 0	HP:0001558	Decreased fetal movement
SNOMED:84100007	History taking (procedure)	PROMOT:2000002	assesses	Min 0	HP:0000886	Deformed rib cage 
SNOMED:84100007	History taking (procedure)	PROMOT:2000002	assesses	Min 0	HP:0025156	Dependency on intravenous nutrition
SNOMED:84100007	History taking (procedure)	PROMOT:2000002	assesses	Min 0	HP:0033994	Dependency on parenteral nutrition
SNOMED:84100007	History taking (procedure)	PROMOT:2000002	assesses	Min 0	HP:0009046	Difficulty running
SNOMED:84100007	History taking (procedure)	PROMOT:2000002	assesses	Min 0	HP:0000651	Diplopia
SNOMED:84100007	History taking (procedure)	PROMOT:2000002	assesses	Min 0	HP:0009053	Distal lower limb muscle weakness
SNOMED:84100007	History taking (procedure)	PROMOT:2000002	assesses	Min 0	HP:0002460	Distal muscle weakness
SNOMED:84100007	History taking (procedure)	PROMOT:2000002	assesses	Min 0	HP:0008959	Distal upper limb muscle weakness
SNOMED:84100007	History taking (procedure)	PROMOT:2000002	assesses	Min 0	PROMOT:0000102	Double compound motor action potential abnormality
SNOMED:84100007	History taking (procedure)	PROMOT:2000002	assesses	Min 0	HP:0001260	Dysarthria
SNOMED:84100007	History taking (procedure)	PROMOT:2000002	assesses	Min 0	HP:0001618	Dysphonia
SNOMED:84100007	History taking (procedure)	PROMOT:2000002	assesses	Min 0	HP:0002094	Dyspnea
SNOMED:84100007	History taking (procedure)	PROMOT:2000002	assesses	Min 0	HP:0003236	Elevated circulating creatine kinase concentration
SNOMED:84100007	History taking (procedure)	PROMOT:2000002	assesses	Min 0	HP:0030000	EMG : repetitive nerve stimulation abnormality
SNOMED:84100007	History taking (procedure)	PROMOT:2000002	assesses	Min 0	HP:0003457	EMG abnormality
SNOMED:84100007	History taking (procedure)	PROMOT:2000002	assesses	Min 0	HP:0003403	EMG: decremental response of compound muscle action potential to repetitive nerve stimulation
SNOMED:84100007	History taking (procedure)	PROMOT:2000002	assesses	Min 0	HP:0003458	EMG: myopathic abnormalities
SNOMED:84100007	History taking (procedure)	PROMOT:2000002	assesses	Min 0	HP:0003445	EMG: neuropathic changes
SNOMED:84100007	History taking (procedure)	PROMOT:2000002	assesses	Min 0	HP:0004885	Episodic respiratory distress
SNOMED:84100007	History taking (procedure)	PROMOT:2000002	assesses	Min 0	HP:0000544	External ophthalmoplegia
SNOMED:84100007	History taking (procedure)	PROMOT:2000002	assesses	Min 0	HP:0001508	Failure to thrive
SNOMED:84100007	History taking (procedure)	PROMOT:2000002	assesses	Min 0	HP:0001531	Failure to thrive in infancy
SNOMED:84100007	History taking (procedure)	PROMOT:2000002	assesses	Min 0	HP:0030192	Fatigable weakness of bulbar muscles
SNOMED:84100007	History taking (procedure)	PROMOT:2000002	assesses	Min 0	HP:0030193	Fatigable weakness of chewing muscles
SNOMED:84100007	History taking (procedure)	PROMOT:2000002	assesses	Min 0	HP:0030198	Fatigable weakness of distal limb muscles
SNOMED:84100007	History taking (procedure)	PROMOT:2000002	assesses	Min 0	HP:0030199	Fatigable weakness of neck muscles
SNOMED:84100007	History taking (procedure)	PROMOT:2000002	assesses	Min 0	HP:0030196	Fatigable weakness of respiratory muscles
SNOMED:84100007	History taking (procedure)	PROMOT:2000002	assesses	Min 0	HP:0030197	Fatigable weakness of skeletal muscles
SNOMED:84100007	History taking (procedure)	PROMOT:2000002	assesses	Min 0	HP:0030194	Fatigable weakness of speech muscles 
SNOMED:84100007	History taking (procedure)	PROMOT:2000002	assesses	Min 0	HP:0030195	Fatigable weakness of swallowing muscles 
SNOMED:84100007	History taking (procedure)	PROMOT:2000002	assesses	Min 0	HP:0030200	Fatiguable weakness of proximal limb muscles 
SNOMED:84100007	History taking (procedure)	PROMOT:2000002	assesses	Min 0	HP:0030202	Favorable response of weakness to acetylcholine esterase inhibitors
SNOMED:84100007	History taking (procedure)	PROMOT:2000002	assesses	Min 0	HP:0011968	Feeding difficulties
SNOMED:84100007	History taking (procedure)	PROMOT:2000002	assesses	Min 0	HP:0008872	Feeding difficulties in infancy
SNOMED:84100007	History taking (procedure)	PROMOT:2000002	assesses	Min 0	HP:0001989	Fetal akinesia sequence
SNOMED:84100007	History taking (procedure)	PROMOT:2000002	assesses	Min 0	HP:0031177	Finger flexor weakness
SNOMED:84100007	History taking (procedure)	PROMOT:2000002	assesses	Min 0	HP:0003392	First dorsal interossei muscle weakness
SNOMED:84100007	History taking (procedure)	PROMOT:2000002	assesses	Min 0	HP:0009027	Foot dorsiflexor weakness
SNOMED:84100007	History taking (procedure)	PROMOT:2000002	assesses	Min 0	HP:0002359	Frequent falls
SNOMED:84100007	History taking (procedure)	PROMOT:2000002	assesses	Min 0	HP:0001288	Gait disturbance
SNOMED:84100007	History taking (procedure)	PROMOT:2000002	assesses	Min 0	HP:0030884	Gastrojejunal tube feeding in infancy
SNOMED:84100007	History taking (procedure)	PROMOT:2000002	assesses	Min 0	HP:0011471	Gastrostomy tube feeding in infancy
SNOMED:84100007	History taking (procedure)	PROMOT:2000002	assesses	Min 0	HP:0009028	Generalized weakness of limb muscles
SNOMED:84100007	History taking (procedure)	PROMOT:2000002	assesses	Min 0	HP:0003391	Gowers sign
SNOMED:84100007	History taking (procedure)	PROMOT:2000002	assesses	Min 0	HP:0030237	Hand muscle weakness
SNOMED:84100007	History taking (procedure)	PROMOT:2000002	assesses	Min 0	HP:0000218	High palate
SNOMED:84100007	History taking (procedure)	PROMOT:2000002	assesses	Min 0	HP:0002705	High, narrow palate
SNOMED:84100007	History taking (procedure)	PROMOT:2000002	assesses	Min 0	HP:0033416	Hip adductor weakness
SNOMED:84100007	History taking (procedure)	PROMOT:2000002	assesses	Min 0	HP:0012515	Hip flexor weakness
SNOMED:84100007	History taking (procedure)	PROMOT:2000002	assesses	Min 0	HP:0003749	Hip girdle weakness
SNOMED:84100007	History taking (procedure)	PROMOT:2000002	assesses	Min 0	HP:0001609	Hoarse voice
SNOMED:84100007	History taking (procedure)	PROMOT:2000002	assesses	Min 0	HP:0003307	Hyperlordosis
SNOMED:84100007	History taking (procedure)	PROMOT:2000002	assesses	Min 0	HP:0001611	Hypernasal speech
SNOMED:84100007	History taking (procedure)	PROMOT:2000002	assesses	Min 0	HP:0001265	Hyporeflexia
SNOMED:84100007	History taking (procedure)	PROMOT:2000002	assesses	Min 0	HP:0002600	Hyporeflexia of lower limbs
SNOMED:84100007	History taking (procedure)	PROMOT:2000002	assesses	Min 0	HP:0001252	Hypotonia
SNOMED:84100007	History taking (procedure)	PROMOT:2000002	assesses	Min 0	HP:0031063	Impaired feeding ability
SNOMED:84100007	History taking (procedure)	PROMOT:2000002	assesses	Min 0	HP:0005216	Impaired mastication
SNOMED:84100007	History taking (procedure)	PROMOT:2000002	assesses	Min 0	HP:0031146	Impaired oral bolus formation
SNOMED:84100007	History taking (procedure)	PROMOT:2000002	assesses	Min 0	HP:0031162	Impaired oropharyngeal swallow response
SNOMED:84100007	History taking (procedure)	PROMOT:2000002	assesses	Min 0	HP:0002540	Inability to walk
SNOMED:84100007	History taking (procedure)	PROMOT:2000002	assesses	Min 0	HP:0001249	Intellectual disability
SNOMED:84100007	History taking (procedure)	PROMOT:2000002	assesses	Min 0	HP:0004878	Intercostal muscle weakness
SNOMED:84100007	History taking (procedure)	PROMOT:2000002	assesses	Min 0	HP:0004889	Intermittent episodes of respiratory insufficiency due to muscle weakness
SNOMED:84100007	History taking (procedure)	PROMOT:2000002	assesses	Min 0	HP:0001387	Joint stiffness
SNOMED:84100007	History taking (procedure)	PROMOT:2000002	assesses	Min 0	HP:0002751	Kyphoscoliosis
SNOMED:84100007	History taking (procedure)	PROMOT:2000002	assesses	Min 0	HP:0002808	Kyphosis
SNOMED:84100007	History taking (procedure)	PROMOT:2000002	assesses	Min 0	HP:0003810	Late-onset distal muscle weakness
SNOMED:84100007	History taking (procedure)	PROMOT:2000002	assesses	Min 0	HP:0003694	Late-onset proximal muscle weakness
SNOMED:84100007	History taking (procedure)	PROMOT:2000002	assesses	Min 0	HP:0003690	Limb muscle weakness
SNOMED:84100007	History taking (procedure)	PROMOT:2000002	assesses	Min 0	HP:0003325	Limb-girdle muscle weakness
SNOMED:84100007	History taking (procedure)	PROMOT:2000002	assesses	Min 0	HP:0007941	Limited extraocular movements
SNOMED:84100007	History taking (procedure)	PROMOT:2000002	assesses	Min 0	HP:0000276	Long face
SNOMED:84100007	History taking (procedure)	PROMOT:2000002	assesses	Min 0	HP:0002505	Loss of ambulation
SNOMED:84100007	History taking (procedure)	PROMOT:2000002	assesses	Min 0	HP:0007340	Lower limb muscle weakness
SNOMED:84100007	History taking (procedure)	PROMOT:2000002	assesses	Min 0	HP:0002047	Malignant hyperthermia
SNOMED:84100007	History taking (procedure)	PROMOT:2000002	assesses	Min 0	HP:0008180	Mildly elevated creatine kinase
SNOMED:84100007	History taking (procedure)	PROMOT:2000002	assesses	Min 0	HP:0001270	Motor delay
SNOMED:84100007	History taking (procedure)	PROMOT:2000002	assesses	Min 0	HP:0002828	Multiple joint contractures
SNOMED:84100007	History taking (procedure)	PROMOT:2000002	assesses	Min 0	HP:0003394	Muscle spasm
SNOMED:84100007	History taking (procedure)	PROMOT:2000002	assesses	Min 0	HP:0003552	Muscle stiffness
SNOMED:84100007	History taking (procedure)	PROMOT:2000002	assesses	Min 0	HP:0001324	Muscle weakness
SNOMED:84100007	History taking (procedure)	PROMOT:2000002	assesses	Min 0	HP:0003326	Myalgia
SNOMED:84100007	History taking (procedure)	PROMOT:2000002	assesses	Min 0	HP:0002058	Myopathic facies
SNOMED:84100007	History taking (procedure)	PROMOT:2000002	assesses	Min 0	HP:0000774	Narrow chest
SNOMED:84100007	History taking (procedure)	PROMOT:2000002	assesses	Min 0	HP:0040288	Nasogastric tube feeding
SNOMED:84100007	History taking (procedure)	PROMOT:2000002	assesses	Min 0	HP:0011470	Nasogastric tube feeding in infancy
SNOMED:84100007	History taking (procedure)	PROMOT:2000002	assesses	Min 0	HP:0003722	Neck flexor weakness
SNOMED:84100007	History taking (procedure)	PROMOT:2000002	assesses	Min 0	HP:0000467	Neck muscle weakness
SNOMED:84100007	History taking (procedure)	PROMOT:2000002	assesses	Min 0	HP:0012768	Neonatal asphyxia
SNOMED:84100007	History taking (procedure)	PROMOT:2000002	assesses	Min 0	HP:0001319	Neonatal hypotonia
SNOMED:84100007	History taking (procedure)	PROMOT:2000002	assesses	Min 0	HP:0002643	Neonatal respiratory distress
SNOMED:84100007	History taking (procedure)	PROMOT:2000002	assesses	Min 0	HP:0032043	Odynophagia
SNOMED:84100007	History taking (procedure)	PROMOT:2000002	assesses	Min 0	HP:0000597	Ophthalmoparesis
SNOMED:84100007	History taking (procedure)	PROMOT:2000002	assesses	Min 0	HP:0000602	Ophthalmoplegia
SNOMED:84100007	History taking (procedure)	PROMOT:2000002	assesses	Min 0	HP:0000768	Pectus carinatum
SNOMED:84100007	History taking (procedure)	PROMOT:2000002	assesses	Min 0	HP:0000767	Pectus excavatum
SNOMED:84100007	History taking (procedure)	PROMOT:2000002	assesses	Min 0	HP:0008988	Pelvic girdle muscle atrophy
SNOMED:84100007	History taking (procedure)	PROMOT:2000002	assesses	Min 0	HP:0003749	Pelvic girdle muscle weakness
SNOMED:84100007	History taking (procedure)	PROMOT:2000002	assesses	Min 0	HP:0011727	Peroneal muscle weakness
SNOMED:84100007	History taking (procedure)	PROMOT:2000002	assesses	Min 0	HP:0001761	Pes cavus
SNOMED:84100007	History taking (procedure)	PROMOT:2000002	assesses	Min 0	HP:0002033	Poor suck
SNOMED:84100007	History taking (procedure)	PROMOT:2000002	assesses	Min 0	HP:0002172	Postural instability
SNOMED:84100007	History taking (procedure)	PROMOT:2000002	assesses	Min 0	HP:0001622	Premature birth
SNOMED:84100007	History taking (procedure)	PROMOT:2000002	assesses	Min 0	HP:0009063	Progressive distal muscle weakness
SNOMED:84100007	History taking (procedure)	PROMOT:2000002	assesses	Min 0	HP:0003323	Progressive muscle weakness
SNOMED:84100007	History taking (procedure)	PROMOT:2000002	assesses	Min 0	HP:0009073	Progressive proximal muscle weakness
SNOMED:84100007	History taking (procedure)	PROMOT:2000002	assesses	Min 0	HP:0007838	Progressive ptosis
SNOMED:84100007	History taking (procedure)	PROMOT:2000002	assesses	Min 0	HP:0003701	Proximal muscle weakness
SNOMED:84100007	History taking (procedure)	PROMOT:2000002	assesses	Min 0	HP:0008994	Proximal muscle weakness in lower limbs
SNOMED:84100007	History taking (procedure)	PROMOT:2000002	assesses	Min 0	HP:0008997	Proximal muscle weakness in upper limbs
SNOMED:84100007	History taking (procedure)	PROMOT:2000002	assesses	Min 0	HP:0000508	Ptosis
SNOMED:84100007	History taking (procedure)	PROMOT:2000002	assesses	Min 0	HP:0003731	Quadriceps muscle weakness
SNOMED:84100007	History taking (procedure)	PROMOT:2000002	assesses	Min 0	HP:0032341	Reduced forced vital capacity
SNOMED:84100007	History taking (procedure)	PROMOT:2000002	assesses	Min 0	HP:0012497	Reduced maximal expiratory pressure
SNOMED:84100007	History taking (procedure)	PROMOT:2000002	assesses	Min 0	HP:0001315	Reduced tendon reflexes
SNOMED:84100007	History taking (procedure)	PROMOT:2000002	assesses	Min 0	HP:0002098	Respiratory distress
SNOMED:84100007	History taking (procedure)	PROMOT:2000002	assesses	Min 0	HP:0002878	Respiratory failure
SNOMED:84100007	History taking (procedure)	PROMOT:2000002	assesses	Min 0	HP:0004887	Respiratory failure requiring assisted ventilation
SNOMED:84100007	History taking (procedure)	PROMOT:2000002	assesses	Min 0	HP:0002093	Respiratory insufficiency
SNOMED:84100007	History taking (procedure)	PROMOT:2000002	assesses	Min 0	HP:0002747	Respiratory insufficiency due to muscle weakness
SNOMED:84100007	History taking (procedure)	PROMOT:2000002	assesses	Min 0	HP:0003691	Scapular winging
SNOMED:84100007	History taking (procedure)	PROMOT:2000002	assesses	Min 0	HP:0002650	Scoliosis
SNOMED:84100007	History taking (procedure)	PROMOT:2000002	assesses	Min 0	HP:0003547	Shoulder girdle muscle weakness
SNOMED:84100007	History taking (procedure)	PROMOT:2000002	assesses	Min 0	HP:0030006	Single fiber EMG abnormality
SNOMED:84100007	History taking (procedure)	PROMOT:2000002	assesses	Min 0	HP:0030211	Slow pupillary light response
SNOMED:84100007	History taking (procedure)	PROMOT:2000002	assesses	Min 0	HP:0003306	Spinal rigidity
SNOMED:84100007	History taking (procedure)	PROMOT:2000002	assesses	Min 0	HP:0000486	Strabismus
SNOMED:84100007	History taking (procedure)	PROMOT:2000002	assesses	Min 0	HP:0002882	Sudden episodic apnea
SNOMED:84100007	History taking (procedure)	PROMOT:2000002	assesses	Min 0	HP:0003427	Thenar muscle weakness
SNOMED:84100007	History taking (procedure)	PROMOT:2000002	assesses	Min 0	HP:6000327	Thoracic cage flatness
SNOMED:84100007	History taking (procedure)	PROMOT:2000002	assesses	Min 0	HP:0008963	Tibialis muscle weakness
SNOMED:84100007	History taking (procedure)	PROMOT:2000002	assesses	Min 0	HP:0012473	Tongue atrophy
SNOMED:84100007	History taking (procedure)	PROMOT:2000002	assesses	Min 0	HP:0000183	Tongue muscle weakness
SNOMED:84100007	History taking (procedure)	PROMOT:2000002	assesses	Min 0	HP:0031108	Triceps weakness
SNOMED:84100007	History taking (procedure)	PROMOT:2000002	assesses	Min 0	HP:0033454	Tube feeding
SNOMED:84100007	History taking (procedure)	PROMOT:2000002	assesses	Min 0	HP:0030203	Unfavorable response of muscle weakness to acetylcholine esterase inhibitors
SNOMED:84100007	History taking (procedure)	PROMOT:2000002	assesses	Min 0	HP:0002317	Unsteady gait
SNOMED:84100007	History taking (procedure)	PROMOT:2000002	assesses	Min 0	HP:0003484	Upper limb muscle weakness
SNOMED:84100007	History taking (procedure)	PROMOT:2000002	assesses	Min 0	HP:0002515	Waddling gait
SNOMED:84100007	History taking (procedure)	PROMOT:2000002	assesses	Min 0	HP:0001612	Weak cry
SNOMED:84100007	History taking (procedure)	PROMOT:2000002	assesses	Min 0	HP:0007715	Weak extraocular muscles
SNOMED:84100007	History taking (procedure)	PROMOT:2000002	assesses	Min 0	HP:0033466	Weak grip
SNOMED:84100007	History taking (procedure)	PROMOT:2000002	assesses	Min 0	HP:0030319	Weakness of facial musculature
SNOMED:84100007	History taking (procedure)	PROMOT:2000002	assesses	Min 0	HP:0009077	Weakness of long finger extensor muscles
SNOMED:84100007	History taking (procedure)	PROMOT:2000002	assesses	Min 0	HP:0004347	Weakness of muscles of respiration
SNOMED:84100007	History taking (procedure)	PROMOT:2000002	assesses	Min 0	HP:0009005	Weakness of the intrinsic hand muscles
SNOMED:84100007	History taking (procedure)	PROMOT:2000002	assesses	Min 0	HP:6001011	Wet voice
SNOMED:12894003	Functional assessment (procedure)	PROMOT:2000002	assesses	Min 0	HP:0003327	Axial muscle weakness
SNOMED:12894003	Functional assessment (procedure)	PROMOT:2000002	assesses	Min 0	HP:0009053	Distal lower limb muscle weakness
SNOMED:12894003	Functional assessment (procedure)	PROMOT:2000002	assesses	Min 0	HP:0002460	Distal muscle weakness
SNOMED:12894003	Functional assessment (procedure)	PROMOT:2000002	assesses	Min 0	HP:0008959	Distal upper limb muscle weakness
PROMOT:0000115	Stair Climb Test	PROMOT:2000002	assesses	Min 0	HP:0003551	Difficulty climbing stairs
PROMOT:0000115	Stair Climb Test	PROMOT:2000002	assesses	Min 0	HP:0033235	Difficulty descending stairs
PROMOT:0000114	Assessment using Hand Jamar dynanometer	PROMOT:2000002	assesses	Min 0	HP:0031177	Finger flexor weakness
PROMOT:0000114	Assessment using Hand Jamar dynanometer	PROMOT:2000002	assesses	Min 0	HP:0030237	Hand muscle weakness
PROMOT:0000114	Assessment using Hand Jamar dynanometer	PROMOT:2000002	assesses	Min 0	HP:0033466	Weak grip
PROMOT:0000114	Assessment using Hand Jamar dynanometer	PROMOT:2000002	assesses	Min 0	HP:0009005	Weakness of the intrinsic hand muscles
PROMOT:0000109	Assessment using Berg Balance Scale	PROMOT:2000002	assesses	Min 0	HP:0002141	Gait imbalance
PROMOT:0000110	10 Meter Walk Test (10MWT)	PROMOT:2000002	assesses	Min 0	HP:0002540	Inability to walk
PROMOT:0000110	10 Meter Walk Test (10MWT)	PROMOT:2000002	assesses	Min 0	HP:0002505	Loss of ambulation
PROMOT:0000110	10 Meter Walk Test (10MWT)	PROMOT:2000002	assesses	Min 0	HP:0002317	Unsteady gait
SNOMED:840297006	Assessment of patient reported outcome measures (procedure)	PROMOT:2000002	assesses	Min 0	HP:0002015	Dysphagia
SNOMED:840297006	Assessment of patient reported outcome measures (procedure)	PROMOT:2000002	assesses	Min 0	HP:0033667	Diminished mental health
SNOMED:840297006	Assessment of patient reported outcome measures (procedure)	PROMOT:2000002	assesses	Min 0	HP:0002068	Neuromuscular dysphagia
SNOMED:840297006	Assessment of patient reported outcome measures (procedure)	PROMOT:2000002	assesses	Min 0	HP:0200136	Oral-pharyngeal dysphagia
PROMOT:0000103	Assessment of expiratory and cough peak flows using an expiratory flowmeter	PROMOT:2000002	assesses	Min 0	HP:0012735	Cough
PROMOT:0000104	Quantative muscle weakness	PROMOT:2000002	assesses	Min 0	HP:0009053	Distal lower limb muscle weakness
PROMOT:0000104	Quantative muscle weakness	PROMOT:2000002	assesses	Min 0	HP:0002460	Distal muscle weakness
PROMOT:0000104	Quantative muscle weakness	PROMOT:2000002	assesses	Min 0	HP:0008959	Distal upper limb muscle weakness
PROMOT:0000105	Assessment using Dysphagimeter	PROMOT:2000002	assesses	Min 0	HP:0002015	Dysphagia
PROMOT:0000112	80 ml water swallowing test	PROMOT:2000002	assesses	Min 0	HP:0002015	Dysphagia
PROMOT:0000111	Assessment using Sydney Swallow Questionnaire (SSQ)	PROMOT:2000002	assesses	Min 0	HP:0002015	Dysphagia
PROMOT:0000105	Assessment using Dysphagimeter	PROMOT:2000002	assesses	Min 0	HP:0200136	Oral-pharyngeal dysphagia
PROMOT:0000112	80 ml water swallowing test	PROMOT:2000002	assesses	Min 0	HP:0200136	Oral-pharyngeal dysphagia
PROMOT:0000111	Assessment using Sydney Swallow Questionnaire (SSQ)	PROMOT:2000002	assesses	Min 0	HP:0200136	Oral-pharyngeal dysphagia
PROMOT:0000105	Assessment using Dysphagimeter	PROMOT:2000002	assesses	Min 0	HP:0002068	Neuromuscular dysphagia
PROMOT:0000112	80 ml water swallowing test	PROMOT:2000002	assesses	Min 0	HP:0002068	Neuromuscular dysphagia
PROMOT:0000111	Assessment using Sydney Swallow Questionnaire (SSQ)	PROMOT:2000002	assesses	Min 0	HP:0002068	Neuromuscular dysphagia
PROMOT:0000106	Assessment of pinch strengh using B&L gauge	PROMOT:2000002	assesses	Min 0	HP:0003392	First dorsal interossei muscle weakness
PROMOT:0000107	Evaluation of the maximum isometric muscle strength by manual dynamometry	PROMOT:2000002	assesses	Min 0	HP:0012515	Hip flexor weakness
PROMOT:0000107	Evaluation of the maximum isometric muscle strength by manual dynamometry	PROMOT:2000002	assesses	Min 0	HP:0003749	Hip girdle weakness
PROMOT:0000107	Evaluation of the maximum isometric muscle strength by manual dynamometry	PROMOT:2000002	assesses	Min 0	HP:0003810	Late-onset distal muscle weakness
PROMOT:0000107	Evaluation of the maximum isometric muscle strength by manual dynamometry	PROMOT:2000002	assesses	Min 0	HP:0003694	Late-onset proximal muscle weakness
PROMOT:0000107	Evaluation of the maximum isometric muscle strength by manual dynamometry	PROMOT:2000002	assesses	Min 0	HP:0003690	Limb muscle weakness
PROMOT:0000107	Evaluation of the maximum isometric muscle strength by manual dynamometry	PROMOT:2000002	assesses	Min 0	HP:0003325	Limb-girdle muscle weakness
PROMOT:0000107	Evaluation of the maximum isometric muscle strength by manual dynamometry	PROMOT:2000002	assesses	Min 0	HP:0007340	Lower limb muscle weakness
PROMOT:0000107	Evaluation of the maximum isometric muscle strength by manual dynamometry	PROMOT:2000002	assesses	Min 0	HP:0001324	Muscle weakness
PROMOT:0000107	Evaluation of the maximum isometric muscle strength by manual dynamometry	PROMOT:2000002	assesses	Min 0	HP:0003749	Pelvic girdle muscle weakness
PROMOT:0000107	Evaluation of the maximum isometric muscle strength by manual dynamometry	PROMOT:2000002	assesses	Min 0	HP:0009063	Progressive distal muscle weakness
PROMOT:0000107	Evaluation of the maximum isometric muscle strength by manual dynamometry	PROMOT:2000002	assesses	Min 0	HP:0003323	Progressive muscle weakness
PROMOT:0000107	Evaluation of the maximum isometric muscle strength by manual dynamometry	PROMOT:2000002	assesses	Min 0	HP:0009073	Progressive proximal muscle weakness
PROMOT:0000107	Evaluation of the maximum isometric muscle strength by manual dynamometry	PROMOT:2000002	assesses	Min 0	HP:0003701	Proximal muscle weakness
PROMOT:0000107	Evaluation of the maximum isometric muscle strength by manual dynamometry	PROMOT:2000002	assesses	Min 0	HP:0008994	Proximal muscle weakness in lower limbs
PROMOT:0000107	Evaluation of the maximum isometric muscle strength by manual dynamometry	PROMOT:2000002	assesses	Min 0	HP:0008997	Proximal muscle weakness in upper limbs
PROMOT:0000107	Evaluation of the maximum isometric muscle strength by manual dynamometry	PROMOT:2000002	assesses	Min 0	HP:0003731	Quadriceps muscle weakness
PROMOT:0000107	Evaluation of the maximum isometric muscle strength by manual dynamometry	PROMOT:2000002	assesses	Min 0	HP:0003547	Shoulder girdle muscle weakness
PROMOT:0000107	Evaluation of the maximum isometric muscle strength by manual dynamometry	PROMOT:2000002	assesses	Min 0	HP:0003484	Upper limb muscle weakness
PROMOT:0000108	Assessment of tongue strengh using Iowa Oral Performance Instrument	PROMOT:2000002	assesses	Min 0	HP:0000183	Tongue muscle weakness
PROMOT:0000113	Assessment using Fatigue Severity Scale (FSS)	PROMOT:2000002	assesses	Min 0	HP:0012378	Fatigue
ICF:1233939003	Muscles of hand	PROMOT:2000010	fonctionally related to	some	ICF:1789365017	Power of isolated muscles and muscle groups
ICF:1278239861	Muscles of ankle and foot	PROMOT:2000010	fonctionally related to	some	ICF:1789365017	Power of isolated muscles and muscle groups
ICF:1401748164	Hip joint	PROMOT:2000010	fonctionally related to	some	ICF:1748092144	Stability of a single joint
ICF:1571232890	Intercostal muscles	PROMOT:2000010	fonctionally related to	some	ICF:556694745	Power of muscles of the trunk
ICF:1650503157	Bones of ankle and foot	PROMOT:2000010	fonctionally related to	some	ICF:1789365017	Power of isolated muscles and muscle groups
ICF:169456190	Joints of head and neck region	PROMOT:2000010	fonctionally related to	some	ICF:248265067	Mobility of joint functions
ICF:1794398084	Muscles of thigh	PROMOT:2000010	fonctionally related to	some	ICF:1789365017	Power of isolated muscles and muscle groups
ICF:1867012554	Muscles of upper arm	PROMOT:2000010	fonctionally related to	some	ICF:1789365017	Power of isolated muscles and muscle groups
ICF:1874889854	Muscles of head and neck region	PROMOT:2000010	fonctionally related to	some	ICF:923782542	Swallowing
ICF:1874889854	Muscles of head and neck region	PROMOT:2000010	fonctionally related to	some	ICF:841397411	Sensation of muscle stiffness
ICF:1874889854	Muscles of head and neck region	PROMOT:2000010	fonctionally related to	some	ICF:1521707777	Endurance of muscle groups 
ICF:1874889854	Muscles of head and neck region	PROMOT:2000010	fonctionally related to	some	ICF:1521707777	Endurance of muscle groups 
ICF:1874889854	Muscles of head and neck region	PROMOT:2000010	fonctionally related to	some	ICF:1789365017	Power of isolated muscles and muscle groups
ICF:1874889854	Muscles of head and neck region	PROMOT:2000010	fonctionally related to	some	ICF:1789365017	Power of isolated muscles and muscle groups
ICF:1874889854	Muscles of head and neck region	PROMOT:2000010	fonctionally related to	some	ICF:691689627	Pharyngeal swallowing
ICF:1874889854	Muscles of head and neck region	PROMOT:2000010	fonctionally related to	some	ICF:1041382491	Oral swallowing
ICF:1874889854	Muscles of head and neck region	PROMOT:2000010	fonctionally related to	some	ICF:923782542	Swallowing
ICF:1874889854	Muscles of head and neck region	PROMOT:2000010	fonctionally related to	some	ICF:1174312718	Manipulation of food in the mouth
ICF:1874889854	Muscles of head and neck region	PROMOT:2000010	fonctionally related to	some	ICF:1389818830	Chewing
ICF:1874889854	Muscles of head and neck region	PROMOT:2000010	fonctionally related to	some	ICF:2089171534	Sucking
ICF:2067741200	Testes and scrotum	PROMOT:2000010	fonctionally related to	some	ICF:859818654	Penis, testes and scrotum development
ICF:278512890	Muscles of shoulder region	PROMOT:2000010	fonctionally related to	some	ICF:1789365017	Power of isolated muscles and muscle groups
ICF:294830867	Muscles of forearm	PROMOT:2000010	fonctionally related to	some	ICF:1789365017	Power of isolated muscles and muscle groups
ICF:338611549	Muscles of lower leg	PROMOT:2000010	fonctionally related to	some	ICF:1789365017	Power of isolated muscles and muscle groups
ICF:405925948	External ocular muscles	PROMOT:2000010	fonctionally related to	some	ICF:1789365017	Power of isolated muscles and muscle groups
ICF:405925948	External ocular muscles	PROMOT:2000010	fonctionally related to	some	ICF:1090716697	Functions of external muscles of the eye
ICF:405925948	External ocular muscles	PROMOT:2000010	fonctionally related to	some	ICF:2021370201	Functions of the eyelid
ICF:405925948	External ocular muscles	PROMOT:2000010	fonctionally related to	some	ICF:2022689055	Visual acuity functions
ICF:462923277	Joints	PROMOT:2000010	fonctionally related to	some	ICF:1757783224	Mobility of several joints
ICF:495844982	Muscles of respiration	PROMOT:2000010	fonctionally related to	some	ICF:744367503	Functions of the respiratory system
ICF:495844982	Muscles of respiration	PROMOT:2000010	fonctionally related to	some	ICF:1521707777	Endurance of muscle groups 
ICF:495844982	Muscles of respiration	PROMOT:2000010	fonctionally related to	some	ICF:1789365017	Power of isolated muscles and muscle groups
ICF:495844982	Muscles of respiration	PROMOT:2000010	fonctionally related to	some	ICF:1360101629	Respiratory muscle functions
ICF:495844982	Muscles of respiration	PROMOT:2000010	fonctionally related to	some	ICF:446199613	Respiration functions
ICF:58064740	Muscles of trunk	PROMOT:2000010	fonctionally related to	some	ICF:841397411	Sensation of muscle stiffness
ICF:58064740	Muscles of trunk	PROMOT:2000010	fonctionally related to	some	ICF:1789365017	Power of isolated muscles and muscle groups
ICF:634949825	Structure of brain	PROMOT:2000010	fonctionally related to	some	ICF:1525383756	Intellectual functions
ICF:644658903	Structures related to movement	PROMOT:2000010	fonctionally related to	some	ICF:1328466963	Gait pattern functions
ICF:644658903	Structures related to movement	PROMOT:2000010	fonctionally related to	some	ICF:576915490	Involuntary movement reaction functions
ICF:68679181	Vestibular labyrinth	PROMOT:2000010	fonctionally related to	some	ICF:1831985718	Vestibular function of balance
ICF:793188683	Muscles of pelvic region	PROMOT:2000010	fonctionally related to	some	ICF:1789365017	Power of isolated muscles and muscle groups
ICF:870135798	Lungs	PROMOT:2000010	fonctionally related to	some	ICF:1470583183	Functions of breathing through the mouth
ICF:870135798	Lungs	PROMOT:2000010	fonctionally related to	some	ICF:446199613	Respiration functions
ICF:1525383756	Intellectual functions	PROMOT:2000010	is affected by	some	HP:0001249	Intellectual disability
ICF:1864074583	Energy level	PROMOT:2000010	is affected by	some	HP:0012378	Fatigue
ICF:2022689055	Visual acuity functions	PROMOT:2000010	is affected by	some	HP:0000651	Diplopia
ICF:2021370201	Functions of the eyelid	PROMOT:2000010	is affected by	Min 0	HP:0000508	Ptosis
ICF:2021370201	Functions of the eyelid	PROMOT:2000010	is affected by	Min 0	HP:0007838	Progressive ptosis
ICF:1090716697	Functions of external muscles of the eye	PROMOT:2000010	is affected by	Min 0	HP:0000597	Ophthalmoparesis
ICF:1090716697	Functions of external muscles of the eye	PROMOT:2000010	is affected by	Min 0	HP:0000602	Ophthalmoplegia
ICF:1090716697	Functions of external muscles of the eye	PROMOT:2000010	is affected by	Min 0	HP:0000544	External ophthalmoplegia
ICF:1090716697	Functions of external muscles of the eye	PROMOT:2000010	is affected by	Min 0	HP:0007941	Limited extraocular movements
ICF:1831985718	Vestibular function of balance	PROMOT:2000010	is affected by	some	HP:0002141	Gait imbalance
ICF:893697482	Generalized pain	PROMOT:2000010	is affected by	Min 0	HP:0012531	Pain
ICF:893697482	Generalized pain	PROMOT:2000010	is affected by	Min 0	HP:0003326	Myalgia
ICF:299098423	Pain in head and neck	PROMOT:2000010	is affected by	Min 0	HP:0032043	Odynophagia
ICF:299098423	Pain in head and neck	PROMOT:2000010	is affected by	Min 0	HP:0012531	Pain
ICF:299098423	Pain in head and neck	PROMOT:2000010	is affected by	Min 0	HP:0003326	Myalgia
ICF:117147127	Pain in chest	PROMOT:2000010	is affected by	Min 0	HP:0012531	Pain
ICF:117147127	Pain in chest	PROMOT:2000010	is affected by	Min 0	HP:0003326	Myalgia
ICF:1065560247	Pain in stomach or abdomen	PROMOT:2000010	is affected by	Min 0	HP:0012531	Pain
ICF:1065560247	Pain in stomach or abdomen	PROMOT:2000010	is affected by	Min 0	HP:0003326	Myalgia
ICF:682314871	Pain in back	PROMOT:2000010	is affected by	Min 0	HP:0012531	Pain
ICF:682314871	Pain in back	PROMOT:2000010	is affected by	Min 0	HP:0003326	Myalgia
ICF:1299345975	Pain in upper limb	PROMOT:2000010	is affected by	Min 0	HP:0012531	Pain
ICF:1299345975	Pain in upper limb	PROMOT:2000010	is affected by	Min 0	HP:0003326	Myalgia
ICF:1515853559	Pain in lower limb	PROMOT:2000010	is affected by	Min 0	HP:0012531	Pain
ICF:1515853559	Pain in lower limb	PROMOT:2000010	is affected by	Min 0	HP:0003326	Myalgia
ICF:454325322	Pain in multiple body parts	PROMOT:2000010	is affected by	Min 0	HP:0012531	Pain
ICF:712570723	Voice functions	PROMOT:2000010	is affected by	Min 0	HP:0001618	Dysphonia
ICF:712570723	Voice functions	PROMOT:2000010	is affected by	Min 0	HP:0001609	Hoarse voice
ICF:1846694084	Quality of voice	PROMOT:2000010	is affected by	Min 0	HP:6001011	Wet voice
ICF:1846694084	Quality of voice	PROMOT:2000010	is affected by	Min 0	HP:0001611	Hypernasal speech
ICF:1919311435	Articulation functions	PROMOT:2000010	is affected by	some	HP:0001260	Dysarthria
ICF:2069371821	Rhythm of speech	PROMOT:2000010	is affected by	some	HP:0001618	Dysphonia
ICF:1109440237	Speed of speech	PROMOT:2000010	is affected by	some	HP:0001618	Dysphonia
ICF:1426641453	Melody of speech	PROMOT:2000010	is affected by	some	HP:0001618	Dysphonia
ICF:1034220517	Alternative vocalization functions	PROMOT:2000010	is affected by	Min 0	HP:0001618	Dysphonia
ICF:1034220517	Alternative vocalization functions	PROMOT:2000010	is affected by	Min 0	HP:0001612	Weak cry
ICF:446199613	Respiration functions	PROMOT:2000010	is affected by	Min 0	HP:0002098	Respiratory distress
ICF:446199613	Respiration functions	PROMOT:2000010	is affected by	Min 0	HP:0002094	Dyspnea
ICF:446199613	Respiration functions	PROMOT:2000010	is affected by	Min 0	HP:0002747	Respiratory insufficiency due to muscle weakness
ICF:446199613	Respiration functions	PROMOT:2000010	is affected by	Min 0	HP:0002093	Respiratory insufficiency
ICF:446199613	Respiration functions	PROMOT:2000010	is affected by	Min 0	HP:0004347	Weakness of muscles of respiration
ICF:446199613	Respiration functions	PROMOT:2000010	is affected by	Min 0	HP:0032341	Reduced forced vital capacity
ICF:1360101629	Respiratory muscle functions	PROMOT:2000010	is affected by	Min 0	HP:0002098	Respiratory distress
ICF:1360101629	Respiratory muscle functions	PROMOT:2000010	is affected by	Min 0	HP:0002094	Dyspnea
ICF:1360101629	Respiratory muscle functions	PROMOT:2000010	is affected by	Min 0	HP:0002747	Respiratory insufficiency due to muscle weakness
ICF:1360101629	Respiratory muscle functions	PROMOT:2000010	is affected by	Min 0	HP:0002093	Respiratory insufficiency
ICF:1360101629	Respiratory muscle functions	PROMOT:2000010	is affected by	Min 0	HP:0004347	Weakness of muscles of respiration
ICF:1360101629	Respiratory muscle functions	PROMOT:2000010	is affected by	Min 0	HP:0032341	Reduced forced vital capacity
ICF:1470583183	Functions of breathing through the mouth	PROMOT:2000010	is affected by	Min 0	HP:0002104	Apnea
ICF:1470583183	Functions of breathing through the mouth	PROMOT:2000010	is affected by	Min 0	HP:0002878	Respiratory failure
ICF:1470583183	Functions of breathing through the mouth	PROMOT:2000010	is affected by	Min 0	HP:0004887	Respiratory failure requiring assisted ventilation
ICF:1470583183	Functions of breathing through the mouth	PROMOT:2000010	is affected by	Min 0	HP:0002643	Neonatal respiratory distress
ICF:1470583183	Functions of breathing through the mouth	PROMOT:2000010	is affected by	Min 0	HP:0005949	Apneic episodes in infancy
ICF:1470583183	Functions of breathing through the mouth	PROMOT:2000010	is affected by	Min 0	HP:0004889	Intermittent episodes of respiratory insufficiency due to muscle weakness
ICF:1470583183	Functions of breathing through the mouth	PROMOT:2000010	is affected by	Min 0	HP:0004347	Weakness of muscles of respiration
ICF:1470583183	Functions of breathing through the mouth	PROMOT:2000010	is affected by	Min 0	HP:0004885	Episodic respiratory distress
ICF:1083127119	Functions of coughing	PROMOT:2000010	is affected by	some	HP:0012735	Cough 
ICF:2089171534	Sucking	PROMOT:2000010	is affected by	Min 0	HP:0011968	Feeding difficulties
ICF:2089171534	Sucking	PROMOT:2000010	is affected by	Min 0	HP:0008872	Feeding difficulties in infancy
ICF:2089171534	Sucking	PROMOT:2000010	is affected by	Min 0	HP:0002033	Poor suck
ICF:1806589582	Biting	PROMOT:2000010	is affected by	Min 0	HP:0011968	Feeding difficulties
ICF:1806589582	Biting	PROMOT:2000010	is affected by	Min 0	HP:0008872	Feeding difficulties in infancy
ICF:1389818830	Chewing	PROMOT:2000010	is affected by	Min 0	HP:0005216	Impaired mastication
ICF:1389818830	Chewing	PROMOT:2000010	is affected by	Min 0	HP:0030193	Fatigable weakness of chewing muscles
ICF:1389818830	Chewing	PROMOT:2000010	is affected by	Min 0	HP:0011968	Feeding difficulties
ICF:1389818830	Chewing	PROMOT:2000010	is affected by	Min 0	HP:0008872	Feeding difficulties in infancy
ICF:1174312718	Manipulation of food in the mouth	PROMOT:2000010	is affected by	Min 0	HP:0031146	Impaired oral bolus formation
ICF:1174312718	Manipulation of food in the mouth	PROMOT:2000010	is affected by	Min 0	HP:0011968	Feeding difficulties
ICF:1174312718	Manipulation of food in the mouth	PROMOT:2000010	is affected by	Min 0	HP:0008872	Feeding difficulties in infancy
ICF:539470158	Salivation	PROMOT:2000010	is affected by	Min 0	HP:0011968	Feeding difficulties
ICF:539470158	Salivation	PROMOT:2000010	is affected by	Min 0	HP:0008872	Feeding difficulties in infancy
ICF:923782542	Swallowing	PROMOT:2000010	is affected by	Min 0	HP:0002015	Dysphagia
ICF:923782542	Swallowing	PROMOT:2000010	is affected by	Min 0	HP:0002068	Neuromuscular dysphagia
ICF:923782542	Swallowing	PROMOT:2000010	is affected by	Min 0	HP:0200136	Oral-pharyngeal dysphagia
ICF:923782542	Swallowing	PROMOT:2000010	is affected by	Min 0	HP:0011968	Feeding difficulties
ICF:923782542	Swallowing	PROMOT:2000010	is affected by	Min 0	HP:0008872	Feeding difficulties in infancy
ICF:1041382491	Oral swallowing	PROMOT:2000010	is affected by	some	HP:0031162	Impaired oropharyngeal swallow response
ICF:691689627	Pharyngeal swallowing	PROMOT:2000010	is affected by	some	HP:0031162	Impaired oropharyngeal swallow response
ICF:862066979	Weight maintenance functions	PROMOT:2000010	is affected by	some	HP:0004325	Decreased body weight
ICF:2090906765	Thermoregulatory functions	PROMOT:2000010	is affected by	some	HP:0002047	Malignant hyperthermia
ICF:859818654	Penis, testes and scrotum development	PROMOT:2000010	is affected by	some	HP:0000028	Cryptorchidism
ICF:248265067	Mobility of joint functions	PROMOT:2000010	is affected by	some	HP:0003306	Spinal rigidity
ICF:1757783224	Mobility of several joints	PROMOT:2000010	is affected by	Min 0	HP:0002828	Multiple joint contractures
ICF:1757783224	Mobility of several joints	PROMOT:2000010	is affected by	Min 0	HP:0002804	Arthrogryposis multiplex congenita
ICF:1757783224	Mobility of several joints	PROMOT:2000010	is affected by	Min 0	HP:0001387	Joint stiffness
ICF:1789365017	Power of isolated muscles and muscle groups	PROMOT:2000010	is affected by	Min 0	HP:0000467	Neck muscle weakness
ICF:1789365017	Power of isolated muscles and muscle groups	PROMOT:2000010	is affected by	Min 0	HP:0030319	Weakness of facial musculature
ICF:1789365017	Power of isolated muscles and muscle groups	PROMOT:2000010	is affected by	Min 0	HP:0007715	Weak extraocular muscles
ICF:1789365017	Power of isolated muscles and muscle groups	PROMOT:2000010	is affected by	Min 0	HP:0000597	Ophthalmoparesis
ICF:1789365017	Power of isolated muscles and muscle groups	PROMOT:2000010	is affected by	Min 0	HP:0009023	Abdominal wall muscle weakness
ICF:1789365017	Power of isolated muscles and muscle groups	PROMOT:2000010	is affected by	Min 0	HP:0003327	Axial muscle weakness
ICF:1789365017	Power of isolated muscles and muscle groups	PROMOT:2000010	is affected by	Min 0	HP:0003722	Neck flexor weakness
ICF:1789365017	Power of isolated muscles and muscle groups	PROMOT:2000010	is affected by	Min 0	HP:0008994	Proximal muscle weakness in lower limbs
ICF:1789365017	Power of isolated muscles and muscle groups	PROMOT:2000010	is affected by	Min 0	HP:0003749	Pelvic girdle muscle weakness / Hip girdle weakness
ICF:1789365017	Power of isolated muscles and muscle groups	PROMOT:2000010	is affected by	Min 0	HP:0003731	Quadriceps muscle weakness
ICF:1789365017	Power of isolated muscles and muscle groups	PROMOT:2000010	is affected by	Min 0	HP:0033416	Hip adductor weakness
ICF:1789365017	Power of isolated muscles and muscle groups	PROMOT:2000010	is affected by	Min 0	HP:0012515	Hip flexor weakness
ICF:1789365017	Power of isolated muscles and muscle groups	PROMOT:2000010	is affected by	Min 0	HP:0008997	Proximal muscle weakness in upper limbs
ICF:1789365017	Power of isolated muscles and muscle groups	PROMOT:2000010	is affected by	Min 0	HP:0003547	Shoulder girdle muscle weakness
ICF:1789365017	Power of isolated muscles and muscle groups	PROMOT:2000010	is affected by	Min 0	HP:0031108	Triceps weakness
ICF:1789365017	Power of isolated muscles and muscle groups	PROMOT:2000010	is affected by	Min 0	HP:0009053	Distal lower limb muscle weakness
ICF:1789365017	Power of isolated muscles and muscle groups	PROMOT:2000010	is affected by	Min 0	HP:0009027	Foot dorsiflexor weakness
ICF:1789365017	Power of isolated muscles and muscle groups	PROMOT:2000010	is affected by	Min 0	HP:0011727	Peroneal muscle weakness
ICF:1789365017	Power of isolated muscles and muscle groups	PROMOT:2000010	is affected by	Min 0	HP:0008963	Tibialis muscle weakness
ICF:1789365017	Power of isolated muscles and muscle groups	PROMOT:2000010	is affected by	Min 0	HP:0031374	Ankle weakness
ICF:1789365017	Power of isolated muscles and muscle groups	PROMOT:2000010	is affected by	Min 0	HP:0008959	Distal upper limb muscle weakness
ICF:1789365017	Power of isolated muscles and muscle groups	PROMOT:2000010	is affected by	Min 0	HP:0030237	Hand muscle weakness
ICF:1789365017	Power of isolated muscles and muscle groups	PROMOT:2000010	is affected by	Min 0	HP:0009077	Weakness of long finger extensor muscles
ICF:1789365017	Power of isolated muscles and muscle groups	PROMOT:2000010	is affected by	Min 0	HP:0009005	Weakness of the intrinsic hand muscles
ICF:1789365017	Power of isolated muscles and muscle groups	PROMOT:2000010	is affected by	Min 0	HP:0031177	Finger flexor weakness
ICF:1789365017	Power of isolated muscles and muscle groups	PROMOT:2000010	is affected by	Min 0	HP:0003392	First dorsal interossei muscle weakness
ICF:1789365017	Power of isolated muscles and muscle groups	PROMOT:2000010	is affected by	Min 0	HP:0003427	Thenar muscle weakness
ICF:1789365017	Power of isolated muscles and muscle groups	PROMOT:2000010	is affected by	Min 0	HP:0003701	Proximal muscle weakness
ICF:1789365017	Power of isolated muscles and muscle groups	PROMOT:2000010	is affected by	Min 0	HP:0002460	Distal muscle weakness
ICF:1789365017	Power of isolated muscles and muscle groups	PROMOT:2000010	is affected by	Min 0	HP:0007340	Lower limb muscle weakness
ICF:1789365017	Power of isolated muscles and muscle groups	PROMOT:2000010	is affected by	Min 0	HP:0003484	Upper limb muscle weakness
ICF:1789365017	Power of isolated muscles and muscle groups	PROMOT:2000010	is affected by	Min 0	HP:0003325	Limb-girdle muscle weakness
ICF:1789365017	Power of isolated muscles and muscle groups	PROMOT:2000010	is affected by	Min 0	HP:0003690	Limb muscle weakness
ICF:1789365017	Power of isolated muscles and muscle groups	PROMOT:2000010	is affected by	Min 0	HP:0009063	Progressive distal muscle weakness
ICF:1789365017	Power of isolated muscles and muscle groups	PROMOT:2000010	is affected by	Min 0	HP:0009073	Progressive proximal muscle weakness
ICF:1789365017	Power of isolated muscles and muscle groups	PROMOT:2000010	is affected by	Min 0	HP:0005216	Impaired mastication
ICF:1789365017	Power of isolated muscles and muscle groups	PROMOT:2000010	is affected by	Min 0	HP:0031146	Impaired oral bolus formation
ICF:1789365017	Power of isolated muscles and muscle groups	PROMOT:2000010	is affected by	Min 0	HP:0004347	Weakness of muscles of respiration
ICF:1789365017	Power of isolated muscles and muscle groups	PROMOT:2000010	is affected by	Min 0	HP:0000602	Ophthalmoplegia
ICF:1789365017	Power of isolated muscles and muscle groups	PROMOT:2000010	is affected by	Min 0	HP:0000544	External ophthalmoplegia
ICF:1789365017	Power of isolated muscles and muscle groups	PROMOT:2000010	is affected by	Min 0	HP:0000508	Ptosis
ICF:1789365017	Power of isolated muscles and muscle groups	PROMOT:2000010	is affected by	Min 0	HP:0000183	Tongue muscle weakness
ICF:1789365017	Power of isolated muscles and muscle groups	PROMOT:2000010	is affected by	Min 0	HP:0007838	Progressive ptosis
ICF:1789365017	Power of isolated muscles and muscle groups	PROMOT:2000010	is affected by	Min 0	HP:0012473	Tongue atrophy
ICF:1789365017	Power of isolated muscles and muscle groups	PROMOT:2000010	is affected by	Min 0	HP:0008988	Pelvic girdle muscle atrophy
ICF:1789365017	Power of isolated muscles and muscle groups	PROMOT:2000010	is affected by	Min 0	HP:0033466	Weak grip
ICF:1789365017	Power of isolated muscles and muscle groups	PROMOT:2000010	is affected by	Min 0	HP:0012497	Reduced maximal expiratory pressure
ICF:1789365017	Power of isolated muscles and muscle groups	PROMOT:2000010	is affected by	Min 0	HP:0030193	Fatigable weakness of chewing muscles
ICF:1789365017	Power of isolated muscles and muscle groups	PROMOT:2000010	is affected by	Min 0	HP:0030000	EMG: repetitive nerve stimulation abnormality
ICF:1789365017	Power of isolated muscles and muscle groups	PROMOT:2000010	is affected by	Min 0	HP:0003398	Abnormal synaptic transmission at the neuromuscular junction 
ICF:1789365017	Power of isolated muscles and muscle groups	PROMOT:2000010	is affected by	Min 0	HP:0003458	EMG: myopathic abnormalities
ICF:1789365017	Power of isolated muscles and muscle groups	PROMOT:2000010	is affected by	Min 0	HP:0003445	EMG: neuropathic changes
ICF:1789365017	Power of isolated muscles and muscle groups	PROMOT:2000010	is affected by	Min 0	HP:0003403	EMG: decremental response of compound muscle action potential to repetitive nerve stimulation  
ICF:1789365017	Power of isolated muscles and muscle groups	PROMOT:2000010	is affected by	Min 0	HP:0003473	Fatigable weakness
ICF:1789365017	Power of isolated muscles and muscle groups	PROMOT:2000010	is affected by	Min 0	HP:0009028	Generalized weakness of limb muscles
ICF:1789365017	Power of isolated muscles and muscle groups	PROMOT:2000010	is affected by	Min 0	HP:0003694	Late-onset proximal muscle weakness
ICF:1789365017	Power of isolated muscles and muscle groups	PROMOT:2000010	is affected by	Min 0	HP:0003810	Late-onset distal muscle weakness
ICF:1789365017	Power of isolated muscles and muscle groups	PROMOT:2000010	is affected by	Min 0	HP:0000496	Abnormality of eye movement
ICF:1789365017	Power of isolated muscles and muscle groups	PROMOT:2000010	is affected by	Min 0	HP:0007941	Limited extraocular movements
ICF:1789365017	Power of isolated muscles and muscle groups	PROMOT:2000010	is affected by	Min 0	HP:0030006	Single fiber EMG abnormality
ICF:1789365017	Power of isolated muscles and muscle groups	PROMOT:2000010	is affected by	Min 0	HP:0030205	Increased jitter at single fiber EMG
ICF:1789365017	Power of isolated muscles and muscle groups	PROMOT:2000010	is affected by	Min 0	HP:0002058	Myopathic facies
ICF:1789365017	Power of isolated muscles and muscle groups	PROMOT:2000010	is affected by	Min 0	HP:0001761	Pes cavus
ICF:1789365017	Power of isolated muscles and muscle groups	PROMOT:2000010	is affected by	Min 0	HP:0003457	EMG abnormality
ICF:1789365017	Power of isolated muscles and muscle groups	PROMOT:2000010	is affected by	Min 0	HP:0000486	Strabismus
ICF:556694745	Power of muscles of the trunk	PROMOT:2000010	is affected by	some	HP:0004878	Intercostal muscle weakness
ICF:260756767	Tone of all muscles of the body	PROMOT:2000010	is affected by	Min 0	HP:0001252	Hypotonia
ICF:260756767	Tone of all muscles of the body	PROMOT:2000010	is affected by	Min 0	HP:0001319	Neonatal hypotonia
ICF:1521707777	Endurance of muscle groups 	PROMOT:2000010	is affected by	some	HP:0003473	Fatigable weakness
ICF:1674298945	Endurance of all muscles of the body	PROMOT:2000010	is affected by	some	HP:0003473	Fatigable weakness
ICF:1434015402	Stretch motor reflex	PROMOT:2000010	is affected by	Min 0	HP:0001315	Reduced tendon reflexes 
ICF:1434015402	Stretch motor reflex	PROMOT:2000010	is affected by	Min 0	HP:0031826	Abnormal reflex
ICF:1434015402	Stretch motor reflex	PROMOT:2000010	is affected by	Min 0	HP:0001284	Areflexia
ICF:1434015402	Stretch motor reflex	PROMOT:2000010	is affected by	Min 0	HP:0001265	Hyporeflexia
ICF:1434015402	Stretch motor reflex	PROMOT:2000010	is affected by	Min 0	HP:0002600	Hyporeflexia of lower limbs
ICF:1434015402	Stretch motor reflex	PROMOT:2000010	is affected by	Min 0	HP:0002522	Areflexia of lower limbs
ICF:576915490	Involuntary movement reaction functions	PROMOT:2000010	is affected by	some	HP:0002141	Gait imbalance
ICF:1328466963	Gait pattern functions	PROMOT:2000010	is affected by	Min 0	HP:0001288	Gait disturbance
ICF:1328466963	Gait pattern functions	PROMOT:2000010	is affected by	Min 0	HP:0002515	Waddling gait
ICF:1328466963	Gait pattern functions	PROMOT:2000010	is affected by	Min 0	HP:0002540	Inability to walk
ICF:1328466963	Gait pattern functions	PROMOT:2000010	is affected by	Min 0	HP:0009046	Difficulty running
ICF:1328466963	Gait pattern functions	PROMOT:2000010	is affected by	Min 0	HP:0002505	Loss of ambulation
ICF:1405368356	Sensations related to muscles and movement functions	PROMOT:2000010	is affected by	some	HP:0003394	Muscle spasm
ICF:841397411	Sensation of muscle stiffness	PROMOT:2000010	is affected by	Min 0	HP:0003306	Spinal rigidity
ICF:841397411	Sensation of muscle stiffness 	PROMOT:2000010	is affected by	Min 0	HP:0003552	Muscle stiffness
ICF:621727843	Sensation of muscle spasm 	PROMOT:2000010	is affected by	some	HP:0003394	Muscle spasm
ICF:744367503	Functions of the respiratory system	PROMOT:2000010	is affected by	Min 0	HP:0002104	Apnea
ICF:744367503	Functions of the respiratory system	PROMOT:2000010	is affected by	Min 0	HP:0002878	Respiratory failure
ICF:744367503	Functions of the respiratory system	PROMOT:2000010	is affected by	Min 0	HP:0004887	Respiratory failure requiring assisted ventilation
ICF:744367503	Functions of the respiratory system	PROMOT:2000010	is affected by	Min 0	HP:0002643	Neonatal respiratory distress
ICF:744367503	Functions of the respiratory system	PROMOT:2000010	is affected by	Min 0	HP:0005949	Apneic episodes in infancy
ICF:744367503	Functions of the respiratory system	PROMOT:2000010	is affected by	Min 0	HP:0004889	Intermittent episodes of respiratory insufficiency due to muscle weakness
ICF:744367503	Functions of the respiratory system	PROMOT:2000010	is affected by	Min 0	HP:0004347	Weakness of muscles of respiration
ICF:744367503	Functions of the respiratory system	PROMOT:2000010	is affected by	Min 0	HP:0004885	Episodic respiratory distress
ICF:1363559646	Mental functions	PROMOT:2000010	is affected by	some	HP:0001249	Intellectual disability
ICF:923782542	Swallowing	PROMOT:2000010	is affected by	Min 0	HP:0032043	Odynophagia
ICF:151046878	Speaking	PROMOT:2000010	is affected by	Min 0	HP:0001618	Dysphonia
ICF:151046878	Speaking	PROMOT:2000010	is affected by	Min 0	HP:0000183	Tongue muscle weakness
ICF:151046878	Speaking	PROMOT:2000010	is affected by	Min 0	HP:6001011	Wet voice
ICF:151046878	Speaking	PROMOT:2000010	is affected by	Min 0	HP:0012473	Tongue atrophy
ICF:151046878	Speaking	PROMOT:2000010	is affected by	Min 0	HP:0001611	Hypernasal speech
ICF:151046878	Speaking	PROMOT:2000010	is affected by	Min 0	HP:0001260	Dysarthria
ICF:855039967	Sitting	PROMOT:2000010	is affected by	some	HP:0001270	Motor delay
ICF:1462755743	Standing	PROMOT:2000010	is affected by	some	HP:0001270	Motor delay
ICF:1851215071	Rolling over	PROMOT:2000010	is affected by	some	HP:0001270	Motor delay
ICF:623565657	Maintaining a sitting position	PROMOT:2000010	is affected by	some	HP:0001270	Motor delay
ICF:485719194	Maintaining a standing position	PROMOT:2000010	is affected by	some	HP:0001270	Motor delay
ICF:1474003417	Maintaining head position	PROMOT:2000010	is affected by	some	HP:0001270	Motor delay
ICF:1550548595	Walking	PROMOT:2000010	is affected by	Min 0	HP:0001270	Motor delay
ICF:1550548595	Walking	PROMOT:2000010	is affected by	Min 0	HP:0031936	Delayed ability to walk 
ICF:1550548595	Walking	PROMOT:2000010	is affected by	Min 0	HP:0002515	Waddling gait
ICF:1550548595	Walking	PROMOT:2000010	is affected by	Min 0	HP:0002359	Frequent falls
ICF:1550548595	Walking	PROMOT:2000010	is affected by	Min 0	HP:0002540	Inability to walk
ICF:1550548595	Walking	PROMOT:2000010	is affected by	Min 0	HP:0002505	Loss of ambulation
ICF:1550548595	Walking	PROMOT:2000010	is affected by	Min 0	HP:0001288	Gait disturbance
ICF:1550548595	Walking on different surfaces	PROMOT:2000010	is affected by	some	HP:0002141	Gait imbalance
ICF:409094401	Walking around obstacles	PROMOT:2000010	is affected by	some	HP:0002141	Gait imbalance
ICF:1993770860	Going up and down stairs	PROMOT:2000010	is affected by	Min 0	HP:0003551	Difficulty climbing stairs
ICF:1993770860	Going up and down stairs	PROMOT:2000010	is affected by	Min 0	HP:0033235	Difficulty descending stairs
ICF:919003335	Crawling	PROMOT:2000010	is affected by	some	HP:0001270	Motor delay
ICF:412494151	Running 	PROMOT:2000010	is affected by	some	HP:0009046	Difficulty running
ICF:1328675264	Eating	PROMOT:2000010	is affected by	Min 0	HP:0030319	Weakness of facial musculature
ICF:1328675264	Eating	PROMOT:2000010	is affected by	Min 0	HP:0005216	Impaired mastication
ICF:1328675264	Eating	PROMOT:2000010	is affected by	Min 0	HP:0030842	Choking episodes
ICF:1328675264	Eating	PROMOT:2000010	is affected by	Min 0	HP:0031146	Impaired oral bolus formation
ICF:1328675264	Eating	PROMOT:2000010	is affected by	Min 0	HP:0031162	Impaired oropharyngeal swallow response
ICF:1328675264	Eating	PROMOT:2000010	is affected by	Min 0	HP:0032043	Odynophagia
ICF:1328675264	Eating	PROMOT:2000010	is affected by	Min 0	HP:0002015	Dysphagia
ICF:1328675264	Eating	PROMOT:2000010	is affected by	Min 0	HP:0002068	Neuromuscular dysphagia
ICF:1328675264	Eating	PROMOT:2000010	is affected by	Min 0	HP:0200136	Oral-pharyngeal dysphagia
ICF:1328675264	Eating	PROMOT:2000010	is affected by	Min 0	HP:0000183	Tongue muscle weakness
ICF:1328675264	Eating	PROMOT:2000010	is affected by	Min 0	HP:0012473	Tongue atrophy
ICF:1328675264	Eating	PROMOT:2000010	is affected by	Min 0	HP:0030193	Fatigable weakness of chewing muscles
ICF:1328675264	Eating	PROMOT:2000010	is affected by	Min 0	HP:0011968	Feeding difficulties
ICF:1328675264	Eating	PROMOT:2000010	is affected by	Min 0	HP:0008872	Feeding difficulties in infancy
ICF:1328675264	Eating	PROMOT:2000010	is affected by	Min 0	HP:0002033	Poor suck
ICF:1328675264	Eating	PROMOT:2000010	is affected by	Min 0	HP:0025156	Dependency on intravenous nutrition
ICF:1328675264	Eating	PROMOT:2000010	is affected by	Min 0	HP:0033994	Dependency on parenteral nutrition
ICF:1328675264	Eating	PROMOT:2000010	is affected by	Min 0	HP:0030884	Gastrojejunal tube feeding in infancy
ICF:1328675264	Eating	PROMOT:2000010	is affected by	Min 0	HP:0040288	Nasogastric tube feeding
ICF:1328675264	Eating	PROMOT:2000010	is affected by	Min 0	HP:0031063	Impaired feeding ability
ICF:1328675264	Eating	PROMOT:2000010	is affected by	Min 0	HP:0033454	Tube feeding
ICF:1328675264	Eating	PROMOT:2000010	is affected by	Min 0	HP:0011471	Gastrostomy tube feeding in infancy
ICF:1328675264	Eating	PROMOT:2000010	is affected by	Min 0	HP:0011470	Nasogastric tube feeding in infancy
ICF:553784299	Drinking	PROMOT:2000010	is affected by	Min 0	HP:0000183	Tongue muscle weakness
ICF:553784299	Drinking	PROMOT:2000010	is affected by	Min 0	HP:0012473	Tongue atrophy
ICF:553784299	Drinking	PROMOT:2000010	is affected by	Min 0	HP:0011968	Feeding difficulties
ICF:553784299	Drinking	PROMOT:2000010	is affected by	Min 0	HP:0008872	Feeding difficulties in infancy
ICF:553784299	Drinking	PROMOT:2000010	is affected by	Min 0	HP:0002033	Poor suck
ICF:553784299	Drinking	PROMOT:2000010	is affected by	Min 0	HP:0025156	Dependency on intravenous nutrition
ICF:553784299	Drinking	PROMOT:2000010	is affected by	Min 0	HP:0033994	Dependency on parenteral nutrition
ICF:553784299	Drinking	PROMOT:2000010	is affected by	Min 0	HP:0030884	Gastrojejunal tube feeding in infancy
ICF:553784299	Drinking	PROMOT:2000010	is affected by	Min 0	HP:0040288	Nasogastric tube feeding
ICF:553784299	Drinking	PROMOT:2000010	is affected by	Min 0	HP:0031063	Impaired feeding ability
ICF:553784299	Drinking	PROMOT:2000010	is affected by	Min 0	HP:0033454	Tube feeding
ICF:553784299	Drinking	PROMOT:2000010	is affected by	Min 0	HP:0011471	Gastrostomy tube feeding in infancy
ICF:553784299	Drinking	PROMOT:2000010	is affected by	Min 0	HP:0011470	Nasogastric tube feeding in infancy
ICF:1535125568	Domestic life	PROMOT:2000010	is affected by	some	HP:0031058	Impairment of activities of daily living
ICF:553784299	Drinking	PROMOT:2000010	is affected by	Min 0	HP:0031146	Impaired oral bolus formation
ICF:553784299	Drinking	PROMOT:2000010	is affected by	Min 0	HP:0031162	Impaired oropharyngeal swallow response
ICF:553784299	Drinking	PROMOT:2000010	is affected by	Min 0	HP:0032043	Odynophagia
ICF:553784299	Drinking	PROMOT:2000010	is affected by	Min 0	HP:0002015	Dysphagia
ICF:553784299	Drinking	PROMOT:2000010	is affected by	Min 0	HP:0002068	Neuromuscular dysphagia
ICF:553784299	Drinking	PROMOT:2000010	is affected by	Min 0	HP:0200136	Oral-pharyngeal dysphagia
ICF:49044301	Education	PROMOT:2000010	is affected by	some	HP:0033695	Occupational disability
ICF:2048203604	Mobility	PROMOT:2000010	is affected by	Min 0	HP:0000467	Neck muscle weakness
ICF:2048203604	Mobility	PROMOT:2000010	is affected by	Min 0	HP:0003327	Axial muscle weakness
ICF:2048203604	Mobility	PROMOT:2000010	is affected by	Min 0	HP:0002172	Postural instability
ICF:2048203604	Mobility	PROMOT:2000010	is affected by	Min 0	HP:0002317	Unsteady gait
ICF:2048203604	Mobility	PROMOT:2000010	is affected by	Min 0	HP:0008994	Proximal muscle weakness in lower limbs
ICF:2048203604	Mobility	PROMOT:2000010	is affected by	Min 0	HP:0003749	Pelvic girdle muscle weakness / Hip girdle weakness
ICF:2048203604	Mobility	PROMOT:2000010	is affected by	Min 0	HP:0003731	Quadriceps muscle weakness
ICF:2048203604	Mobility	PROMOT:2000010	is affected by	Min 0	HP:0033416	Hip adductor weakness
ICF:2048203604	Mobility	PROMOT:2000010	is affected by	Min 0	HP:0012515	Hip flexor weakness
ICF:2048203604	Mobility	PROMOT:2000010	is affected by	Min 0	HP:0009027	Foot dorsiflexor weakness
ICF:2048203604	Mobility	PROMOT:2000010	is affected by	Min 0	HP:0011727	Peroneal muscle weakness
ICF:2048203604	Mobility	PROMOT:2000010	is affected by	Min 0	HP:0008963	Tibialis muscle weakness
ICF:2048203604	Mobility	PROMOT:2000010	is affected by	Min 0	HP:0031374	Ankle weakness
ICF:2048203604	Mobility	PROMOT:2000010	is affected by	Min 0	HP:0007340	Lower limb muscle weakness
ICF:2048203604	Mobility	PROMOT:2000010	is affected by	Min 0	HP:0008988	Pelvic girdle muscle atrophy
ICF:2048203604	Mobility	PROMOT:2000010	is affected by	Min 0	HP:0001761	Pes cavus
ICF:1608009360	Self-care	PROMOT:2000010	is affected by	some	HP:0031058	Impairment of activities of daily living
ICF:73014515	Work and employment 	PROMOT:2000010	is affected by	some	HP:0033695	Occupational disability
