Subject iri	Subject label	Predicate iri	Predicate label	Expression	Object iri	Object label
http://www.orpha.net/ORDO/Orphanet_270	OPMD	RO:0004029	disease has feature	some	HP:0000467	Neck muscle weakness
http://www.orpha.net/ORDO/Orphanet_270	OPMD	RO:0004029	disease has feature	some	HP:0030319	Weakness of facial musculature
http://www.orpha.net/ORDO/Orphanet_270	OPMD	RO:0004029	disease has feature	some	HP:0007715	Weak extraocular muscles
http://www.orpha.net/ORDO/Orphanet_270	OPMD	RO:0004029	disease has feature	some	HP:0000597	Ophthalmoparesis
http://www.orpha.net/ORDO/Orphanet_270	OPMD	RO:0004029	disease has feature	some	HP:0004878	Intercostal muscle weakness
http://www.orpha.net/ORDO/Orphanet_270	OPMD	RO:0004029	disease has feature	some	HP:0009023	Abdominal wall muscle weakness
http://www.orpha.net/ORDO/Orphanet_270	OPMD	RO:0004029	disease has feature	some	HP:0003327	Axial muscle weakness
http://www.orpha.net/ORDO/Orphanet_270	OPMD	RO:0004029	disease has feature	some	HP:0003722	Neck flexor weakness
http://www.orpha.net/ORDO/Orphanet_270	OPMD	RO:0004029	disease has feature	some	HP:0002141	Gait imbalance
http://www.orpha.net/ORDO/Orphanet_270	OPMD	RO:0004029	disease has feature	some	HP:0002172	Postural instability
http://www.orpha.net/ORDO/Orphanet_270	OPMD	RO:0004029	disease has feature	some	HP:0002317	Unsteady gait
http://www.orpha.net/ORDO/Orphanet_270	OPMD	RO:0004029	disease has feature	some	HP:0003551	Difficulty climbing stairs
http://www.orpha.net/ORDO/Orphanet_270	OPMD	RO:0004029	disease has feature	some	HP:0033235	Difficulty descending stairs
http://www.orpha.net/ORDO/Orphanet_270	OPMD	RO:0004029	disease has feature	some	HP:0008994	Proximal muscle weakness in lower limbs
http://www.orpha.net/ORDO/Orphanet_270	OPMD	RO:0004029	disease has feature	some	HP:0003749	Pelvic girdle muscle weakness / Hip girdle weakness
http://www.orpha.net/ORDO/Orphanet_270	OPMD	RO:0004029	disease has feature	some	HP:0003731	Quadriceps muscle weakness
http://www.orpha.net/ORDO/Orphanet_270	OPMD	RO:0004029	disease has feature	some	HP:0033416	Hip adductor weakness
http://www.orpha.net/ORDO/Orphanet_270	OPMD	RO:0004029	disease has feature	some	HP:0012515	Hip flexor weakness
http://www.orpha.net/ORDO/Orphanet_270	OPMD	RO:0004029	disease has feature	some	HP:0008997	Proximal muscle weakness in upper limbs
http://www.orpha.net/ORDO/Orphanet_270	OPMD	RO:0004029	disease has feature	some	HP:0003547	Shoulder girdle muscle weakness
http://www.orpha.net/ORDO/Orphanet_270	OPMD	RO:0004029	disease has feature	some	HP:0031108	Triceps weakness
http://www.orpha.net/ORDO/Orphanet_270	OPMD	RO:0004029	disease has feature	some	HP:0009053	Distal lower limb muscle weakness
http://www.orpha.net/ORDO/Orphanet_270	OPMD	RO:0004029	disease has feature	some	HP:0009027	Foot dorsiflexor weakness
http://www.orpha.net/ORDO/Orphanet_270	OPMD	RO:0004029	disease has feature	some	HP:0011727	Peroneal muscle weakness
http://www.orpha.net/ORDO/Orphanet_270	OPMD	RO:0004029	disease has feature	some	HP:0008963	Tibialis muscle weakness
http://www.orpha.net/ORDO/Orphanet_270	OPMD	RO:0004029	disease has feature	some	HP:0031374	Ankle weakness
http://www.orpha.net/ORDO/Orphanet_270	OPMD	RO:0004029	disease has feature	some	HP:0008959	Distal upper limb muscle weakness
http://www.orpha.net/ORDO/Orphanet_270	OPMD	RO:0004029	disease has feature	some	HP:0030237	Hand muscle weakness
http://www.orpha.net/ORDO/Orphanet_270	OPMD	RO:0004029	disease has feature	some	HP:0009077	Weakness of long finger extensor muscles
http://www.orpha.net/ORDO/Orphanet_270	OPMD	RO:0004029	disease has feature	some	HP:0009005	Weakness of the intrinsic hand muscles
http://www.orpha.net/ORDO/Orphanet_270	OPMD	RO:0004029	disease has feature	some	HP:0031177	Finger flexor weakness
http://www.orpha.net/ORDO/Orphanet_270	OPMD	RO:0004029	disease has feature	some	HP:0003392	First dorsal interossei muscle weakness
http://www.orpha.net/ORDO/Orphanet_270	OPMD	RO:0004029	disease has feature	some	HP:0003427	Thenar muscle weakness
http://www.orpha.net/ORDO/Orphanet_270	OPMD	RO:0004029	disease has feature	some	HP:0003701	Proximal muscle weakness
http://www.orpha.net/ORDO/Orphanet_270	OPMD	RO:0004029	disease has feature	some	HP:0002460	Distal muscle weakness
http://www.orpha.net/ORDO/Orphanet_270	OPMD	RO:0004029	disease has feature	some	HP:0007340	Lower limb muscle weakness
http://www.orpha.net/ORDO/Orphanet_270	OPMD	RO:0004029	disease has feature	some	HP:0003484	Upper limb muscle weakness
http://www.orpha.net/ORDO/Orphanet_270	OPMD	RO:0004029	disease has feature	some	HP:0003325	Limb-girdle muscle weakness
http://www.orpha.net/ORDO/Orphanet_270	OPMD	RO:0004029	disease has feature	some	HP:0003690	Limb muscle weakness
http://www.orpha.net/ORDO/Orphanet_270	OPMD	RO:0004029	disease has feature	some	HP:0009063	Progressive distal muscle weakness
http://www.orpha.net/ORDO/Orphanet_270	OPMD	RO:0004029	disease has feature	some	HP:0009073	Progressive proximal muscle weakness
http://www.orpha.net/ORDO/Orphanet_270	OPMD	RO:0004029	disease has feature	some	HP:0001324	Muscle weakness
http://www.orpha.net/ORDO/Orphanet_270	OPMD	RO:0004029	disease has feature	some	HP:0003323	Progressive muscle weakness
http://www.orpha.net/ORDO/Orphanet_270	OPMD	RO:0004029	disease has feature	some	HP:0005216	Impaired mastication
http://www.orpha.net/ORDO/Orphanet_270	OPMD	RO:0004029	disease has feature	some	HP:0030842	Choking episodes
http://www.orpha.net/ORDO/Orphanet_270	OPMD	RO:0004029	disease has feature	some	HP:0031146	Impaired oral bolus formation
http://www.orpha.net/ORDO/Orphanet_270	OPMD	RO:0004029	disease has feature	some	HP:0031162	Impaired oropharyngeal swallow response
http://www.orpha.net/ORDO/Orphanet_270	OPMD	RO:0004029	disease has feature	some	HP:0032043	Odynophagia
http://www.orpha.net/ORDO/Orphanet_270	OPMD	RO:0004029	disease has feature	some	HP:0002015	Dysphagia
http://www.orpha.net/ORDO/Orphanet_270	OPMD	RO:0004029	disease has feature	some	HP:0002068	Neuromuscular dysphagia
http://www.orpha.net/ORDO/Orphanet_270	OPMD	RO:0004029	disease has feature	some	HP:0200136	Oral-pharyngeal dysphagia
http://www.orpha.net/ORDO/Orphanet_270	OPMD	RO:0004029	disease has feature	some	HP:0002098	Respiratory distress
http://www.orpha.net/ORDO/Orphanet_270	OPMD	RO:0004029	disease has feature	some	HP:0002094	Dyspnea
http://www.orpha.net/ORDO/Orphanet_270	OPMD	RO:0004029	disease has feature	some	HP:0002747	Respiratory insufficiency due to muscle weakness
http://www.orpha.net/ORDO/Orphanet_270	OPMD	RO:0004029	disease has feature	some	HP:0002093	Respiratory insufficiency
http://www.orpha.net/ORDO/Orphanet_270	OPMD	RO:0004029	disease has feature	some	HP:0004347	Weakness of muscles of respiration
http://www.orpha.net/ORDO/Orphanet_270	OPMD	RO:0004029	disease has feature	some	HP:0032341	Reduced forced vital capacity
http://www.orpha.net/ORDO/Orphanet_270	OPMD	RO:0004029	disease has feature	some	HP:0001288	Gait disturbance
http://www.orpha.net/ORDO/Orphanet_270	OPMD	RO:0004029	disease has feature	some	HP:0000651	Diplopia
http://www.orpha.net/ORDO/Orphanet_270	OPMD	RO:0004029	disease has feature	some	HP:0001618	Dysphonia
http://www.orpha.net/ORDO/Orphanet_270	OPMD	RO:0004029	disease has feature	some	HP:0001609	Hoarse voice
http://www.orpha.net/ORDO/Orphanet_270	OPMD	RO:0004029	disease has feature	some	HP:0033695	Occupational disability
http://www.orpha.net/ORDO/Orphanet_270	OPMD	RO:0004029	disease has feature	some	HP:0012378	Fatigue
http://www.orpha.net/ORDO/Orphanet_270	OPMD	RO:0004029	disease has feature	some	HP:0031058	Impairment of activities of daily living
http://www.orpha.net/ORDO/Orphanet_270	OPMD	RO:0004029	disease has feature	some	HP:0000602	Ophthalmoplegia
http://www.orpha.net/ORDO/Orphanet_270	OPMD	RO:0004029	disease has feature	some	HP:0000544	External ophthalmoplegia
http://www.orpha.net/ORDO/Orphanet_270	OPMD	RO:0004029	disease has feature	some	HP:0012531	Pain
http://www.orpha.net/ORDO/Orphanet_270	OPMD	RO:0004029	disease has feature	some	HP:0033667	Diminished mental health
http://www.orpha.net/ORDO/Orphanet_270	OPMD	RO:0004029	disease has feature	some	HP:0000508	Ptosis
http://www.orpha.net/ORDO/Orphanet_270	OPMD	RO:0004029	disease has feature	some	HP:0000183	Tongue muscle weakness
http://www.orpha.net/ORDO/Orphanet_270	OPMD	RO:0004029	disease has feature	some	HP:6001011	Wet voice
http://www.orpha.net/ORDO/Orphanet_270	OPMD	RO:0004029	disease has feature	some	HP:0011968	Feeding difficulties
http://www.orpha.net/ORDO/Orphanet_270	OPMD	RO:0004029	disease has feature	some	HP:0003236	Elevated circulating creatine kinase concentration
http://www.orpha.net/ORDO/Orphanet_270	OPMD	RO:0004029	disease has feature	some	HP:0007838	Progressive ptosis
http://www.orpha.net/ORDO/Orphanet_270	OPMD	RO:0004029	disease has feature	some	HP:0012473	Tongue atrophy
http://www.orpha.net/ORDO/Orphanet_270	OPMD	RO:0004029	disease has feature	some	HP:0001611	Hypernasal speech
http://www.orpha.net/ORDO/Orphanet_270	OPMD	RO:0004029	disease has feature	some	HP:0001260	Dysarthria
http://www.orpha.net/ORDO/Orphanet_270	OPMD	RO:0004029	disease has feature	some	HP:0008988	Pelvic girdle muscle atrophy
http://www.orpha.net/ORDO/Orphanet_270	OPMD	RO:0004029	disease has feature	some	HP:0008997	Proximal muscle weakness in upper limbs
http://www.orpha.net/ORDO/Orphanet_270	OPMD	RO:0004029	disease has feature	some	HP:0012735	Cough 
http://www.orpha.net/ORDO/Orphanet_270	OPMD	RO:0004029	disease has feature	some	HP:0033466	Weak grip
http://www.orpha.net/ORDO/Orphanet_270	OPMD	RO:0004029	disease has feature	some	HP:0003458	EMG: myopathic abnormalities
http://www.orpha.net/ORDO/Orphanet_270	OPMD	RO:0004029	disease has feature	some	HP:0012497	Reduced maximal expiratory pressure
http://www.orpha.net/ORDO/Orphanet_590	CMS	RO:0004029	disease has feature	some	HP:0002828	Multiple joint contractures
http://www.orpha.net/ORDO/Orphanet_590	CMS	RO:0004029	disease has feature	some	HP:0002483	Bulbar signs
http://www.orpha.net/ORDO/Orphanet_590	CMS	RO:0004029	disease has feature	some	HP:0005216	Impaired mastication
http://www.orpha.net/ORDO/Orphanet_590	CMS	RO:0004029	disease has feature	some	HP:0030193	Fatigable weakness of chewing muscles
http://www.orpha.net/ORDO/Orphanet_590	CMS	RO:0004029	disease has feature	some	HP:0001270	Motor delay
http://www.orpha.net/ORDO/Orphanet_590	CMS	RO:0004029	disease has feature	some	HP:0031936	Delayed ability to walk 
http://www.orpha.net/ORDO/Orphanet_590	CMS	RO:0004029	disease has feature	some	HP:0033580	Compound motor action potential abnormality
http://www.orpha.net/ORDO/Orphanet_590	CMS	RO:0004029	disease has feature	some	PROMOT:00	Double compound motor action potential abnormality
http://www.orpha.net/ORDO/Orphanet_590	CMS	RO:0004029	disease has feature	some	HP:0002015	Dysphagia
http://www.orpha.net/ORDO/Orphanet_590	CMS	RO:0004029	disease has feature	some	HP:0002068	Neuromuscular dysphagia
http://www.orpha.net/ORDO/Orphanet_590	CMS	RO:0004029	disease has feature	some	HP:0200136	Oral-pharyngeal dysphagia
http://www.orpha.net/ORDO/Orphanet_590	CMS	RO:0004029	disease has feature	some	HP:0001618	Dysphonia
http://www.orpha.net/ORDO/Orphanet_590	CMS	RO:0004029	disease has feature	some	HP:0001609	Hoarse voice
http://www.orpha.net/ORDO/Orphanet_590	CMS	RO:0004029	disease has feature	some	HP:0030000	EMG: repetitive nerve stimulation abnormality
http://www.orpha.net/ORDO/Orphanet_590	CMS	RO:0004029	disease has feature	some	HP:0003398	Abnormal synaptic transmission at the neuromuscular junction 
http://www.orpha.net/ORDO/Orphanet_590	CMS	RO:0004029	disease has feature	some	HP:0003458	EMG: myopathic abnormalities
http://www.orpha.net/ORDO/Orphanet_590	CMS	RO:0004029	disease has feature	some	HP:0003445	EMG: neuropathic changes
http://www.orpha.net/ORDO/Orphanet_590	CMS	RO:0004029	disease has feature	some	HP:0003403	EMG: decremental response of compound muscle action potential to repetitive nerve stimulation  
http://www.orpha.net/ORDO/Orphanet_590	CMS	RO:0004029	disease has feature	some	HP:0011968	Feeding difficulties
http://www.orpha.net/ORDO/Orphanet_590	CMS	RO:0004029	disease has feature	some	HP:0008872	Feeding difficulties in infancy
http://www.orpha.net/ORDO/Orphanet_590	CMS	RO:0004029	disease has feature	some	HP:0002033	Poor suck
http://www.orpha.net/ORDO/Orphanet_590	CMS	RO:0004029	disease has feature	some	HP:0031914	Fluctuating
http://www.orpha.net/ORDO/Orphanet_590	CMS	RO:0004029	disease has feature	some	HP:0003323	Progressive muscle weakness
http://www.orpha.net/ORDO/Orphanet_590	CMS	RO:0004029	disease has feature	some	HP:0001288	Gait disturbance
http://www.orpha.net/ORDO/Orphanet_590	CMS	RO:0004029	disease has feature	some	HP:0002515	Waddling gait
http://www.orpha.net/ORDO/Orphanet_590	CMS	RO:0004029	disease has feature	some	HP:0002359	Frequent falls
http://www.orpha.net/ORDO/Orphanet_590	CMS	RO:0004029	disease has feature	some	HP:0002540	Inability to walk
http://www.orpha.net/ORDO/Orphanet_590	CMS	RO:0004029	disease has feature	some	HP:0009046	Difficulty running
http://www.orpha.net/ORDO/Orphanet_590	CMS	RO:0004029	disease has feature	some	HP:0002505	Loss of ambulation
http://www.orpha.net/ORDO/Orphanet_590	CMS	RO:0004029	disease has feature	some	HP:0003473	Fatigable weakness
http://www.orpha.net/ORDO/Orphanet_590	CMS	RO:0004029	disease has feature	some	HP:0030196	Fatigable weakness of respiratory muscles 
http://www.orpha.net/ORDO/Orphanet_590	CMS	RO:0004029	disease has feature	some	HP:0030198	Fatigable weakness of distal limb muscles
http://www.orpha.net/ORDO/Orphanet_590	CMS	RO:0004029	disease has feature	some	HP:0030199	Fatigable weakness of neck muscles 
http://www.orpha.net/ORDO/Orphanet_590	CMS	RO:0004029	disease has feature	some	HP:0030200	Fatiguable weakness of proximal limb muscles 
http://www.orpha.net/ORDO/Orphanet_590	CMS	RO:0004029	disease has feature	some	HP:0030192	Fatigable weakness of bulbar muscles 
http://www.orpha.net/ORDO/Orphanet_590	CMS	RO:0004029	disease has feature	some	HP:0030194	Fatigable weakness of speech muscles 
http://www.orpha.net/ORDO/Orphanet_590	CMS	RO:0004029	disease has feature	some	HP:0030195	Fatigable weakness of swallowing muscles 
http://www.orpha.net/ORDO/Orphanet_590	CMS	RO:0004029	disease has feature	some	HP:0030197	Fatigable weakness of skeletal muscles
http://www.orpha.net/ORDO/Orphanet_590	CMS	RO:0004029	disease has feature	some	HP:0003391	Gowers sign
http://www.orpha.net/ORDO/Orphanet_590	CMS	RO:0004029	disease has feature	some	HP:0003307	Hyperlordosis
http://www.orpha.net/ORDO/Orphanet_590	CMS	RO:0004029	disease has feature	some	HP:0001252	Hypotonia
http://www.orpha.net/ORDO/Orphanet_590	CMS	RO:0004029	disease has feature	some	HP:0001319	Neonatal hypotonia
http://www.orpha.net/ORDO/Orphanet_590	CMS	RO:0004029	disease has feature	some	HP:0001324	Muscle weakness
http://www.orpha.net/ORDO/Orphanet_590	CMS	RO:0004029	disease has feature	some	HP:0000467	Neck muscle weakness
http://www.orpha.net/ORDO/Orphanet_590	CMS	RO:0004029	disease has feature	some	HP:0030319	Weakness of facial musculature
http://www.orpha.net/ORDO/Orphanet_590	CMS	RO:0004029	disease has feature	some	HP:0000597	Ophthalmoparesis
http://www.orpha.net/ORDO/Orphanet_590	CMS	RO:0004029	disease has feature	some	HP:0007715	Weak extraocular muscles
http://www.orpha.net/ORDO/Orphanet_590	CMS	RO:0004029	disease has feature	some	HP:0003327	Axial muscle weakness
http://www.orpha.net/ORDO/Orphanet_590	CMS	RO:0004029	disease has feature	some	HP:0004878	Intercostal muscle weakness
http://www.orpha.net/ORDO/Orphanet_590	CMS	RO:0004029	disease has feature	some	HP:0009023	Abdominal wall muscle weakness
http://www.orpha.net/ORDO/Orphanet_590	CMS	RO:0004029	disease has feature	some	HP:0003722	Neck flexor weakness
http://www.orpha.net/ORDO/Orphanet_590	CMS	RO:0004029	disease has feature	some	HP:0003690	Limb muscle weakness
http://www.orpha.net/ORDO/Orphanet_590	CMS	RO:0004029	disease has feature	some	HP:0009053	Distal lower limb muscle weakness
http://www.orpha.net/ORDO/Orphanet_590	CMS	RO:0004029	disease has feature	some	HP:0008959	Distal upper limb muscle weakness
http://www.orpha.net/ORDO/Orphanet_590	CMS	RO:0004029	disease has feature	some	HP:0007340	Lower limb muscle weakness
http://www.orpha.net/ORDO/Orphanet_590	CMS	RO:0004029	disease has feature	some	HP:0003484	Upper limb muscle weakness
http://www.orpha.net/ORDO/Orphanet_590	CMS	RO:0004029	disease has feature	some	HP:0003325	Limb-girdle muscle weakness
http://www.orpha.net/ORDO/Orphanet_590	CMS	RO:0004029	disease has feature	some	HP:0003701	Proximal muscle weakness
http://www.orpha.net/ORDO/Orphanet_590	CMS	RO:0004029	disease has feature	some	HP:0002460	Distal muscle weakness
http://www.orpha.net/ORDO/Orphanet_590	CMS	RO:0004029	disease has feature	some	HP:0009028	Generalized weakness of limb muscles
http://www.orpha.net/ORDO/Orphanet_590	CMS	RO:0004029	disease has feature	some	HP:0011727	Peroneal muscle weakness
http://www.orpha.net/ORDO/Orphanet_590	CMS	RO:0004029	disease has feature	some	HP:0030237	Hand muscle weakness
http://www.orpha.net/ORDO/Orphanet_590	CMS	RO:0004029	disease has feature	some	HP:0009063	Progressive distal muscle weakness
http://www.orpha.net/ORDO/Orphanet_590	CMS	RO:0004029	disease has feature	some	HP:0009073	Progressive proximal muscle weakness
http://www.orpha.net/ORDO/Orphanet_590	CMS	RO:0004029	disease has feature	some	HP:0008963	Tibialis muscle weakness
http://www.orpha.net/ORDO/Orphanet_590	CMS	RO:0004029	disease has feature	some	HP:0003427	Thenar muscle weakness
http://www.orpha.net/ORDO/Orphanet_590	CMS	RO:0004029	disease has feature	some	HP:0008994	Proximal muscle weakness in lower limbs
http://www.orpha.net/ORDO/Orphanet_590	CMS	RO:0004029	disease has feature	some	HP:0003749	Pelvic girdle muscle weakness / Hip girdle weakness
http://www.orpha.net/ORDO/Orphanet_590	CMS	RO:0004029	disease has feature	some	HP:0003392	First dorsal interossei muscle weakness
http://www.orpha.net/ORDO/Orphanet_590	CMS	RO:0004029	disease has feature	some	HP:0003731	Quadriceps muscle weakness
http://www.orpha.net/ORDO/Orphanet_590	CMS	RO:0004029	disease has feature	some	HP:0003694	Late-onset proximal muscle weakness
http://www.orpha.net/ORDO/Orphanet_590	CMS	RO:0004029	disease has feature	some	HP:0003810	Late-onset distal muscle weakness
http://www.orpha.net/ORDO/Orphanet_590	CMS	RO:0004029	disease has feature	some	HP:0008997	Proximal muscle weakness in upper limbs
http://www.orpha.net/ORDO/Orphanet_590	CMS	RO:0004029	disease has feature	some	HP:0003547	Shoulder girdle muscle weakness
http://www.orpha.net/ORDO/Orphanet_590	CMS	RO:0004029	disease has feature	some	HP:0009005	Weakness of the intrinsic hand muscles
http://www.orpha.net/ORDO/Orphanet_590	CMS	RO:0004029	disease has feature	some	HP:0033416	Hip adductor weakness
http://www.orpha.net/ORDO/Orphanet_590	CMS	RO:0004029	disease has feature	some	HP:0012515	Hip flexor weakness
http://www.orpha.net/ORDO/Orphanet_590	CMS	RO:0004029	disease has feature	some	HP:0009027	Foot dorsiflexor weakness
http://www.orpha.net/ORDO/Orphanet_590	CMS	RO:0004029	disease has feature	some	HP:0031108	Triceps weakness
http://www.orpha.net/ORDO/Orphanet_590	CMS	RO:0004029	disease has feature	some	HP:0031374	Ankle weakness
http://www.orpha.net/ORDO/Orphanet_590	CMS	RO:0004029	disease has feature	some	HP:0031177	Finger flexor weakness
http://www.orpha.net/ORDO/Orphanet_590	CMS	RO:0004029	disease has feature	some	HP:0009077	Weakness of long finger extensor muscles
http://www.orpha.net/ORDO/Orphanet_590	CMS	RO:0004029	disease has feature	some	HP:0000602	Ophthalmoplegia
http://www.orpha.net/ORDO/Orphanet_590	CMS	RO:0004029	disease has feature	some	HP:0000544	External ophthalmoplegia
http://www.orpha.net/ORDO/Orphanet_590	CMS	RO:0004029	disease has feature	some	HP:0000496	Abnormality of eye movement
http://www.orpha.net/ORDO/Orphanet_590	CMS	RO:0004029	disease has feature	some	HP:0007941	Limited extraocular movements
http://www.orpha.net/ORDO/Orphanet_590	CMS	RO:0004029	disease has feature	some	HP:0012531	Pain
http://www.orpha.net/ORDO/Orphanet_590	CMS	RO:0004029	disease has feature	some	HP:0003326	Myalgia
http://www.orpha.net/ORDO/Orphanet_590	CMS	RO:0004029	disease has feature	some	HP:0003394	Muscle spasm
http://www.orpha.net/ORDO/Orphanet_590	CMS	RO:0004029	disease has feature	some	HP:0000508	Ptosis
http://www.orpha.net/ORDO/Orphanet_590	CMS	RO:0004029	disease has feature	some	HP:0007695	Abnormal pupillary light reflex
http://www.orpha.net/ORDO/Orphanet_590	CMS	RO:0004029	disease has feature	some	HP:0030211	Slow pupillary light response
http://www.orpha.net/ORDO/Orphanet_590	CMS	RO:0004029	disease has feature	some	HP:0001558	Decreased fetal movement
http://www.orpha.net/ORDO/Orphanet_590	CMS	RO:0004029	disease has feature	some	HP:0001315	Reduced tendon reflexes 
http://www.orpha.net/ORDO/Orphanet_590	CMS	RO:0004029	disease has feature	some	HP:0031826	Abnormal reflex
http://www.orpha.net/ORDO/Orphanet_590	CMS	RO:0004029	disease has feature	some	HP:0001284	Areflexia
http://www.orpha.net/ORDO/Orphanet_590	CMS	RO:0004029	disease has feature	some	HP:0001265	Hyporeflexia
http://www.orpha.net/ORDO/Orphanet_590	CMS	RO:0004029	disease has feature	some	HP:0002600	Hyporeflexia of lower limbs
http://www.orpha.net/ORDO/Orphanet_590	CMS	RO:0004029	disease has feature	some	HP:0002522	Areflexia of lower limbs
http://www.orpha.net/ORDO/Orphanet_590	CMS	RO:0004029	disease has feature	some	HP:0002098	Respiratory distress
http://www.orpha.net/ORDO/Orphanet_590	CMS	RO:0004029	disease has feature	some	HP:0002104	Apnea
http://www.orpha.net/ORDO/Orphanet_590	CMS	RO:0004029	disease has feature	some	HP:0002878	Respiratory failure
http://www.orpha.net/ORDO/Orphanet_590	CMS	RO:0004029	disease has feature	some	HP:0004887	Respiratory failure requiring assisted ventilation
http://www.orpha.net/ORDO/Orphanet_590	CMS	RO:0004029	disease has feature	some	HP:0002643	Neonatal respiratory distress
http://www.orpha.net/ORDO/Orphanet_590	CMS	RO:0004029	disease has feature	some	HP:0005949	Apneic episodes in infancy
http://www.orpha.net/ORDO/Orphanet_590	CMS	RO:0004029	disease has feature	some	HP:0004889	Intermittent episodes of respiratory insufficiency due to muscle weakness
http://www.orpha.net/ORDO/Orphanet_590	CMS	RO:0004029	disease has feature	some	HP:0004347	Weakness of muscles of respiration
http://www.orpha.net/ORDO/Orphanet_590	CMS	RO:0004029	disease has feature	some	HP:0004885	Episodic respiratory distress
http://www.orpha.net/ORDO/Orphanet_590	CMS	RO:0004029	disease has feature	some	HP:0002747	Respiratory insufficiency due to muscle weakness
http://www.orpha.net/ORDO/Orphanet_590	CMS	RO:0004029	disease has feature	some	HP:0002093	Respiratory insufficiency
http://www.orpha.net/ORDO/Orphanet_590	CMS	RO:0004029	disease has feature	some	HP:0032341	Reduced forced vital capacity
http://www.orpha.net/ORDO/Orphanet_590	CMS	RO:0004029	disease has feature	some	HP:0002650	Scoliosis
http://www.orpha.net/ORDO/Orphanet_590	CMS	RO:0004029	disease has feature	some	HP:0002751	Kyphoscoliosis
http://www.orpha.net/ORDO/Orphanet_590	CMS	RO:0004029	disease has feature	some	HP:0030006	Single fiber EMG abnormality
http://www.orpha.net/ORDO/Orphanet_590	CMS	RO:0004029	disease has feature	some	HP:0030205	Increased jitter at single fiber EMG
http://www.orpha.net/ORDO/Orphanet_590	CMS	RO:0004029	disease has feature	some	HP:0008180	Mildly elevated creatine kinase
http://www.orpha.net/ORDO/Orphanet_590	CMS	RO:0004029	disease has feature	some	HP:0003236	Elevated circulating creatine kinase concentration
http://www.orpha.net/ORDO/Orphanet_590	CMS	RO:0004029	disease has feature	some	HP:0040081	Abnormal circulating creatine kinase concentration
http://www.orpha.net/ORDO/Orphanet_590	CMS	RO:0004029	disease has feature	some	HP:0030202	Favorable response of weakness to acetylcholine esterase inhibitors
http://www.orpha.net/ORDO/Orphanet_590	CMS	RO:0004029	disease has feature	some	HP:0030203	Unfavorable response of muscle weakness to acetylcholine esterase inhibitors
http://www.orpha.net/ORDO/Orphanet_590	CMS	RO:0004029	disease has feature	some	HP:0000651	Diplopia
http://www.orpha.net/ORDO/Orphanet_590	CMS	RO:0004029	disease has feature	some	HP:0002804	Arthrogryposis multiplex congenita
http://www.orpha.net/ORDO/Orphanet_590	CMS	RO:0004029	disease has feature	some	HP:0002882	Sudden episodic apnea
http://www.orpha.net/ORDO/Orphanet_590	CMS	RO:0004029	disease has feature	some	HP:0000218	High palate
http://www.orpha.net/ORDO/Orphanet_590	CMS	RO:0004029	disease has feature	some	HP:0001612	Weak cry
http://www.orpha.net/ORDO/Orphanet_590	CMS	RO:0004029	disease has feature	some	HP:0033454	Tube feeding
http://www.orpha.net/ORDO/Orphanet_590	CMS	RO:0004029	disease has feature	some	HP:0001249	Intellectual disability
http://www.orpha.net/ORDO/Orphanet_97245	CM	RO:0004029	disease has feature	some	HP:0002828	Multiple joint contractures
http://www.orpha.net/ORDO/Orphanet_97245	CM	RO:0004029	disease has feature	some	HP:0012768	Neonatal asphyxia
http://www.orpha.net/ORDO/Orphanet_97245	CM	RO:0004029	disease has feature	some	HP:0002483	Bulbar signs
http://www.orpha.net/ORDO/Orphanet_97245	CM	RO:0004029	disease has feature	some	HP:0025156	Dependency on intravenous nutrition
http://www.orpha.net/ORDO/Orphanet_97245	CM	RO:0004029	disease has feature	some	HP:0033994	Dependency on parenteral nutrition
http://www.orpha.net/ORDO/Orphanet_97245	CM	RO:0004029	disease has feature	some	HP:0030884	Gastrojejunal tube feeding in infancy
http://www.orpha.net/ORDO/Orphanet_97245	CM	RO:0004029	disease has feature	some	HP:0040288	Nasogastric tube feeding
http://www.orpha.net/ORDO/Orphanet_97245	CM	RO:0004029	disease has feature	some	HP:0031063	Impaired feeding ability
http://www.orpha.net/ORDO/Orphanet_97245	CM	RO:0004029	disease has feature	some	HP:0033454	Tube feeding
http://www.orpha.net/ORDO/Orphanet_97245	CM	RO:0004029	disease has feature	some	HP:0011471	Gastrostomy tube feeding in infancy
http://www.orpha.net/ORDO/Orphanet_97245	CM	RO:0004029	disease has feature	some	HP:0011470	Nasogastric tube feeding in infancy
http://www.orpha.net/ORDO/Orphanet_97245	CM	RO:0004029	disease has feature	some	HP:0001627	Abnormal heart morphology
http://www.orpha.net/ORDO/Orphanet_97245	CM	RO:0004029	disease has feature	some	HP:0030872	Abnormal cardiac ventricular function
http://www.orpha.net/ORDO/Orphanet_97245	CM	RO:0004029	disease has feature	some	HP:0001713	Abnormal cardiac ventricle morphology
http://www.orpha.net/ORDO/Orphanet_97245	CM	RO:0004029	disease has feature	some	HP:0001638	Cardiomyopathy 
http://www.orpha.net/ORDO/Orphanet_97245	CM	RO:0004029	disease has feature	some	HP:0005216	Impaired mastication
http://www.orpha.net/ORDO/Orphanet_97245	CM	RO:0004029	disease has feature	some	HP:0030193	Fatigable weakness of chewing muscles
http://www.orpha.net/ORDO/Orphanet_97245	CM	RO:0004029	disease has feature	some	HP:0001374	Congenital hip dislocation
http://www.orpha.net/ORDO/Orphanet_97245	CM	RO:0004029	disease has feature	some	HP:0001270	Motor delay
http://www.orpha.net/ORDO/Orphanet_97245	CM	RO:0004029	disease has feature	some	HP:0031936	Delayed ability to walk 
http://www.orpha.net/ORDO/Orphanet_97245	CM	RO:0004029	disease has feature	some	HP:0002015	Dysphagia
http://www.orpha.net/ORDO/Orphanet_97245	CM	RO:0004029	disease has feature	some	HP:0002068	Neuromuscular dysphagia
http://www.orpha.net/ORDO/Orphanet_97245	CM	RO:0004029	disease has feature	some	HP:0200136	Oral-pharyngeal dysphagia
http://www.orpha.net/ORDO/Orphanet_97245	CM	RO:0004029	disease has feature	some	HP:0001618	Dysphonia
http://www.orpha.net/ORDO/Orphanet_97245	CM	RO:0004029	disease has feature	some	HP:0001609	Hoarse voice
http://www.orpha.net/ORDO/Orphanet_97245	CM	RO:0004029	disease has feature	some	HP:0000276	Long face
http://www.orpha.net/ORDO/Orphanet_97245	CM	RO:0004029	disease has feature	some	HP:0011968	Feeding difficulties
http://www.orpha.net/ORDO/Orphanet_97245	CM	RO:0004029	disease has feature	some	HP:0008872	Feeding difficulties in infancy
http://www.orpha.net/ORDO/Orphanet_97245	CM	RO:0004029	disease has feature	some	HP:0001508	Failure to thrive
http://www.orpha.net/ORDO/Orphanet_97245	CM	RO:0004029	disease has feature	some	HP:0001531	Failure to thrive in infancy
http://www.orpha.net/ORDO/Orphanet_97245	CM	RO:0004029	disease has feature	some	HP:0002033	Poor suck
http://www.orpha.net/ORDO/Orphanet_97245	CM	RO:0004029	disease has feature	some	HP:0031914	Fluctuating
http://www.orpha.net/ORDO/Orphanet_97245	CM	RO:0004029	disease has feature	some	HP:0003323	Progressive muscle weakness
http://www.orpha.net/ORDO/Orphanet_97245	CM	RO:0004029	disease has feature	some	HP:0001288	Gait disturbance
http://www.orpha.net/ORDO/Orphanet_97245	CM	RO:0004029	disease has feature	some	HP:0002515	Waddling gait
http://www.orpha.net/ORDO/Orphanet_97245	CM	RO:0004029	disease has feature	some	HP:0002359	Frequent falls
http://www.orpha.net/ORDO/Orphanet_97245	CM	RO:0004029	disease has feature	some	HP:0002540	Inability to walk
http://www.orpha.net/ORDO/Orphanet_97245	CM	RO:0004029	disease has feature	some	HP:0009046	Difficulty running
http://www.orpha.net/ORDO/Orphanet_97245	CM	RO:0004029	disease has feature	some	HP:0002505	Loss of ambulation
http://www.orpha.net/ORDO/Orphanet_97245	CM	RO:0004029	disease has feature	some	HP:0003473	Fatigable weakness
http://www.orpha.net/ORDO/Orphanet_97245	CM	RO:0004029	disease has feature	some	HP:0030196	Fatigable weakness of respiratory muscles 
http://www.orpha.net/ORDO/Orphanet_97245	CM	RO:0004029	disease has feature	some	HP:0030198	Fatigable weakness of distal limb muscles
http://www.orpha.net/ORDO/Orphanet_97245	CM	RO:0004029	disease has feature	some	HP:0030199	Fatigable weakness of neck muscles 
http://www.orpha.net/ORDO/Orphanet_97245	CM	RO:0004029	disease has feature	some	HP:0030200	Fatiguable weakness of proximal limb muscles 
http://www.orpha.net/ORDO/Orphanet_97245	CM	RO:0004029	disease has feature	some	HP:0030192	Fatigable weakness of bulbar muscles 
http://www.orpha.net/ORDO/Orphanet_97245	CM	RO:0004029	disease has feature	some	HP:0030194	Fatigable weakness of speech muscles 
http://www.orpha.net/ORDO/Orphanet_97245	CM	RO:0004029	disease has feature	some	HP:0030195	Fatigable weakness of swallowing muscles 
http://www.orpha.net/ORDO/Orphanet_97245	CM	RO:0004029	disease has feature	some	HP:0030197	Fatigable weakness of skeletal muscles
http://www.orpha.net/ORDO/Orphanet_97245	CM	RO:0004029	disease has feature	some	HP:0003391	Gowers sign
http://www.orpha.net/ORDO/Orphanet_97245	CM	RO:0004029	disease has feature	some	HP:0000218	High palate
http://www.orpha.net/ORDO/Orphanet_97245	CM	RO:0004029	disease has feature	some	HP:0002705	High, narrow palate
http://www.orpha.net/ORDO/Orphanet_97245	CM	RO:0004029	disease has feature	some	HP:0003307	Hyperlordosis
http://www.orpha.net/ORDO/Orphanet_97245	CM	RO:0004029	disease has feature	some	HP:0001252	Hypotonia
http://www.orpha.net/ORDO/Orphanet_97245	CM	RO:0004029	disease has feature	some	HP:0001319	Neonatal hypotonia
http://www.orpha.net/ORDO/Orphanet_97245	CM	RO:0004029	disease has feature	some	HP:0002047	Malignant hyperthermia
http://www.orpha.net/ORDO/Orphanet_97245	CM	RO:0004029	disease has feature	some	HP:0001324	Muscle weakness
http://www.orpha.net/ORDO/Orphanet_97245	CM	RO:0004029	disease has feature	some	HP:0000467	Neck muscle weakness
http://www.orpha.net/ORDO/Orphanet_97245	CM	RO:0004029	disease has feature	some	HP:0030319	Weakness of facial musculature
http://www.orpha.net/ORDO/Orphanet_97245	CM	RO:0004029	disease has feature	some	HP:0007715	Weak extraocular muscles
http://www.orpha.net/ORDO/Orphanet_97245	CM	RO:0004029	disease has feature	some	HP:0000597	Ophthalmoparesis
http://www.orpha.net/ORDO/Orphanet_97245	CM	RO:0004029	disease has feature	some	HP:0003327	Axial muscle weakness
http://www.orpha.net/ORDO/Orphanet_97245	CM	RO:0004029	disease has feature	some	HP:0004878	Intercostal muscle weakness
http://www.orpha.net/ORDO/Orphanet_97245	CM	RO:0004029	disease has feature	some	HP:0009023	Abdominal wall muscle weakness
http://www.orpha.net/ORDO/Orphanet_97245	CM	RO:0004029	disease has feature	some	HP:0003722	Neck flexor weakness
http://www.orpha.net/ORDO/Orphanet_97245	CM	RO:0004029	disease has feature	some	HP:0003690	Limb muscle weakness
http://www.orpha.net/ORDO/Orphanet_97245	CM	RO:0004029	disease has feature	some	HP:0009053	Distal lower limb muscle weakness
http://www.orpha.net/ORDO/Orphanet_97245	CM	RO:0004029	disease has feature	some	HP:0008959	Distal upper limb muscle weakness
http://www.orpha.net/ORDO/Orphanet_97245	CM	RO:0004029	disease has feature	some	HP:0007340	Lower limb muscle weakness
http://www.orpha.net/ORDO/Orphanet_97245	CM	RO:0004029	disease has feature	some	HP:0003484	Upper limb muscle weakness
http://www.orpha.net/ORDO/Orphanet_97245	CM	RO:0004029	disease has feature	some	HP:0003325	Limb-girdle muscle weakness
http://www.orpha.net/ORDO/Orphanet_97245	CM	RO:0004029	disease has feature	some	HP:0003701	Proximal muscle weakness
http://www.orpha.net/ORDO/Orphanet_97245	CM	RO:0004029	disease has feature	some	HP:0002460	Distal muscle weakness
http://www.orpha.net/ORDO/Orphanet_97245	CM	RO:0004029	disease has feature	some	HP:0009028	Generalized weakness of limb muscles
http://www.orpha.net/ORDO/Orphanet_97245	CM	RO:0004029	disease has feature	some	HP:0011727	Peroneal muscle weakness
http://www.orpha.net/ORDO/Orphanet_97245	CM	RO:0004029	disease has feature	some	HP:0030237	Hand muscle weakness
http://www.orpha.net/ORDO/Orphanet_97245	CM	RO:0004029	disease has feature	some	HP:0009063	Progressive distal muscle weakness
http://www.orpha.net/ORDO/Orphanet_97245	CM	RO:0004029	disease has feature	some	HP:0009073	Progressive proximal muscle weakness
http://www.orpha.net/ORDO/Orphanet_97245	CM	RO:0004029	disease has feature	some	HP:0008963	Tibialis muscle weakness
http://www.orpha.net/ORDO/Orphanet_97245	CM	RO:0004029	disease has feature	some	HP:0003427	Thenar muscle weakness
http://www.orpha.net/ORDO/Orphanet_97245	CM	RO:0004029	disease has feature	some	HP:0008994	Proximal muscle weakness in lower limbs
http://www.orpha.net/ORDO/Orphanet_97245	CM	RO:0004029	disease has feature	some	HP:0003749	Pelvic girdle muscle weakness / Hip girdle weakness
http://www.orpha.net/ORDO/Orphanet_97245	CM	RO:0004029	disease has feature	some	HP:0003392	First dorsal interossei muscle weakness
http://www.orpha.net/ORDO/Orphanet_97245	CM	RO:0004029	disease has feature	some	HP:0003731	Quadriceps muscle weakness
http://www.orpha.net/ORDO/Orphanet_97245	CM	RO:0004029	disease has feature	some	HP:0003694	Late-onset proximal muscle weakness
http://www.orpha.net/ORDO/Orphanet_97245	CM	RO:0004029	disease has feature	some	HP:0003810	Late-onset distal muscle weakness
http://www.orpha.net/ORDO/Orphanet_97245	CM	RO:0004029	disease has feature	some	HP:0008997	Proximal muscle weakness in upper limbs
http://www.orpha.net/ORDO/Orphanet_97245	CM	RO:0004029	disease has feature	some	HP:0003547	Shoulder girdle muscle weakness
http://www.orpha.net/ORDO/Orphanet_97245	CM	RO:0004029	disease has feature	some	HP:0009005	Weakness of the intrinsic hand muscles
http://www.orpha.net/ORDO/Orphanet_97245	CM	RO:0004029	disease has feature	some	HP:0033416	Hip adductor weakness
http://www.orpha.net/ORDO/Orphanet_97245	CM	RO:0004029	disease has feature	some	HP:0012515	Hip flexor weakness
http://www.orpha.net/ORDO/Orphanet_97245	CM	RO:0004029	disease has feature	some	HP:0009027	Foot dorsiflexor weakness
http://www.orpha.net/ORDO/Orphanet_97245	CM	RO:0004029	disease has feature	some	HP:0031108	Triceps weakness
http://www.orpha.net/ORDO/Orphanet_97245	CM	RO:0004029	disease has feature	some	HP:0031374	Ankle weakness
http://www.orpha.net/ORDO/Orphanet_97245	CM	RO:0004029	disease has feature	some	HP:0031177	Finger flexor weakness
http://www.orpha.net/ORDO/Orphanet_97245	CM	RO:0004029	disease has feature	some	HP:0009077	Weakness of long finger extensor muscles
http://www.orpha.net/ORDO/Orphanet_97245	CM	RO:0004029	disease has feature	some	HP:0002058	Myopathic facies
http://www.orpha.net/ORDO/Orphanet_97245	CM	RO:0004029	disease has feature	some	HP:0000602	Ophthalmoplegia
http://www.orpha.net/ORDO/Orphanet_97245	CM	RO:0004029	disease has feature	some	HP:0000544	External ophthalmoplegia
http://www.orpha.net/ORDO/Orphanet_97245	CM	RO:0004029	disease has feature	some	HP:0000496	Abnormality of eye movement
http://www.orpha.net/ORDO/Orphanet_97245	CM	RO:0004029	disease has feature	some	HP:0007941	Limited extraocular movements
http://www.orpha.net/ORDO/Orphanet_97245	CM	RO:0004029	disease has feature	some	HP:0001761	Pes cavus
http://www.orpha.net/ORDO/Orphanet_97245	CM	RO:0004029	disease has feature	some	HP:0000768	Pectus carinatum
http://www.orpha.net/ORDO/Orphanet_97245	CM	RO:0004029	disease has feature	some	HP:0000767	Pectus excavatum
http://www.orpha.net/ORDO/Orphanet_97245	CM	RO:0004029	disease has feature	some	HP:0001622	Premature birth
http://www.orpha.net/ORDO/Orphanet_97245	CM	RO:0004029	disease has feature	some	HP:0000508	Ptosis
http://www.orpha.net/ORDO/Orphanet_97245	CM	RO:0004029	disease has feature	some	HP:0001558	Decreased fetal movement
http://www.orpha.net/ORDO/Orphanet_97245	CM	RO:0004029	disease has feature	some	HP:0001989	Fetal akinesia sequence
http://www.orpha.net/ORDO/Orphanet_97245	CM	RO:0004029	disease has feature	some	HP:0001284	Areflexia
http://www.orpha.net/ORDO/Orphanet_97245	CM	RO:0004029	disease has feature	some	HP:0001265	Hyporeflexia
http://www.orpha.net/ORDO/Orphanet_97245	CM	RO:0004029	disease has feature	some	HP:0002600	Hyporeflexia of lower limbs
http://www.orpha.net/ORDO/Orphanet_97245	CM	RO:0004029	disease has feature	some	HP:0002522	Areflexia of lower limbs
http://www.orpha.net/ORDO/Orphanet_97245	CM	RO:0004029	disease has feature	some	HP:0001315	Reduced tendon reflexes 
http://www.orpha.net/ORDO/Orphanet_97245	CM	RO:0004029	disease has feature	some	HP:0031826	Abnormal reflex
http://www.orpha.net/ORDO/Orphanet_97245	CM	RO:0004029	disease has feature	some	HP:0004347	Weakness of muscles of respiration
http://www.orpha.net/ORDO/Orphanet_97245	CM	RO:0004029	disease has feature	some	HP:0002104	Apnea
http://www.orpha.net/ORDO/Orphanet_97245	CM	RO:0004029	disease has feature	some	HP:0002098	Respiratory distress
http://www.orpha.net/ORDO/Orphanet_97245	CM	RO:0004029	disease has feature	some	HP:0002878	Respiratory failure
http://www.orpha.net/ORDO/Orphanet_97245	CM	RO:0004029	disease has feature	some	HP:0004887	Respiratory failure requiring assisted ventilation
http://www.orpha.net/ORDO/Orphanet_97245	CM	RO:0004029	disease has feature	some	HP:0004885	Episodic respiratory distress
http://www.orpha.net/ORDO/Orphanet_97245	CM	RO:0004029	disease has feature	some	HP:0002643	Neonatal respiratory distress
http://www.orpha.net/ORDO/Orphanet_97245	CM	RO:0004029	disease has feature	some	HP:0004889	Intermittent episodes of respiratory insufficiency due to muscle weakness
http://www.orpha.net/ORDO/Orphanet_97245	CM	RO:0004029	disease has feature	some	HP:0005949	Apneic episodes in infancy
http://www.orpha.net/ORDO/Orphanet_97245	CM	RO:0004029	disease has feature	some	HP:0002093	Respiratory insufficiency
http://www.orpha.net/ORDO/Orphanet_97245	CM	RO:0004029	disease has feature	some	HP:0002747	Respiratory insufficiency due to muscle weakness
http://www.orpha.net/ORDO/Orphanet_97245	CM	RO:0004029	disease has feature	some	HP:0032341	Reduced forced vital capacity
http://www.orpha.net/ORDO/Orphanet_97245	CM	RO:0004029	disease has feature	some	HP:0003306	Spinal rigidity
http://www.orpha.net/ORDO/Orphanet_97245	CM	RO:0004029	disease has feature	some	HP:0002650	Scoliosis
http://www.orpha.net/ORDO/Orphanet_97245	CM	RO:0004029	disease has feature	some	HP:0002751	Kyphoscoliosis
http://www.orpha.net/ORDO/Orphanet_97245	CM	RO:0004029	disease has feature	some	HP:6000327	Thoracic cage flatness
http://www.orpha.net/ORDO/Orphanet_97245	CM	RO:0004029	disease has feature	some	HP:0001547	Abnormal rib cage morphology 
http://www.orpha.net/ORDO/Orphanet_97245	CM	RO:0004029	disease has feature	some	HP:0000886	Deformed rib cage 
http://www.orpha.net/ORDO/Orphanet_97245	CM	RO:0004029	disease has feature	some	HP:0003691	Scapular winging
http://www.orpha.net/ORDO/Orphanet_97245	CM	RO:0004029	disease has feature	some	HP:0000774	Narrow chest
http://www.orpha.net/ORDO/Orphanet_97245	CM	RO:0004029	disease has feature	some	HP:0002808	Kyphosis
http://www.orpha.net/ORDO/Orphanet_97245	CM	RO:0004029	disease has feature	some	HP:0000028	Cryptorchidism
http://www.orpha.net/ORDO/Orphanet_97245	CM	RO:0004029	disease has feature	some	HP:0030000	EMG : repetitive nerve stimulation abnormality
http://www.orpha.net/ORDO/Orphanet_97245	CM	RO:0004029	disease has feature	some	HP:0003398	Abnormal synaptic transmission at the neuromuscular junction 
http://www.orpha.net/ORDO/Orphanet_97245	CM	RO:0004029	disease has feature	some	HP:0003458	EMG: myopathic abnormalities
http://www.orpha.net/ORDO/Orphanet_97245	CM	RO:0004029	disease has feature	some	HP:0003445	EMG: neuropathic changes
http://www.orpha.net/ORDO/Orphanet_97245	CM	RO:0004029	disease has feature	some	HP:0003403	EMG: decremental response of compound muscle action potential to repetitive nerve stimulation  
http://www.orpha.net/ORDO/Orphanet_97245	CM	RO:0004029	disease has feature	some	HP:0003236	Elevated circulating creatine kinase concentration
http://www.orpha.net/ORDO/Orphanet_97245	CM	RO:0004029	disease has feature	some	HP:0008180	Mildly elevated creatine kinase
http://www.orpha.net/ORDO/Orphanet_97245	CM	RO:0004029	disease has feature	some	HP:0040081	Abnormal circulating creatine kinase concentration
http://www.orpha.net/ORDO/Orphanet_97245	CM	RO:0004029	disease has feature	some	HP:0003552	Muscle stiffness
http://www.orpha.net/ORDO/Orphanet_97245	CM	RO:0004029	disease has feature	some	HP:0002804	Arthrogryposis multiplex congenita
http://www.orpha.net/ORDO/Orphanet_97245	CM	RO:0004029	disease has feature	some	HP:0004322	Short stature
http://www.orpha.net/ORDO/Orphanet_97245	CM	RO:0004029	disease has feature	some	HP:0001249	Intellectual disability
http://www.orpha.net/ORDO/Orphanet_97245	CM	RO:0004029	disease has feature	some	HP:0004325	Decreased body weight
http://www.orpha.net/ORDO/Orphanet_97245	CM	RO:0004029	disease has feature	some	HP:0003457	EMG abnormality
http://www.orpha.net/ORDO/Orphanet_97245	CM	RO:0004029	disease has feature	some	HP:0001387	Joint stiffness
http://www.orpha.net/ORDO/Orphanet_97245	CM	RO:0004029	disease has feature	some	HP:0000486	Strabismus
PROMOT:0000028	statement about a human	RO:0002351	has member	some	NCBITaxon:9606	Homo sapiens
PROMOT:0000028	statement about a human	RO:0002351	has member	some	http://snomed.info/id/184099003	Date of Birth (observable entity)
PROMOT:0000028	statement about a human	RO:0002351	has member	some	PROMOT:0000038	year of birth
PROMOT:0000028	statement about a human	RO:0002351	has member	some	http://snomed.info/id/399753006	Date of death (observable entity)
PROMOT:0000028	statement about a human	RO:0002351	has member	some	PROMOT:0000040	year of death
PROMOT:0000028	statement about a human	RO:0002351	has member	some	PROMOT:0000066	sex at birth
PROMOT:0000028	statement about a human	RO:0002351	has member	some	PROMOT:0000041	Age
PROMOT:0000028	statement about a human	RO:0002351	has member	some	PROMOT:0000043	Age category
PROMOT:0000028	statement about a human	RO:0002351	has member	some	http://snomed.info/id/184305005	cause of death
PROMOT:0000028	statement about a human	RO:0002351	has member	some	PROMOT:0000042	age at death
PROMOT:0000029	statement about a patient	RO:0002351	has member	some	PROMOT:0000025	Patient
PROMOT:0000029	statement about a patient	RO:0002351	has member	some	http://snomed.info/id/399423000	Date of admission
PROMOT:0000029	statement about a patient	RO:0002351	has member	some	http://snomed.info/id/315354004	Country of Birth (Observable entity)
PROMOT:0000029	statement about a patient	RO:0002351	has member	some	http://snomed.info/id/57427004	Handedness (observable entity)
PROMOT:0000029	statement about a patient	RO:0002351	has member	some	http://snomed.info/id/424850005	Age at first symptom (observable entity) / Age at onset
PROMOT:0000029	statement about a patient	RO:0002351	has member	some	http://snomed.info/id/423493009	Age at diagnosis (observable entity) 
PROMOT:0000029	statement about a patient	RO:0002351	has member	some	http://snomed.info/id/432213005	Date of diagnosis (observable entity)
PROMOT:0000029	statement about a patient	RO:0002351	has member	some	PROMOT:0000039	Year of diagnosis
PROMOT:0000029	statement about a patient	RO:0002351	has member	some	http://snomed.info/id/406543005	Date of visit (observable entity)
PROMOT:0000029	statement about a patient	RO:0002351	has member	some	http://snomed.info/id/27113001	Body weight (observable entity)
PROMOT:0000029	statement about a patient	RO:0002351	has member	some	http://snomed.info/id/1153637007	Body height (observable entity)
PROMOT:0000029	statement about a patient	RO:0002351	has member	some	http://snomed.info/id/60621009	Body mass index (observable entity)
PROMOT:0000029	statement about a patient	RO:0002351	has member	some	http://snomed.info/id/398192003	Co-morbid conditions (findings)
PROMOT:0000029	statement about a patient	RO:0002351	has member	some	http://snomed.info/id/33821000087103	Gender Identity (observable entity)
PROMOT:0000029	statement about a patient	RO:0002351	has member	some	http://snomed.info/id/186034007	Ethnicity / related nationality data (observable entity)
PROMOT:0000029	statement about a patient	RO:0002351	has member	some	http://snomed.info/id/184104002	Patient occupation
PROMOT:0000029	statement about a patient	RO:0002351	has member	some	http://snomed.info/id/224288002	Duration of formal education
PROMOT:0000029	statement about a patient	RO:0002351	has member	some	http://snomed.info/id/125680007	Marital status (observable entity)
PROMOT:0000029	statement about a patient	RO:0002351	has member	some	SNOMED:224118004	NB of offspring (observable entity)
PROMOT:0000029	statement about a patient	RO:0002351	has member	some	PROMOT:0000077	Nb of pregnancies
PROMOT:0000029	statement about a patient	RO:0002351	has member	some	PROMOT:0000078	Patient at risk of fall
PROMOT:0000030	statement about a phenotype	RO:0002351	has member	some	HP:0000118	Phenotypic abnormality
PROMOT:0000030	statement about a phenotype	RO:0002351	has member	some	http://snomed.info/id/298059007	date of onset
PROMOT:0000030	statement about a phenotype	RO:0002351	has member	some	PROMOT:0000037	Year of onset
PROMOT:0000030	statement about a phenotype	RO:0002351	has member	some	PROMOT:0000035	date of assessment
PROMOT:0000030	statement about a phenotype	RO:0002351	has member	some	PROMOT:0000036	date of resolution
PROMOT:0000030	statement about a phenotype	RO:0002351	has member	some	ECO:0006151	Documented statement evidence
PROMOT:0000030	statement about a phenotype	RO:0002351	has member	some	PROMOT:0000107	Year of assessment
PROMOT:0000030	statement about a phenotype	RO:0002351	has member	some	PROMOT:0000108	Year of resolution
PROMOT:0000031	statement about a procedure	RO:0002351	has member	some	http://snomed.info/id/128927009	Procedure by method
PROMOT:0000031	statement about a procedure	RO:0002351	has member	some	http://snomed.info/id/439272007	Date of procedure
PROMOT:0000031	statement about a procedure	RO:0002351	has member	some	PROMOT:0000033	result of procedure
PROMOT:0000032	statement about a consent	RO:0002351	has member	some	PROMOT:0000097	Agreement to be contacted for research purpose
PROMOT:0000032	statement about a consent	RO:0002351	has member	some	PROMOT:0000098	Consent to reuse the data
PROMOT:0000032	statement about a consent	RO:0002351	has member	some	PROMOT:0000089	Consent status
PROMOT:0000032	statement about a consent	RO:0002351	has member	some	PROMOT:0000096	Date of consent
HP:0000467	Neck muscle weakness	PROMOT:1000001	found in			OPMD Scoping review
HP:0030319	Weakness of facial musculature	PROMOT:1000001	found in			OPMD Scoping review
HP:0007715	Weak extraocular muscles	PROMOT:1000001	found in			OPMD Scoping review
HP:0000597	Ophthalmoparesis	PROMOT:1000001	found in			OPMD Scoping review
HP:0004878	Intercostal muscle weakness	PROMOT:1000001	found in			OPMD Scoping review
HP:0009023	Abdominal wall muscle weakness	PROMOT:1000001	found in			OPMD Scoping review
HP:0003327	Axial muscle weakness	PROMOT:1000001	found in			OPMD Scoping review
HP:0003722	Neck flexor weakness	PROMOT:1000001	found in			OPMD Scoping review
HP:0002141	Gait imbalance	PROMOT:1000001	found in			OPMD Scoping review
HP:0002172	Postural instability	PROMOT:1000001	found in			OPMD Scoping review
HP:0002317	Unsteady gait	PROMOT:1000001	found in			OPMD Scoping review
HP:0003551	Difficulty climbing stairs	PROMOT:1000001	found in			OPMD Scoping review
HP:0033235	Difficulty descending stairs	PROMOT:1000001	found in			OPMD Scoping review
HP:0008994	Proximal muscle weakness in lower limbs	PROMOT:1000001	found in			OPMD Scoping review
HP:0003749	Pelvic girdle muscle weakness / Hip girdle weakness	PROMOT:1000001	found in			OPMD Scoping review
HP:0003731	Quadriceps muscle weakness	PROMOT:1000001	found in			OPMD Scoping review
HP:0033416	Hip adductor weakness	PROMOT:1000001	found in			OPMD Scoping review
HP:0012515	Hip flexor weakness	PROMOT:1000001	found in			OPMD Scoping review
HP:0008997	Proximal muscle weakness in upper limbs	PROMOT:1000001	found in			OPMD Scoping review
HP:0003547	Shoulder girdle muscle weakness	PROMOT:1000001	found in			OPMD Scoping review
HP:0031108	Triceps weakness	PROMOT:1000001	found in			OPMD Scoping review
HP:0009053	Distal lower limb muscle weakness	PROMOT:1000001	found in			OPMD Scoping review
HP:0009027	Foot dorsiflexor weakness	PROMOT:1000001	found in			OPMD Scoping review
HP:0011727	Peroneal muscle weakness	PROMOT:1000001	found in			OPMD Scoping review
HP:0008963	Tibialis muscle weakness	PROMOT:1000001	found in			OPMD Scoping review
HP:0031374	Ankle weakness	PROMOT:1000001	found in			OPMD Scoping review
HP:0008959	Distal upper limb muscle weakness	PROMOT:1000001	found in			OPMD Scoping review
HP:0030237	Hand muscle weakness	PROMOT:1000001	found in			OPMD Scoping review
HP:0009077	Weakness of long finger extensor muscles	PROMOT:1000001	found in			OPMD Scoping review
HP:0009005	Weakness of the intrinsic hand muscles	PROMOT:1000001	found in			OPMD Scoping review
HP:0031177	Finger flexor weakness	PROMOT:1000001	found in			OPMD Scoping review
HP:0003392	First dorsal interossei muscle weakness	PROMOT:1000001	found in			OPMD Scoping review
HP:0003427	Thenar muscle weakness	PROMOT:1000001	found in			OPMD Scoping review
HP:0003701	Proximal muscle weakness	PROMOT:1000001	found in			OPMD Scoping review
HP:0002460	Distal muscle weakness	PROMOT:1000001	found in			OPMD Scoping review
HP:0007340	Lower limb muscle weakness	PROMOT:1000001	found in			OPMD Scoping review
HP:0003484	Upper limb muscle weakness	PROMOT:1000001	found in			OPMD Scoping review
HP:0003325	Limb-girdle muscle weakness	PROMOT:1000001	found in			OPMD Scoping review
HP:0003690	Limb muscle weakness	PROMOT:1000001	found in			OPMD Scoping review
HP:0009063	Progressive distal muscle weakness	PROMOT:1000001	found in			OPMD Scoping review
HP:0009073	Progressive proximal muscle weakness	PROMOT:1000001	found in			OPMD Scoping review
HP:0001324	Muscle weakness	PROMOT:1000001	found in			OPMD Scoping review
HP:0003323	Progressive muscle weakness	PROMOT:1000001	found in			OPMD Scoping review
HP:0005216	Impaired mastication	PROMOT:1000001	found in			OPMD Article
HP:0030842	Choking episodes	PROMOT:1000001	found in			OPMD Article
HP:0031146	Impaired oral bolus formation	PROMOT:1000001	found in			OPMD Article
HP:0031162	Impaired oropharyngeal swallow response	PROMOT:1000001	found in			OPMD Article
HP:0032043	Odynophagia	PROMOT:1000001	found in			OPMD Article
HP:0002015	Dysphagia	PROMOT:1000001	found in			OPMD Article
HP:0002068	Neuromuscular dysphagia	PROMOT:1000001	found in			OPMD Article
HP:0200136	Oral-pharyngeal dysphagia	PROMOT:1000001	found in			OPMD Article
HP:0002141	Gait imbalance	PROMOT:1000001	found in			OPMD Survey
HP:0002172	Postural instability	PROMOT:1000001	found in			OPMD Survey
HP:0002317	Unsteady gait	PROMOT:1000001	found in			OPMD Survey
HP:0002098	Respiratory distress	PROMOT:1000001	found in			OPMD Survey
HP:0002094	Dyspnea	PROMOT:1000001	found in			OPMD Survey
HP:0002747	Respiratory insufficiency due to muscle weakness	PROMOT:1000001	found in			OPMD Survey
HP:0002093	Respiratory insufficiency	PROMOT:1000001	found in			OPMD Survey
HP:0004347	Weakness of muscles of respiration	PROMOT:1000001	found in			OPMD Survey
HP:0032341	Reduced forced vital capacity	PROMOT:1000001	found in			OPMD Survey
HP:0001288	Gait disturbance	PROMOT:1000001	found in			OPMD Survey
HP:0000651	Diplopia	PROMOT:1000001	found in			OPMD Survey
HP:0002015	Dysphagia	PROMOT:1000001	found in			OPMD Survey
HP:0002068	Neuromuscular dysphagia	PROMOT:1000001	found in			OPMD Survey
HP:0200136	Oral-pharyngeal dysphagia	PROMOT:1000001	found in			OPMD Survey
HP:0001618	Dysphonia	PROMOT:1000001	found in			OPMD Survey
HP:0001609	Hoarse voice	PROMOT:1000001	found in			OPMD Survey
HP:0033695	Occupational disability	PROMOT:1000001	found in			OPMD Survey
HP:0030319	Weakness of facial musculature	PROMOT:1000001	found in			OPMD Survey
HP:0012378	Fatigue	PROMOT:1000001	found in			OPMD Survey
HP:0031058	Impairment of activities of daily living	PROMOT:1000001	found in			OPMD Survey
HP:0007340	Lower limb muscle weakness	PROMOT:1000001	found in			OPMD Survey
HP:0008994	Proximal muscle weakness in lower limbs	PROMOT:1000001	found in			OPMD Survey
HP:0003749	Pelvic girdle muscle weakness / Hip girdle weakness	PROMOT:1000001	found in			OPMD Survey
HP:0003731	Quadriceps muscle weakness	PROMOT:1000001	found in			OPMD Survey
HP:0033416	Hip adductor weakness	PROMOT:1000001	found in			OPMD Survey
HP:0012515	Hip flexor weakness	PROMOT:1000001	found in			OPMD Survey
HP:0009053	Distal lower limb muscle weakness	PROMOT:1000001	found in			OPMD Survey
HP:0009027	Foot dorsiflexor weakness	PROMOT:1000001	found in			OPMD Survey
HP:0011727	Peroneal muscle weakness	PROMOT:1000001	found in			OPMD Survey
HP:0008963	Tibialis muscle weakness	PROMOT:1000001	found in			OPMD Survey
HP:0031374	Ankle weakness	PROMOT:1000001	found in			OPMD Survey
HP:0000602	Ophthalmoplegia	PROMOT:1000001	found in			OPMD Survey
HP:0000544	External ophthalmoplegia	PROMOT:1000001	found in			OPMD Survey
HP:0000597	Ophthalmoparesis	PROMOT:1000001	found in			OPMD Survey
HP:0012531	Pain	PROMOT:1000001	found in			OPMD Survey
HP:0033667	Diminished mental health	PROMOT:1000001	found in			OPMD Survey
HP:0000508	Ptosis	PROMOT:1000001	found in			OPMD Survey
HP:0000183	Tongue muscle weakness	PROMOT:1000001	found in			OPMD Survey
HP:0008959	Distal upper limb muscle weakness	PROMOT:1000001	found in			OPMD Survey
HP:0030237	Hand muscle weakness	PROMOT:1000001	found in			OPMD Survey
HP:0009077	Weakness of long finger extensor muscles	PROMOT:1000001	found in			OPMD Survey
HP:0009005	Weakness of the intrinsic hand muscles	PROMOT:1000001	found in			OPMD Survey
HP:0031177	Finger flexor weakness	PROMOT:1000001	found in			OPMD Survey
HP:0003392	First dorsal interossei muscle weakness	PROMOT:1000001	found in			OPMD Survey
HP:0003427	Thenar muscle weakness	PROMOT:1000001	found in			OPMD Survey
HP:0008997	Proximal muscle weakness in upper limbs	PROMOT:1000001	found in			OPMD Survey
HP:0003547	Shoulder girdle muscle weakness	PROMOT:1000001	found in			OPMD Survey
HP:0031108	Triceps weakness	PROMOT:1000001	found in			OPMD Survey
HP:0003484	Upper limb muscle weakness	PROMOT:1000001	found in			OPMD Survey
HP:6001011	Wet voice	PROMOT:1000001	found in			OPMD Survey
HP:0002460	Distal muscle weakness	PROMOT:1000001	found in			OPMD HPO KB associations
HP:0003701	Proximal muscle weakness	PROMOT:1000001	found in			OPMD HPO KB associations
HP:0001288	Gait disturbance	PROMOT:1000001	found in			OPMD HPO KB associations
HP:0000006	Autosomal dominant inheritance	PROMOT:1000001	found in			OPMD HPO KB associations
HP:0003327	Axial muscle weakness	PROMOT:1000001	found in			OPMD HPO KB associations
HP:0003325	Limb-girdle muscle weakness	PROMOT:1000001	found in			OPMD HPO KB associations
HP:0002015	Dysphagia	PROMOT:1000001	found in			OPMD HPO KB associations
HP:0003584	Late onset	PROMOT:1000001	found in			OPMD HPO KB associations
HP:0011968	Feeding difficulties	PROMOT:1000001	found in			OPMD HPO KB associations
HP:0003690	Limb muscle weakness	PROMOT:1000001	found in			OPMD HPO KB associations
HP:0003676	Progressive	PROMOT:1000001	found in			OPMD HPO KB associations
HP:0000602	Ophthalmoplegia	PROMOT:1000001	found in			OPMD HPO KB associations
HP:0003236	Elevated circulating creatine kinase concentration	PROMOT:1000001	found in			OPMD HPO KB associations
HP:0007838	Progressive ptosis	PROMOT:1000001	found in			OPMD HPO KB associations
HP:0012378	Fatigue	PROMOT:1000001	found in			OPMD HPO KB associations
HP:0001618	Dysphonia	PROMOT:1000001	found in			OPMD HPO KB associations
HP:0030319	Weakness of facial musculature	PROMOT:1000001	found in			OPMD HPO KB associations
HP:0012473	Tongue atrophy	PROMOT:1000001	found in			OPMD HPO KB associations
HP:0000467	Neck muscle weakness	PROMOT:1000001	found in			OPMD HPO KB associations
HP:0000508	Ptosis	PROMOT:1000001	found in			OPMD HPO KB associations
HP:0012531	Pain	PROMOT:1000001	found in			OPMD HPO KB associations
HP:0001611	Hypernasal speech	PROMOT:1000001	found in			OPMD HPO KB associations
HP:0001260	Dysarthria	PROMOT:1000001	found in			OPMD HPO KB associations
HP:0000508	Ptosis	PROMOT:1000001	found in			OPMD Patient form
HP:0001288	Gait disturbance	PROMOT:1000001	found in			OPMD Patient form
HP:0002015	Dysphagia	PROMOT:1000001	found in			OPMD Patient form
HP:0002141	Démarche déséquilibrée	PROMOT:1000001	found in			OPMD Patient form
HP:0002172	Postural instability	PROMOT:1000001	found in			OPMD Patient form
HP:0002317	Unsteady gait	PROMOT:1000001	found in			OPMD Patient form
HP:0003427	Thenar muscle weakness	PROMOT:1000001	found in			OPMD Patient form
HP:0003547	Shoulder girdle muscle weakness	PROMOT:1000001	found in			OPMD Patient form
HP:0003551	Difficulté à monter les escaliers	PROMOT:1000001	found in			OPMD Patient form
HP:0003749	Pelvic girdle muscle weakness	PROMOT:1000001	found in			OPMD Patient form
HP:0008959	Distal upper limb muscle weakness	PROMOT:1000001	found in			OPMD Patient form
HP:0008988	Pelvic girdle muscle atrophy	PROMOT:1000001	found in			OPMD Patient form
HP:0008997	Proximal muscle weakness in upper limbs	PROMOT:1000001	found in			OPMD Patient form
HP:0009027	Foot dorsiflexor weakness	PROMOT:1000001	found in			OPMD Patient form
HP:0011968	Feeding difficulties	PROMOT:1000001	found in			OPMD Patient form
HP:0012378	Fatigue	PROMOT:1000001	found in			OPMD Patient form
HP:0012515	Faiblesse des muscles fléchisseurs de la hanche	PROMOT:1000001	found in			OPMD Patient form
HP:0012531	Douleur	PROMOT:1000001	found in			OPMD Patient form
HP:0012735	Cough 	PROMOT:1000001	found in			OPMD Patient form
HP:0030237	Hand muscle weakness	PROMOT:1000001	found in			OPMD Patient form
HP:0033235	Difficulty descending stairs	PROMOT:1000001	found in			OPMD Patient form
HP:0033416	Hip adductor weakness	PROMOT:1000001	found in			OPMD Patient form
HP:0033466	Weak grip	PROMOT:1000001	found in			OPMD Patient form
HP:0000007	Autosomal recessive inheritance	PROMOT:1000001	found in			OPMD Medical expert
HP:0003458	EMG: myopathic abnormalities	PROMOT:1000001	found in			OPMD Medical expert
HP:0012497	Reduced maximal expiratory pressure	PROMOT:1000001	found in			OPMD Medical expert
HP:0002828	Multiple joint contractures	PROMOT:1000001	found in			CMS Scoping review
HP:0002483	Bulbar signs	PROMOT:1000001	found in			CMS Scoping review
HP:0005216	Impaired mastication	PROMOT:1000001	found in			CMS Scoping review
HP:0030193	Fatigable weakness of chewing muscles	PROMOT:1000001	found in			CMS Scoping review
HP:0001270	Motor delay	PROMOT:1000001	found in			CMS Scoping review
HP:0031936	Delayed ability to walk 	PROMOT:1000001	found in			CMS Scoping review
HP:0033580	Compound motor action potential abnormality	PROMOT:1000001	found in			CMS Scoping review
PROMOT:0000106	Double compound motor action potential abnormality	PROMOT:1000001	found in			CMS Scoping review
HP:0002015	Dysphagia	PROMOT:1000001	found in			CMS Scoping review
HP:0002068	Neuromuscular dysphagia	PROMOT:1000001	found in			CMS Scoping review
HP:0200136	Oral-pharyngeal dysphagia	PROMOT:1000001	found in			CMS Scoping review
HP:0001618	Dysphonia	PROMOT:1000001	found in			CMS Scoping review
HP:0001609	Hoarse voice	PROMOT:1000001	found in			CMS Scoping review
HP:0030000	EMG: repetitive nerve stimulation abnormality	PROMOT:1000001	found in			CMS Scoping review
HP:0003398	Abnormal synaptic transmission at the neuromuscular junction 	PROMOT:1000001	found in			CMS Scoping review
HP:0003458	EMG: myopathic abnormalities	PROMOT:1000001	found in			CMS Scoping review
HP:0003445	EMG: neuropathic changes	PROMOT:1000001	found in			CMS Scoping review
HP:0003403	EMG: decremental response of compound muscle action potential to repetitive nerve stimulation  	PROMOT:1000001	found in			CMS Scoping review
HP:0011968	Feeding difficulties	PROMOT:1000001	found in			CMS Scoping review
HP:0008872	Feeding difficulties in infancy	PROMOT:1000001	found in			CMS Scoping review
HP:0002033	Poor suck	PROMOT:1000001	found in			CMS Scoping review
HP:0031914	Fluctuating	PROMOT:1000001	found in			CMS Scoping review
HP:0003323	Progressive muscle weakness	PROMOT:1000001	found in			CMS Scoping review
HP:0001288	Gait disturbance	PROMOT:1000001	found in			CMS Scoping review
HP:0002515	Waddling gait	PROMOT:1000001	found in			CMS Scoping review
HP:0002359	Frequent falls	PROMOT:1000001	found in			CMS Scoping review
HP:0002540	Inability to walk	PROMOT:1000001	found in			CMS Scoping review
HP:0009046	Difficulty running	PROMOT:1000001	found in			CMS Scoping review
HP:0002505	Loss of ambulation	PROMOT:1000001	found in			CMS Scoping review
HP:0003473	Fatigable weakness	PROMOT:1000001	found in			CMS Scoping review
HP:0030196	Fatigable weakness of respiratory muscles 	PROMOT:1000001	found in			CMS Scoping review
HP:0030198	Fatigable weakness of distal limb muscles	PROMOT:1000001	found in			CMS Scoping review
HP:0030199	Fatigable weakness of neck muscles 	PROMOT:1000001	found in			CMS Scoping review
HP:0030200	Fatiguable weakness of proximal limb muscles 	PROMOT:1000001	found in			CMS Scoping review
HP:0030192	Fatigable weakness of bulbar muscles 	PROMOT:1000001	found in			CMS Scoping review
HP:0030194	Fatigable weakness of speech muscles 	PROMOT:1000001	found in			CMS Scoping review
HP:0030195	Fatigable weakness of swallowing muscles 	PROMOT:1000001	found in			CMS Scoping review
HP:0030197	Fatigable weakness of skeletal muscles	PROMOT:1000001	found in			CMS Scoping review
HP:0003391	Gowers sign	PROMOT:1000001	found in			CMS Scoping review
HP:0003307	Hyperlordosis	PROMOT:1000001	found in			CMS Scoping review
HP:0001252	Hypotonia	PROMOT:1000001	found in			CMS Scoping review
HP:0001319	Neonatal hypotonia	PROMOT:1000001	found in			CMS Scoping review
HP:0001324	Muscle weakness	PROMOT:1000001	found in			CMS Scoping review
HP:0000467	Neck muscle weakness	PROMOT:1000001	found in			CMS Scoping review
HP:0030319	Weakness of facial musculature	PROMOT:1000001	found in			CMS Scoping review
HP:0000597	Ophthalmoparesis	PROMOT:1000001	found in			CMS Scoping review
HP:0007715	Weak extraocular muscles	PROMOT:1000001	found in			CMS Scoping review
HP:0003327	Axial muscle weakness	PROMOT:1000001	found in			CMS Scoping review
HP:0004878	Intercostal muscle weakness	PROMOT:1000001	found in			CMS Scoping review
HP:0009023	Abdominal wall muscle weakness	PROMOT:1000001	found in			CMS Scoping review
HP:0003722	Neck flexor weakness	PROMOT:1000001	found in			CMS Scoping review
HP:0003690	Limb muscle weakness	PROMOT:1000001	found in			CMS Scoping review
HP:0009053	Distal lower limb muscle weakness	PROMOT:1000001	found in			CMS Scoping review
HP:0008959	Distal upper limb muscle weakness	PROMOT:1000001	found in			CMS Scoping review
HP:0007340	Lower limb muscle weakness	PROMOT:1000001	found in			CMS Scoping review
HP:0003484	Upper limb muscle weakness	PROMOT:1000001	found in			CMS Scoping review
HP:0003325	Limb-girdle muscle weakness	PROMOT:1000001	found in			CMS Scoping review
HP:0003701	Proximal muscle weakness	PROMOT:1000001	found in			CMS Scoping review
HP:0002460	Distal muscle weakness	PROMOT:1000001	found in			CMS Scoping review
HP:0009028	Generalized weakness of limb muscles	PROMOT:1000001	found in			CMS Scoping review
HP:0011727	Peroneal muscle weakness	PROMOT:1000001	found in			CMS Scoping review
HP:0030237	Hand muscle weakness	PROMOT:1000001	found in			CMS Scoping review
HP:0009063	Progressive distal muscle weakness	PROMOT:1000001	found in			CMS Scoping review
HP:0009073	Progressive proximal muscle weakness	PROMOT:1000001	found in			CMS Scoping review
HP:0008963	Tibialis muscle weakness	PROMOT:1000001	found in			CMS Scoping review
HP:0003427	Thenar muscle weakness	PROMOT:1000001	found in			CMS Scoping review
HP:0008994	Proximal muscle weakness in lower limbs	PROMOT:1000001	found in			CMS Scoping review
HP:0003749	Pelvic girdle muscle weakness / Hip girdle weakness	PROMOT:1000001	found in			CMS Scoping review
HP:0003392	First dorsal interossei muscle weakness	PROMOT:1000001	found in			CMS Scoping review
HP:0003731	Quadriceps muscle weakness	PROMOT:1000001	found in			CMS Scoping review
HP:0003694	Late-onset proximal muscle weakness	PROMOT:1000001	found in			CMS Scoping review
HP:0003810	Late-onset distal muscle weakness	PROMOT:1000001	found in			CMS Scoping review
HP:0008997	Proximal muscle weakness in upper limbs	PROMOT:1000001	found in			CMS Scoping review
HP:0003547	Shoulder girdle muscle weakness	PROMOT:1000001	found in			CMS Scoping review
HP:0009005	Weakness of the intrinsic hand muscles	PROMOT:1000001	found in			CMS Scoping review
HP:0033416	Hip adductor weakness	PROMOT:1000001	found in			CMS Scoping review
HP:0012515	Hip flexor weakness	PROMOT:1000001	found in			CMS Scoping review
HP:0009027	Foot dorsiflexor weakness	PROMOT:1000001	found in			CMS Scoping review
HP:0031108	Triceps weakness	PROMOT:1000001	found in			CMS Scoping review
HP:0031374	Ankle weakness	PROMOT:1000001	found in			CMS Scoping review
HP:0031177	Finger flexor weakness	PROMOT:1000001	found in			CMS Scoping review
HP:0009077	Weakness of long finger extensor muscles	PROMOT:1000001	found in			CMS Scoping review
HP:0000602	Ophthalmoplegia	PROMOT:1000001	found in			CMS Scoping review
HP:0000544	External ophthalmoplegia	PROMOT:1000001	found in			CMS Scoping review
HP:0000496	Abnormality of eye movement	PROMOT:1000001	found in			CMS Scoping review
HP:0007941	Limited extraocular movements	PROMOT:1000001	found in			CMS Scoping review
HP:0012531	Pain	PROMOT:1000001	found in			CMS Scoping review
HP:0003326	Myalgia	PROMOT:1000001	found in			CMS Scoping review
HP:0003394	Muscle spasm	PROMOT:1000001	found in			CMS Scoping review
HP:0000508	Ptosis	PROMOT:1000001	found in			CMS Scoping review
HP:0007695	Abnormal pupillary light reflex	PROMOT:1000001	found in			CMS Scoping review
HP:0030211	Slow pupillary light response	PROMOT:1000001	found in			CMS Scoping review
HP:0001558	Decreased fetal movement	PROMOT:1000001	found in			CMS Scoping review
HP:0001315	Reduced tendon reflexes 	PROMOT:1000001	found in			CMS Scoping review
HP:0031826	Abnormal reflex	PROMOT:1000001	found in			CMS Scoping review
HP:0001284	Areflexia	PROMOT:1000001	found in			CMS Scoping review
HP:0001265	Hyporeflexia	PROMOT:1000001	found in			CMS Scoping review
HP:0002600	Hyporeflexia of lower limbs	PROMOT:1000001	found in			CMS Scoping review
HP:0002522	Areflexia of lower limbs	PROMOT:1000001	found in			CMS Scoping review
HP:0002098	Respiratory distress	PROMOT:1000001	found in			CMS Scoping review
HP:0002104	Apnea	PROMOT:1000001	found in			CMS Scoping review
HP:0002878	Respiratory failure	PROMOT:1000001	found in			CMS Scoping review
HP:0004887	Respiratory failure requiring assisted ventilation	PROMOT:1000001	found in			CMS Scoping review
HP:0002643	Neonatal respiratory distress	PROMOT:1000001	found in			CMS Scoping review
HP:0005949	Apneic episodes in infancy	PROMOT:1000001	found in			CMS Scoping review
HP:0004889	Intermittent episodes of respiratory insufficiency due to muscle weakness	PROMOT:1000001	found in			CMS Scoping review
HP:0004347	Weakness of muscles of respiration	PROMOT:1000001	found in			CMS Scoping review
HP:0004885	Episodic respiratory distress	PROMOT:1000001	found in			CMS Scoping review
HP:0002747	Respiratory insufficiency due to muscle weakness	PROMOT:1000001	found in			CMS Scoping review
HP:0002093	Respiratory insufficiency	PROMOT:1000001	found in			CMS Scoping review
HP:0032341	Reduced forced vital capacity	PROMOT:1000001	found in			CMS Scoping review
HP:0002650	Scoliosis	PROMOT:1000001	found in			CMS Scoping review
HP:0002751	Kyphoscoliosis	PROMOT:1000001	found in			CMS Scoping review
HP:0030006	Single fiber EMG abnormality	PROMOT:1000001	found in			CMS Scoping review
HP:0030205	Increased jitter at single fiber EMG	PROMOT:1000001	found in			CMS Scoping review
HP:0008180	Mildly elevated creatine kinase	PROMOT:1000001	found in			CMS Scoping review
HP:0003236	Elevated circulating creatine kinase concentration	PROMOT:1000001	found in			CMS Scoping review
HP:0040081	Abnormal circulating creatine kinase concentration	PROMOT:1000001	found in			CMS Scoping review
HP:0030202	Favorable response of weakness to acetylcholine esterase inhibitors	PROMOT:1000001	found in			CMS Scoping review
HP:0030203	Unfavorable response of muscle weakness to acetylcholine esterase inhibitors	PROMOT:1000001	found in			CMS Scoping review
HP:0003722	Neck flexor weakness	PROMOT:1000001	found in			CMS HPO DB associations
HP:0001270	Motor delay	PROMOT:1000001	found in			CMS HPO DB associations
HP:0001252	Hypotonia	PROMOT:1000001	found in			CMS HPO DB associations
HP:0008872	Feeding difficulties in infancy	PROMOT:1000001	found in			CMS HPO DB associations
HP:0001324	Muscle weakness	PROMOT:1000001	found in			CMS HPO DB associations
HP:0002650	Scoliosis	PROMOT:1000001	found in			CMS HPO DB associations
HP:0001319	Neonatal hypotonia	PROMOT:1000001	found in			CMS HPO DB associations
HP:0001315	Reduced tendon reflexes	PROMOT:1000001	found in			CMS HPO DB associations
HP:0031108	Triceps weakness	PROMOT:1000001	found in			CMS HPO DB associations
HP:0002747	Respiratory insufficiency due to muscle weakness	PROMOT:1000001	found in			CMS HPO DB associations
HP:0002033	Poor suck	PROMOT:1000001	found in			CMS HPO DB associations
HP:0002015	Dysphagia	PROMOT:1000001	found in			CMS HPO DB associations
HP:0002098	Respiratory distress	PROMOT:1000001	found in			CMS HPO DB associations
HP:0002093	Respiratory insufficiency	PROMOT:1000001	found in			CMS HPO DB associations
HP:0003394	Muscle spasm	PROMOT:1000001	found in			CMS HPO DB associations
HP:0003391	Gowers sign	PROMOT:1000001	found in			CMS HPO DB associations
HP:0003473	Fatigable weakness	PROMOT:1000001	found in			CMS HPO DB associations
HP:0003484	Upper limb muscle weakness	PROMOT:1000001	found in			CMS HPO DB associations
HP:0003458	EMG: myopathic abnormalities	PROMOT:1000001	found in			CMS HPO DB associations
HP:0003403	EMG: decremental response of compound muscle action potential to repetitive nerve stimulation	PROMOT:1000001	found in			CMS HPO DB associations
HP:0003547	Shoulder girdle muscle weakness	PROMOT:1000001	found in			CMS HPO DB associations
HP:0011968	Feeding difficulties	PROMOT:1000001	found in			CMS HPO DB associations
HP:0003690	Limb muscle weakness	PROMOT:1000001	found in			CMS HPO DB associations
HP:0009077	Weakness of long finger extensor muscles	PROMOT:1000001	found in			CMS HPO DB associations
HP:0000651	Diplopia	PROMOT:1000001	found in			CMS HPO DB associations
HP:0000602	Ophthalmoplegia	PROMOT:1000001	found in			CMS HPO DB associations
HP:0009005	Weakness of the intrinsic hand muscles	PROMOT:1000001	found in			CMS HPO DB associations
HP:0002804	Arthrogryposis multiplex congenita	PROMOT:1000001	found in			CMS HPO DB associations
HP:0002882	Sudden episodic apnea	PROMOT:1000001	found in			CMS HPO DB associations
HP:0002878	Respiratory failure	PROMOT:1000001	found in			CMS HPO DB associations
HP:0000218	High palate	PROMOT:1000001	found in			CMS HPO DB associations
HP:0001558	Decreased fetal movement	PROMOT:1000001	found in			CMS HPO DB associations
HP:0031374	Ankle weakness	PROMOT:1000001	found in			CMS HPO DB associations
HP:0030197	Fatigable weakness of skeletal muscles	PROMOT:1000001	found in			CMS HPO DB associations
HP:0030196	Fatigable weakness of respiratory muscles	PROMOT:1000001	found in			CMS HPO DB associations
HP:0001612	Weak cry	PROMOT:1000001	found in			CMS HPO DB associations
HP:0030199	Fatigable weakness of neck muscles	PROMOT:1000001	found in			CMS HPO DB associations
HP:0030319	Weakness of facial musculature	PROMOT:1000001	found in			CMS HPO DB associations
HP:0000496	Abnormality of eye movement	PROMOT:1000001	found in			CMS HPO DB associations
HP:0000467	Neck muscle weakness	PROMOT:1000001	found in			CMS HPO DB associations
HP:0000508	Ptosis	PROMOT:1000001	found in			CMS HPO DB associations
HP:0000597	Ophthalmoparesis	PROMOT:1000001	found in			CMS HPO DB associations
HP:0012515	Hip flexor weakness	PROMOT:1000001	found in			CMS HPO DB associations
HP:0002460	Distal muscle weakness	PROMOT:1000001	found in			CMS HPO DB associations
HP:0003701	Proximal muscle weakness	PROMOT:1000001	found in			CMS HPO DB associations
HP:0001288	Gait disturbance	PROMOT:1000001	found in			CMS HPO DB associations
HP:0001284	Areflexia	PROMOT:1000001	found in			CMS HPO DB associations
HP:0002515	Waddling gait	PROMOT:1000001	found in			CMS HPO DB associations
HP:0003325	Limb-girdle muscle weakness	PROMOT:1000001	found in			CMS HPO DB associations
HP:0008180	Mildly elevated creatine kinase	PROMOT:1000001	found in			CMS HPO DB associations
HP:0002359	Frequent falls	PROMOT:1000001	found in			CMS HPO DB associations
HP:0009028	Generalized weakness of limb muscles	PROMOT:1000001	found in			CMS HPO DB associations
HP:0003236	Elevated circulating creatine kinase concentration	PROMOT:1000001	found in			CMS HPO DB associations
HP:0030205	Increased jitter at single fiber EMG	PROMOT:1000001	found in			CMS HPO DB associations
HP:0030202	Favorable response of weakness to acetylcholine esterase inhibitors	PROMOT:1000001	found in			CMS HPO DB associations
HP:0002643	Neonatal respiratory distress	PROMOT:1000001	found in			CMS HPO DB associations
HP:0033454	Tube feeding	PROMOT:1000001	found in			CMS HPO DB associations
HP:0001249	Intellectual disability	PROMOT:1000001	found in			CMS HPO DB associations
HP:0001265	Hyporeflexia	PROMOT:1000001	found in			CMS HPO DB associations
HP:0003327	Axial muscle weakness	PROMOT:1000001	found in			CMS HPO DB associations
HP:0003307	Hyperlordosis	PROMOT:1000001	found in			CMS HPO DB associations
HP:0003398	Abnormal synaptic transmission at the neuromuscular junction	PROMOT:1000001	found in			CMS HPO DB associations
HP:0030203	Unfavorable response of muscle weakness to acetylcholine esterase inhibitors	PROMOT:1000001	found in			CMS HPO DB associations
HP:0005216	Impaired mastication	PROMOT:1000001	found in			CMS HPO DB associations
HP:0007941	Limited extraocular movements	PROMOT:1000001	found in			CMS HPO DB associations
HP:0030211	Slow pupillary light response	PROMOT:1000001	found in			CMS HPO DB associations
HP:0030237	Hand muscle weakness	PROMOT:1000001	found in			CMS HPO DB associations
HP:0007340	Lower limb muscle weakness	PROMOT:1000001	found in			CMS HPO DB associations
HP:0002540	Inability to walk	PROMOT:1000001	found in			CMS HPO DB associations
HP:0008997	Proximal muscle weakness in upper limbs	PROMOT:1000001	found in			CMS HPO DB associations
HP:0008959	Distal upper limb muscle weakness	PROMOT:1000001	found in			CMS HPO DB associations
HP:0009053	Distal lower limb muscle weakness	PROMOT:1000001	found in			CMS HPO DB associations
HP:0030192	Fatigable weakness of bulbar muscles	PROMOT:1000001	found in			CMS HPO DB associations
HP:0000007	Autosomal recessive inheritance	PROMOT:1000001	found in			CMS HPO DB associations
HP:0000006	Autosomal dominant inheritance	PROMOT:1000001	found in			CMS HPO DB associations
HP:0003593	Infantile onset	PROMOT:1000001	found in			CMS HPO DB associations
HP:0003577	Congenital onset	PROMOT:1000001	found in			CMS HPO DB associations
HP:0003623	Neonatal onset	PROMOT:1000001	found in			CMS HPO DB associations
HP:0011463	Childhood onset	PROMOT:1000001	found in			CMS HPO DB associations
HP:0003621	Juvenile onset	PROMOT:1000001	found in			CMS HPO DB associations
HP:0002828	Multiple joint contractures	PROMOT:1000001	found in			CM Scoping review
HP:0012768	Neonatal asphyxia	PROMOT:1000001	found in			CM Scoping review
HP:0002483	Bulbar signs	PROMOT:1000001	found in			CM Scoping review
HP:0025156	Dependency on intravenous nutrition	PROMOT:1000001	found in			CM Scoping review
HP:0033994	Dependency on parenteral nutrition	PROMOT:1000001	found in			CM Scoping review
HP:0030884	Gastrojejunal tube feeding in infancy	PROMOT:1000001	found in			CM Scoping review
HP:0040288	Nasogastric tube feeding	PROMOT:1000001	found in			CM Scoping review
HP:0031063	Impaired feeding ability	PROMOT:1000001	found in			CM Scoping review
HP:0033454	Tube feeding	PROMOT:1000001	found in			CM Scoping review
HP:0011471	Gastrostomy tube feeding in infancy	PROMOT:1000001	found in			CM Scoping review
HP:0011470	Nasogastric tube feeding in infancy	PROMOT:1000001	found in			CM Scoping review
HP:0001627	Abnormal heart morphology	PROMOT:1000001	found in			CM Scoping review
HP:0030872	Abnormal cardiac ventricular function	PROMOT:1000001	found in			CM Scoping review
HP:0001713	Abnormal cardiac ventricle morphology	PROMOT:1000001	found in			CM Scoping review
HP:0001638	Cardiomyopathy	PROMOT:1000001	found in			CM Scoping review
HP:0005216	Impaired mastication	PROMOT:1000001	found in			CM Scoping review
HP:0030193	Fatigable weakness of chewing muscles	PROMOT:1000001	found in			CM Scoping review
HP:0001374	Congenital hip dislocation	PROMOT:1000001	found in			CM Scoping review
HP:0001270	Motor delay	PROMOT:1000001	found in			CM Scoping review
HP:0031936	Delayed ability to walk	PROMOT:1000001	found in			CM Scoping review
HP:0002015	Dysphagia	PROMOT:1000001	found in			CM Scoping review
HP:0002068	Neuromuscular dysphagia	PROMOT:1000001	found in			CM Scoping review
HP:0200136	Oral-pharyngeal dysphagia	PROMOT:1000001	found in			CM Scoping review
HP:0001618	Dysphonia	PROMOT:1000001	found in			CM Scoping review
HP:0001609	Hoarse voice	PROMOT:1000001	found in			CM Scoping review
HP:0000276	Long face	PROMOT:1000001	found in			CM Scoping review
HP:0011968	Feeding difficulties	PROMOT:1000001	found in			CM Scoping review
HP:0008872	Feeding difficulties in infancy	PROMOT:1000001	found in			CM Scoping review
HP:0001508	Failure to thrive	PROMOT:1000001	found in			CM Scoping review
HP:0001531	Failure to thrive in infancy	PROMOT:1000001	found in			CM Scoping review
HP:0002033	Poor suck	PROMOT:1000001	found in			CM Scoping review
HP:0031914	Fluctuating	PROMOT:1000001	found in			CM Scoping review
HP:0003323	Progressive muscle weakness	PROMOT:1000001	found in			CM Scoping review
HP:0001288	Gait disturbance	PROMOT:1000001	found in			CM Scoping review
HP:0002515	Waddling gait	PROMOT:1000001	found in			CM Scoping review
HP:0002359	Frequent falls	PROMOT:1000001	found in			CM Scoping review
HP:0002540	Inability to walk	PROMOT:1000001	found in			CM Scoping review
HP:0009046	Difficulty running	PROMOT:1000001	found in			CM Scoping review
HP:0002505	Loss of ambulation	PROMOT:1000001	found in			CM Scoping review
HP:0003473	Fatigable weakness	PROMOT:1000001	found in			CM Scoping review
HP:0030196	Fatigable weakness of respiratory muscles 	PROMOT:1000001	found in			CM Scoping review
HP:0030198	Fatigable weakness of distal limb muscles	PROMOT:1000001	found in			CM Scoping review
HP:0030199	Fatigable weakness of neck muscles 	PROMOT:1000001	found in			CM Scoping review
HP:0030200	Fatiguable weakness of proximal limb muscles 	PROMOT:1000001	found in			CM Scoping review
HP:0030192	Fatigable weakness of bulbar muscles 	PROMOT:1000001	found in			CM Scoping review
HP:0030194	Fatigable weakness of speech muscles 	PROMOT:1000001	found in			CM Scoping review
HP:0030195	Fatigable weakness of swallowing muscles 	PROMOT:1000001	found in			CM Scoping review
HP:0030197	Fatigable weakness of skeletal muscles	PROMOT:1000001	found in			CM Scoping review
HP:0003391	Gowers sign	PROMOT:1000001	found in			CM Scoping review
HP:0000218	High palate	PROMOT:1000001	found in			CM Scoping review
HP:0002705	High, narrow palate	PROMOT:1000001	found in			CM Scoping review
HP:0003307	Hyperlordosis	PROMOT:1000001	found in			CM Scoping review
HP:0001252	Hypotonia	PROMOT:1000001	found in			CM Scoping review
HP:0001319	Neonatal hypotonia	PROMOT:1000001	found in			CM Scoping review
HP:0002047	Malignant hyperthermia	PROMOT:1000001	found in			CM Scoping review
HP:0001324	Muscle weakness	PROMOT:1000001	found in			CM Scoping review
HP:0000467	Neck muscle weakness	PROMOT:1000001	found in			CM Scoping review
HP:0030319	Weakness of facial musculature	PROMOT:1000001	found in			CM Scoping review
HP:0007715	Weak extraocular muscles	PROMOT:1000001	found in			CM Scoping review
HP:0000597	Ophthalmoparesis	PROMOT:1000001	found in			CM Scoping review
HP:0003327	Axial muscle weakness	PROMOT:1000001	found in			CM Scoping review
HP:0004878	Intercostal muscle weakness	PROMOT:1000001	found in			CM Scoping review
HP:0009023	Abdominal wall muscle weakness	PROMOT:1000001	found in			CM Scoping review
HP:0003722	Neck flexor weakness	PROMOT:1000001	found in			CM Scoping review
HP:0003690	Limb muscle weakness	PROMOT:1000001	found in			CM Scoping review
HP:0009053	Distal lower limb muscle weakness	PROMOT:1000001	found in			CM Scoping review
HP:0008959	Distal upper limb muscle weakness	PROMOT:1000001	found in			CM Scoping review
HP:0007340	Lower limb muscle weakness	PROMOT:1000001	found in			CM Scoping review
HP:0003484	Upper limb muscle weakness	PROMOT:1000001	found in			CM Scoping review
HP:0003325	Limb-girdle muscle weakness	PROMOT:1000001	found in			CM Scoping review
HP:0003701	Proximal muscle weakness	PROMOT:1000001	found in			CM Scoping review
HP:0002460	Distal muscle weakness	PROMOT:1000001	found in			CM Scoping review
HP:0009028	Generalized weakness of limb muscles	PROMOT:1000001	found in			CM Scoping review
HP:0011727	Peroneal muscle weakness	PROMOT:1000001	found in			CM Scoping review
HP:0030237	Hand muscle weakness	PROMOT:1000001	found in			CM Scoping review
HP:0009063	Progressive distal muscle weakness	PROMOT:1000001	found in			CM Scoping review
HP:0009073	Progressive proximal muscle weakness	PROMOT:1000001	found in			CM Scoping review
HP:0008963	Tibialis muscle weakness	PROMOT:1000001	found in			CM Scoping review
HP:0003427	Thenar muscle weakness	PROMOT:1000001	found in			CM Scoping review
HP:0008994	Proximal muscle weakness in lower limbs	PROMOT:1000001	found in			CM Scoping review
HP:0003749	Pelvic girdle muscle weakness / Hip girdle weakness	PROMOT:1000001	found in			CM Scoping review
HP:0003392	First dorsal interossei muscle weakness	PROMOT:1000001	found in			CM Scoping review
HP:0003731	Quadriceps muscle weakness	PROMOT:1000001	found in			CM Scoping review
HP:0003694	Late-onset proximal muscle weakness	PROMOT:1000001	found in			CM Scoping review
HP:0003810	Late-onset distal muscle weakness	PROMOT:1000001	found in			CM Scoping review
HP:0008997	Proximal muscle weakness in upper limbs	PROMOT:1000001	found in			CM Scoping review
HP:0003547	Shoulder girdle muscle weakness	PROMOT:1000001	found in			CM Scoping review
HP:0009005	Weakness of the intrinsic hand muscles	PROMOT:1000001	found in			CM Scoping review
HP:0033416	Hip adductor weakness	PROMOT:1000001	found in			CM Scoping review
HP:0012515	Hip flexor weakness	PROMOT:1000001	found in			CM Scoping review
HP:0009027	Foot dorsiflexor weakness	PROMOT:1000001	found in			CM Scoping review
HP:0031108	Triceps weakness	PROMOT:1000001	found in			CM Scoping review
HP:0031374	Ankle weakness	PROMOT:1000001	found in			CM Scoping review
HP:0031177	Finger flexor weakness	PROMOT:1000001	found in			CM Scoping review
HP:0009077	Weakness of long finger extensor muscles	PROMOT:1000001	found in			CM Scoping review
HP:0002058	Myopathic facies	PROMOT:1000001	found in			CM Scoping review
HP:0000602	Ophthalmoplegia	PROMOT:1000001	found in			CM Scoping review
HP:0000544	External ophthalmoplegia	PROMOT:1000001	found in			CM Scoping review
HP:0000496	Abnormality of eye movement	PROMOT:1000001	found in			CM Scoping review
HP:0007941	Limited extraocular movements	PROMOT:1000001	found in			CM Scoping review
HP:0001761	Pes cavus	PROMOT:1000001	found in			CM Scoping review
HP:0000768	Pectus carinatum	PROMOT:1000001	found in			CM Scoping review
HP:0000767	Pectus excavatum	PROMOT:1000001	found in			CM Scoping review
HP:0001622	Premature birth	PROMOT:1000001	found in			CM Scoping review
HP:0000508	Ptosis	PROMOT:1000001	found in			CM Scoping review
HP:0001558	Decreased fetal movement	PROMOT:1000001	found in			CM Scoping review
HP:0001989	Fetal akinesia sequence	PROMOT:1000001	found in			CM Scoping review
HP:0001284	Areflexia	PROMOT:1000001	found in			CM Scoping review
HP:0001265	Hyporeflexia	PROMOT:1000001	found in			CM Scoping review
HP:0002600	Hyporeflexia of lower limbs	PROMOT:1000001	found in			CM Scoping review
HP:0002522	Areflexia of lower limbs	PROMOT:1000001	found in			CM Scoping review
HP:0001315	Reduced tendon reflexes 	PROMOT:1000001	found in			CM Scoping review
HP:0031826	Abnormal reflex	PROMOT:1000001	found in			CM Scoping review
HP:0004347	Weakness of muscles of respiration	PROMOT:1000001	found in			CM Scoping review
HP:0002104	Apnea	PROMOT:1000001	found in			CM Scoping review
HP:0002098	Respiratory distress	PROMOT:1000001	found in			CM Scoping review
HP:0002878	Respiratory failure	PROMOT:1000001	found in			CM Scoping review
HP:0004887	Respiratory failure requiring assisted ventilation	PROMOT:1000001	found in			CM Scoping review
HP:0004885	Episodic respiratory distress	PROMOT:1000001	found in			CM Scoping review
HP:0002643	Neonatal respiratory distress	PROMOT:1000001	found in			CM Scoping review
HP:0004889	Intermittent episodes of respiratory insufficiency due to muscle weakness	PROMOT:1000001	found in			CM Scoping review
HP:0005949	Apneic episodes in infancy	PROMOT:1000001	found in			CM Scoping review
HP:0002093	Respiratory insufficiency	PROMOT:1000001	found in			CM Scoping review
HP:0002747	Respiratory insufficiency due to muscle weakness	PROMOT:1000001	found in			CM Scoping review
HP:0032341	Reduced forced vital capacity	PROMOT:1000001	found in			CM Scoping review
HP:0003306	Spinal rigidity	PROMOT:1000001	found in			CM Scoping review
HP:0002650	Scoliosis	PROMOT:1000001	found in			CM Scoping review
HP:0002751	Kyphoscoliosis	PROMOT:1000001	found in			CM Scoping review
HP:6000327	Thoracic cage flatness	PROMOT:1000001	found in			CM Scoping review
HP:0001547	Abnormal rib cage morphology 	PROMOT:1000001	found in			CM Scoping review
HP:0000886	Deformed rib cage 	PROMOT:1000001	found in			CM Scoping review
HP:0003691	Scapular winging	PROMOT:1000001	found in			CM Scoping review
HP:0000774	Narrow chest	PROMOT:1000001	found in			CM Scoping review
HP:0002808	Kyphosis	PROMOT:1000001	found in			CM Scoping review
HP:0000028	Cryptorchidism	PROMOT:1000001	found in			CM Scoping review
HP:0030000	EMG : repetitive nerve stimulation abnormality	PROMOT:1000001	found in			CM Scoping review
HP:0003398	Abnormal synaptic transmission at the neuromuscular junction 	PROMOT:1000001	found in			CM Scoping review
HP:0003458	EMG: myopathic abnormalities	PROMOT:1000001	found in			CM Scoping review
HP:0003445	EMG: neuropathic changes	PROMOT:1000001	found in			CM Scoping review
HP:0003403	EMG: decremental response of compound muscle action potential to repetitive nerve stimulation  	PROMOT:1000001	found in			CM Scoping review
HP:0003236	Elevated circulating creatine kinase concentration	PROMOT:1000001	found in			CM Scoping review
HP:0008180	Mildly elevated creatine kinase	PROMOT:1000001	found in			CM Scoping review
HP:0040081	Abnormal circulating creatine kinase concentration	PROMOT:1000001	found in			CM Scoping review
HP:0002483	Bulbar signs	PROMOT:1000001	found in			CM HPO KB associations
HP:0002460	Distal muscle weakness	PROMOT:1000001	found in			CM HPO KB associations
HP:0003749	Pelvic girdle muscle weakness	PROMOT:1000001	found in			CM HPO KB associations
HP:0003722	Neck flexor weakness	PROMOT:1000001	found in			CM HPO KB associations
HP:0003701	Proximal muscle weakness	PROMOT:1000001	found in			CM HPO KB associations
HP:0001270	Motor delay	PROMOT:1000001	found in			CM HPO KB associations
HP:0001288	Gait disturbance	PROMOT:1000001	found in			CM HPO KB associations
HP:0001284	Areflexia	PROMOT:1000001	found in			CM HPO KB associations
HP:0001252	Hypotonia	PROMOT:1000001	found in			CM HPO KB associations
HP:0001265	Hyporeflexia	PROMOT:1000001	found in			CM HPO KB associations
HP:0002515	Waddling gait	PROMOT:1000001	found in			CM HPO KB associations
HP:0003810	Late-onset distal muscle weakness	PROMOT:1000001	found in			CM HPO KB associations
HP:0001374	Congenital hip dislocation	PROMOT:1000001	found in			CM HPO KB associations
HP:0008872	Feeding difficulties in infancy	PROMOT:1000001	found in			CM HPO KB associations
HP:0002650	Scoliosis	PROMOT:1000001	found in			CM HPO KB associations
HP:0001319	Neonatal hypotonia	PROMOT:1000001	found in			CM HPO KB associations
HP:0001315	Reduced tendon reflexes	PROMOT:1000001	found in			CM HPO KB associations
HP:0002705	High, narrow palate	PROMOT:1000001	found in			CM HPO KB associations
HP:0002751	Kyphoscoliosis	PROMOT:1000001	found in			CM HPO KB associations
HP:0002747	Respiratory insufficiency due to muscle weakness	PROMOT:1000001	found in			CM HPO KB associations
HP:0003327	Axial muscle weakness	PROMOT:1000001	found in			CM HPO KB associations
HP:0003325	Limb-girdle muscle weakness	PROMOT:1000001	found in			CM HPO KB associations
HP:0002015	Dysphagia	PROMOT:1000001	found in			CM HPO KB associations
HP:0003307	Hyperlordosis	PROMOT:1000001	found in			CM HPO KB associations
HP:0003306	Spinal rigidity	PROMOT:1000001	found in			CM HPO KB associations
HP:0003323	Progressive muscle weakness	PROMOT:1000001	found in			CM HPO KB associations
HP:0002098	Respiratory distress	PROMOT:1000001	found in			CM HPO KB associations
HP:0002093	Respiratory insufficiency	PROMOT:1000001	found in			CM HPO KB associations
HP:0002068	Neuromuscular dysphagia	PROMOT:1000001	found in			CM HPO KB associations
HP:0003391	Gowers sign	PROMOT:1000001	found in			CM HPO KB associations
HP:0002058	Myopathic facies	PROMOT:1000001	found in			CM HPO KB associations
HP:0008180	Mildly elevated creatine kinase	PROMOT:1000001	found in			CM HPO KB associations
HP:0040288	Nasogastric tube feeding	PROMOT:1000001	found in			CM HPO KB associations
HP:0003458	EMG: myopathic abnormalities	PROMOT:1000001	found in			CM HPO KB associations
HP:0003445	EMG: neuropathic changes	PROMOT:1000001	found in			CM HPO KB associations
HP:0003552	Muscle stiffness	PROMOT:1000001	found in			CM HPO KB associations
HP:0003547	Shoulder girdle muscle weakness	PROMOT:1000001	found in			CM HPO KB associations
HP:0004878	Intercostal muscle weakness	PROMOT:1000001	found in			CM HPO KB associations
HP:0004887	Respiratory failure requiring assisted ventilation	PROMOT:1000001	found in			CM HPO KB associations
HP:0011968	Feeding difficulties	PROMOT:1000001	found in			CM HPO KB associations
HP:0003691	Scapular winging	PROMOT:1000001	found in			CM HPO KB associations
HP:0003690	Limb muscle weakness	PROMOT:1000001	found in			CM HPO KB associations
HP:0002359	Frequent falls	PROMOT:1000001	found in			CM HPO KB associations
HP:0033454	Tube feeding	PROMOT:1000001	found in			CM HPO KB associations
HP:0000602	Ophthalmoplegia	PROMOT:1000001	found in			CM HPO KB associations
HP:0009027	Foot dorsiflexor weakness	PROMOT:1000001	found in			CM HPO KB associations
HP:0001989	Fetal akinesia sequence	PROMOT:1000001	found in			CM HPO KB associations
HP:0004347	Weakness of muscles of respiration	PROMOT:1000001	found in			CM HPO KB associations
HP:0000767	Pectus excavatum	PROMOT:1000001	found in			CM HPO KB associations
HP:0011471	Gastrostomy tube feeding in infancy	PROMOT:1000001	found in			CM HPO KB associations
HP:0011470	Nasogastric tube feeding in infancy	PROMOT:1000001	found in			CM HPO KB associations
HP:0000774	Narrow chest	PROMOT:1000001	found in			CM HPO KB associations
HP:0003236	Elevated circulating creatine kinase concentration	PROMOT:1000001	found in			CM HPO KB associations
HP:0000276	Long face	PROMOT:1000001	found in			CM HPO KB associations
HP:0002808	Kyphosis	PROMOT:1000001	found in			CM HPO KB associations
HP:0002804	Arthrogryposis multiplex congenita	PROMOT:1000001	found in			CM HPO KB associations
HP:0002878	Respiratory failure	PROMOT:1000001	found in			CM HPO KB associations
HP:0000218	High palate	PROMOT:1000001	found in			CM HPO KB associations
HP:0001558	Decreased fetal movement	PROMOT:1000001	found in			CM HPO KB associations
HP:0001508	Failure to thrive	PROMOT:1000001	found in			CM HPO KB associations
HP:0030200	Fatiguable weakness of proximal limb muscles	PROMOT:1000001	found in			CM HPO KB associations
HP:0005216	Impaired mastication	PROMOT:1000001	found in			CM HPO KB associations
HP:0001609	Hoarse voice	PROMOT:1000001	found in			CM HPO KB associations
HP:0030196	Fatigable weakness of respiratory muscles	PROMOT:1000001	found in			CM HPO KB associations
HP:0030192	Fatigable weakness of bulbar muscles	PROMOT:1000001	found in			CM HPO KB associations
HP:0030198	Fatigable weakness of distal limb muscles	PROMOT:1000001	found in			CM HPO KB associations
HP:0001627	Abnormal heart morphology	PROMOT:1000001	found in			CM HPO KB associations
HP:0001622	Premature birth	PROMOT:1000001	found in			CM HPO KB associations
HP:0001638	Cardiomyopathy	PROMOT:1000001	found in			CM HPO KB associations
HP:0030319	Weakness of facial musculature	PROMOT:1000001	found in			CM HPO KB associations
HP:0000467	Neck muscle weakness	PROMOT:1000001	found in			CM HPO KB associations
HP:0001761	Pes cavus	PROMOT:1000001	found in			CM HPO KB associations
HP:0000508	Ptosis	PROMOT:1000001	found in			CM HPO KB associations
HP:0002540	Inability to walk	PROMOT:1000001	found in			CM HPO KB associations
HP:0000028	Cryptorchidism	PROMOT:1000001	found in			CM HPO KB associations
HP:0002643	Neonatal respiratory distress	PROMOT:1000001	found in			CM HPO KB associations
HP:0030195	Fatigable weakness of swallowing muscles	PROMOT:1000001	found in			CM HPO KB associations
HP:0000544	External ophthalmoplegia	PROMOT:1000001	found in			CM HPO KB associations
HP:0002104	Apnea	PROMOT:1000001	found in			CM HPO KB associations
HP:0009073	Progressive proximal muscle weakness	PROMOT:1000001	found in			CM HPO KB associations
HP:0009077	Weakness of long finger extensor muscles	PROMOT:1000001	found in			CM HPO KB associations
HP:0009063	Progressive distal muscle weakness	PROMOT:1000001	found in			CM HPO KB associations
HP:0009005	Weakness of the intrinsic hand muscles	PROMOT:1000001	found in			CM HPO KB associations
HP:0001547	Abnormal rib cage morphology	PROMOT:1000001	found in			CM HPO KB associations
HP:0001324	Muscle weakness	PROMOT:1000001	found in			CM HPO KB associations
HP:0008959	Distal upper limb muscle weakness	PROMOT:1000001	found in			CM HPO KB associations
HP:0002047	Malignant hyperthermia	PROMOT:1000001	found in			CM HPO KB associations
HP:0003473	Fatigable weakness	PROMOT:1000001	found in			CM HPO KB associations
HP:0009046	Difficulty running	PROMOT:1000001	found in			CM HPO KB associations
HP:0031936	Delayed ability to walk	PROMOT:1000001	found in			CM HPO KB associations
HP:0040081	Abnormal circulating creatine kinase concentration	PROMOT:1000001	found in			CM HPO KB associations
HP:0002828	Multiple joint contractures	PROMOT:1000001	found in			CM HPO KB associations
HP:0004889	Intermittent episodes of respiratory insufficiency due to muscle weakness	PROMOT:1000001	found in			CM HPO KB associations
HP:0004322	Short stature	PROMOT:1000001	found in			CM HPO KB associations
HP:0001249	Intellectual disability	PROMOT:1000001	found in			CM HPO KB associations
HP:0002505	Loss of ambulation	PROMOT:1000001	found in			CM HPO KB associations
HP:0004325	Decreased body weight	PROMOT:1000001	found in			CM HPO KB associations
HP:0003457	EMG abnormality	PROMOT:1000001	found in			CM HPO KB associations
HP:0001387	Joint stiffness	PROMOT:1000001	found in			CM HPO KB associations
HP:0000486	Strabismus	PROMOT:1000001	found in			CM HPO KB associations
HP:0003819	Death in childhood	PROMOT:1000001	found in			CM HPO KB associations
HP:0003811	Neonatal death	PROMOT:1000001	found in			CM HPO KB associations
HP:0000007	Autosomal recessive inheritance	PROMOT:1000001	found in			CM HPO KB associations
HP:0000006	Autosomal dominant inheritance	PROMOT:1000001	found in			CM HPO KB associations
HP:0003593	Infantile onset	PROMOT:1000001	found in			CM HPO KB associations
HP:0003577	Congenital onset	PROMOT:1000001	found in			CM HPO KB associations
HP:0003623	Neonatal onset	PROMOT:1000001	found in			CM HPO KB associations
HP:0011462	Young adult onset	PROMOT:1000001	found in			CM HPO KB associations
HP:0011463	Childhood onset	PROMOT:1000001	found in			CM HPO KB associations
HP:0001249	Intellectual disability	PROMOT:2000005	affects	some	http://id.who.int/icd/entity/1525383756	Intellectual functions
HP:0012378	Fatigue	PROMOT:2000005	affects	some	http://id.who.int/icd/entity/1864074583	Energy level
HP:0000651	Diplopia	PROMOT:2000005	affects	some	http://id.who.int/icd/entity/2022689055	Visual acuity functions
HP:0000508	Ptosis	PROMOT:2000005	affects	some	http://id.who.int/icd/entity/2021370201	Functions of the eyelid
HP:0007838	Progressive ptosis	PROMOT:2000005	affects	some	http://id.who.int/icd/entity/2021370201	Functions of the eyelid
HP:0000597	Ophthalmoparesis	PROMOT:2000005	affects	some	http://id.who.int/icd/entity/1090716697	Functions of external muscles of the eye
HP:0000602	Ophthalmoplegia	PROMOT:2000005	affects	some	http://id.who.int/icd/entity/1090716697	Functions of external muscles of the eye
HP:0000544	External ophthalmoplegia	PROMOT:2000005	affects	some	http://id.who.int/icd/entity/1090716697	Functions of external muscles of the eye
HP:0007941	Limited extraocular movements	PROMOT:2000005	affects	some	http://id.who.int/icd/entity/1090716697	Functions of external muscles of the eye
HP:0002141	Gait imbalance	PROMOT:2000005	affects	some	http://id.who.int/icd/entity/1831985718	Vestibular function of balance
HP:0012531	Pain	PROMOT:2000005	affects	some	http://id.who.int/icd/entity/893697482	Generalized pain
HP:0003326	Myalgia	PROMOT:2000005	affects	some	http://id.who.int/icd/entity/893697482	Generalized pain
HP:0032043	Odynophagia	PROMOT:2000005	affects	some	http://id.who.int/icd/entity/299098423	Pain in head and neck
HP:0012531	Pain	PROMOT:2000005	affects	some	http://id.who.int/icd/entity/299098423	Pain in head and neck
HP:0003326	Myalgia	PROMOT:2000005	affects	some	http://id.who.int/icd/entity/299098423	Pain in head and neck
HP:0012531	Pain	PROMOT:2000005	affects	some	http://id.who.int/icd/entity/117147127	Pain in chest
HP:0003326	Myalgia	PROMOT:2000005	affects	some	http://id.who.int/icd/entity/117147127	Pain in chest
HP:0012531	Pain	PROMOT:2000005	affects	some	http://id.who.int/icd/entity/1065560247	Pain in stomach or abdomen
HP:0003326	Myalgia	PROMOT:2000005	affects	some	http://id.who.int/icd/entity/1065560247	Pain in stomach or abdomen
HP:0012531	Pain	PROMOT:2000005	affects	some	http://id.who.int/icd/entity/682314871	Pain in back
HP:0003326	Myalgia	PROMOT:2000005	affects	some	http://id.who.int/icd/entity/682314871	Pain in back
HP:0012531	Pain	PROMOT:2000005	affects	some	http://id.who.int/icd/entity/1299345975	Pain in upper limb
HP:0003326	Myalgia	PROMOT:2000005	affects	some	http://id.who.int/icd/entity/1299345975	Pain in upper limb
HP:0012531	Pain	PROMOT:2000005	affects	some	http://id.who.int/icd/entity/1515853559	Pain in lower limb
HP:0003326	Myalgia	PROMOT:2000005	affects	some	http://id.who.int/icd/entity/1515853559	Pain in lower limb
HP:0012531	Pain	PROMOT:2000005	affects	some	http://id.who.int/icd/entity/454325322	Pain in multiple body parts
HP:0001618	Dysphonia	PROMOT:2000005	affects	some	http://id.who.int/icd/entity/712570723	Voice functions
HP:0001609	Hoarse voice	PROMOT:2000005	affects	some	http://id.who.int/icd/entity/712570723	Voice functions
HP:6001011	Wet voice	PROMOT:2000005	affects	some	http://id.who.int/icd/entity/1846694084	Quality of voice
HP:0001611	Hypernasal speech	PROMOT:2000005	affects	some	http://id.who.int/icd/entity/1846694084	Quality of voice
HP:0001260	Dysarthria	PROMOT:2000005	affects	some	http://id.who.int/icd/entity/1919311435	Articulation functions
HP:0001618	Dysphonia	PROMOT:2000005	affects	some	http://id.who.int/icd/entity/2069371821	Rhythm of speech
HP:0001618	Dysphonia	PROMOT:2000005	affects	some	http://id.who.int/icd/entity/1109440237	Speed of speech
HP:0001618	Dysphonia	PROMOT:2000005	affects	some	http://id.who.int/icd/entity/1426641453	Melody of speech
HP:0001618	Dysphonia	PROMOT:2000005	affects	some	http://id.who.int/icd/entity/1034220517	Alternative vocalization functions
HP:0001612	Weak cry	PROMOT:2000005	affects	some	http://id.who.int/icd/entity/1034220517	Alternative vocalization functions
HP:0002098	Respiratory distress	PROMOT:2000005	affects	some	http://id.who.int/icd/entity/446199613	Respiration functions
HP:0002094	Dyspnea	PROMOT:2000005	affects	some	http://id.who.int/icd/entity/446199613	Respiration functions
HP:0002747	Respiratory insufficiency due to muscle weakness	PROMOT:2000005	affects	some	http://id.who.int/icd/entity/446199613	Respiration functions
HP:0002093	Respiratory insufficiency	PROMOT:2000005	affects	some	http://id.who.int/icd/entity/446199613	Respiration functions
HP:0004347	Weakness of muscles of respiration	PROMOT:2000005	affects	some	http://id.who.int/icd/entity/446199613	Respiration functions
HP:0032341	Reduced forced vital capacity	PROMOT:2000005	affects	some	http://id.who.int/icd/entity/446199613	Respiration functions
HP:0002098	Respiratory distress	PROMOT:2000005	affects	some	http://id.who.int/icd/entity/1360101629	Respiratory muscle functions
HP:0002094	Dyspnea	PROMOT:2000005	affects	some	http://id.who.int/icd/entity/1360101629	Respiratory muscle functions
HP:0002747	Respiratory insufficiency due to muscle weakness	PROMOT:2000005	affects	some	http://id.who.int/icd/entity/1360101629	Respiratory muscle functions
HP:0002093	Respiratory insufficiency	PROMOT:2000005	affects	some	http://id.who.int/icd/entity/1360101629	Respiratory muscle functions
HP:0004347	Weakness of muscles of respiration	PROMOT:2000005	affects	some	http://id.who.int/icd/entity/1360101629	Respiratory muscle functions
HP:0032341	Reduced forced vital capacity	PROMOT:2000005	affects	some	http://id.who.int/icd/entity/1360101629	Respiratory muscle functions
HP:0002104	Apnea	PROMOT:2000005	affects	some	http://id.who.int/icd/entity/1470583183	Functions of breathing through the mouth
HP:0002878	Respiratory failure	PROMOT:2000005	affects	some	http://id.who.int/icd/entity/1470583183	Functions of breathing through the mouth
HP:0004887	Respiratory failure requiring assisted ventilation	PROMOT:2000005	affects	some	http://id.who.int/icd/entity/1470583183	Functions of breathing through the mouth
HP:0002643	Neonatal respiratory distress	PROMOT:2000005	affects	some	http://id.who.int/icd/entity/1470583183	Functions of breathing through the mouth
HP:0005949	Apneic episodes in infancy	PROMOT:2000005	affects	some	http://id.who.int/icd/entity/1470583183	Functions of breathing through the mouth
HP:0004889	Intermittent episodes of respiratory insufficiency due to muscle weakness	PROMOT:2000005	affects	some	http://id.who.int/icd/entity/1470583183	Functions of breathing through the mouth
HP:0004347	Weakness of muscles of respiration	PROMOT:2000005	affects	some	http://id.who.int/icd/entity/1470583183	Functions of breathing through the mouth
HP:0004885	Episodic respiratory distress	PROMOT:2000005	affects	some	http://id.who.int/icd/entity/1470583183	Functions of breathing through the mouth
HP:0012735	Cough 	PROMOT:2000005	affects	some	http://id.who.int/icd/entity/1083127119	Functions of coughing
HP:0011968	Feeding difficulties	PROMOT:2000005	affects	some	http://id.who.int/icd/entity/2089171534	Sucking
HP:0008872	Feeding difficulties in infancy	PROMOT:2000005	affects	some	http://id.who.int/icd/entity/2089171534	Sucking
HP:0002033	Poor suck	PROMOT:2000005	affects	some	http://id.who.int/icd/entity/2089171534	Sucking
HP:0011968	Feeding difficulties	PROMOT:2000005	affects	some	http://id.who.int/icd/entity/1806589582	Biting
HP:0008872	Feeding difficulties in infancy	PROMOT:2000005	affects	some	http://id.who.int/icd/entity/1806589582	Biting
HP:0005216	Impaired mastication	PROMOT:2000005	affects	some	http://id.who.int/icd/entity/1389818830	Chewing
HP:0030193	Fatigable weakness of chewing muscles	PROMOT:2000005	affects	some	http://id.who.int/icd/entity/1389818830	Chewing
HP:0011968	Feeding difficulties	PROMOT:2000005	affects	some	http://id.who.int/icd/entity/1389818830	Chewing
HP:0008872	Feeding difficulties in infancy	PROMOT:2000005	affects	some	http://id.who.int/icd/entity/1389818830	Chewing
HP:0031146	Impaired oral bolus formation	PROMOT:2000005	affects	some	http://id.who.int/icd/entity/1174312718	Manipulation of food in the mouth
HP:0011968	Feeding difficulties	PROMOT:2000005	affects	some	http://id.who.int/icd/entity/1174312718	Manipulation of food in the mouth
HP:0008872	Feeding difficulties in infancy	PROMOT:2000005	affects	some	http://id.who.int/icd/entity/1174312718	Manipulation of food in the mouth
HP:0011968	Feeding difficulties	PROMOT:2000005	affects	some	http://id.who.int/icd/entity/539470158	Salivation
HP:0008872	Feeding difficulties in infancy	PROMOT:2000005	affects	some	http://id.who.int/icd/entity/539470158	Salivation
HP:0002015	Dysphagia	PROMOT:2000005	affects	some	http://id.who.int/icd/entity/923782542	Swallowing
HP:0002068	Neuromuscular dysphagia	PROMOT:2000005	affects	some	http://id.who.int/icd/entity/923782542	Swallowing
HP:0200136	Oral-pharyngeal dysphagia	PROMOT:2000005	affects	some	http://id.who.int/icd/entity/923782542	Swallowing
HP:0011968	Feeding difficulties	PROMOT:2000005	affects	some	http://id.who.int/icd/entity/923782542	Swallowing
HP:0008872	Feeding difficulties in infancy	PROMOT:2000005	affects	some	http://id.who.int/icd/entity/923782542	Swallowing
HP:0031162	Impaired oropharyngeal swallow response	PROMOT:2000005	affects	some	http://id.who.int/icd/entity/1041382491	Oral swallowing
HP:0031162	Impaired oropharyngeal swallow response	PROMOT:2000005	affects	some	http://id.who.int/icd/entity/691689627	Pharyngeal swallowing
HP:0004325	Decreased body weight	PROMOT:2000005	affects	some	http://id.who.int/icd/entity/862066979	Weight maintenance functions
HP:0002047	Malignant hyperthermia	PROMOT:2000005	affects	some	http://id.who.int/icd/entity/2090906765	Thermoregulatory functions
HP:0000028	Cryptorchidism	PROMOT:2000005	affects	some	http://id.who.int/icd/entity/859818654	Penis, testes and scrotum development
HP:0003306	Spinal rigidity	PROMOT:2000005	affects	some	http://id.who.int/icd/entity/248265067	Mobility of joint functions
HP:0002828	Multiple joint contractures	PROMOT:2000005	affects	some	http://id.who.int/icd/entity/1757783224	Mobility of several joints
HP:0002804	Arthrogryposis multiplex congenita	PROMOT:2000005	affects	some	http://id.who.int/icd/entity/1757783224	Mobility of several joints
HP:0001387	Joint stiffness	PROMOT:2000005	affects	some	http://id.who.int/icd/entity/1757783224	Mobility of several joints
HP:0000467	Neck muscle weakness	PROMOT:2000005	affects	some	http://id.who.int/icd/entity/1789365017	Power of isolated muscles and muscle groups
HP:0030319	Weakness of facial musculature	PROMOT:2000005	affects	some	http://id.who.int/icd/entity/1789365017	Power of isolated muscles and muscle groups
HP:0007715	Weak extraocular muscles	PROMOT:2000005	affects	some	http://id.who.int/icd/entity/1789365017	Power of isolated muscles and muscle groups
HP:0000597	Ophthalmoparesis	PROMOT:2000005	affects	some	http://id.who.int/icd/entity/1789365017	Power of isolated muscles and muscle groups
HP:0009023	Abdominal wall muscle weakness	PROMOT:2000005	affects	some	http://id.who.int/icd/entity/1789365017	Power of isolated muscles and muscle groups
HP:0003327	Axial muscle weakness	PROMOT:2000005	affects	some	http://id.who.int/icd/entity/1789365017	Power of isolated muscles and muscle groups
HP:0003722	Neck flexor weakness	PROMOT:2000005	affects	some	http://id.who.int/icd/entity/1789365017	Power of isolated muscles and muscle groups
HP:0008994	Proximal muscle weakness in lower limbs	PROMOT:2000005	affects	some	http://id.who.int/icd/entity/1789365017	Power of isolated muscles and muscle groups
HP:0003749	Pelvic girdle muscle weakness / Hip girdle weakness	PROMOT:2000005	affects	some	http://id.who.int/icd/entity/1789365017	Power of isolated muscles and muscle groups
HP:0003731	Quadriceps muscle weakness	PROMOT:2000005	affects	some	http://id.who.int/icd/entity/1789365017	Power of isolated muscles and muscle groups
HP:0033416	Hip adductor weakness	PROMOT:2000005	affects	some	http://id.who.int/icd/entity/1789365017	Power of isolated muscles and muscle groups
HP:0012515	Hip flexor weakness	PROMOT:2000005	affects	some	http://id.who.int/icd/entity/1789365017	Power of isolated muscles and muscle groups
HP:0008997	Proximal muscle weakness in upper limbs	PROMOT:2000005	affects	some	http://id.who.int/icd/entity/1789365017	Power of isolated muscles and muscle groups
HP:0003547	Shoulder girdle muscle weakness	PROMOT:2000005	affects	some	http://id.who.int/icd/entity/1789365017	Power of isolated muscles and muscle groups
HP:0031108	Triceps weakness	PROMOT:2000005	affects	some	http://id.who.int/icd/entity/1789365017	Power of isolated muscles and muscle groups
HP:0009053	Distal lower limb muscle weakness	PROMOT:2000005	affects	some	http://id.who.int/icd/entity/1789365017	Power of isolated muscles and muscle groups
HP:0009027	Foot dorsiflexor weakness	PROMOT:2000005	affects	some	http://id.who.int/icd/entity/1789365017	Power of isolated muscles and muscle groups
HP:0011727	Peroneal muscle weakness	PROMOT:2000005	affects	some	http://id.who.int/icd/entity/1789365017	Power of isolated muscles and muscle groups
HP:0008963	Tibialis muscle weakness	PROMOT:2000005	affects	some	http://id.who.int/icd/entity/1789365017	Power of isolated muscles and muscle groups
HP:0031374	Ankle weakness	PROMOT:2000005	affects	some	http://id.who.int/icd/entity/1789365017	Power of isolated muscles and muscle groups
HP:0008959	Distal upper limb muscle weakness	PROMOT:2000005	affects	some	http://id.who.int/icd/entity/1789365017	Power of isolated muscles and muscle groups
HP:0030237	Hand muscle weakness	PROMOT:2000005	affects	some	http://id.who.int/icd/entity/1789365017	Power of isolated muscles and muscle groups
HP:0009077	Weakness of long finger extensor muscles	PROMOT:2000005	affects	some	http://id.who.int/icd/entity/1789365017	Power of isolated muscles and muscle groups
HP:0009005	Weakness of the intrinsic hand muscles	PROMOT:2000005	affects	some	http://id.who.int/icd/entity/1789365017	Power of isolated muscles and muscle groups
HP:0031177	Finger flexor weakness	PROMOT:2000005	affects	some	http://id.who.int/icd/entity/1789365017	Power of isolated muscles and muscle groups
HP:0003392	First dorsal interossei muscle weakness	PROMOT:2000005	affects	some	http://id.who.int/icd/entity/1789365017	Power of isolated muscles and muscle groups
HP:0003427	Thenar muscle weakness	PROMOT:2000005	affects	some	http://id.who.int/icd/entity/1789365017	Power of isolated muscles and muscle groups
HP:0003701	Proximal muscle weakness	PROMOT:2000005	affects	some	http://id.who.int/icd/entity/1789365017	Power of isolated muscles and muscle groups
HP:0002460	Distal muscle weakness	PROMOT:2000005	affects	some	http://id.who.int/icd/entity/1789365017	Power of isolated muscles and muscle groups
HP:0007340	Lower limb muscle weakness	PROMOT:2000005	affects	some	http://id.who.int/icd/entity/1789365017	Power of isolated muscles and muscle groups
HP:0003484	Upper limb muscle weakness	PROMOT:2000005	affects	some	http://id.who.int/icd/entity/1789365017	Power of isolated muscles and muscle groups
HP:0003325	Limb-girdle muscle weakness	PROMOT:2000005	affects	some	http://id.who.int/icd/entity/1789365017	Power of isolated muscles and muscle groups
HP:0003690	Limb muscle weakness	PROMOT:2000005	affects	some	http://id.who.int/icd/entity/1789365017	Power of isolated muscles and muscle groups
HP:0009063	Progressive distal muscle weakness	PROMOT:2000005	affects	some	http://id.who.int/icd/entity/1789365017	Power of isolated muscles and muscle groups
HP:0009073	Progressive proximal muscle weakness	PROMOT:2000005	affects	some	http://id.who.int/icd/entity/1789365017	Power of isolated muscles and muscle groups
HP:0005216	Impaired mastication	PROMOT:2000005	affects	some	http://id.who.int/icd/entity/1789365017	Power of isolated muscles and muscle groups
HP:0031146	Impaired oral bolus formation	PROMOT:2000005	affects	some	http://id.who.int/icd/entity/1789365017	Power of isolated muscles and muscle groups
HP:0004347	Weakness of muscles of respiration	PROMOT:2000005	affects	some	http://id.who.int/icd/entity/1789365017	Power of isolated muscles and muscle groups
HP:0000602	Ophthalmoplegia	PROMOT:2000005	affects	some	http://id.who.int/icd/entity/1789365017	Power of isolated muscles and muscle groups
HP:0000544	External ophthalmoplegia	PROMOT:2000005	affects	some	http://id.who.int/icd/entity/1789365017	Power of isolated muscles and muscle groups
HP:0000508	Ptosis	PROMOT:2000005	affects	some	http://id.who.int/icd/entity/1789365017	Power of isolated muscles and muscle groups
HP:0000183	Tongue muscle weakness	PROMOT:2000005	affects	some	http://id.who.int/icd/entity/1789365017	Power of isolated muscles and muscle groups
HP:0007838	Progressive ptosis	PROMOT:2000005	affects	some	http://id.who.int/icd/entity/1789365017	Power of isolated muscles and muscle groups
HP:0012473	Tongue atrophy	PROMOT:2000005	affects	some	http://id.who.int/icd/entity/1789365017	Power of isolated muscles and muscle groups
HP:0008988	Pelvic girdle muscle atrophy	PROMOT:2000005	affects	some	http://id.who.int/icd/entity/1789365017	Power of isolated muscles and muscle groups
HP:0033466	Weak grip	PROMOT:2000005	affects	some	http://id.who.int/icd/entity/1789365017	Power of isolated muscles and muscle groups
HP:0012497	Reduced maximal expiratory pressure	PROMOT:2000005	affects	some	http://id.who.int/icd/entity/1789365017	Power of isolated muscles and muscle groups
HP:0030193	Fatigable weakness of chewing muscles	PROMOT:2000005	affects	some	http://id.who.int/icd/entity/1789365017	Power of isolated muscles and muscle groups
HP:0030000	EMG: repetitive nerve stimulation abnormality	PROMOT:2000005	affects	some	http://id.who.int/icd/entity/1789365017	Power of isolated muscles and muscle groups
HP:0003398	Abnormal synaptic transmission at the neuromuscular junction 	PROMOT:2000005	affects	some	http://id.who.int/icd/entity/1789365017	Power of isolated muscles and muscle groups
HP:0003458	EMG: myopathic abnormalities	PROMOT:2000005	affects	some	http://id.who.int/icd/entity/1789365017	Power of isolated muscles and muscle groups
HP:0003445	EMG: neuropathic changes	PROMOT:2000005	affects	some	http://id.who.int/icd/entity/1789365017	Power of isolated muscles and muscle groups
HP:0003403	EMG: decremental response of compound muscle action potential to repetitive nerve stimulation  	PROMOT:2000005	affects	some	http://id.who.int/icd/entity/1789365017	Power of isolated muscles and muscle groups
HP:0003473	Fatigable weakness	PROMOT:2000005	affects	some	http://id.who.int/icd/entity/1789365017	Power of isolated muscles and muscle groups
HP:0009028	Generalized weakness of limb muscles	PROMOT:2000005	affects	some	http://id.who.int/icd/entity/1789365017	Power of isolated muscles and muscle groups
HP:0003694	Late-onset proximal muscle weakness	PROMOT:2000005	affects	some	http://id.who.int/icd/entity/1789365017	Power of isolated muscles and muscle groups
HP:0003810	Late-onset distal muscle weakness	PROMOT:2000005	affects	some	http://id.who.int/icd/entity/1789365017	Power of isolated muscles and muscle groups
HP:0000496	Abnormality of eye movement	PROMOT:2000005	affects	some	http://id.who.int/icd/entity/1789365017	Power of isolated muscles and muscle groups
HP:0007941	Limited extraocular movements	PROMOT:2000005	affects	some	http://id.who.int/icd/entity/1789365017	Power of isolated muscles and muscle groups
HP:0030006	Single fiber EMG abnormality	PROMOT:2000005	affects	some	http://id.who.int/icd/entity/1789365017	Power of isolated muscles and muscle groups
HP:0030205	Increased jitter at single fiber EMG	PROMOT:2000005	affects	some	http://id.who.int/icd/entity/1789365017	Power of isolated muscles and muscle groups
HP:0002058	Myopathic facies	PROMOT:2000005	affects	some	http://id.who.int/icd/entity/1789365017	Power of isolated muscles and muscle groups
HP:0001761	Pes cavus	PROMOT:2000005	affects	some	http://id.who.int/icd/entity/1789365017	Power of isolated muscles and muscle groups
HP:0003457	EMG abnormality	PROMOT:2000005	affects	some	http://id.who.int/icd/entity/1789365017	Power of isolated muscles and muscle groups
HP:0000486	Strabismus	PROMOT:2000005	affects	some	http://id.who.int/icd/entity/1789365017	Power of isolated muscles and muscle groups
HP:0004878	Intercostal muscle weakness	PROMOT:2000005	affects	some	http://id.who.int/icd/entity/556694745	Power of muscles of the trunk
HP:0001252	Hypotonia	PROMOT:2000005	affects	some	http://id.who.int/icd/entity/260756767	Tone of all muscles of the body
HP:0001319	Neonatal hypotonia	PROMOT:2000005	affects	some	http://id.who.int/icd/entity/260756767	Tone of all muscles of the body
HP:0003473	Fatigable weakness	PROMOT:2000005	affects	some	http://id.who.int/icd/entity/1521707777	b7401 Endurance of muscle groups 
HP:0003473	Fatigable weakness	PROMOT:2000005	affects	some	http://id.who.int/icd/entity/1674298945	Endurance of all muscles of the body
HP:0001315	Reduced tendon reflexes 	PROMOT:2000005	affects	some	http://id.who.int/icd/entity/1434015402	Stretch motor reflex
HP:0031826	Abnormal reflex	PROMOT:2000005	affects	some	http://id.who.int/icd/entity/1434015402	Stretch motor reflex
HP:0001284	Areflexia	PROMOT:2000005	affects	some	http://id.who.int/icd/entity/1434015402	Stretch motor reflex
HP:0001265	Hyporeflexia	PROMOT:2000005	affects	some	http://id.who.int/icd/entity/1434015402	Stretch motor reflex
HP:0002600	Hyporeflexia of lower limbs	PROMOT:2000005	affects	some	http://id.who.int/icd/entity/1434015402	Stretch motor reflex
HP:0002522	Areflexia of lower limbs	PROMOT:2000005	affects	some	http://id.who.int/icd/entity/1434015402	Stretch motor reflex
HP:0002141	Gait imbalance	PROMOT:2000005	affects	some	http://id.who.int/icd/entity/576915490	Involuntary movement reaction functions
HP:0001288	Gait disturbance	PROMOT:2000005	affects	some	http://id.who.int/icd/entity/1328466963	Gait pattern functions
HP:0002515	Waddling gait	PROMOT:2000005	affects	some	http://id.who.int/icd/entity/1328466963	Gait pattern functions
HP:0002540	Inability to walk	PROMOT:2000005	affects	some	http://id.who.int/icd/entity/1328466963	Gait pattern functions
HP:0009046	Difficulty running	PROMOT:2000005	affects	some	http://id.who.int/icd/entity/1328466963	Gait pattern functions
HP:0002505	Loss of ambulation	PROMOT:2000005	affects	some	http://id.who.int/icd/entity/1328466963	Gait pattern functions
HP:0003394	Muscle spasm	PROMOT:2000005	affects	some	http://id.who.int/icd/entity/1405368356	Sensations related to muscles and movement functions
HP:0003306	Spinal rigidity	PROMOT:2000005	affects	some	http://id.who.int/icd/entity/841397411	Sensation of muscle stiffness
HP:0003552	Muscle stiffness	PROMOT:2000005	affects	some	http://id.who.int/icd/entity/841397411	Sensation of muscle stiffness 
HP:0003394	Muscle spasm	PROMOT:2000005	affects	some	http://id.who.int/icd/entity/621727843	Sensation of muscle spasm 
HP:0002104	Apnea	PROMOT:2000005	affects	some	http://id.who.int/icd/entity/744367503	Functions of the respiratory system
HP:0002878	Respiratory failure	PROMOT:2000005	affects	some	http://id.who.int/icd/entity/744367503	Functions of the respiratory system
HP:0004887	Respiratory failure requiring assisted ventilation	PROMOT:2000005	affects	some	http://id.who.int/icd/entity/744367503	Functions of the respiratory system
HP:0002643	Neonatal respiratory distress	PROMOT:2000005	affects	some	http://id.who.int/icd/entity/744367503	Functions of the respiratory system
HP:0005949	Apneic episodes in infancy	PROMOT:2000005	affects	some	http://id.who.int/icd/entity/744367503	Functions of the respiratory system
HP:0004889	Intermittent episodes of respiratory insufficiency due to muscle weakness	PROMOT:2000005	affects	some	http://id.who.int/icd/entity/744367503	Functions of the respiratory system
HP:0004347	Weakness of muscles of respiration	PROMOT:2000005	affects	some	http://id.who.int/icd/entity/744367503	Functions of the respiratory system
HP:0004885	Episodic respiratory distress	PROMOT:2000005	affects	some	http://id.who.int/icd/entity/744367503	Functions of the respiratory system
HP:0001249	Intellectual disability	PROMOT:2000005	affects	some	http://id.who.int/icd/entity/1363559646	Mental functions
HP:0032043	Odynophagia	PROMOT:2000005	affects	some	http://id.who.int/icd/entity/923782542	Swallowing
HP:0001618	Dysphonia	PROMOT:2000005	affects	some	http://id.who.int/icd/entity/151046878	Speaking
HP:0000183	Tongue muscle weakness	PROMOT:2000005	affects	some	http://id.who.int/icd/entity/151046878	Speaking
HP:6001011	Wet voice	PROMOT:2000005	affects	some	http://id.who.int/icd/entity/151046878	Speaking
HP:0012473	Tongue atrophy	PROMOT:2000005	affects	some	http://id.who.int/icd/entity/151046878	Speaking
HP:0001611	Hypernasal speech	PROMOT:2000005	affects	some	http://id.who.int/icd/entity/151046878	Speaking
HP:0001260	Dysarthria	PROMOT:2000005	affects	some	http://id.who.int/icd/entity/151046878	Speaking
HP:0001270	Motor delay	PROMOT:2000005	affects	some	http://id.who.int/icd/entity/855039967	Sitting
HP:0001270	Motor delay	PROMOT:2000005	affects	some	http://id.who.int/icd/entity/1462755743	Standing
HP:0001270	Motor delay	PROMOT:2000005	affects	some	http://id.who.int/icd/entity/1851215071	Rolling over
HP:0001270	Motor delay	PROMOT:2000005	affects	some	http://id.who.int/icd/entity/623565657	Maintaining a sitting position
HP:0001270	Motor delay	PROMOT:2000005	affects	some	http://id.who.int/icd/entity/485719194	Maintaining a standing position
HP:0001270	Motor delay	PROMOT:2000005	affects	some	http://id.who.int/icd/entity/1474003417	Maintaining head position
HP:0001270	Motor delay	PROMOT:2000005	affects	some	http://id.who.int/icd/entity/1550548595	Walking
HP:0031936	Delayed ability to walk 	PROMOT:2000005	affects	some	http://id.who.int/icd/entity/1550548595	Walking
HP:0002515	Waddling gait	PROMOT:2000005	affects	some	http://id.who.int/icd/entity/1550548595	Walking
HP:0002359	Frequent falls	PROMOT:2000005	affects	some	http://id.who.int/icd/entity/1550548595	Walking
HP:0002540	Inability to walk	PROMOT:2000005	affects	some	http://id.who.int/icd/entity/1550548595	Walking
HP:0002505	Loss of ambulation	PROMOT:2000005	affects	some	http://id.who.int/icd/entity/1550548595	Walking
HP:0002141	Gait imbalance	PROMOT:2000005	affects	some	http://id.who.int/icd/entity/1550548595	Walking on different surfaces
HP:0002141	Gait imbalance	PROMOT:2000005	affects	some	http://id.who.int/icd/entity/409094401	Walking around obstacles
HP:0003551	Difficulty climbing stairs	PROMOT:2000005	affects	some	http://id.who.int/icd/entity/1993770860	Going up and down stairs
HP:0033235	Difficulty descending stairs	PROMOT:2000005	affects	some	http://id.who.int/icd/entity/1993770860	Going up and down stairs
HP:0001270	Motor delay	PROMOT:2000005	affects	some	http://id.who.int/icd/entity/919003335	Crawling
HP:0009046	Difficulty running	PROMOT:2000005	affects	some	http://id.who.int/icd/entity/412494151	Running 
HP:0030319	Weakness of facial musculature	PROMOT:2000005	affects	some	http://id.who.int/icd/entity/1328675264	Eating
HP:0005216	Impaired mastication	PROMOT:2000005	affects	some	http://id.who.int/icd/entity/1328675264	Eating
HP:0030842	Choking episodes	PROMOT:2000005	affects	some	http://id.who.int/icd/entity/1328675264	Eating
HP:0031146	Impaired oral bolus formation	PROMOT:2000005	affects	some	http://id.who.int/icd/entity/1328675264	Eating
HP:0031162	Impaired oropharyngeal swallow response	PROMOT:2000005	affects	some	http://id.who.int/icd/entity/1328675264	Eating
HP:0032043	Odynophagia	PROMOT:2000005	affects	some	http://id.who.int/icd/entity/1328675264	Eating
HP:0002015	Dysphagia	PROMOT:2000005	affects	some	http://id.who.int/icd/entity/1328675264	Eating
HP:0002068	Neuromuscular dysphagia	PROMOT:2000005	affects	some	http://id.who.int/icd/entity/1328675264	Eating
HP:0200136	Oral-pharyngeal dysphagia	PROMOT:2000005	affects	some	http://id.who.int/icd/entity/1328675264	Eating
HP:0000183	Tongue muscle weakness	PROMOT:2000005	affects	some	http://id.who.int/icd/entity/1328675264	Eating
HP:0012473	Tongue atrophy	PROMOT:2000005	affects	some	http://id.who.int/icd/entity/1328675264	Eating
HP:0030193	Fatigable weakness of chewing muscles	PROMOT:2000005	affects	some	http://id.who.int/icd/entity/1328675264	Eating
HP:0011968	Feeding difficulties	PROMOT:2000005	affects	some	http://id.who.int/icd/entity/1328675264	Eating
HP:0008872	Feeding difficulties in infancy	PROMOT:2000005	affects	some	http://id.who.int/icd/entity/1328675264	Eating
HP:0002033	Poor suck	PROMOT:2000005	affects	some	http://id.who.int/icd/entity/1328675264	Eating
HP:0025156	Dependency on intravenous nutrition	PROMOT:2000005	affects	some	http://id.who.int/icd/entity/1328675264	Eating
HP:0033994	Dependency on parenteral nutrition	PROMOT:2000005	affects	some	http://id.who.int/icd/entity/1328675264	Eating
HP:0030884	Gastrojejunal tube feeding in infancy	PROMOT:2000005	affects	some	http://id.who.int/icd/entity/1328675264	Eating
HP:0040288	Nasogastric tube feeding	PROMOT:2000005	affects	some	http://id.who.int/icd/entity/1328675264	Eating
HP:0031063	Impaired feeding ability	PROMOT:2000005	affects	some	http://id.who.int/icd/entity/1328675264	Eating
HP:0033454	Tube feeding	PROMOT:2000005	affects	some	http://id.who.int/icd/entity/1328675264	Eating
HP:0011471	Gastrostomy tube feeding in infancy	PROMOT:2000005	affects	some	http://id.who.int/icd/entity/1328675264	Eating
HP:0011470	Nasogastric tube feeding in infancy	PROMOT:2000005	affects	some	http://id.who.int/icd/entity/1328675264	Eating
HP:0000183	Tongue muscle weakness	PROMOT:2000005	affects	some	http://id.who.int/icd/entity/553784299	Drinking
HP:0012473	Tongue atrophy	PROMOT:2000005	affects	some	http://id.who.int/icd/entity/553784299	Drinking
HP:0011968	Feeding difficulties	PROMOT:2000005	affects	some	http://id.who.int/icd/entity/553784299	Drinking
HP:0008872	Feeding difficulties in infancy	PROMOT:2000005	affects	some	http://id.who.int/icd/entity/553784299	Drinking
HP:0002033	Poor suck	PROMOT:2000005	affects	some	http://id.who.int/icd/entity/553784299	Drinking
HP:0025156	Dependency on intravenous nutrition	PROMOT:2000005	affects	some	http://id.who.int/icd/entity/553784299	Drinking
HP:0033994	Dependency on parenteral nutrition	PROMOT:2000005	affects	some	http://id.who.int/icd/entity/553784299	Drinking
HP:0030884	Gastrojejunal tube feeding in infancy	PROMOT:2000005	affects	some	http://id.who.int/icd/entity/553784299	Drinking
HP:0040288	Nasogastric tube feeding	PROMOT:2000005	affects	some	http://id.who.int/icd/entity/553784299	Drinking
HP:0031063	Impaired feeding ability	PROMOT:2000005	affects	some	http://id.who.int/icd/entity/553784299	Drinking
HP:0033454	Tube feeding	PROMOT:2000005	affects	some	http://id.who.int/icd/entity/553784299	Drinking
HP:0011471	Gastrostomy tube feeding in infancy	PROMOT:2000005	affects	some	http://id.who.int/icd/entity/553784299	Drinking
HP:0011470	Nasogastric tube feeding in infancy	PROMOT:2000005	affects	some	http://id.who.int/icd/entity/553784299	Drinking
HP:0031058	Impairment of activities of daily living	PROMOT:2000005	affects	some	http://id.who.int/icd/entity/1535125568	Domestic life
HP:0031146	Impaired oral bolus formation	PROMOT:2000005	affects	some	http://id.who.int/icd/entity/553784299	drinking
HP:0031162	Impaired oropharyngeal swallow response	PROMOT:2000005	affects	some	http://id.who.int/icd/entity/553784299	drinking
HP:0032043	Odynophagia	PROMOT:2000005	affects	some	http://id.who.int/icd/entity/553784299	drinking
HP:0002015	Dysphagia	PROMOT:2000005	affects	some	http://id.who.int/icd/entity/553784299	drinking
HP:0002068	Neuromuscular dysphagia	PROMOT:2000005	affects	some	http://id.who.int/icd/entity/553784299	drinking
HP:0200136	Oral-pharyngeal dysphagia	PROMOT:2000005	affects	some	http://id.who.int/icd/entity/553784299	drinking
HP:0033695	Occupational disability	PROMOT:2000005	affects	some	http://id.who.int/icd/entity/49044301	Education
HP:0000467	Neck muscle weakness	PROMOT:2000005	affects	some	http://id.who.int/icd/entity/2048203604	Mobility
HP:0003327	Axial muscle weakness	PROMOT:2000005	affects	some	http://id.who.int/icd/entity/2048203604	Mobility
HP:0002172	Postural instability	PROMOT:2000005	affects	some	http://id.who.int/icd/entity/2048203604	Mobility
HP:0002317	Unsteady gait	PROMOT:2000005	affects	some	http://id.who.int/icd/entity/2048203604	Mobility
HP:0008994	Proximal muscle weakness in lower limbs	PROMOT:2000005	affects	some	http://id.who.int/icd/entity/2048203604	Mobility
HP:0003749	Pelvic girdle muscle weakness / Hip girdle weakness	PROMOT:2000005	affects	some	http://id.who.int/icd/entity/2048203604	Mobility
HP:0003731	Quadriceps muscle weakness	PROMOT:2000005	affects	some	http://id.who.int/icd/entity/2048203604	Mobility
HP:0033416	Hip adductor weakness	PROMOT:2000005	affects	some	http://id.who.int/icd/entity/2048203604	Mobility
HP:0012515	Hip flexor weakness	PROMOT:2000005	affects	some	http://id.who.int/icd/entity/2048203604	Mobility
HP:0009027	Foot dorsiflexor weakness	PROMOT:2000005	affects	some	http://id.who.int/icd/entity/2048203604	Mobility
HP:0011727	Peroneal muscle weakness	PROMOT:2000005	affects	some	http://id.who.int/icd/entity/2048203604	Mobility
HP:0008963	Tibialis muscle weakness	PROMOT:2000005	affects	some	http://id.who.int/icd/entity/2048203604	Mobility
HP:0031374	Ankle weakness	PROMOT:2000005	affects	some	http://id.who.int/icd/entity/2048203604	Mobility
HP:0007340	Lower limb muscle weakness	PROMOT:2000005	affects	some	http://id.who.int/icd/entity/2048203604	Mobility
HP:0008988	Pelvic girdle muscle atrophy	PROMOT:2000005	affects	some	http://id.who.int/icd/entity/2048203604	Mobility
HP:0001761	Pes cavus	PROMOT:2000005	affects	some	http://id.who.int/icd/entity/2048203604	Mobility
HP:0031058	Impairment of activities of daily living	PROMOT:2000005	affects	some	http://id.who.int/icd/entity/1608009360	Self-care
HP:0033695	Occupational disability	PROMOT:2000005	affects	some	http://id.who.int/icd/entity/73014515	Work and employment 
FMA:13354	Intercostal Muscle	RO:0000091	has disposition	some	HP:0004878	Intercostal muscle weakness
FMA:22428	Quatriceps femoris	RO:0000091	has disposition	some	HP:0003731	Quadriceps muscle weakness
FMA:22470	Muscle of thigh	RO:0000091	has disposition	some	HP:0008994	Proximal muscle weakness in lower limbs
FMA:22470	Muscle of thigh	RO:0000091	has disposition	some	HP:0033416	Hip adductor weakness
FMA:22470	Muscle of thigh	RO:0000091	has disposition	some	HP:0012515	Hip flexor weakness
FMA:22471	Muscle of leg	RO:0000091	has disposition	some	HP:0009053	Distal lower limb muscle weakness
FMA:22471	Muscle of leg	RO:0000091	has disposition	some	HP:0011727	Peroneal muscle weakness
FMA:22471	Muscle of leg	RO:0000091	has disposition	some	HP:0031374	Ankle weakness
FMA:22532	Tibialis anterior	RO:0000091	has disposition	some	HP:0008963	Tibialis muscle weakness
FMA:323229	Pterygoid muscle	RO:0000091	has disposition	some	HP:0005216	Impaired mastication
FMA:33531	Muscle of shoulder	RO:0000091	has disposition	some	HP:0008997	Proximal muscle weakness in upper limbs
FMA:33531	Muscle of shoulder	RO:0000091	has disposition	some	HP:0003547	Shoulder girdle muscle weakness
FMA:33531	Muscle of shoulder	RO:0000091	has disposition	some	HP:0003325	Limb-girdle muscle weakness
FMA:37367	Muscle of pelvic gridle	RO:0000091	has disposition	some	HP:0008994	Proximal muscle weakness in lower limbs
FMA:37367	Muscle of pelvic gridle	RO:0000091	has disposition	some	HP:0003749	Pelvic girdle muscle weakness / Hip girdle weakness
FMA:37367	Muscle of pelvic girdle	RO:0000091	has disposition	some	HP:0003325	Limb-girdle muscle weakness
FMA:37367	Muscle of pelvic gridle	RO:0000091	has disposition	some	HP:0008988	Pelvic girdle muscle atrophy
FMA:37369	Muscle of foot	RO:0000091	has disposition	some	HP:0009053	Distal lower limb muscle weakness
FMA:37369	Muscle of foot	RO:0000091	has disposition	some	HP:0009027	Foot dorsiflexor weakness
FMA:37370	Muscle of arm	RO:0000091	has disposition	some	HP:0008997	Proximal muscle weakness in upper limbs
FMA:37371	Muscle of forearm	RO:0000091	has disposition	some	HP:0008959	Distal upper limb muscle weakness
FMA:37372	Muscle of hand	RO:0000091	has disposition	some	HP:0008959	Distal upper limb muscle weakness
FMA:37372	Muscle of hand	RO:0000091	has disposition	some	HP:0030237	Hand muscle weakness
FMA:37372	Muscle of hand	RO:0000091	has disposition	some	HP:0033466	Weakgrip
FMA:37383	Flexor digiti minimi brevis of hand	RO:0000091	has disposition	some	HP:0031177	Finger flexor weakness
FMA:37424	First dorsal interosseous of hand	RO:0000091	has disposition	some	HP:0003392	First dorsal interossei muscle weakness
FMA:37688	Triceps brachii	RO:0000091	has disposition	some	HP:0031108	Triceps weakness
FMA:38500	Extensor digitorum	RO:0000091	has disposition	some	HP:0009077	Weakness of long finger extensor muscles
FMA:42380	Intrinsic muscle of hand	RO:0000091	has disposition	some	HP:0009005	Weakness of the intrinsic hand muscles
FMA:46689	Muscle of tongue	RO:0000091	has disposition	some	HP:0005216	Impaired mastication
FMA:46689	Muscle of tongue	RO:0000091	has disposition	some	HP:0000183	Tongue muscle weakness
FMA:46751	Muscle of face	RO:0000091	has disposition	some	HP:0030319	Weakness of facial musculature
FMA:46834	Buccinator	RO:0000091	has disposition	some	HP:0005216	Impaired mastication
FMA:48996	Masseter	RO:0000091	has disposition	some	HP:0005216	Impaired mastication
FMA:49006	Temporalis	RO:0000091	has disposition	some	HP:0005216	Impaired mastication
FMA:49033	Extra ocular muscle	RO:0000091	has disposition	some	HP:0007715	Weak extraocular muscles
FMA:49033	Extra ocular muscle	RO:0000091	has disposition	some	HP:0000597	Ophthalmoparesis
FMA:49033	Extra-ocular muscle	RO:0000091	has disposition	some	HP:0000651	Diplopia
FMA:49033	Extra ocular muscle	RO:0000091	has disposition	some	HP:0000602	Ophthalmoplegia
FMA:49033	Extra ocular muscle	RO:0000091	has disposition	some	HP:0000544	External ophthalmoplegia
FMA:49033	Extra ocular muscle	RO:0000091	has disposition	some	HP:0000508	Ptosis
FMA:51099	Tibialis posterior	RO:0000091	has disposition	some	HP:0008963	Tibialis muscle weakness
FMA:58274	Muscle of trunk	RO:0000091	has disposition	some	HP:0009023	Abdominal wall muscle weakness
FMA:64916	Thenar muscle	RO:0000091	has disposition	some	HP:0003427	Thenar muscle weakness
FMA:74060	Masticatory muscle	RO:0000091	has disposition	some	HP:0005216	Impaired mastication
FMA:7490	Joint	RO:0000091	has disposition	some	HP:0002828	Multiple joint contractures
FMA:9617	Muscle of neck	RO:0000091	has disposition	some	HP:0000467	Neck muscle weakness
FMA:9617	Muscle of neck	RO:0000091	has disposition	some	HP:0003722	Neck flexor weakness
FMA:9620	Muscle of abdomen	RO:0000091	has disposition	some	HP:0009023	Abdominal wall muscle weakness
FMA:48996	Masseter	RO:0000091	has disposition	some	HP:0030193	Fatigable weakness of chewing muscles
FMA:46834	Buccinator	RO:0000091	has disposition	some	HP:0030193	Fatigable weakness of chewing muscles
FMA:46689	Muscle of tongue	RO:0000091	has disposition	some	HP:0030193	Fatigable weakness of chewing muscles
FMA:49006	Temporalis	RO:0000091	has disposition	some	HP:0030193	Fatigable weakness of chewing muscles
FMA:323229	Pterygoid muscle	RO:0000091	has disposition	some	HP:0030193	Fatigable weakness of chewing muscles
FMA:74060	Masticatory muscle	RO:0000091	has disposition	some	HP:0030193	Fatigable weakness of chewing muscles
FMA:49033	Extra ocular muscle	RO:0000091	has disposition	some	HP:0000496	Abnormality of eye movement
FMA:49033	Extra ocular muscle	RO:0000091	has disposition	some	HP:0007941	Limited extraocular movements
FMA:35178	hip joint	RO:0000091	has disposition	some	HP:0001374	Congenital hip dislocation
FMA:7490	Joint	RO:0000091	has disposition	some	HP:0001387	Joint stiffness
FMA:49033	Extra ocular muscle	RO:0000091	has disposition	some	HP:0000486	Strabismus
FMA:7490	Joint	RO:0000091	has disposition	some	HP:0002804	Arthrogryposis multiplex congenita
FMA:49033	Extra ocular muscle	RO:0000091	has disposition	some	HP:0007838	Progressive ptosis
FMA:46689	Muscle of tongue	RO:0000091	has disposition	some	HP:0012473	Tongue atrophy
FMA:49033	Extra ocular muscle	RO:0001025	located in	some	http://id.who.int/icd/entity/405925948	External ocular muscles
FMA:13354	Intercostal Muscle	RO:0001025	located in	some	http://id.who.int/icd/entity/1571232890	Intercostal muscles
FMA:46751	Muscle of face	RO:0001025	located in	some	http://id.who.int/icd/entity/1874889854	Muscles of head and neck region
FMA:9617	Muscle of neck	RO:0001025	located in	some	http://id.who.int/icd/entity/1874889854	Muscles of head and neck region
FMA:323229	Pterygoid muscle	RO:0001025	located in	some	http://id.who.int/icd/entity/1874889854	Muscles of head and neck region
FMA:46689	Muscle of tongue	RO:0001025	located in	some	http://id.who.int/icd/entity/1874889854	Muscles of head and neck region
FMA:46834	Buccinator	RO:0001025	located in	some	http://id.who.int/icd/entity/1874889854	Muscles of head and neck region
FMA:48996	Masseter	RO:0001025	located in	some	http://id.who.int/icd/entity/1874889854	Muscles of head and neck region
FMA:49006	Temporalis	RO:0001025	located in	some	http://id.who.int/icd/entity/1874889854	Muscles of head and neck region
FMA:49033	Extra ocular muscle	RO:0001025	located in	some	http://id.who.int/icd/entity/1874889854	Muscles of head and neck region
FMA:74060	Masticatory muscle	RO:0001025	located in	some	http://id.who.int/icd/entity/1874889854	Muscles of head and neck region
FMA:33531	Muscle of shoulder	RO:0001025	located in	some	http://id.who.int/icd/entity/278512890	Muscles of shoulder region
FMA:37370	Muscle of arm	RO:0001025	located in	some	http://id.who.int/icd/entity/1867012554	Muscles of upper arm
FMA:37688	Triceps brachii	RO:0001025	located in	some	http://id.who.int/icd/entity/1867012554	Muscles of upper arm
FMA:37371	Muscle of forearm	RO:0001025	located in	some	http://id.who.int/icd/entity/294830867	Muscles of forearm
FMA:37372	Muscle of hand	RO:0001025	located in	some	http://id.who.int/icd/entity/1233939003	Muscles of hand
FMA:37383	Flexor digiti minimi brevis of hand	RO:0001025	located in	some	http://id.who.int/icd/entity/1233939003	Muscles of hand
FMA:37424	First dorsal interosseous of hand	RO:0001025	located in	some	http://id.who.int/icd/entity/1233939003	Muscles of hand
FMA:38500	Extensor digitorum	RO:0001025	located in	some	http://id.who.int/icd/entity/1233939003	Muscles of hand
FMA:42380	Intrinsic muscle of hand	RO:0001025	located in	some	http://id.who.int/icd/entity/1233939003	Muscles of hand
FMA:64916	Thenar muscle	RO:0001025	located in	some	http://id.who.int/icd/entity/1233939003	Muscles of hand
FMA:37367	Muscle of pelvic gridle	RO:0001025	located in	some	http://id.who.int/icd/entity/793188683	Muscles of pelvic region
FMA:35178	hip joint	RO:0001025	located in	some	http://id.who.int/icd/entity/1401748164	Hip joint
FMA:22428	Quatriceps femoris	RO:0001025	located in	some	http://id.who.int/icd/entity/521411479	Muscles of thigh
FMA:22470	Muscle of thigh	RO:0001025	located in	some	http://id.who.int/icd/entity/521411479	Muscles of thigh
FMA:22471	Muscle of leg	RO:0001025	located in	some	http://id.who.int/icd/entity/338611549	Muscles of lower leg
FMA:22532	Tibialis anterior	RO:0001025	located in	some	http://id.who.int/icd/entity/338611549	Muscles of lower leg
FMA:51099	Tibialis posterior	RO:0001025	located in	some	http://id.who.int/icd/entity/338611549	Muscles of lower leg
FMA:37369	Muscle of foot	RO:0001025	located in	some	http://id.who.int/icd/entity/1278239861	Muscles of ankle and foot
FMA:58274	Muscle of trunk	RO:0001025	located in	some	http://id.who.int/icd/entity/58064740	s7601 Muscles of trunk
FMA:9620	Muscle of abdomen	RO:0001025	located in	some	http://id.who.int/icd/entity/58064740	s7601 Muscles of trunk
FMA:7490	Joint	RO:0001025	located in	some	http://id.who.int/icd/entity/462923277	Joints
http://id.who.int/icd/entity/58064740	Muscles of trunk	RO:0000091	has disposition	some	HP:0009023	Abdominal wall muscle weakness
http://id.who.int/icd/entity/178625206	Thoracic cage	RO:0000091	has disposition	some	HP:0001547	Abnormal rib cage morphology 
http://id.who.int/icd/entity/723417607	Structure of trunk	RO:0000091	has disposition	some	HP:0001547	Abnormal rib cage morphology 
http://id.who.int/icd/entity/902262669	Extra-articular ligaments, fasciae, extramuscular aponeuroses, retinacula, septa, bursae, unspecified	RO:0000091	has disposition	some	HP:0001547	Abnormal rib cage morphology 
http://id.who.int/icd/entity/405925948	External ocular muscles	RO:0000091	has disposition	some	HP:0000496	Abnormality of eye movement
http://id.who.int/icd/entity/1278239861	Muscles of ankle and foot	RO:0000091	has disposition	some	HP:0031374	Ankle weakness
http://id.who.int/icd/entity/495844982	Muscles of respiration	RO:0000091	has disposition	some	HP:0002104	Apnea
http://id.who.int/icd/entity/870135798	Lungs	RO:0000091	has disposition	some	HP:0002104	Apnea
http://id.who.int/icd/entity/495844982	Muscles of respiration	RO:0000091	has disposition	some	HP:0005949	Apneic episodes in infancy
http://id.who.int/icd/entity/870135798	Lungs	RO:0000091	has disposition	some	HP:0005949	Apneic episodes in infancy
http://id.who.int/icd/entity/462923277	Joints	RO:0000091	has disposition	some	HP:0002804	Arthrogryposis multiplex congenita
http://id.who.int/icd/entity/1401748164	Hip joint	RO:0000091	has disposition	some	HP:0001374	Congenital hip dislocation
http://id.who.int/icd/entity/2067741200	Testes and scrotum	RO:0000091	has disposition	some	HP:0000028	Cryptorchidism
http://id.who.int/icd/entity/178625206	Thoracic cage	RO:0000091	has disposition	some	HP:0000886	Deformed rib cage 
http://id.who.int/icd/entity/723417607	Structure of trunk	RO:0000091	has disposition	some	HP:0000886	Deformed rib cage 
http://id.who.int/icd/entity/902262669	Extra-articular ligaments, fasciae, extramuscular aponeuroses, retinacula, septa, bursae, unspecified	RO:0000091	has disposition	some	HP:0000886	Deformed rib cage 
http://id.who.int/icd/entity/405925948	External ocular muscles	RO:0000091	has disposition	some	HP:0000651	Diplopia
http://id.who.int/icd/entity/1278239861	Muscles of ankle and foot	RO:0000091	has disposition	some	HP:0009053	Distal lower limb muscle weakness
http://id.who.int/icd/entity/338611549	Muscles of lower leg	RO:0000091	has disposition	some	HP:0009053	Distal lower limb muscle weakness
http://id.who.int/icd/entity/1233939003	Muscles of hand	RO:0000091	has disposition	some	HP:0008959	Distal upper limb muscle weakness
http://id.who.int/icd/entity/294830867	Muscles of forearm	RO:0000091	has disposition	some	HP:0008959	Distal upper limb muscle weakness
http://id.who.int/icd/entity/1874889854	Muscles of head and neck region	RO:0000091	has disposition	some	HP:0002015	Dysphagia
http://id.who.int/icd/entity/495844982	Muscles of respiration	RO:0000091	has disposition	some	HP:0002094	Dyspnea
http://id.who.int/icd/entity/870135798	Lungs	RO:0000091	has disposition	some	HP:0002094	Dyspnea
http://id.who.int/icd/entity/495844982	Muscles of respiration	RO:0000091	has disposition	some	HP:0004885	Episodic respiratory distress
http://id.who.int/icd/entity/870135798	Lungs	RO:0000091	has disposition	some	HP:0004885	Episodic respiratory distress
http://id.who.int/icd/entity/405925948	External ocular muscles	RO:0000091	has disposition	some	HP:0000544	External ophthalmoplegia
http://id.who.int/icd/entity/1874889854	Muscles of head and neck region	RO:0000091	has disposition	some	HP:0030193	Fatigable weakness of chewing muscles
http://id.who.int/icd/entity/1233939003	Muscles of hand	RO:0000091	has disposition	some	HP:0031177	Finger flexor weakness
http://id.who.int/icd/entity/1233939003	Muscles of hand	RO:0000091	has disposition	some	HP:0003392	First dorsal interossei muscle weakness
http://id.who.int/icd/entity/1278239861	Muscles of ankle and foot	RO:0000091	has disposition	some	HP:0009027	Foot dorsiflexor weakness
http://id.who.int/icd/entity/644658903	Structures related to movement	RO:0000091	has disposition	some	HP:0002141	Gait imbalance
http://id.who.int/icd/entity/68679181	Vestibular labyrinth	RO:0000091	has disposition	some	HP:0002141	Gait imbalance
http://id.who.int/icd/entity/1233939003	Muscles of hand	RO:0000091	has disposition	some	HP:0030237	Hand muscle weakness
http://id.who.int/icd/entity/374222990	Structure of palate	RO:0000091	has disposition	some	HP:0000218	High palate
http://id.who.int/icd/entity/374222990	Structure of palate	RO:0000091	has disposition	some	HP:0002705	High, narrow palate
http://id.who.int/icd/entity/521411479	Muscles of thigh	RO:0000091	has disposition	some	HP:0033416	Hip adductor weakness
http://id.who.int/icd/entity/521411479	Muscles of thigh	RO:0000091	has disposition	some	HP:0012515	Hip flexor weakness
http://id.who.int/icd/entity/1747603619	Lumbar vertebral column	RO:0000091	has disposition	some	HP:0003307	Hyperlordosis
http://id.who.int/icd/entity/1182439715	Cervical vertebral column	RO:0000091	has disposition	some	HP:0003307	Hyperlordosis
http://id.who.int/icd/entity/1874889854	Muscles of head and neck region	RO:0000091	has disposition	some	HP:0005216	Impaired mastication
http://id.who.int/icd/entity/1874889854	Muscles of head and neck region	RO:0000091	has disposition	some	HP:0031146	Impaired oral bolus formation
http://id.who.int/icd/entity/1874889854	Muscles of head and neck region	RO:0000091	has disposition	some	HP:0031162	Impaired oropharyngeal swallow response
http://id.who.int/icd/entity/634949825	structure of the brain	RO:0000091	has disposition	some	HP:0001249	Intellectual disability
http://id.who.int/icd/entity/1571232890	Intercostal muscles	RO:0000091	has disposition	some	HP:0004878	Intercostal muscle weakness
http://id.who.int/icd/entity/495844982	Muscles of respiration	RO:0000091	has disposition	some	HP:0004889	Intermittent episodes of respiratory insufficiency due to muscle weakness
http://id.who.int/icd/entity/870135798	Lungs	RO:0000091	has disposition	some	HP:0004889	Intermittent episodes of respiratory insufficiency due to muscle weakness
http://id.who.int/icd/entity/462923277	Joints	RO:0000091	has disposition	some	HP:0001387	Joint stiffness
http://id.who.int/icd/entity/1182439715	Cervical vertebral column	RO:0000091	has disposition	some	HP:0002751	Kyphoscoliosis
http://id.who.int/icd/entity/1364393443	Thoracic vertebral column	RO:0000091	has disposition	some	HP:0002751	Kyphoscoliosis
http://id.who.int/icd/entity/1747603619	Lumbar vertebral column	RO:0000091	has disposition	some	HP:0002751	Kyphoscoliosis
http://id.who.int/icd/entity/1182439715	Cervical vertebral column	RO:0000091	has disposition	some	HP:0002808	Kyphosis
http://id.who.int/icd/entity/1747603619	Lumbar vertebral column	RO:0000091	has disposition	some	HP:0002808	Kyphosis
http://id.who.int/icd/entity/278512890	Muscles of shoulder region	RO:0000091	has disposition	some	HP:0003325	Limb-girdle muscle weakness
http://id.who.int/icd/entity/793188683	Muscles of pelvic region	RO:0000091	has disposition	some	HP:0003325	Limb-girdle muscle weakness
http://id.who.int/icd/entity/405925948	External ocular muscles	RO:0000091	has disposition	some	HP:0007941	Limited extraocular movements
http://id.who.int/icd/entity/608795582	Bones of face	RO:0000091	has disposition	some	HP:0000276	Long face
http://id.who.int/icd/entity/862003070	Bones of cranium	RO:0000091	has disposition	some	HP:0000276	Long face
http://id.who.int/icd/entity/462923277	Joints	RO:0000091	has disposition	some	HP:0002828	Multiple joint contractures
http://id.who.int/icd/entity/1874889854	Muscles of head and neck region	RO:0000091	has disposition	some	HP:0002058	Myopathic facies
http://id.who.int/icd/entity/608795582	Bones of face	RO:0000091	has disposition	some	HP:0002058	Myopathic facies
http://id.who.int/icd/entity/178625206	Thoracic cage	RO:0000091	has disposition	some	HP:0000774	Narrow chest
http://id.who.int/icd/entity/723417607	Structure of trunk	RO:0000091	has disposition	some	HP:0000774	Narrow chest
http://id.who.int/icd/entity/902262669	Extra-articular ligaments, fasciae, extramuscular aponeuroses, retinacula, septa, bursae, unspecified	RO:0000091	has disposition	some	HP:0000774	Narrow chest
http://id.who.int/icd/entity/1874889854	Muscles of head and neck region	RO:0000091	has disposition	some	HP:0003722	Neck flexor weakness
http://id.who.int/icd/entity/1874889854	Muscles of head and neck region	RO:0000091	has disposition	some	HP:0000467	Neck muscle weakness
http://id.who.int/icd/entity/495844982	Muscles of respiration	RO:0000091	has disposition	some	HP:0002643	Neonatal respiratory distress
http://id.who.int/icd/entity/870135798	Lungs	RO:0000091	has disposition	some	HP:0002643	Neonatal respiratory distress
http://id.who.int/icd/entity/1874889854	Muscles of head and neck region	RO:0000091	has disposition	some	HP:0002068	Neuromuscular dysphagia
http://id.who.int/icd/entity/405925948	External ocular muscles	RO:0000091	has disposition	some	HP:0000597	Ophthalmoparesis
http://id.who.int/icd/entity/405925948	External ocular muscles	RO:0000091	has disposition	some	HP:0000602	Ophthalmoplegia
http://id.who.int/icd/entity/1874889854	Muscles of head and neck region	RO:0000091	has disposition	some	HP:0200136	Oral-pharyngeal dysphagia
http://id.who.int/icd/entity/178625206	Thoracic cage	RO:0000091	has disposition	some	HP:0000768	Pectus carinatum
http://id.who.int/icd/entity/723417607	Structure of trunk	RO:0000091	has disposition	some	HP:0000768	Pectus carinatum
http://id.who.int/icd/entity/902262669	Extra-articular ligaments, fasciae, extramuscular aponeuroses, retinacula, septa, bursae, unspecified	RO:0000091	has disposition	some	HP:0000768	Pectus carinatum
http://id.who.int/icd/entity/178625206	Thoracic cage	RO:0000091	has disposition	some	HP:0000767	Pectus excavatum
http://id.who.int/icd/entity/723417607	Structure of trunk	RO:0000091	has disposition	some	HP:0000767	Pectus excavatum
http://id.who.int/icd/entity/902262669	Extra-articular ligaments, fasciae, extramuscular aponeuroses, retinacula, septa, bursae, unspecified	RO:0000091	has disposition	some	HP:0000767	Pectus excavatum
http://id.who.int/icd/entity/793188683	Muscles of pelvic region	RO:0000091	has disposition	some	HP:0008988	Pelvic girdle muscle atrophy
http://id.who.int/icd/entity/793188683	Muscles of pelvic region	RO:0000091	has disposition	some	HP:0003749	Pelvic girdle muscle weakness / Hip girdle weakness
http://id.who.int/icd/entity/338611549	Muscles of lower leg	RO:0000091	has disposition	some	HP:0011727	Peroneal muscle weakness
http://id.who.int/icd/entity/1278239861	Muscles of ankle and foot	RO:0000091	has disposition	some	HP:0001761	Pes cavus
http://id.who.int/icd/entity/1528299701	Ligaments and fasciae of ankle and foot	RO:0000091	has disposition	some	HP:0001761	Pes cavus
http://id.who.int/icd/entity/1650503157	Bones of ankle and foot	RO:0000091	has disposition	some	HP:0001761	Pes cavus
http://id.who.int/icd/entity/1874889854	Muscles of head and neck region	RO:0000091	has disposition	some	HP:0002033	Poor suck
http://id.who.int/icd/entity/1874889854	Muscles of head and neck region	RO:0000091	has disposition	some	HP:0007838	Progressive ptosis
http://id.who.int/icd/entity/405925948	External ocular muscles	RO:0000091	has disposition	some	HP:0007838	Progressive ptosis
http://id.who.int/icd/entity/521411479	Muscles of thigh	RO:0000091	has disposition	some	HP:0008994	Proximal muscle weakness in lower limbs
http://id.who.int/icd/entity/793188683	Muscles of pelvic region	RO:0000091	has disposition	some	HP:0008994	Proximal muscle weakness in lower limbs
http://id.who.int/icd/entity/1867012554	Muscles of upper arm	RO:0000091	has disposition	some	HP:0008997	Proximal muscle weakness in upper limbs
http://id.who.int/icd/entity/278512890	Muscles of shoulder region	RO:0000091	has disposition	some	HP:0008997	Proximal muscle weakness in upper limbs
http://id.who.int/icd/entity/1874889854	Muscles of head and neck region	RO:0000091	has disposition	some	HP:0000508	Ptosis
http://id.who.int/icd/entity/405925948	External ocular muscles	RO:0000091	has disposition	some	HP:0000508	Ptosis
http://id.who.int/icd/entity/521411479	Muscles of thigh	RO:0000091	has disposition	some	HP:0003731	Quadriceps muscle weakness
http://id.who.int/icd/entity/495844982	Muscles of respiration	RO:0000091	has disposition	some	HP:0032341	Reduced forced vital capacity
http://id.who.int/icd/entity/870135798	Lungs	RO:0000091	has disposition	some	HP:0032341	Reduced forced vital capacity
http://id.who.int/icd/entity/495844982	Muscles of respiration	RO:0000091	has disposition	some	HP:0012497	Reduced maximal expiratory pressure
http://id.who.int/icd/entity/495844982	Muscles of respiration	RO:0000091	has disposition	some	HP:0002098	Respiratory distress
http://id.who.int/icd/entity/870135798	Lungs	RO:0000091	has disposition	some	HP:0002098	Respiratory distress
http://id.who.int/icd/entity/495844982	Muscles of respiration	RO:0000091	has disposition	some	HP:0002878	Respiratory failure
http://id.who.int/icd/entity/870135798	Lungs	RO:0000091	has disposition	some	HP:0002878	Respiratory failure
http://id.who.int/icd/entity/495844982	Muscles of respiration	RO:0000091	has disposition	some	HP:0004887	Respiratory failure requiring assisted ventilation
http://id.who.int/icd/entity/870135798	Lungs	RO:0000091	has disposition	some	HP:0004887	Respiratory failure requiring assisted ventilation
http://id.who.int/icd/entity/495844982	Muscles of respiration	RO:0000091	has disposition	some	HP:0002093	Respiratory insufficiency
http://id.who.int/icd/entity/870135798	Lungs	RO:0000091	has disposition	some	HP:0002093	Respiratory insufficiency
http://id.who.int/icd/entity/495844982	Muscles of respiration	RO:0000091	has disposition	some	HP:0002747	Respiratory insufficiency due to muscle weakness
http://id.who.int/icd/entity/870135798	Lungs	RO:0000091	has disposition	some	HP:0002747	Respiratory insufficiency due to muscle weakness
http://id.who.int/icd/entity/1364393443	Thoracic vertebral column	RO:0000091	has disposition	some	HP:0002650	Scoliosis
http://id.who.int/icd/entity/1747603619	Lumbar vertebral column	RO:0000091	has disposition	some	HP:0002650	Scoliosis
http://id.who.int/icd/entity/213893837	Bones	RO:0000091	has disposition	some	HP:0004322	Short stature
http://id.who.int/icd/entity/278512890	Muscles of shoulder region	RO:0000091	has disposition	some	HP:0003547	Shoulder girdle muscle weakness
http://id.who.int/icd/entity/1182439715	Cervical vertebral column	RO:0000091	has disposition	some	HP:0003306	Spinal rigidity
http://id.who.int/icd/entity/1364393443	Thoracic vertebral column	RO:0000091	has disposition	some	HP:0003306	Spinal rigidity
http://id.who.int/icd/entity/169456190	Joints of head and neck region	RO:0000091	has disposition	some	HP:0003306	Spinal rigidity
http://id.who.int/icd/entity/1747603619	Lumbar vertebral column	RO:0000091	has disposition	some	HP:0003306	Spinal rigidity
http://id.who.int/icd/entity/1874889854	Muscles of head and neck region	RO:0000091	has disposition	some	HP:0003306	Spinal rigidity
http://id.who.int/icd/entity/58064740	Muscles of trunk	RO:0000091	has disposition	some	HP:0003306	Spinal rigidity
http://id.who.int/icd/entity/405925948	External ocular muscles	RO:0000091	has disposition	some	HP:0000486	Strabismus
http://id.who.int/icd/entity/1233939003	Muscles of hand	RO:0000091	has disposition	some	HP:0003427	Thenar muscle weakness
http://id.who.int/icd/entity/178625206	Thoracic cage	RO:0000091	has disposition	some	HP:6000327	Thoracic cage flatness
http://id.who.int/icd/entity/723417607	Structure of trunk	RO:0000091	has disposition	some	HP:6000327	Thoracic cage flatness
http://id.who.int/icd/entity/902262669	Extra-articular ligaments, fasciae, extramuscular aponeuroses, retinacula, septa, bursae, unspecified	RO:0000091	has disposition	some	HP:6000327	Thoracic cage flatness
http://id.who.int/icd/entity/338611549	Muscles of lower leg	RO:0000091	has disposition	some	HP:0008963	Tibialis muscle weakness
http://id.who.int/icd/entity/1874889854	Muscles of head and neck region	RO:0000091	has disposition	some	HP:0012473	Tongue atrophy
http://id.who.int/icd/entity/1874889854	Muscles of head and neck region	RO:0000091	has disposition	some	HP:0000183	Tongue muscle weakness
http://id.who.int/icd/entity/1867012554	Muscles of upper arm	RO:0000091	has disposition	some	HP:0031108	Triceps weakness
http://id.who.int/icd/entity/405925948	External ocular muscles	RO:0000091	has disposition	some	HP:0007715	Weak extraocular muscles
http://id.who.int/icd/entity/1233939003	Muscles of hand	RO:0000091	has disposition	some	HP:0033466	Weakgrip
http://id.who.int/icd/entity/1874889854	Muscles of head and neck region	RO:0000091	has disposition	some	HP:0030319	Weakness of facial musculature
http://id.who.int/icd/entity/1233939003	Muscles of hand	RO:0000091	has disposition	some	HP:0009077	Weakness of long finger extensor muscles
http://id.who.int/icd/entity/495844982	Muscles of respiration	RO:0000091	has disposition	some	HP:0004347	Weakness of muscles of respiration
http://id.who.int/icd/entity/495844982	Muscles of respiration	RO:0000091	has disposition	some	HP:0004347	Weakness of muscles of respiration
http://id.who.int/icd/entity/870135798	Lungs	RO:0000091	has disposition	some	HP:0004347	Weakness of muscles of respiration
http://id.who.int/icd/entity/1233939003	Muscles of hand	RO:0000091	has disposition	some	HP:0009005	Weakness of the intrinsic hand muscles
http://snomed.info/id/84100007	History taking (procedure)	PROMOT:2000002	assesses	some	HP:0009023	Abdominal wall muscle weakness
http://snomed.info/id/84100007	History taking (procedure)	PROMOT:2000002	assesses	some	HP:0001713	Abnormal cardiac ventricle morphology
http://snomed.info/id/84100007	History taking (procedure)	PROMOT:2000002	assesses	some	HP:0030872	Abnormal cardiac ventricular function
http://snomed.info/id/84100007	History taking (procedure)	PROMOT:2000002	assesses	some	HP:0040081	Abnormal circulating creatine kinase concentration
http://snomed.info/id/84100007	History taking (procedure)	PROMOT:2000002	assesses	some	HP:0001627	Abnormal heart morphology
http://snomed.info/id/84100007	History taking (procedure)	PROMOT:2000002	assesses	some	HP:0007695	Abnormal pupillary light reflex
http://snomed.info/id/84100007	History taking (procedure)	PROMOT:2000002	assesses	some	HP:0031826	Abnormal reflex
http://snomed.info/id/84100007	History taking (procedure)	PROMOT:2000002	assesses	some	HP:0001547	Abnormal rib cage morphology 
http://snomed.info/id/84100007	History taking (procedure)	PROMOT:2000002	assesses	some	HP:0000496	Abnormality of eye movement
http://snomed.info/id/84100007	History taking (procedure)	PROMOT:2000002	assesses	some	HP:0031374	Ankle weakness
http://snomed.info/id/84100007	History taking (procedure)	PROMOT:2000002	assesses	some	HP:0002104	Apnea
http://snomed.info/id/84100007	History taking (procedure)	PROMOT:2000002	assesses	some	HP:0005949	Apneic episodes in infancy
http://snomed.info/id/84100007	History taking (procedure)	PROMOT:2000002	assesses	some	HP:0001284	Areflexia
http://snomed.info/id/84100007	History taking (procedure)	PROMOT:2000002	assesses	some	HP:0002522	Areflexia of lower limbs
http://snomed.info/id/84100007	History taking (procedure)	PROMOT:2000002	assesses	some	HP:0002804	Arthrogryposis multiplex congenita
http://snomed.info/id/84100007	History taking (procedure)	PROMOT:2000002	assesses	some	HP:0003327	Axial muscle weakness
http://snomed.info/id/84100007	History taking (procedure)	PROMOT:2000002	assesses	some	HP:0002483	Bulbar signs
http://snomed.info/id/84100007	History taking (procedure)	PROMOT:2000002	assesses	some	HP:0030842	Choking episodes
http://snomed.info/id/84100007	History taking (procedure)	PROMOT:2000002	assesses	some	HP:0001374	Congenital hip dislocation
http://snomed.info/id/84100007	History taking (procedure)	PROMOT:2000002	assesses	some	HP:0000028	Cryptorchidism
http://snomed.info/id/84100007	History taking (procedure)	PROMOT:2000002	assesses	some	HP:0001558	Decreased fetal movement
http://snomed.info/id/84100007	History taking (procedure)	PROMOT:2000002	assesses	some	HP:0000886	Deformed rib cage 
http://snomed.info/id/84100007	History taking (procedure)	PROMOT:2000002	assesses	some	HP:0025156	Dependency on intravenous nutrition
http://snomed.info/id/84100007	History taking (procedure)	PROMOT:2000002	assesses	some	HP:0033994	Dependency on parenteral nutrition
http://snomed.info/id/84100007	History taking (procedure)	PROMOT:2000002	assesses	some	HP:0009046	Difficulty running
http://snomed.info/id/84100007	History taking (procedure)	PROMOT:2000002	assesses	some	HP:0000651	Diplopia
http://snomed.info/id/84100007	History taking (procedure)	PROMOT:2000002	assesses	some	HP:0009053	Distal lower limb muscle weakness
http://snomed.info/id/84100007	History taking (procedure)	PROMOT:2000002	assesses	some	HP:0002460	Distal muscle weakness
http://snomed.info/id/84100007	History taking (procedure)	PROMOT:2000002	assesses	some	HP:0008959	Distal upper limb muscle weakness
http://snomed.info/id/84100007	History taking (procedure)	PROMOT:2000002	assesses	some	PROMOT:0000106	Double compound motor action potential abnormality
http://snomed.info/id/84100007	History taking (procedure)	PROMOT:2000002	assesses	some	HP:0001260	Dysarthria
http://snomed.info/id/84100007	History taking (procedure)	PROMOT:2000002	assesses	some	HP:0001618	Dysphonia
http://snomed.info/id/84100007	History taking (procedure)	PROMOT:2000002	assesses	some	HP:0002094	Dyspnea
http://snomed.info/id/84100007	History taking (procedure)	PROMOT:2000002	assesses	some	HP:0003236	Elevated circulating creatine kinase concentration
http://snomed.info/id/84100007	History taking (procedure)	PROMOT:2000002	assesses	some	HP:0030000	EMG : repetitive nerve stimulation abnormality
http://snomed.info/id/84100007	History taking (procedure)	PROMOT:2000002	assesses	some	HP:0003457	EMG abnormality
http://snomed.info/id/84100007	History taking (procedure)	PROMOT:2000002	assesses	some	HP:0003403	EMG: decremental response of compound muscle action potential to repetitive nerve stimulation
http://snomed.info/id/84100007	History taking (procedure)	PROMOT:2000002	assesses	some	HP:0003458	EMG: myopathic abnormalities
http://snomed.info/id/84100007	History taking (procedure)	PROMOT:2000002	assesses	some	HP:0003445	EMG: neuropathic changes
http://snomed.info/id/84100007	History taking (procedure)	PROMOT:2000002	assesses	some	HP:0004885	Episodic respiratory distress
http://snomed.info/id/84100007	History taking (procedure)	PROMOT:2000002	assesses	some	HP:0000544	External ophthalmoplegia
http://snomed.info/id/84100007	History taking (procedure)	PROMOT:2000002	assesses	some	HP:0001508	Failure to thrive
http://snomed.info/id/84100007	History taking (procedure)	PROMOT:2000002	assesses	some	HP:0001531	Failure to thrive in infancy
http://snomed.info/id/84100007	History taking (procedure)	PROMOT:2000002	assesses	some	HP:0030192	Fatigable weakness of bulbar muscles
http://snomed.info/id/84100007	History taking (procedure)	PROMOT:2000002	assesses	some	HP:0030193	Fatigable weakness of chewing muscles
http://snomed.info/id/84100007	History taking (procedure)	PROMOT:2000002	assesses	some	HP:0030198	Fatigable weakness of distal limb muscles
http://snomed.info/id/84100007	History taking (procedure)	PROMOT:2000002	assesses	some	HP:0030199	Fatigable weakness of neck muscles
http://snomed.info/id/84100007	History taking (procedure)	PROMOT:2000002	assesses	some	HP:0030196	Fatigable weakness of respiratory muscles
http://snomed.info/id/84100007	History taking (procedure)	PROMOT:2000002	assesses	some	HP:0030197	Fatigable weakness of skeletal muscles
http://snomed.info/id/84100007	History taking (procedure)	PROMOT:2000002	assesses	some	HP:0030194	Fatigable weakness of speech muscles 
http://snomed.info/id/84100007	History taking (procedure)	PROMOT:2000002	assesses	some	HP:0030195	Fatigable weakness of swallowing muscles 
http://snomed.info/id/84100007	History taking (procedure)	PROMOT:2000002	assesses	some	HP:0030200	Fatiguable weakness of proximal limb muscles 
http://snomed.info/id/84100007	History taking (procedure)	PROMOT:2000002	assesses	some	HP:0030202	Favorable response of weakness to acetylcholine esterase inhibitors
http://snomed.info/id/84100007	History taking (procedure)	PROMOT:2000002	assesses	some	HP:0011968	Feeding difficulties
http://snomed.info/id/84100007	History taking (procedure)	PROMOT:2000002	assesses	some	HP:0008872	Feeding difficulties in infancy
http://snomed.info/id/84100007	History taking (procedure)	PROMOT:2000002	assesses	some	HP:0001989	Fetal akinesia sequence
http://snomed.info/id/84100007	History taking (procedure)	PROMOT:2000002	assesses	some	HP:0031177	Finger flexor weakness
http://snomed.info/id/84100007	History taking (procedure)	PROMOT:2000002	assesses	some	HP:0003392	First dorsal interossei muscle weakness
http://snomed.info/id/84100007	History taking (procedure)	PROMOT:2000002	assesses	some	HP:0009027	Foot dorsiflexor weakness
http://snomed.info/id/84100007	History taking (procedure)	PROMOT:2000002	assesses	some	HP:0002359	Frequent falls
http://snomed.info/id/84100007	History taking (procedure)	PROMOT:2000002	assesses	some	HP:0001288	Gait disturbance
http://snomed.info/id/84100007	History taking (procedure)	PROMOT:2000002	assesses	some	HP:0030884	Gastrojejunal tube feeding in infancy
http://snomed.info/id/84100007	History taking (procedure)	PROMOT:2000002	assesses	some	HP:0011471	Gastrostomy tube feeding in infancy
http://snomed.info/id/84100007	History taking (procedure)	PROMOT:2000002	assesses	some	HP:0009028	Generalized weakness of limb muscles
http://snomed.info/id/84100007	History taking (procedure)	PROMOT:2000002	assesses	some	HP:0003391	Gowers sign
http://snomed.info/id/84100007	History taking (procedure)	PROMOT:2000002	assesses	some	HP:0030237	Hand muscle weakness
http://snomed.info/id/84100007	History taking (procedure)	PROMOT:2000002	assesses	some	HP:0000218	High palate
http://snomed.info/id/84100007	History taking (procedure)	PROMOT:2000002	assesses	some	HP:0002705	High, narrow palate
http://snomed.info/id/84100007	History taking (procedure)	PROMOT:2000002	assesses	some	HP:0033416	Hip adductor weakness
http://snomed.info/id/84100007	History taking (procedure)	PROMOT:2000002	assesses	some	HP:0012515	Hip flexor weakness
http://snomed.info/id/84100007	History taking (procedure)	PROMOT:2000002	assesses	some	HP:0003749	Hip girdle weakness
http://snomed.info/id/84100007	History taking (procedure)	PROMOT:2000002	assesses	some	HP:0001609	Hoarse voice
http://snomed.info/id/84100007	History taking (procedure)	PROMOT:2000002	assesses	some	HP:0003307	Hyperlordosis
http://snomed.info/id/84100007	History taking (procedure)	PROMOT:2000002	assesses	some	HP:0001611	Hypernasal speech
http://snomed.info/id/84100007	History taking (procedure)	PROMOT:2000002	assesses	some	HP:0001265	Hyporeflexia
http://snomed.info/id/84100007	History taking (procedure)	PROMOT:2000002	assesses	some	HP:0002600	Hyporeflexia of lower limbs
http://snomed.info/id/84100007	History taking (procedure)	PROMOT:2000002	assesses	some	HP:0001252	Hypotonia
http://snomed.info/id/84100007	History taking (procedure)	PROMOT:2000002	assesses	some	HP:0031063	Impaired feeding ability
http://snomed.info/id/84100007	History taking (procedure)	PROMOT:2000002	assesses	some	HP:0005216	Impaired mastication
http://snomed.info/id/84100007	History taking (procedure)	PROMOT:2000002	assesses	some	HP:0031146	Impaired oral bolus formation
http://snomed.info/id/84100007	History taking (procedure)	PROMOT:2000002	assesses	some	HP:0031162	Impaired oropharyngeal swallow response
http://snomed.info/id/84100007	History taking (procedure)	PROMOT:2000002	assesses	some	HP:0002540	Inability to walk
http://snomed.info/id/84100007	History taking (procedure)	PROMOT:2000002	assesses	some	HP:0001249	Intellectual disability
http://snomed.info/id/84100007	History taking (procedure)	PROMOT:2000002	assesses	some	HP:0004878	Intercostal muscle weakness
http://snomed.info/id/84100007	History taking (procedure)	PROMOT:2000002	assesses	some	HP:0004889	Intermittent episodes of respiratory insufficiency due to muscle weakness
http://snomed.info/id/84100007	History taking (procedure)	PROMOT:2000002	assesses	some	HP:0001387	Joint stiffness
http://snomed.info/id/84100007	History taking (procedure)	PROMOT:2000002	assesses	some	HP:0002751	Kyphoscoliosis
http://snomed.info/id/84100007	History taking (procedure)	PROMOT:2000002	assesses	some	HP:0002808	Kyphosis
http://snomed.info/id/84100007	History taking (procedure)	PROMOT:2000002	assesses	some	HP:0003810	Late-onset distal muscle weakness
http://snomed.info/id/84100007	History taking (procedure)	PROMOT:2000002	assesses	some	HP:0003694	Late-onset proximal muscle weakness
http://snomed.info/id/84100007	History taking (procedure)	PROMOT:2000002	assesses	some	HP:0003690	Limb muscle weakness
http://snomed.info/id/84100007	History taking (procedure)	PROMOT:2000002	assesses	some	HP:0003325	Limb-girdle muscle weakness
http://snomed.info/id/84100007	History taking (procedure)	PROMOT:2000002	assesses	some	HP:0007941	Limited extraocular movements
http://snomed.info/id/84100007	History taking (procedure)	PROMOT:2000002	assesses	some	HP:0000276	Long face
http://snomed.info/id/84100007	History taking (procedure)	PROMOT:2000002	assesses	some	HP:0002505	Loss of ambulation
http://snomed.info/id/84100007	History taking (procedure)	PROMOT:2000002	assesses	some	HP:0007340	Lower limb muscle weakness
http://snomed.info/id/84100007	History taking (procedure)	PROMOT:2000002	assesses	some	HP:0002047	Malignant hyperthermia
http://snomed.info/id/84100007	History taking (procedure)	PROMOT:2000002	assesses	some	HP:0008180	Mildly elevated creatine kinase
http://snomed.info/id/84100007	History taking (procedure)	PROMOT:2000002	assesses	some	HP:0001270	Motor delay
http://snomed.info/id/84100007	History taking (procedure)	PROMOT:2000002	assesses	some	HP:0002828	Multiple joint contractures
http://snomed.info/id/84100007	History taking (procedure)	PROMOT:2000002	assesses	some	HP:0003394	Muscle spasm
http://snomed.info/id/84100007	History taking (procedure)	PROMOT:2000002	assesses	some	HP:0003552	Muscle stiffness
http://snomed.info/id/84100007	History taking (procedure)	PROMOT:2000002	assesses	some	HP:0001324	Muscle weakness
http://snomed.info/id/84100007	History taking (procedure)	PROMOT:2000002	assesses	some	HP:0003326	Myalgia
http://snomed.info/id/84100007	History taking (procedure)	PROMOT:2000002	assesses	some	HP:0002058	Myopathic facies
http://snomed.info/id/84100007	History taking (procedure)	PROMOT:2000002	assesses	some	HP:0000774	Narrow chest
http://snomed.info/id/84100007	History taking (procedure)	PROMOT:2000002	assesses	some	HP:0040288	Nasogastric tube feeding
http://snomed.info/id/84100007	History taking (procedure)	PROMOT:2000002	assesses	some	HP:0011470	Nasogastric tube feeding in infancy
http://snomed.info/id/84100007	History taking (procedure)	PROMOT:2000002	assesses	some	HP:0003722	Neck flexor weakness
http://snomed.info/id/84100007	History taking (procedure)	PROMOT:2000002	assesses	some	HP:0000467	Neck muscle weakness
http://snomed.info/id/84100007	History taking (procedure)	PROMOT:2000002	assesses	some	HP:0012768	Neonatal asphyxia
http://snomed.info/id/84100007	History taking (procedure)	PROMOT:2000002	assesses	some	HP:0001319	Neonatal hypotonia
http://snomed.info/id/84100007	History taking (procedure)	PROMOT:2000002	assesses	some	HP:0002643	Neonatal respiratory distress
http://snomed.info/id/84100007	History taking (procedure)	PROMOT:2000002	assesses	some	HP:0032043	Odynophagia
http://snomed.info/id/84100007	History taking (procedure)	PROMOT:2000002	assesses	some	HP:0000597	Ophthalmoparesis
http://snomed.info/id/84100007	History taking (procedure)	PROMOT:2000002	assesses	some	HP:0000602	Ophthalmoplegia
http://snomed.info/id/84100007	History taking (procedure)	PROMOT:2000002	assesses	some	HP:0000768	Pectus carinatum
http://snomed.info/id/84100007	History taking (procedure)	PROMOT:2000002	assesses	some	HP:0000767	Pectus excavatum
http://snomed.info/id/84100007	History taking (procedure)	PROMOT:2000002	assesses	some	HP:0008988	Pelvic girdle muscle atrophy
http://snomed.info/id/84100007	History taking (procedure)	PROMOT:2000002	assesses	some	HP:0003749	Pelvic girdle muscle weakness
http://snomed.info/id/84100007	History taking (procedure)	PROMOT:2000002	assesses	some	HP:0011727	Peroneal muscle weakness
http://snomed.info/id/84100007	History taking (procedure)	PROMOT:2000002	assesses	some	HP:0001761	Pes cavus
http://snomed.info/id/84100007	History taking (procedure)	PROMOT:2000002	assesses	some	HP:0002033	Poor suck
http://snomed.info/id/84100007	History taking (procedure)	PROMOT:2000002	assesses	some	HP:0002172	Postural instability
http://snomed.info/id/84100007	History taking (procedure)	PROMOT:2000002	assesses	some	HP:0001622	Premature birth
http://snomed.info/id/84100007	History taking (procedure)	PROMOT:2000002	assesses	some	HP:0009063	Progressive distal muscle weakness
http://snomed.info/id/84100007	History taking (procedure)	PROMOT:2000002	assesses	some	HP:0003323	Progressive muscle weakness
http://snomed.info/id/84100007	History taking (procedure)	PROMOT:2000002	assesses	some	HP:0009073	Progressive proximal muscle weakness
http://snomed.info/id/84100007	History taking (procedure)	PROMOT:2000002	assesses	some	HP:0007838	Progressive ptosis
http://snomed.info/id/84100007	History taking (procedure)	PROMOT:2000002	assesses	some	HP:0003701	Proximal muscle weakness
http://snomed.info/id/84100007	History taking (procedure)	PROMOT:2000002	assesses	some	HP:0008994	Proximal muscle weakness in lower limbs
http://snomed.info/id/84100007	History taking (procedure)	PROMOT:2000002	assesses	some	HP:0008987	Proximal muscle weakness in upper limbs
http://snomed.info/id/84100007	History taking (procedure)	PROMOT:2000002	assesses	some	HP:0000508	Ptosis
http://snomed.info/id/84100007	History taking (procedure)	PROMOT:2000002	assesses	some	HP:0003731	Quadriceps muscle weakness
http://snomed.info/id/84100007	History taking (procedure)	PROMOT:2000002	assesses	some	HP:0032341	Reduced forced vital capacity
http://snomed.info/id/84100007	History taking (procedure)	PROMOT:2000002	assesses	some	HP:0012497	Reduced maximal expiratory pressure
http://snomed.info/id/84100007	History taking (procedure)	PROMOT:2000002	assesses	some	HP:0001315	Reduced tendon reflexes
http://snomed.info/id/84100007	History taking (procedure)	PROMOT:2000002	assesses	some	HP:0002098	Respiratory distress
http://snomed.info/id/84100007	History taking (procedure)	PROMOT:2000002	assesses	some	HP:0002878	Respiratory failure
http://snomed.info/id/84100007	History taking (procedure)	PROMOT:2000002	assesses	some	HP:0004887	Respiratory failure requiring assisted ventilation
http://snomed.info/id/84100007	History taking (procedure)	PROMOT:2000002	assesses	some	HP:0002093	Respiratory insufficiency
http://snomed.info/id/84100007	History taking (procedure)	PROMOT:2000002	assesses	some	HP:0002747	Respiratory insufficiency due to muscle weakness
http://snomed.info/id/84100007	History taking (procedure)	PROMOT:2000002	assesses	some	HP:0003691	Scapular winging
http://snomed.info/id/84100007	History taking (procedure)	PROMOT:2000002	assesses	some	HP:0002650	Scoliosis
http://snomed.info/id/84100007	History taking (procedure)	PROMOT:2000002	assesses	some	HP:0003547	Shoulder girdle muscle weakness
http://snomed.info/id/84100007	History taking (procedure)	PROMOT:2000002	assesses	some	HP:0030006	Single fiber EMG abnormality
http://snomed.info/id/84100007	History taking (procedure)	PROMOT:2000002	assesses	some	HP:0030211	Slow pupillary light response
http://snomed.info/id/84100007	History taking (procedure)	PROMOT:2000002	assesses	some	HP:0003306	Spinal rigidity
http://snomed.info/id/84100007	History taking (procedure)	PROMOT:2000002	assesses	some	HP:0000486	Strabismus
http://snomed.info/id/84100007	History taking (procedure)	PROMOT:2000002	assesses	some	HP:0002882	Sudden episodic apnea
http://snomed.info/id/84100007	History taking (procedure)	PROMOT:2000002	assesses	some	HP:0003427	Thenar muscle weakness
http://snomed.info/id/84100007	History taking (procedure)	PROMOT:2000002	assesses	some	HP:6000327	Thoracic cage flatness
http://snomed.info/id/84100007	History taking (procedure)	PROMOT:2000002	assesses	some	HP:0008963	Tibialis muscle weakness
http://snomed.info/id/84100007	History taking (procedure)	PROMOT:2000002	assesses	some	HP:0012473	Tongue atrophy
http://snomed.info/id/84100007	History taking (procedure)	PROMOT:2000002	assesses	some	HP:0000183	Tongue muscle weakness
http://snomed.info/id/84100007	History taking (procedure)	PROMOT:2000002	assesses	some	HP:0031108	Triceps weakness
http://snomed.info/id/84100007	History taking (procedure)	PROMOT:2000002	assesses	some	HP:0033454	Tube feeding
http://snomed.info/id/84100007	History taking (procedure)	PROMOT:2000002	assesses	some	HP:0030203	Unfavorable response of muscle weakness to acetylcholine esterase inhibitors
http://snomed.info/id/84100007	History taking (procedure)	PROMOT:2000002	assesses	some	HP:0002317	Unsteady gait
http://snomed.info/id/84100007	History taking (procedure)	PROMOT:2000002	assesses	some	HP:0003484	Upper limb muscle weakness
http://snomed.info/id/84100007	History taking (procedure)	PROMOT:2000002	assesses	some	HP:0002515	Waddling gait
http://snomed.info/id/84100007	History taking (procedure)	PROMOT:2000002	assesses	some	HP:0001612	Weak cry
http://snomed.info/id/84100007	History taking (procedure)	PROMOT:2000002	assesses	some	HP:0007715	Weak extraocular muscles
http://snomed.info/id/84100007	History taking (procedure)	PROMOT:2000002	assesses	some	HP:0033466	Weak grip
http://snomed.info/id/84100007	History taking (procedure)	PROMOT:2000002	assesses	some	HP:0030319	Weakness of facial musculature
http://snomed.info/id/84100007	History taking (procedure)	PROMOT:2000002	assesses	some	HP:0009077	Weakness of long finger extensor muscles
http://snomed.info/id/84100007	History taking (procedure)	PROMOT:2000002	assesses	some	HP:0004347	Weakness of muscles of respiration
http://snomed.info/id/84100007	History taking (procedure)	PROMOT:2000002	assesses	some	HP:0009005	Weakness of the intrinsic hand muscles
http://snomed.info/id/84100007	History taking (procedure)	PROMOT:2000002	assesses	some	HP:6001011	Wet voice
http://snomed.info/id/12894003	Functional assessment	PROMOT:2000002	assesses	some	HP:0003327	Axial muscle weakness
http://snomed.info/id/12894003	Functional assessment	PROMOT:2000002	assesses	some	HP:0009053	Distal lower limb muscle weakness
http://snomed.info/id/12894003	Functional assessment	PROMOT:2000002	assesses	some	HP:0002460	Distal muscle weakness
http://snomed.info/id/12894003	Functional assessment	PROMOT:2000002	assesses	some	HP:0008959	Distal upper limb muscle weakness
http://snomed.info/id/252482003	Stair-climbing test (procedure)	PROMOT:2000002	assesses	some	HP:0003551	Difficulty climbing stairs
http://snomed.info/id/252482003	Stair-climbing test (procedure)	PROMOT:2000002	assesses	some	HP:0033235	Difficulty descending stairs
http://snomed.info/id/445993006	Assessment using Jamar hydraulic hand dynamometer (procedure)	PROMOT:2000002	assesses	some	HP:0031177	Finger flexor weakness
http://snomed.info/id/445993006	Assessment using Jamar hydraulic hand dynamometer (procedure)	PROMOT:2000002	assesses	some	HP:0030237	Hand muscle weakness
http://snomed.info/id/445993006	Assessment using Jamar hydraulic hand dynamometer (procedure)	PROMOT:2000002	assesses	some	HP:0033466	Weak grip
http://snomed.info/id/445993006	Assessment using Jamar hydraulic hand dynamometer (procedure)	PROMOT:2000002	assesses	some	HP:0009005	Weakness of the intrinsic hand muscles
PROMOT:0000107	Assessment using Berg Balance Scale	PROMOT:2000002	assesses	some	HP:0002141	Gait imbalance
http://snomed.info/id/431527001	Timed ten meter walk (procedure)	PROMOT:2000002	assesses	some	HP:0002540	Inability to walk
http://snomed.info/id/431527001	Timed ten meter walk (procedure)	PROMOT:2000002	assesses	some	HP:0002505	Loss of ambulation
http://snomed.info/id/431527001	Timed ten meter walk (procedure)	PROMOT:2000002	assesses	some	HP:0002317	Unsteady gait
http://snomed.info/id/840297006	Assessment of patient reported outcome measures (procedure)	PROMOT:2000002	assesses	some	HP:0002015	Dysphagia
http://snomed.info/id/840297006	Assessment of patient reported outcome measures (procedure)	PROMOT:2000002	assesses	some	HP:0033667	Diminished mental health
http://snomed.info/id/840297006	Assessment of patient reported outcome measures (procedure)	PROMOT:2000002	assesses	some	HP:0002068	Neuromuscular dysphagia
http://snomed.info/id/840297006	Assessment of patient reported outcome measures (procedure)	PROMOT:2000002	assesses	some	HP:0200136	Oral-pharyngeal dysphagia
PROMOT:0000100	Débimètre expiratoire Peak Flow	PROMOT:2000002	assesses	some	HP:0012735	Cough
PROMOT:0000101	Quantative muscle weakness	PROMOT:2000002	assesses	some	HP:0009053	Distal lower limb muscle weakness
PROMOT:0000101	Quantative muscle weakness	PROMOT:2000002	assesses	some	HP:0002460	Distal muscle weakness
PROMOT:0000101	Quantative muscle weakness	PROMOT:2000002	assesses	some	HP:0008959	Distal upper limb muscle weakness
PROMOT:0000102	Dysphagiemètre, 80 ml, SSQ	PROMOT:2000002	assesses	some	HP:0002015	Dysphagia
PROMOT:0000102	Dysphagiemètre, 80 ml, SSQ	PROMOT:2000002	assesses	some	HP:0200136	Oral-pharyngeal dysphagia
PROMOT:0000102	Dysphagiemètre, 80 ml, SSQ	PROMOT:2000002	assesses	some	HP:0002068	Neuromuscular dysphagia
PROMOT:0000103	Assessment using B&L gauge	PROMOT:2000002	assesses	some	HP:0003392	First dorsal interossei muscle weakness
PROMOT:0000104	Bilan dynamométrique avec MedUP	PROMOT:2000002	assesses	some	HP:0012515	Hip flexor weakness
PROMOT:0000104	Bilan dynamométrique avec MedUP	PROMOT:2000002	assesses	some	HP:0003749	Hip girdle weakness
PROMOT:0000104	Bilan dynamométrique avec MedUP	PROMOT:2000002	assesses	some	HP:0003810	Late-onset distal muscle weakness
PROMOT:0000104	Bilan dynamométrique avec MedUP	PROMOT:2000002	assesses	some	HP:0003694	Late-onset proximal muscle weakness
PROMOT:0000104	Bilan dynamométrique avec MedUP	PROMOT:2000002	assesses	some	HP:0003690	Limb muscle weakness
PROMOT:0000104	Bilan dynamométrique avec MedUP	PROMOT:2000002	assesses	some	HP:0003325	Limb-girdle muscle weakness
PROMOT:0000104	Bilan dynamométrique avec MedUP	PROMOT:2000002	assesses	some	HP:0007340	Lower limb muscle weakness
PROMOT:0000104	Bilan dynamométrique avec MedUP	PROMOT:2000002	assesses	some	HP:0001324	Muscle weakness
PROMOT:0000104	Bilan dynamométrique avec MedUP	PROMOT:2000002	assesses	some	HP:0003749	Pelvic girdle muscle weakness
PROMOT:0000104	Bilan dynamométrique avec MedUP	PROMOT:2000002	assesses	some	HP:0009063	Progressive distal muscle weakness
PROMOT:0000104	Bilan dynamométrique avec MedUP	PROMOT:2000002	assesses	some	HP:0003323	Progressive muscle weakness
PROMOT:0000104	Bilan dynamométrique avec MedUP	PROMOT:2000002	assesses	some	HP:0009073	Progressive proximal muscle weakness
PROMOT:0000104	Bilan dynamométrique avec MedUP	PROMOT:2000002	assesses	some	HP:0003701	Proximal muscle weakness
PROMOT:0000104	Bilan dynamométrique avec MedUP	PROMOT:2000002	assesses	some	HP:0008994	Proximal muscle weakness in lower limbs
PROMOT:0000104	Bilan dynamométrique avec MedUP	PROMOT:2000002	assesses	some	HP:0008997	Proximal muscle weakness in upper limbs
PROMOT:0000104	Bilan dynamométrique avec MedUP	PROMOT:2000002	assesses	some	HP:0003731	Quadriceps muscle weakness
PROMOT:0000104	Bilan dynamométrique avec MedUP	PROMOT:2000002	assesses	some	HP:0003547	Shoulder girdle muscle weakness
PROMOT:0000104	Bilan dynamométrique avec MedUP	PROMOT:2000002	assesses	some	HP:0003484	Upper limb muscle weakness
PROMOT:0000105	Assessment using Iowa Oral Performance Instrument	PROMOT:2000002	assesses	some	HP:0000183	Tongue muscle weakness
